Using pre-set license
Built from '2022.3/staging' branch; Version is '2022.3.58f1 (ed7f6eacb62e) revision 15564654'; Using compiler version '192829333'; Build Type 'Release'
OS: 'Windows 11  (10.0.26100) 64bit Professional' Language: 'ru' Physical Memory: 16091 MB
BatchMode: 1, IsHumanControllingUs: 0, StartBugReporterOnCrash: 0, Is64bit: 1, IsPro: 1

COMMAND LINE ARGUMENTS:
C:\Program Files\Unity\Hub\Editor\Editor\2022.3.58f1\Editor\Unity.exe
-adb2
-batchMode
-noUpm
-name
AssetImportWorker0
-projectPath
C:/Users/Andrey/Desktop/GIT/Lumber2/Lumber2
-logFile
Logs/AssetImportWorker0.log
-srvPort
54109
Successfully changed project path to: C:/Users/Andrey/Desktop/GIT/Lumber2/Lumber2
C:/Users/Andrey/Desktop/GIT/Lumber2/Lumber2
[UnityMemory] Configuration Parameters - Can be set up in boot.config
    "memorysetup-bucket-allocator-granularity=16"
    "memorysetup-bucket-allocator-bucket-count=8"
    "memorysetup-bucket-allocator-block-size=33554432"
    "memorysetup-bucket-allocator-block-count=8"
    "memorysetup-main-allocator-block-size=16777216"
    "memorysetup-thread-allocator-block-size=16777216"
    "memorysetup-gfx-main-allocator-block-size=16777216"
    "memorysetup-gfx-thread-allocator-block-size=16777216"
    "memorysetup-cache-allocator-block-size=4194304"
    "memorysetup-typetree-allocator-block-size=2097152"
    "memorysetup-profiler-bucket-allocator-granularity=16"
    "memorysetup-profiler-bucket-allocator-bucket-count=8"
    "memorysetup-profiler-bucket-allocator-block-size=33554432"
    "memorysetup-profiler-bucket-allocator-block-count=8"
    "memorysetup-profiler-allocator-block-size=16777216"
    "memorysetup-profiler-editor-allocator-block-size=1048576"
    "memorysetup-temp-allocator-size-main=16777216"
    "memorysetup-job-temp-allocator-block-size=2097152"
    "memorysetup-job-temp-allocator-block-size-background=1048576"
    "memorysetup-job-temp-allocator-reduction-small-platforms=262144"
    "memorysetup-allocator-temp-initial-block-size-main=262144"
    "memorysetup-allocator-temp-initial-block-size-worker=262144"
    "memorysetup-temp-allocator-size-background-worker=32768"
    "memorysetup-temp-allocator-size-job-worker=262144"
    "memorysetup-temp-allocator-size-preload-manager=33554432"
    "memorysetup-temp-allocator-size-nav-mesh-worker=65536"
    "memorysetup-temp-allocator-size-audio-worker=65536"
    "memorysetup-temp-allocator-size-cloud-worker=32768"
    "memorysetup-temp-allocator-size-gi-baking-worker=262144"
    "memorysetup-temp-allocator-size-gfx=262144"
Player connection [5632]  Target information:

Player connection [5632]  * "[IP] 192.168.100.135 [Port] 0 [Flags] 2 [Guid] 2961389975 [EditorId] 2961389975 [Version] 1048832 [Id] WindowsEditor(7,DESKTOP-CA91C3D) [Debug] 1 [PackageName] WindowsEditor [ProjectName] Editor" 

Player connection [5632] Host joined multi-casting on [225.0.0.222:54997]...
Player connection [5632] Host joined alternative multi-casting on [225.0.0.222:34997]...
Input System module state changed to: Initialized.
[PhysX] Initialized MultithreadedTaskDispatcher with 12 workers.
Refreshing native plugins compatible for Editor in 334.37 ms, found 6 plugins.
Preloading 0 native plugins for Editor in 0.00 ms.
Initialize engine version: 2022.3.58f1 (ed7f6eacb62e)
[Subsystems] Discovering subsystems at path C:/Program Files/Unity/Hub/Editor/Editor/2022.3.58f1/Editor/Data/Resources/UnitySubsystems
[Subsystems] Discovering subsystems at path C:/Users/Andrey/Desktop/GIT/Lumber2/Lumber2/Assets
GfxDevice: creating device client; threaded=0; jobified=0
Direct3D:
    Version:  Direct3D 11.0 [level 11.1]
    Renderer: NVIDIA GeForce RTX 4050 Laptop GPU (ID=0x28e1)
    Vendor:   NVIDIA
    VRAM:     5921 MB
    Driver:   32.0.15.6650
Initialize mono
Mono path[0] = 'C:/Program Files/Unity/Hub/Editor/Editor/2022.3.58f1/Editor/Data/Managed'
Mono path[1] = 'C:/Program Files/Unity/Hub/Editor/Editor/2022.3.58f1/Editor/Data/MonoBleedingEdge/lib/mono/unityjit-win32'
Mono config path = 'C:/Program Files/Unity/Hub/Editor/Editor/2022.3.58f1/Editor/Data/MonoBleedingEdge/etc'
Using monoOptions --debugger-agent=transport=dt_socket,embedding=1,server=y,suspend=n,address=127.0.0.1:56188
Begin MonoManager ReloadAssembly
Registering precompiled unity dll's ...
Register platform support module: C:/Program Files/Unity/Hub/Editor/Editor/2022.3.58f1/Editor/Data/PlaybackEngines/WebGLSupport/UnityEditor.WebGL.Extensions.dll
Register platform support module: C:/Program Files/Unity/Hub/Editor/Editor/2022.3.58f1/Editor/Data/PlaybackEngines/AndroidPlayer/UnityEditor.Android.Extensions.dll
Register platform support module: C:/Program Files/Unity/Hub/Editor/Editor/2022.3.58f1/Editor/Data/PlaybackEngines/WindowsStandaloneSupport/UnityEditor.WindowsStandalone.Extensions.dll
Registered in 0.007150 seconds.
- Loaded All Assemblies, in  2.249 seconds
Native extension for WindowsStandalone target not found
Native extension for Android target not found
Android Extension - Scanning For ADB Devices 517 ms
Native extension for WebGL target not found
Mono: successfully reloaded assembly
- Finished resetting the current domain, in  0.810 seconds
Domain Reload Profiling: 3058ms
	BeginReloadAssembly (90ms)
		ExecutionOrderSort (0ms)
		DisableScriptedObjects (0ms)
		BackupInstance (0ms)
		ReleaseScriptingObjects (0ms)
		CreateAndSetChildDomain (1ms)
	RebuildCommonClasses (445ms)
	RebuildNativeTypeToScriptingClass (9ms)
	initialDomainReloadingComplete (51ms)
	LoadAllAssembliesAndSetupDomain (1653ms)
		LoadAssemblies (89ms)
		RebuildTransferFunctionScriptingTraits (0ms)
		AnalyzeDomain (1651ms)
			TypeCache.Refresh (1649ms)
				TypeCache.ScanAssembly (814ms)
			ScanForSourceGeneratedMonoScriptInfo (0ms)
			ResolveRequiredComponents (0ms)
	FinalizeReload (811ms)
		ReleaseScriptCaches (0ms)
		RebuildScriptCaches (0ms)
		SetupLoadedEditorAssemblies (772ms)
			LogAssemblyErrors (0ms)
			InitializePlatformSupportModulesInManaged (603ms)
			SetLoadedEditorAssemblies (3ms)
			RefreshPlugins (0ms)
			BeforeProcessingInitializeOnLoad (2ms)
			ProcessInitializeOnLoadAttributes (108ms)
			ProcessInitializeOnLoadMethodAttributes (55ms)
			AfterProcessingInitializeOnLoad (0ms)
			EditorAssembliesLoaded (0ms)
		ExecutionOrderSort2 (0ms)
		AwakeInstancesAfterBackupRestoration (0ms)
========================================================================
Worker process is ready to serve import requests
Caller must complete domain reload
Begin MonoManager ReloadAssembly
- Loaded All Assemblies, in  7.964 seconds
Native extension for WindowsStandalone target not found
Native extension for Android target not found
Native extension for WebGL target not found
Package Manager log level set to [2]
[Package Manager] Server::EnsureServerProcessIsRunning -- launch failed, reason: Unity was launched with the -noUpm command-line argument
[Package Manager] UpmClient::Send -- Unable to send message (not connected to UPM process).
[Package Manager] Cannot connect to Unity Package Manager local server
Failed to sync packages list
UnityEngine.StackTraceUtility:ExtractStackTrace ()
UnityEngine.DebugLogHandler:LogFormat (UnityEngine.LogType,UnityEngine.Object,string,object[])
UnityEngine.Logger:Log (UnityEngine.LogType,object)
UnityEngine.Debug:LogWarning (object)
 .  / :MoveNext ()
System.Runtime.CompilerServices.AsyncVoidMethodBuilder:Start< .  / > ( .  / &)
 .  :  ()
 .⁪/ :MoveNext ()
System.Runtime.CompilerServices.AsyncTaskMethodBuilder:Start< .⁪/ > ( .⁪/ &)
 .⁪:  ()
System.Reflection.RuntimeMethodInfo:Invoke (object,System.Reflection.BindingFlags,System.Reflection.Binder,object[],System.Globalization.CultureInfo)
System.Reflection.MethodBase:Invoke (object,object[])
UnityEditor.EditorAssemblies:ProcessInitializeOnLoadMethodAttributes ()

Mono: successfully reloaded assembly
- Finished resetting the current domain, in  0.670 seconds
Domain Reload Profiling: 8633ms
	BeginReloadAssembly (119ms)
		ExecutionOrderSort (0ms)
		DisableScriptedObjects (4ms)
		BackupInstance (0ms)
		ReleaseScriptingObjects (0ms)
		CreateAndSetChildDomain (18ms)
	RebuildCommonClasses (28ms)
	RebuildNativeTypeToScriptingClass (8ms)
	initialDomainReloadingComplete (35ms)
	LoadAllAssembliesAndSetupDomain (7773ms)
		LoadAssemblies (7275ms)
		RebuildTransferFunctionScriptingTraits (0ms)
		AnalyzeDomain (565ms)
			TypeCache.Refresh (546ms)
				TypeCache.ScanAssembly (367ms)
			ScanForSourceGeneratedMonoScriptInfo (12ms)
			ResolveRequiredComponents (4ms)
	FinalizeReload (671ms)
		ReleaseScriptCaches (0ms)
		RebuildScriptCaches (0ms)
		SetupLoadedEditorAssemblies (546ms)
			LogAssemblyErrors (0ms)
			InitializePlatformSupportModulesInManaged (15ms)
			SetLoadedEditorAssemblies (4ms)
			RefreshPlugins (0ms)
			BeforeProcessingInitializeOnLoad (50ms)
			ProcessInitializeOnLoadAttributes (430ms)
			ProcessInitializeOnLoadMethodAttributes (43ms)
			AfterProcessingInitializeOnLoad (4ms)
			EditorAssembliesLoaded (0ms)
		ExecutionOrderSort2 (0ms)
		AwakeInstancesAfterBackupRestoration (5ms)
Launched and connected shader compiler UnityShaderCompiler.exe after 0.11 seconds
Refreshing native plugins compatible for Editor in 3.43 ms, found 6 plugins.
Preloading 0 native plugins for Editor in 0.00 ms.
Unloading 3391 Unused Serialized files (Serialized files now loaded: 0)
Unloading 44 unused Assets / (1.0 MB). Loaded Objects now: 3869.
Memory consumption went from 124.8 MB to 123.8 MB.
Total: 4.357100 ms (FindLiveObjects: 0.306900 ms CreateObjectMapping: 0.093400 ms MarkObjects: 3.443200 ms  DeleteObjects: 0.512400 ms)

AssetImportParameters requested are different than current active one (requested -> active):
  custom:container-demuxer-ogg: 62fdf1f143b41e24485cea50d1cbac27 -> 
  custom:video-codec-MediaFoundation-h265: 746d11721c4dcdbdad8f713fa42b33f4 -> 
  custom:video-decoder-ogg-theora: a1e56fd34408186e4bbccfd4996cb3dc -> 
  custom:framework-win-MediaFoundation: 216162199b28c13a410421893ffa2e32 -> 
  custom:CustomObjectIndexerAttribute: 9a22284fe3817be447336de3de66b15e -> 
  custom:container-demuxer-webm: 4f35f7cbe854078d1ac9338744f61a02 -> 
  custom:scripting/monoscript/fileName/ForkliftPoint.cs: 2582c41c091e4dfd00aca14346b3d5d1 -> 
  custom:container-muxer-webm: aa71ff27fc2769a1b78a27578f13a17b -> 
  custom:video-decoder-webm-vp8: 9c59270c3fd7afecdb556c50c9e8de78 -> 
  custom:SearchIndexIgnoredProperties: e643bd26f0fe6173181afceb89e7c659 -> 
  custom:AudioImporter_EditorPlatform: d09bf68614088b80899f8185d706f6e7 -> 
  custom:video-encoder-webm-vp8: eb34c28f22e8b96e1ab97ce403110664 -> 
  custom:audio-decoder-ogg-vorbis: bf7c407c2cedff20999df2af8eb42d56 -> 
  custom:audio-encoder-webm-vorbis: bf7c407c2cedff20999df2af8eb42d56 -> 
========================================================================
Received Prepare
Caller must complete domain reload
Begin MonoManager ReloadAssembly
Curl error 42: Callback aborted
- Loaded All Assemblies, in  0.407 seconds
Native extension for WindowsStandalone target not found
Native extension for Android target not found
Native extension for WebGL target not found
[Package Manager] Server::EnsureServerProcessIsRunning -- launch failed, reason: Unity was launched with the -noUpm command-line argument
[Package Manager] UpmClient::Send -- Unable to send message (not connected to UPM process).
[Package Manager] Cannot connect to Unity Package Manager local server
Failed to sync packages list
UnityEngine.StackTraceUtility:ExtractStackTrace ()
UnityEngine.DebugLogHandler:LogFormat (UnityEngine.LogType,UnityEngine.Object,string,object[])
UnityEngine.Logger:Log (UnityEngine.LogType,object)
UnityEngine.Debug:LogWarning (object)
 .  / :MoveNext ()
System.Runtime.CompilerServices.AsyncVoidMethodBuilder:Start< .  / > ( .  / &)
 .  :  ()
 .⁪/ :MoveNext ()
System.Runtime.CompilerServices.AsyncTaskMethodBuilder:Start< .⁪/ > ( .⁪/ &)
 .⁪:  ()
System.Reflection.RuntimeMethodInfo:Invoke (object,System.Reflection.BindingFlags,System.Reflection.Binder,object[],System.Globalization.CultureInfo)
System.Reflection.MethodBase:Invoke (object,object[])
UnityEditor.EditorAssemblies:ProcessInitializeOnLoadMethodAttributes ()

Mono: successfully reloaded assembly
- Finished resetting the current domain, in  0.800 seconds
Domain Reload Profiling: 1206ms
	BeginReloadAssembly (142ms)
		ExecutionOrderSort (0ms)
		DisableScriptedObjects (4ms)
		BackupInstance (0ms)
		ReleaseScriptingObjects (0ms)
		CreateAndSetChildDomain (32ms)
	RebuildCommonClasses (30ms)
	RebuildNativeTypeToScriptingClass (9ms)
	initialDomainReloadingComplete (24ms)
	LoadAllAssembliesAndSetupDomain (200ms)
		LoadAssemblies (261ms)
		RebuildTransferFunctionScriptingTraits (0ms)
		AnalyzeDomain (15ms)
			TypeCache.Refresh (5ms)
				TypeCache.ScanAssembly (0ms)
			ScanForSourceGeneratedMonoScriptInfo (0ms)
			ResolveRequiredComponents (7ms)
	FinalizeReload (800ms)
		ReleaseScriptCaches (0ms)
		RebuildScriptCaches (0ms)
		SetupLoadedEditorAssemblies (441ms)
			LogAssemblyErrors (0ms)
			InitializePlatformSupportModulesInManaged (15ms)
			SetLoadedEditorAssemblies (3ms)
			RefreshPlugins (0ms)
			BeforeProcessingInitializeOnLoad (51ms)
			ProcessInitializeOnLoadAttributes (327ms)
			ProcessInitializeOnLoadMethodAttributes (41ms)
			AfterProcessingInitializeOnLoad (3ms)
			EditorAssembliesLoaded (0ms)
		ExecutionOrderSort2 (0ms)
		AwakeInstancesAfterBackupRestoration (5ms)
Refreshing native plugins compatible for Editor in 3.66 ms, found 6 plugins.
Preloading 0 native plugins for Editor in 0.00 ms.
Release of invalid GC handle. The handle is from a previous domain. The release operation is skipped.
Unloading 3382 Unused Serialized files (Serialized files now loaded: 0)
Release of invalid GC handle native callstack: 
0x00007ff79e68424d (Unity) StackWalker::GetCurrentCallstack
0x00007ff79e689329 (Unity) StackWalker::ShowCallstack
0x00007ff79f67dae1 (Unity) GetStacktrace
0x00007ff79e57f20d (Unity) ScriptingGCHandle::ReleaseAndClear
0x00007ff79eb4748c (Unity) UploadHandlerRaw::`vector deleting destructor'
0x00007ff79eb4803d (Unity) UploadHandler::Release
0x00007ff79eb448dd (Unity) UnityWebRequestProto<UnityWebRequestTransport,AtomicRefCounter,RedirectHelper,ResponseHelper,DownloadHandler,UploadHandler,CertificateHandler,HeaderHelper,AsyncOperation>::~UnityWebRequestProto<UnityWebRequestTransport,AtomicRefCounter,RedirectHelper,ResponseHelper,DownloadHandler,UploadHandler,CertificateHandler,HeaderHelper,AsyncOperation>
0x00007ff79eb44bd6 (Unity) UnityWebRequest::`vector deleting destructor'
0x00007ff79d894b77 (Unity) UnityWebRequestProto<UnityWebRequestTransport,AtomicRefCounter,RedirectHelper,ResponseHelper,DownloadHandler,UploadHandler,CertificateHandler,HeaderHelper,AsyncOperation>::Release
0x00007ff79eb46605 (Unity) UnityWebRequestAsyncOperation::InvokeCoroutine
0x00007ff79eb467e1 (Unity) UnityWebRequestProto<UnityWebRequestTransport,AtomicRefCounter,RedirectHelper,ResponseHelper,DownloadHandler,UploadHandler,CertificateHandler,HeaderHelper,AsyncOperation>::Job_InvokeCoroutine
0x00007ff79e1ab54a (Unity) BackgroundJobQueue::ExecuteMainThreadJobs
0x00007ff79e26005f (Unity) PreloadManager::WaitForAllAsyncOperationsToComplete
0x00007ff79fa23af8 (Unity) <lambda_b37b41f03089e3cb3f55061bbc93253d>::operator()
0x00007ff79fa5f422 (Unity) asio::detail::completion_handler<core::mutable_function<void __cdecl(void)>,asio::io_context::basic_executor_type<std::allocator<void>,0> >::do_complete
0x00007ff79fa4b3ce (Unity) asio::detail::win_iocp_io_context::do_one
0x00007ff79fa4d034 (Unity) asio::detail::win_iocp_io_context::run
0x00007ff79fa5d7cc (Unity) IOService::Run
0x00007ff79fa30c2f (Unity) AssetImportWorkerClient::Run
0x00007ff79f9fc3d7 (Unity) RunAssetImportWorkerClientV2
0x00007ff79f9fc45b (Unity) RunAssetImporterV2
0x00007ff79f1f31de (Unity) Application::InitializeProject
0x00007ff79f688795 (Unity) WinMain
0x00007ff7a0a535ce (Unity) __scrt_common_main_seh
0x00007ffa8b87e8d7 (KERNEL32) BaseThreadInitThunk
0x00007ffa8c1714fc (ntdll) RtlUserThreadStart
Unloading 39 unused Assets / (1.0 MB). Loaded Objects now: 3874.
Memory consumption went from 135.0 MB to 134.0 MB.
Total: 4.402300 ms (FindLiveObjects: 0.308800 ms CreateObjectMapping: 0.370000 ms MarkObjects: 3.327000 ms  DeleteObjects: 0.395100 ms)

Prepare: number of updated asset objects reloaded= 0
AssetImportParameters requested are different than current active one (requested -> active):
  custom:container-demuxer-ogg: 62fdf1f143b41e24485cea50d1cbac27 -> 
  custom:video-codec-MediaFoundation-h265: 746d11721c4dcdbdad8f713fa42b33f4 -> 
  custom:video-decoder-ogg-theora: a1e56fd34408186e4bbccfd4996cb3dc -> 
  custom:framework-win-MediaFoundation: 216162199b28c13a410421893ffa2e32 -> 
  custom:CustomObjectIndexerAttribute: 9a22284fe3817be447336de3de66b15e -> 
  custom:container-demuxer-webm: 4f35f7cbe854078d1ac9338744f61a02 -> 
  custom:scripting/monoscript/fileName/ForkliftPoint.cs: 2582c41c091e4dfd00aca14346b3d5d1 -> 
  custom:container-muxer-webm: aa71ff27fc2769a1b78a27578f13a17b -> 
  custom:video-decoder-webm-vp8: 9c59270c3fd7afecdb556c50c9e8de78 -> 
  custom:SearchIndexIgnoredProperties: e643bd26f0fe6173181afceb89e7c659 -> 
  custom:AudioImporter_EditorPlatform: d09bf68614088b80899f8185d706f6e7 -> 
  custom:video-encoder-webm-vp8: eb34c28f22e8b96e1ab97ce403110664 -> 
  custom:audio-decoder-ogg-vorbis: bf7c407c2cedff20999df2af8eb42d56 -> 
  custom:audio-encoder-webm-vorbis: bf7c407c2cedff20999df2af8eb42d56 -> 
========================================================================
Received Import Request.
  Time since last request: 590249.754636 seconds.
  path: Assets/Prefabs/Doska.prefab
  artifactKey: Guid(5fe4fc90a4d9bdf4b86ccc204710bf6e) Importer(815301076,1909f56bfc062723c751e8b465ee728b)
Start importing Assets/Prefabs/Doska.prefab using Guid(5fe4fc90a4d9bdf4b86ccc204710bf6e) Importer(815301076,1909f56bfc062723c751e8b465ee728b) [PhysX] Initialized MultithreadedTaskDispatcher with 12 workers.
[PhysX] Initialized MultithreadedTaskDispatcher with 12 workers.
 -> (artifact id: 'ae2c5ac9ab02fa350a357905c2fca3ce') in 0.091067 seconds
Number of updated asset objects reloaded before import = 0
Number of asset objects unloaded after import = 17
========================================================================
Received Prepare
Caller must complete domain reload
Begin MonoManager ReloadAssembly
- Loaded All Assemblies, in  0.350 seconds
Native extension for WindowsStandalone target not found
Native extension for Android target not found
Native extension for WebGL target not found
[Package Manager] Server::EnsureServerProcessIsRunning -- launch failed, reason: Unity was launched with the -noUpm command-line argument
[Package Manager] UpmClient::Send -- Unable to send message (not connected to UPM process).
[Package Manager] Cannot connect to Unity Package Manager local server
Failed to sync packages list
UnityEngine.StackTraceUtility:ExtractStackTrace ()
UnityEngine.DebugLogHandler:LogFormat (UnityEngine.LogType,UnityEngine.Object,string,object[])
UnityEngine.Logger:Log (UnityEngine.LogType,object)
UnityEngine.Debug:LogWarning (object)
 .  / :MoveNext ()
System.Runtime.CompilerServices.AsyncVoidMethodBuilder:Start< .  / > ( .  / &)
 .  :  ()
 .⁪/ :MoveNext ()
System.Runtime.CompilerServices.AsyncTaskMethodBuilder:Start< .⁪/ > ( .⁪/ &)
 .⁪:  ()
System.Reflection.RuntimeMethodInfo:Invoke (object,System.Reflection.BindingFlags,System.Reflection.Binder,object[],System.Globalization.CultureInfo)
System.Reflection.MethodBase:Invoke (object,object[])
UnityEditor.EditorAssemblies:ProcessInitializeOnLoadMethodAttributes ()

Mono: successfully reloaded assembly
- Finished resetting the current domain, in  0.783 seconds
Domain Reload Profiling: 1132ms
	BeginReloadAssembly (123ms)
		ExecutionOrderSort (0ms)
		DisableScriptedObjects (4ms)
		BackupInstance (0ms)
		ReleaseScriptingObjects (0ms)
		CreateAndSetChildDomain (28ms)
	RebuildCommonClasses (25ms)
	RebuildNativeTypeToScriptingClass (8ms)
	initialDomainReloadingComplete (20ms)
	LoadAllAssembliesAndSetupDomain (173ms)
		LoadAssemblies (223ms)
		RebuildTransferFunctionScriptingTraits (0ms)
		AnalyzeDomain (12ms)
			TypeCache.Refresh (6ms)
				TypeCache.ScanAssembly (0ms)
			ScanForSourceGeneratedMonoScriptInfo (0ms)
			ResolveRequiredComponents (5ms)
	FinalizeReload (783ms)
		ReleaseScriptCaches (0ms)
		RebuildScriptCaches (0ms)
		SetupLoadedEditorAssemblies (427ms)
			LogAssemblyErrors (0ms)
			InitializePlatformSupportModulesInManaged (15ms)
			SetLoadedEditorAssemblies (4ms)
			RefreshPlugins (0ms)
			BeforeProcessingInitializeOnLoad (50ms)
			ProcessInitializeOnLoadAttributes (317ms)
			ProcessInitializeOnLoadMethodAttributes (37ms)
			AfterProcessingInitializeOnLoad (3ms)
			EditorAssembliesLoaded (0ms)
		ExecutionOrderSort2 (0ms)
		AwakeInstancesAfterBackupRestoration (6ms)
Refreshing native plugins compatible for Editor in 2.65 ms, found 6 plugins.
Preloading 0 native plugins for Editor in 0.00 ms.
Release of invalid GC handle. The handle is from a previous domain. The release operation is skipped.
Release of invalid GC handle native callstack: 
0x00007ff79e68424d (Unity) StackWalker::GetCurrentCallstack
0x00007ff79e689329 (Unity) StackWalker::ShowCallstack
0x00007ff79f67dae1 (Unity) GetStacktrace
0x00007ff79e57f20d (Unity) ScriptingGCHandle::ReleaseAndClear
0x00007ff79eb4748c (Unity) UploadHandlerRaw::`vector deleting destructor'
0x00007ff79eb4803d (Unity) UploadHandler::Release
0x00007ff79eb448dd (Unity) UnityWebRequestProto<UnityWebRequestTransport,AtomicRefCounter,RedirectHelper,ResponseHelper,DownloadHandler,UploadHandler,CertificateHandler,HeaderHelper,AsyncOperation>::~UnityWebRequestProto<UnityWebRequestTransport,AtomicRefCounter,RedirectHelper,ResponseHelper,DownloadHandler,UploadHandler,CertificateHandler,HeaderHelper,AsyncOperation>
0x00007ff79eb44bd6 (Unity) UnityWebRequest::`vector deleting destructor'
0x00007ff79d894b77 (Unity) UnityWebRequestProto<UnityWebRequestTransport,AtomicRefCounter,RedirectHelper,ResponseHelper,DownloadHandler,UploadHandler,CertificateHandler,HeaderHelper,AsyncOperation>::Release
0x00007ff79eb46605 (Unity) UnityWebRequestAsyncOperation::InvokeCoroutine
0x00007ff79eb467e1 (Unity) UnityWebRequestProto<UnityWebRequestTransport,AtomicRefCounter,RedirectHelper,ResponseHelper,DownloadHandler,UploadHandler,CertificateHandler,HeaderHelper,AsyncOperation>::Job_InvokeCoroutine
0x00007ff79e1ab54a (Unity) BackgroundJobQueue::ExecuteMainThreadJobs
0x00007ff79e26005f (Unity) PreloadManager::WaitForAllAsyncOperationsToComplete
0x00007ff79fa23af8 (Unity) <lambda_b37b41f03089e3cb3f55061bbc93253d>::operator()
0x00007ff79fa5f422 (Unity) asio::detail::completion_handler<core::mutable_function<void __cdecl(void)>,asio::io_context::basic_executor_type<std::allocator<void>,0> >::do_complete
0x00007ff79fa4b3ce (Unity) asio::detail::win_iocp_io_context::do_one
0x00007ff79fa4d034 (Unity) asio::detail::win_iocp_io_context::run
0x00007ff79fa5d7cc (Unity) IOService::Run
0x00007ff79fa30c2f (Unity) AssetImportWorkerClient::Run
0x00007ff79f9fc3d7 (Unity) RunAssetImportWorkerClientV2
0x00007ff79f9fc45b (Unity) RunAssetImporterV2
0x00007ff79f1f31de (Unity) Application::InitializeProject
0x00007ff79f688795 (Unity) WinMain
0x00007ff7a0a535ce (Unity) __scrt_common_main_seh
0x00007ffa8b87e8d7 (KERNEL32) BaseThreadInitThunk
0x00007ffa8c1714fc (ntdll) RtlUserThreadStart
Unloading 3381 Unused Serialized files (Serialized files now loaded: 0)
Unloading 39 unused Assets / (1.0 MB). Loaded Objects now: 3886.
Memory consumption went from 135.1 MB to 134.1 MB.
Total: 4.155700 ms (FindLiveObjects: 0.302800 ms CreateObjectMapping: 0.257400 ms MarkObjects: 3.138700 ms  DeleteObjects: 0.455700 ms)

Prepare: number of updated asset objects reloaded= 0
AssetImportParameters requested are different than current active one (requested -> active):
  custom:container-demuxer-ogg: 62fdf1f143b41e24485cea50d1cbac27 -> 
  custom:video-codec-MediaFoundation-h265: 746d11721c4dcdbdad8f713fa42b33f4 -> 
  custom:video-decoder-ogg-theora: a1e56fd34408186e4bbccfd4996cb3dc -> 
  custom:framework-win-MediaFoundation: 216162199b28c13a410421893ffa2e32 -> 
  custom:CustomObjectIndexerAttribute: 9a22284fe3817be447336de3de66b15e -> 
  custom:container-demuxer-webm: 4f35f7cbe854078d1ac9338744f61a02 -> 
  custom:scripting/monoscript/fileName/ForkliftPoint.cs: 2582c41c091e4dfd00aca14346b3d5d1 -> 
  custom:container-muxer-webm: aa71ff27fc2769a1b78a27578f13a17b -> 
  custom:video-decoder-webm-vp8: 9c59270c3fd7afecdb556c50c9e8de78 -> 
  custom:SearchIndexIgnoredProperties: e643bd26f0fe6173181afceb89e7c659 -> 
  custom:AudioImporter_EditorPlatform: d09bf68614088b80899f8185d706f6e7 -> 
  custom:video-encoder-webm-vp8: eb34c28f22e8b96e1ab97ce403110664 -> 
  custom:audio-decoder-ogg-vorbis: bf7c407c2cedff20999df2af8eb42d56 -> 
  custom:audio-encoder-webm-vorbis: bf7c407c2cedff20999df2af8eb42d56 -> 
========================================================================
Received Prepare
Caller must complete domain reload
Begin MonoManager ReloadAssembly
- Loaded All Assemblies, in  0.340 seconds
Native extension for WindowsStandalone target not found
Native extension for Android target not found
Native extension for WebGL target not found
[Package Manager] Server::EnsureServerProcessIsRunning -- launch failed, reason: Unity was launched with the -noUpm command-line argument
[Package Manager] UpmClient::Send -- Unable to send message (not connected to UPM process).
[Package Manager] Cannot connect to Unity Package Manager local server
Failed to sync packages list
UnityEngine.StackTraceUtility:ExtractStackTrace ()
UnityEngine.DebugLogHandler:LogFormat (UnityEngine.LogType,UnityEngine.Object,string,object[])
UnityEngine.Logger:Log (UnityEngine.LogType,object)
UnityEngine.Debug:LogWarning (object)
 .  / :MoveNext ()
System.Runtime.CompilerServices.AsyncVoidMethodBuilder:Start< .  / > ( .  / &)
 .  :  ()
 .⁪/ :MoveNext ()
System.Runtime.CompilerServices.AsyncTaskMethodBuilder:Start< .⁪/ > ( .⁪/ &)
 .⁪:  ()
System.Reflection.RuntimeMethodInfo:Invoke (object,System.Reflection.BindingFlags,System.Reflection.Binder,object[],System.Globalization.CultureInfo)
System.Reflection.MethodBase:Invoke (object,object[])
UnityEditor.EditorAssemblies:ProcessInitializeOnLoadMethodAttributes ()

Mono: successfully reloaded assembly
- Finished resetting the current domain, in  0.740 seconds
Domain Reload Profiling: 1079ms
	BeginReloadAssembly (117ms)
		ExecutionOrderSort (0ms)
		DisableScriptedObjects (4ms)
		BackupInstance (0ms)
		ReleaseScriptingObjects (0ms)
		CreateAndSetChildDomain (26ms)
	RebuildCommonClasses (26ms)
	RebuildNativeTypeToScriptingClass (8ms)
	initialDomainReloadingComplete (21ms)
	LoadAllAssembliesAndSetupDomain (167ms)
		LoadAssemblies (216ms)
		RebuildTransferFunctionScriptingTraits (0ms)
		AnalyzeDomain (10ms)
			TypeCache.Refresh (5ms)
				TypeCache.ScanAssembly (0ms)
			ScanForSourceGeneratedMonoScriptInfo (0ms)
			ResolveRequiredComponents (4ms)
	FinalizeReload (741ms)
		ReleaseScriptCaches (0ms)
		RebuildScriptCaches (0ms)
		SetupLoadedEditorAssemblies (409ms)
			LogAssemblyErrors (0ms)
			InitializePlatformSupportModulesInManaged (14ms)
			SetLoadedEditorAssemblies (3ms)
			RefreshPlugins (0ms)
			BeforeProcessingInitializeOnLoad (48ms)
			ProcessInitializeOnLoadAttributes (302ms)
			ProcessInitializeOnLoadMethodAttributes (38ms)
			AfterProcessingInitializeOnLoad (4ms)
			EditorAssembliesLoaded (0ms)
		ExecutionOrderSort2 (0ms)
		AwakeInstancesAfterBackupRestoration (6ms)
Refreshing native plugins compatible for Editor in 4.33 ms, found 6 plugins.
Preloading 0 native plugins for Editor in 0.00 ms.
Release of invalid GC handle. The handle is from a previous domain. The release operation is skipped.
Release of invalid GC handle native callstack: 
0x00007ff79e68424d (Unity) StackWalker::GetCurrentCallstack
0x00007ff79e689329 (Unity) StackWalker::ShowCallstack
0x00007ff79f67dae1 (Unity) GetStacktrace
0x00007ff79e57f20d (Unity) ScriptingGCHandle::ReleaseAndClear
0x00007ff79eb4748c (Unity) UploadHandlerRaw::`vector deleting destructor'
0x00007ff79eb4803d (Unity) UploadHandler::Release
0x00007ff79eb448dd (Unity) UnityWebRequestProto<UnityWebRequestTransport,AtomicRefCounter,RedirectHelper,ResponseHelper,DownloadHandler,UploadHandler,CertificateHandler,HeaderHelper,AsyncOperation>::~UnityWebRequestProto<UnityWebRequestTransport,AtomicRefCounter,RedirectHelper,ResponseHelper,DownloadHandler,UploadHandler,CertificateHandler,HeaderHelper,AsyncOperation>
0x00007ff79eb44bd6 (Unity) UnityWebRequest::`vector deleting destructor'
0x00007ff79d894b77 (Unity) UnityWebRequestProto<UnityWebRequestTransport,AtomicRefCounter,RedirectHelper,ResponseHelper,DownloadHandler,UploadHandler,CertificateHandler,HeaderHelper,AsyncOperation>::Release
0x00007ff79eb46605 (Unity) UnityWebRequestAsyncOperation::InvokeCoroutine
0x00007ff79eb467e1 (Unity) UnityWebRequestProto<UnityWebRequestTransport,AtomicRefCounter,RedirectHelper,ResponseHelper,DownloadHandler,UploadHandler,CertificateHandler,HeaderHelper,AsyncOperation>::Job_InvokeCoroutine
0x00007ff79e1ab54a (Unity) BackgroundJobQueue::ExecuteMainThreadJobs
0x00007ff79e26005f (Unity) PreloadManager::WaitForAllAsyncOperationsToComplete
0x00007ff79fa23af8 (Unity) <lambda_b37b41f03089e3cb3f55061bbc93253d>::operator()
0x00007ff79fa5f422 (Unity) asio::detail::completion_handler<core::mutable_function<void __cdecl(void)>,asio::io_context::basic_executor_type<std::allocator<void>,0> >::do_complete
0x00007ff79fa4b3ce (Unity) asio::detail::win_iocp_io_context::do_one
0x00007ff79fa4d034 (Unity) asio::detail::win_iocp_io_context::run
0x00007ff79fa5d7cc (Unity) IOService::Run
0x00007ff79fa30c2f (Unity) AssetImportWorkerClient::Run
0x00007ff79f9fc3d7 (Unity) RunAssetImportWorkerClientV2
0x00007ff79f9fc45b (Unity) RunAssetImporterV2
0x00007ff79f1f31de (Unity) Application::InitializeProject
0x00007ff79f688795 (Unity) WinMain
0x00007ff7a0a535ce (Unity) __scrt_common_main_seh
0x00007ffa8b87e8d7 (KERNEL32) BaseThreadInitThunk
0x00007ffa8c1714fc (ntdll) RtlUserThreadStart
Unloading 3382 Unused Serialized files (Serialized files now loaded: 0)
Unloading 39 unused Assets / (1.0 MB). Loaded Objects now: 3891.
Memory consumption went from 135.5 MB to 134.5 MB.
Total: 3.655900 ms (FindLiveObjects: 0.230200 ms CreateObjectMapping: 0.078800 ms MarkObjects: 2.936500 ms  DeleteObjects: 0.409500 ms)

Prepare: number of updated asset objects reloaded= 0
AssetImportParameters requested are different than current active one (requested -> active):
  custom:container-demuxer-ogg: 62fdf1f143b41e24485cea50d1cbac27 -> 
  custom:video-codec-MediaFoundation-h265: 746d11721c4dcdbdad8f713fa42b33f4 -> 
  custom:video-decoder-ogg-theora: a1e56fd34408186e4bbccfd4996cb3dc -> 
  custom:framework-win-MediaFoundation: 216162199b28c13a410421893ffa2e32 -> 
  custom:CustomObjectIndexerAttribute: 9a22284fe3817be447336de3de66b15e -> 
  custom:container-demuxer-webm: 4f35f7cbe854078d1ac9338744f61a02 -> 
  custom:scripting/monoscript/fileName/ForkliftPoint.cs: 2582c41c091e4dfd00aca14346b3d5d1 -> 
  custom:container-muxer-webm: aa71ff27fc2769a1b78a27578f13a17b -> 
  custom:video-decoder-webm-vp8: 9c59270c3fd7afecdb556c50c9e8de78 -> 
  custom:SearchIndexIgnoredProperties: e643bd26f0fe6173181afceb89e7c659 -> 
  custom:AudioImporter_EditorPlatform: d09bf68614088b80899f8185d706f6e7 -> 
  custom:video-encoder-webm-vp8: eb34c28f22e8b96e1ab97ce403110664 -> 
  custom:audio-decoder-ogg-vorbis: bf7c407c2cedff20999df2af8eb42d56 -> 
  custom:audio-encoder-webm-vorbis: bf7c407c2cedff20999df2af8eb42d56 -> 
========================================================================
Received Import Request.
  Time since last request: 313.625567 seconds.
  path: Assets/Scripts/Logic/Items/ItemMovePoints.cs
  artifactKey: Guid(ce04941fcc9d4f389c8fcbed6625b5ac) Importer(815301076,1909f56bfc062723c751e8b465ee728b)
Start importing Assets/Scripts/Logic/Items/ItemMovePoints.cs using Guid(ce04941fcc9d4f389c8fcbed6625b5ac) Importer(815301076,1909f56bfc062723c751e8b465ee728b) [PhysX] Initialized MultithreadedTaskDispatcher with 12 workers.
 -> (artifact id: 'e28affeaa364466066ce6a2c71f044f2') in 0.008455 seconds
Number of updated asset objects reloaded before import = 0
Number of asset objects unloaded after import = 0
========================================================================
Received Prepare
Caller must complete domain reload
Begin MonoManager ReloadAssembly
- Loaded All Assemblies, in  0.377 seconds
Native extension for WindowsStandalone target not found
Native extension for Android target not found
Native extension for WebGL target not found
[Package Manager] Server::EnsureServerProcessIsRunning -- launch failed, reason: Unity was launched with the -noUpm command-line argument
[Package Manager] UpmClient::Send -- Unable to send message (not connected to UPM process).
[Package Manager] Cannot connect to Unity Package Manager local server
Failed to sync packages list
UnityEngine.StackTraceUtility:ExtractStackTrace ()
UnityEngine.DebugLogHandler:LogFormat (UnityEngine.LogType,UnityEngine.Object,string,object[])
UnityEngine.Logger:Log (UnityEngine.LogType,object)
UnityEngine.Debug:LogWarning (object)
 .  / :MoveNext ()
System.Runtime.CompilerServices.AsyncVoidMethodBuilder:Start< .  / > ( .  / &)
 .  :  ()
 .⁪/ :MoveNext ()
System.Runtime.CompilerServices.AsyncTaskMethodBuilder:Start< .⁪/ > ( .⁪/ &)
 .⁪:  ()
System.Reflection.RuntimeMethodInfo:Invoke (object,System.Reflection.BindingFlags,System.Reflection.Binder,object[],System.Globalization.CultureInfo)
System.Reflection.MethodBase:Invoke (object,object[])
UnityEditor.EditorAssemblies:ProcessInitializeOnLoadMethodAttributes ()

Mono: successfully reloaded assembly
- Finished resetting the current domain, in  0.848 seconds
Domain Reload Profiling: 1224ms
	BeginReloadAssembly (125ms)
		ExecutionOrderSort (0ms)
		DisableScriptedObjects (4ms)
		BackupInstance (0ms)
		ReleaseScriptingObjects (0ms)
		CreateAndSetChildDomain (27ms)
	RebuildCommonClasses (25ms)
	RebuildNativeTypeToScriptingClass (8ms)
	initialDomainReloadingComplete (24ms)
	LoadAllAssembliesAndSetupDomain (194ms)
		LoadAssemblies (241ms)
		RebuildTransferFunctionScriptingTraits (0ms)
		AnalyzeDomain (18ms)
			TypeCache.Refresh (7ms)
				TypeCache.ScanAssembly (0ms)
			ScanForSourceGeneratedMonoScriptInfo (5ms)
			ResolveRequiredComponents (4ms)
	FinalizeReload (848ms)
		ReleaseScriptCaches (0ms)
		RebuildScriptCaches (0ms)
		SetupLoadedEditorAssemblies (447ms)
			LogAssemblyErrors (0ms)
			InitializePlatformSupportModulesInManaged (23ms)
			SetLoadedEditorAssemblies (3ms)
			RefreshPlugins (0ms)
			BeforeProcessingInitializeOnLoad (51ms)
			ProcessInitializeOnLoadAttributes (332ms)
			ProcessInitializeOnLoadMethodAttributes (34ms)
			AfterProcessingInitializeOnLoad (3ms)
			EditorAssembliesLoaded (0ms)
		ExecutionOrderSort2 (0ms)
		AwakeInstancesAfterBackupRestoration (5ms)
Refreshing native plugins compatible for Editor in 2.55 ms, found 6 plugins.
Preloading 0 native plugins for Editor in 0.00 ms.
Release of invalid GC handle. The handle is from a previous domain. The release operation is skipped.
Release of invalid GC handle native callstack: 
0x00007ff79e68424d (Unity) StackWalker::GetCurrentCallstack
0x00007ff79e689329 (Unity) StackWalker::ShowCallstack
0x00007ff79f67dae1 (Unity) GetStacktrace
0x00007ff79e57f20d (Unity) ScriptingGCHandle::ReleaseAndClear
0x00007ff79eb4748c (Unity) UploadHandlerRaw::`vector deleting destructor'
0x00007ff79eb4803d (Unity) UploadHandler::Release
0x00007ff79eb448dd (Unity) UnityWebRequestProto<UnityWebRequestTransport,AtomicRefCounter,RedirectHelper,ResponseHelper,DownloadHandler,UploadHandler,CertificateHandler,HeaderHelper,AsyncOperation>::~UnityWebRequestProto<UnityWebRequestTransport,AtomicRefCounter,RedirectHelper,ResponseHelper,DownloadHandler,UploadHandler,CertificateHandler,HeaderHelper,AsyncOperation>
0x00007ff79eb44bd6 (Unity) UnityWebRequest::`vector deleting destructor'
0x00007ff79d894b77 (Unity) UnityWebRequestProto<UnityWebRequestTransport,AtomicRefCounter,RedirectHelper,ResponseHelper,DownloadHandler,UploadHandler,CertificateHandler,HeaderHelper,AsyncOperation>::Release
0x00007ff79eb46605 (Unity) UnityWebRequestAsyncOperation::InvokeCoroutine
0x00007ff79eb467e1 (Unity) UnityWebRequestProto<UnityWebRequestTransport,AtomicRefCounter,RedirectHelper,ResponseHelper,DownloadHandler,UploadHandler,CertificateHandler,HeaderHelper,AsyncOperation>::Job_InvokeCoroutine
0x00007ff79e1ab54a (Unity) BackgroundJobQueue::ExecuteMainThreadJobs
0x00007ff79e26005f (Unity) PreloadManager::WaitForAllAsyncOperationsToComplete
0x00007ff79fa23af8 (Unity) <lambda_b37b41f03089e3cb3f55061bbc93253d>::operator()
0x00007ff79fa5f422 (Unity) asio::detail::completion_handler<core::mutable_function<void __cdecl(void)>,asio::io_context::basic_executor_type<std::allocator<void>,0> >::do_complete
0x00007ff79fa4b3ce (Unity) asio::detail::win_iocp_io_context::do_one
0x00007ff79fa4d034 (Unity) asio::detail::win_iocp_io_context::run
0x00007ff79fa5d7cc (Unity) IOService::Run
0x00007ff79fa30c2f (Unity) AssetImportWorkerClient::Run
0x00007ff79f9fc3d7 (Unity) RunAssetImportWorkerClientV2
0x00007ff79f9fc45b (Unity) RunAssetImporterV2
0x00007ff79f1f31de (Unity) Application::InitializeProject
0x00007ff79f688795 (Unity) WinMain
0x00007ff7a0a535ce (Unity) __scrt_common_main_seh
0x00007ffa8b87e8d7 (KERNEL32) BaseThreadInitThunk
0x00007ffa8c1714fc (ntdll) RtlUserThreadStart
Unloading 3381 Unused Serialized files (Serialized files now loaded: 0)
Unloading 39 unused Assets / (1.0 MB). Loaded Objects now: 3896.
Memory consumption went from 135.4 MB to 134.4 MB.
Total: 3.315200 ms (FindLiveObjects: 0.192000 ms CreateObjectMapping: 0.081000 ms MarkObjects: 2.684800 ms  DeleteObjects: 0.356600 ms)

Prepare: number of updated asset objects reloaded= 0
AssetImportParameters requested are different than current active one (requested -> active):
  custom:container-demuxer-ogg: 62fdf1f143b41e24485cea50d1cbac27 -> 
  custom:video-codec-MediaFoundation-h265: 746d11721c4dcdbdad8f713fa42b33f4 -> 
  custom:scripting/monoscript/fileName/ItemSpawner.cs: 89bb84a59819050d4840b7507c570619 -> db1977b8cba25b543176d6db98d38cfb
  custom:video-decoder-ogg-theora: a1e56fd34408186e4bbccfd4996cb3dc -> 
  custom:framework-win-MediaFoundation: 216162199b28c13a410421893ffa2e32 -> 
  custom:CustomObjectIndexerAttribute: 9a22284fe3817be447336de3de66b15e -> 
  custom:container-demuxer-webm: 4f35f7cbe854078d1ac9338744f61a02 -> 
  custom:scripting/monoscript/fileName/ForkliftPoint.cs: 2582c41c091e4dfd00aca14346b3d5d1 -> 
  custom:container-muxer-webm: aa71ff27fc2769a1b78a27578f13a17b -> 
  custom:video-decoder-webm-vp8: 9c59270c3fd7afecdb556c50c9e8de78 -> 
  custom:SearchIndexIgnoredProperties: e643bd26f0fe6173181afceb89e7c659 -> 
  custom:AudioImporter_EditorPlatform: d09bf68614088b80899f8185d706f6e7 -> 
  custom:video-encoder-webm-vp8: eb34c28f22e8b96e1ab97ce403110664 -> 
  custom:audio-decoder-ogg-vorbis: bf7c407c2cedff20999df2af8eb42d56 -> 
  custom:audio-encoder-webm-vorbis: bf7c407c2cedff20999df2af8eb42d56 -> 
  custom:scripting/precompiled-assembly-types:Assembly-CSharp: e1153a10ab4ba61625f8233168fcde30 -> 3c2c8354a068f1efab7b9b1873082af8
========================================================================
Received Prepare
Caller must complete domain reload
Begin MonoManager ReloadAssembly
- Loaded All Assemblies, in  0.350 seconds
Native extension for WindowsStandalone target not found
Native extension for Android target not found
Native extension for WebGL target not found
[Package Manager] Server::EnsureServerProcessIsRunning -- launch failed, reason: Unity was launched with the -noUpm command-line argument
[Package Manager] UpmClient::Send -- Unable to send message (not connected to UPM process).
[Package Manager] Cannot connect to Unity Package Manager local server
Failed to sync packages list
UnityEngine.StackTraceUtility:ExtractStackTrace ()
UnityEngine.DebugLogHandler:LogFormat (UnityEngine.LogType,UnityEngine.Object,string,object[])
UnityEngine.Logger:Log (UnityEngine.LogType,object)
UnityEngine.Debug:LogWarning (object)
 .  / :MoveNext ()
System.Runtime.CompilerServices.AsyncVoidMethodBuilder:Start< .  / > ( .  / &)
 .  :  ()
 .⁪/ :MoveNext ()
System.Runtime.CompilerServices.AsyncTaskMethodBuilder:Start< .⁪/ > ( .⁪/ &)
 .⁪:  ()
System.Reflection.RuntimeMethodInfo:Invoke (object,System.Reflection.BindingFlags,System.Reflection.Binder,object[],System.Globalization.CultureInfo)
System.Reflection.MethodBase:Invoke (object,object[])
UnityEditor.EditorAssemblies:ProcessInitializeOnLoadMethodAttributes ()

Mono: successfully reloaded assembly
- Finished resetting the current domain, in  0.758 seconds
Domain Reload Profiling: 1107ms
	BeginReloadAssembly (120ms)
		ExecutionOrderSort (0ms)
		DisableScriptedObjects (4ms)
		BackupInstance (0ms)
		ReleaseScriptingObjects (0ms)
		CreateAndSetChildDomain (27ms)
	RebuildCommonClasses (32ms)
	RebuildNativeTypeToScriptingClass (8ms)
	initialDomainReloadingComplete (22ms)
	LoadAllAssembliesAndSetupDomain (167ms)
		LoadAssemblies (217ms)
		RebuildTransferFunctionScriptingTraits (0ms)
		AnalyzeDomain (12ms)
			TypeCache.Refresh (5ms)
				TypeCache.ScanAssembly (0ms)
			ScanForSourceGeneratedMonoScriptInfo (0ms)
			ResolveRequiredComponents (4ms)
	FinalizeReload (759ms)
		ReleaseScriptCaches (0ms)
		RebuildScriptCaches (0ms)
		SetupLoadedEditorAssemblies (441ms)
			LogAssemblyErrors (0ms)
			InitializePlatformSupportModulesInManaged (15ms)
			SetLoadedEditorAssemblies (4ms)
			RefreshPlugins (0ms)
			BeforeProcessingInitializeOnLoad (49ms)
			ProcessInitializeOnLoadAttributes (326ms)
			ProcessInitializeOnLoadMethodAttributes (43ms)
			AfterProcessingInitializeOnLoad (4ms)
			EditorAssembliesLoaded (0ms)
		ExecutionOrderSort2 (0ms)
		AwakeInstancesAfterBackupRestoration (7ms)
Refreshing native plugins compatible for Editor in 4.17 ms, found 6 plugins.
Preloading 0 native plugins for Editor in 0.00 ms.
Release of invalid GC handle. The handle is from a previous domain. The release operation is skipped.
Release of invalid GC handle native callstack: 
0x00007ff79e68424d (Unity) StackWalker::GetCurrentCallstack
0x00007ff79e689329 (Unity) StackWalker::ShowCallstack
0x00007ff79f67dae1 (Unity) GetStacktrace
0x00007ff79e57f20d (Unity) ScriptingGCHandle::ReleaseAndClear
0x00007ff79eb4748c (Unity) UploadHandlerRaw::`vector deleting destructor'
0x00007ff79eb4803d (Unity) UploadHandler::Release
0x00007ff79eb448dd (Unity) UnityWebRequestProto<UnityWebRequestTransport,AtomicRefCounter,RedirectHelper,ResponseHelper,DownloadHandler,UploadHandler,CertificateHandler,HeaderHelper,AsyncOperation>::~UnityWebRequestProto<UnityWebRequestTransport,AtomicRefCounter,RedirectHelper,ResponseHelper,DownloadHandler,UploadHandler,CertificateHandler,HeaderHelper,AsyncOperation>
0x00007ff79eb44bd6 (Unity) UnityWebRequest::`vector deleting destructor'
0x00007ff79d894b77 (Unity) UnityWebRequestProto<UnityWebRequestTransport,AtomicRefCounter,RedirectHelper,ResponseHelper,DownloadHandler,UploadHandler,CertificateHandler,HeaderHelper,AsyncOperation>::Release
0x00007ff79eb46605 (Unity) UnityWebRequestAsyncOperation::InvokeCoroutine
0x00007ff79eb467e1 (Unity) UnityWebRequestProto<UnityWebRequestTransport,AtomicRefCounter,RedirectHelper,ResponseHelper,DownloadHandler,UploadHandler,CertificateHandler,HeaderHelper,AsyncOperation>::Job_InvokeCoroutine
0x00007ff79e1ab54a (Unity) BackgroundJobQueue::ExecuteMainThreadJobs
0x00007ff79e26005f (Unity) PreloadManager::WaitForAllAsyncOperationsToComplete
0x00007ff79fa23af8 (Unity) <lambda_b37b41f03089e3cb3f55061bbc93253d>::operator()
0x00007ff79fa5f422 (Unity) asio::detail::completion_handler<core::mutable_function<void __cdecl(void)>,asio::io_context::basic_executor_type<std::allocator<void>,0> >::do_complete
0x00007ff79fa4b3ce (Unity) asio::detail::win_iocp_io_context::do_one
0x00007ff79fa4d034 (Unity) asio::detail::win_iocp_io_context::run
0x00007ff79fa5d7cc (Unity) IOService::Run
0x00007ff79fa30c2f (Unity) AssetImportWorkerClient::Run
0x00007ff79f9fc3d7 (Unity) RunAssetImportWorkerClientV2
0x00007ff79f9fc45b (Unity) RunAssetImporterV2
0x00007ff79f1f31de (Unity) Application::InitializeProject
0x00007ff79f688795 (Unity) WinMain
0x00007ff7a0a535ce (Unity) __scrt_common_main_seh
0x00007ffa8b87e8d7 (KERNEL32) BaseThreadInitThunk
0x00007ffa8c1714fc (ntdll) RtlUserThreadStart
Unloading 3382 Unused Serialized files (Serialized files now loaded: 0)
Unloading 39 unused Assets / (1.0 MB). Loaded Objects now: 3901.
Memory consumption went from 135.8 MB to 134.8 MB.
Total: 4.273900 ms (FindLiveObjects: 0.184500 ms CreateObjectMapping: 0.085100 ms MarkObjects: 3.545000 ms  DeleteObjects: 0.458400 ms)

Prepare: number of updated asset objects reloaded= 0
AssetImportParameters requested are different than current active one (requested -> active):
  custom:container-demuxer-ogg: 62fdf1f143b41e24485cea50d1cbac27 -> 
  custom:video-codec-MediaFoundation-h265: 746d11721c4dcdbdad8f713fa42b33f4 -> 
  custom:scripting/monoscript/fileName/ItemSpawner.cs: 89bb84a59819050d4840b7507c570619 -> db1977b8cba25b543176d6db98d38cfb
  custom:video-decoder-ogg-theora: a1e56fd34408186e4bbccfd4996cb3dc -> 
  custom:framework-win-MediaFoundation: 216162199b28c13a410421893ffa2e32 -> 
  custom:CustomObjectIndexerAttribute: 9a22284fe3817be447336de3de66b15e -> 
  custom:container-demuxer-webm: 4f35f7cbe854078d1ac9338744f61a02 -> 
  custom:scripting/monoscript/fileName/ForkliftPoint.cs: 2582c41c091e4dfd00aca14346b3d5d1 -> 
  custom:container-muxer-webm: aa71ff27fc2769a1b78a27578f13a17b -> 
  custom:video-decoder-webm-vp8: 9c59270c3fd7afecdb556c50c9e8de78 -> 
  custom:SearchIndexIgnoredProperties: e643bd26f0fe6173181afceb89e7c659 -> 
  custom:AudioImporter_EditorPlatform: d09bf68614088b80899f8185d706f6e7 -> 
  custom:video-encoder-webm-vp8: eb34c28f22e8b96e1ab97ce403110664 -> 
  custom:audio-decoder-ogg-vorbis: bf7c407c2cedff20999df2af8eb42d56 -> 
  custom:audio-encoder-webm-vorbis: bf7c407c2cedff20999df2af8eb42d56 -> 
  custom:scripting/precompiled-assembly-types:Assembly-CSharp: e1153a10ab4ba61625f8233168fcde30 -> 3c2c8354a068f1efab7b9b1873082af8
========================================================================
Received Prepare
Caller must complete domain reload
Begin MonoManager ReloadAssembly
- Loaded All Assemblies, in  0.820 seconds
Native extension for WindowsStandalone target not found
Native extension for Android target not found
Native extension for WebGL target not found
[Package Manager] Server::EnsureServerProcessIsRunning -- launch failed, reason: Unity was launched with the -noUpm command-line argument
[Package Manager] UpmClient::Send -- Unable to send message (not connected to UPM process).
[Package Manager] Cannot connect to Unity Package Manager local server
Failed to sync packages list
UnityEngine.StackTraceUtility:ExtractStackTrace ()
UnityEngine.DebugLogHandler:LogFormat (UnityEngine.LogType,UnityEngine.Object,string,object[])
UnityEngine.Logger:Log (UnityEngine.LogType,object)
UnityEngine.Debug:LogWarning (object)
 .  / :MoveNext ()
System.Runtime.CompilerServices.AsyncVoidMethodBuilder:Start< .  / > ( .  / &)
 .  :  ()
 .⁪/ :MoveNext ()
System.Runtime.CompilerServices.AsyncTaskMethodBuilder:Start< .⁪/ > ( .⁪/ &)
 .⁪:  ()
System.Reflection.RuntimeMethodInfo:Invoke (object,System.Reflection.BindingFlags,System.Reflection.Binder,object[],System.Globalization.CultureInfo)
System.Reflection.MethodBase:Invoke (object,object[])
UnityEditor.EditorAssemblies:ProcessInitializeOnLoadMethodAttributes ()

Mono: successfully reloaded assembly
- Finished resetting the current domain, in  1.693 seconds
Domain Reload Profiling: 2508ms
	BeginReloadAssembly (247ms)
		ExecutionOrderSort (0ms)
		DisableScriptedObjects (9ms)
		BackupInstance (0ms)
		ReleaseScriptingObjects (0ms)
		CreateAndSetChildDomain (47ms)
	RebuildCommonClasses (55ms)
	RebuildNativeTypeToScriptingClass (18ms)
	initialDomainReloadingComplete (51ms)
	LoadAllAssembliesAndSetupDomain (443ms)
		LoadAssemblies (541ms)
		RebuildTransferFunctionScriptingTraits (0ms)
		AnalyzeDomain (39ms)
			TypeCache.Refresh (14ms)
				TypeCache.ScanAssembly (1ms)
			ScanForSourceGeneratedMonoScriptInfo (11ms)
			ResolveRequiredComponents (11ms)
	FinalizeReload (1693ms)
		ReleaseScriptCaches (0ms)
		RebuildScriptCaches (0ms)
		SetupLoadedEditorAssemblies (672ms)
			LogAssemblyErrors (0ms)
			InitializePlatformSupportModulesInManaged (39ms)
			SetLoadedEditorAssemblies (7ms)
			RefreshPlugins (0ms)
			BeforeProcessingInitializeOnLoad (109ms)
			ProcessInitializeOnLoadAttributes (469ms)
			ProcessInitializeOnLoadMethodAttributes (41ms)
			AfterProcessingInitializeOnLoad (5ms)
			EditorAssembliesLoaded (0ms)
		ExecutionOrderSort2 (0ms)
		AwakeInstancesAfterBackupRestoration (7ms)
Refreshing native plugins compatible for Editor in 3.63 ms, found 6 plugins.
Preloading 0 native plugins for Editor in 0.00 ms.
Release of invalid GC handle. The handle is from a previous domain. The release operation is skipped.
Release of invalid GC handle native callstack: 
0x00007ff79e68424d (Unity) StackWalker::GetCurrentCallstack
0x00007ff79e689329 (Unity) StackWalker::ShowCallstack
0x00007ff79f67dae1 (Unity) GetStacktrace
0x00007ff79e57f20d (Unity) ScriptingGCHandle::ReleaseAndClear
0x00007ff79eb4748c (Unity) UploadHandlerRaw::`vector deleting destructor'
0x00007ff79eb4803d (Unity) UploadHandler::Release
0x00007ff79eb448dd (Unity) UnityWebRequestProto<UnityWebRequestTransport,AtomicRefCounter,RedirectHelper,ResponseHelper,DownloadHandler,UploadHandler,CertificateHandler,HeaderHelper,AsyncOperation>::~UnityWebRequestProto<UnityWebRequestTransport,AtomicRefCounter,RedirectHelper,ResponseHelper,DownloadHandler,UploadHandler,CertificateHandler,HeaderHelper,AsyncOperation>
0x00007ff79eb44bd6 (Unity) UnityWebRequest::`vector deleting destructor'
0x00007ff79d894b77 (Unity) UnityWebRequestProto<UnityWebRequestTransport,AtomicRefCounter,RedirectHelper,ResponseHelper,DownloadHandler,UploadHandler,CertificateHandler,HeaderHelper,AsyncOperation>::Release
0x00007ff79eb46605 (Unity) UnityWebRequestAsyncOperation::InvokeCoroutine
0x00007ff79eb467e1 (Unity) UnityWebRequestProto<UnityWebRequestTransport,AtomicRefCounter,RedirectHelper,ResponseHelper,DownloadHandler,UploadHandler,CertificateHandler,HeaderHelper,AsyncOperation>::Job_InvokeCoroutine
0x00007ff79e1ab54a (Unity) BackgroundJobQueue::ExecuteMainThreadJobs
0x00007ff79e26005f (Unity) PreloadManager::WaitForAllAsyncOperationsToComplete
0x00007ff79fa23af8 (Unity) <lambda_b37b41f03089e3cb3f55061bbc93253d>::operator()
0x00007ff79fa5f422 (Unity) asio::detail::completion_handler<core::mutable_function<void __cdecl(void)>,asio::io_context::basic_executor_type<std::allocator<void>,0> >::do_complete
0x00007ff79fa4b3ce (Unity) asio::detail::win_iocp_io_context::do_one
0x00007ff79fa4d034 (Unity) asio::detail::win_iocp_io_context::run
0x00007ff79fa5d7cc (Unity) IOService::Run
0x00007ff79fa30c2f (Unity) AssetImportWorkerClient::Run
0x00007ff79f9fc3d7 (Unity) RunAssetImportWorkerClientV2
0x00007ff79f9fc45b (Unity) RunAssetImporterV2
0x00007ff79f1f31de (Unity) Application::InitializeProject
0x00007ff79f688795 (Unity) WinMain
0x00007ff7a0a535ce (Unity) __scrt_common_main_seh
0x00007ffa8b87e8d7 (KERNEL32) BaseThreadInitThunk
0x00007ffa8c1714fc (ntdll) RtlUserThreadStart
Unloading 3382 Unused Serialized files (Serialized files now loaded: 0)
Unloading 39 unused Assets / (1.0 MB). Loaded Objects now: 3906.
Memory consumption went from 136.0 MB to 135.0 MB.
Total: 3.365700 ms (FindLiveObjects: 0.186400 ms CreateObjectMapping: 0.080800 ms MarkObjects: 2.674900 ms  DeleteObjects: 0.422100 ms)

Prepare: number of updated asset objects reloaded= 0
AssetImportParameters requested are different than current active one (requested -> active):
  custom:container-demuxer-ogg: 62fdf1f143b41e24485cea50d1cbac27 -> 
  custom:video-codec-MediaFoundation-h265: 746d11721c4dcdbdad8f713fa42b33f4 -> 
  custom:scripting/monoscript/fileName/ItemSpawner.cs: 89bb84a59819050d4840b7507c570619 -> db1977b8cba25b543176d6db98d38cfb
  custom:video-decoder-ogg-theora: a1e56fd34408186e4bbccfd4996cb3dc -> 
  custom:framework-win-MediaFoundation: 216162199b28c13a410421893ffa2e32 -> 
  custom:CustomObjectIndexerAttribute: 9a22284fe3817be447336de3de66b15e -> 
  custom:container-demuxer-webm: 4f35f7cbe854078d1ac9338744f61a02 -> 
  custom:scripting/monoscript/fileName/ForkliftPoint.cs: 2582c41c091e4dfd00aca14346b3d5d1 -> 
  custom:container-muxer-webm: aa71ff27fc2769a1b78a27578f13a17b -> 
  custom:video-decoder-webm-vp8: 9c59270c3fd7afecdb556c50c9e8de78 -> 
  custom:SearchIndexIgnoredProperties: e643bd26f0fe6173181afceb89e7c659 -> 
  custom:AudioImporter_EditorPlatform: d09bf68614088b80899f8185d706f6e7 -> 
  custom:video-encoder-webm-vp8: eb34c28f22e8b96e1ab97ce403110664 -> 
  custom:audio-decoder-ogg-vorbis: bf7c407c2cedff20999df2af8eb42d56 -> 
  custom:audio-encoder-webm-vorbis: bf7c407c2cedff20999df2af8eb42d56 -> 
  custom:scripting/precompiled-assembly-types:Assembly-CSharp: e1153a10ab4ba61625f8233168fcde30 -> 3c2c8354a068f1efab7b9b1873082af8
========================================================================
Received Prepare
Caller must complete domain reload
Begin MonoManager ReloadAssembly
- Loaded All Assemblies, in  0.345 seconds
Native extension for WindowsStandalone target not found
Native extension for Android target not found
Native extension for WebGL target not found
[Package Manager] Server::EnsureServerProcessIsRunning -- launch failed, reason: Unity was launched with the -noUpm command-line argument
[Package Manager] UpmClient::Send -- Unable to send message (not connected to UPM process).
[Package Manager] Cannot connect to Unity Package Manager local server
Failed to sync packages list
UnityEngine.StackTraceUtility:ExtractStackTrace ()
UnityEngine.DebugLogHandler:LogFormat (UnityEngine.LogType,UnityEngine.Object,string,object[])
UnityEngine.Logger:Log (UnityEngine.LogType,object)
UnityEngine.Debug:LogWarning (object)
 .  / :MoveNext ()
System.Runtime.CompilerServices.AsyncVoidMethodBuilder:Start< .  / > ( .  / &)
 .  :  ()
 .⁪/ :MoveNext ()
System.Runtime.CompilerServices.AsyncTaskMethodBuilder:Start< .⁪/ > ( .⁪/ &)
 .⁪:  ()
System.Reflection.RuntimeMethodInfo:Invoke (object,System.Reflection.BindingFlags,System.Reflection.Binder,object[],System.Globalization.CultureInfo)
System.Reflection.MethodBase:Invoke (object,object[])
UnityEditor.EditorAssemblies:ProcessInitializeOnLoadMethodAttributes ()

Mono: successfully reloaded assembly
- Finished resetting the current domain, in  0.748 seconds
Domain Reload Profiling: 1091ms
	BeginReloadAssembly (117ms)
		ExecutionOrderSort (0ms)
		DisableScriptedObjects (5ms)
		BackupInstance (0ms)
		ReleaseScriptingObjects (0ms)
		CreateAndSetChildDomain (26ms)
	RebuildCommonClasses (26ms)
	RebuildNativeTypeToScriptingClass (8ms)
	initialDomainReloadingComplete (21ms)
	LoadAllAssembliesAndSetupDomain (172ms)
		LoadAssemblies (219ms)
		RebuildTransferFunctionScriptingTraits (0ms)
		AnalyzeDomain (11ms)
			TypeCache.Refresh (5ms)
				TypeCache.ScanAssembly (0ms)
			ScanForSourceGeneratedMonoScriptInfo (0ms)
			ResolveRequiredComponents (4ms)
	FinalizeReload (748ms)
		ReleaseScriptCaches (0ms)
		RebuildScriptCaches (0ms)
		SetupLoadedEditorAssemblies (414ms)
			LogAssemblyErrors (0ms)
			InitializePlatformSupportModulesInManaged (14ms)
			SetLoadedEditorAssemblies (3ms)
			RefreshPlugins (0ms)
			BeforeProcessingInitializeOnLoad (48ms)
			ProcessInitializeOnLoadAttributes (302ms)
			ProcessInitializeOnLoadMethodAttributes (43ms)
			AfterProcessingInitializeOnLoad (4ms)
			EditorAssembliesLoaded (0ms)
		ExecutionOrderSort2 (0ms)
		AwakeInstancesAfterBackupRestoration (6ms)
Refreshing native plugins compatible for Editor in 2.94 ms, found 6 plugins.
Preloading 0 native plugins for Editor in 0.00 ms.
Release of invalid GC handle. The handle is from a previous domain. The release operation is skipped.
Release of invalid GC handle native callstack: 
0x00007ff79e68424d (Unity) StackWalker::GetCurrentCallstack
0x00007ff79e689329 (Unity) StackWalker::ShowCallstack
0x00007ff79f67dae1 (Unity) GetStacktrace
0x00007ff79e57f20d (Unity) ScriptingGCHandle::ReleaseAndClear
0x00007ff79eb4748c (Unity) UploadHandlerRaw::`vector deleting destructor'
0x00007ff79eb4803d (Unity) UploadHandler::Release
0x00007ff79eb448dd (Unity) UnityWebRequestProto<UnityWebRequestTransport,AtomicRefCounter,RedirectHelper,ResponseHelper,DownloadHandler,UploadHandler,CertificateHandler,HeaderHelper,AsyncOperation>::~UnityWebRequestProto<UnityWebRequestTransport,AtomicRefCounter,RedirectHelper,ResponseHelper,DownloadHandler,UploadHandler,CertificateHandler,HeaderHelper,AsyncOperation>
0x00007ff79eb44bd6 (Unity) UnityWebRequest::`vector deleting destructor'
0x00007ff79d894b77 (Unity) UnityWebRequestProto<UnityWebRequestTransport,AtomicRefCounter,RedirectHelper,ResponseHelper,DownloadHandler,UploadHandler,CertificateHandler,HeaderHelper,AsyncOperation>::Release
0x00007ff79eb46605 (Unity) UnityWebRequestAsyncOperation::InvokeCoroutine
0x00007ff79eb467e1 (Unity) UnityWebRequestProto<UnityWebRequestTransport,AtomicRefCounter,RedirectHelper,ResponseHelper,DownloadHandler,UploadHandler,CertificateHandler,HeaderHelper,AsyncOperation>::Job_InvokeCoroutine
0x00007ff79e1ab54a (Unity) BackgroundJobQueue::ExecuteMainThreadJobs
0x00007ff79e26005f (Unity) PreloadManager::WaitForAllAsyncOperationsToComplete
0x00007ff79fa23af8 (Unity) <lambda_b37b41f03089e3cb3f55061bbc93253d>::operator()
0x00007ff79fa5f422 (Unity) asio::detail::completion_handler<core::mutable_function<void __cdecl(void)>,asio::io_context::basic_executor_type<std::allocator<void>,0> >::do_complete
0x00007ff79fa4b3ce (Unity) asio::detail::win_iocp_io_context::do_one
0x00007ff79fa4d034 (Unity) asio::detail::win_iocp_io_context::run
0x00007ff79fa5d7cc (Unity) IOService::Run
0x00007ff79fa30c2f (Unity) AssetImportWorkerClient::Run
0x00007ff79f9fc3d7 (Unity) RunAssetImportWorkerClientV2
0x00007ff79f9fc45b (Unity) RunAssetImporterV2
0x00007ff79f1f31de (Unity) Application::InitializeProject
0x00007ff79f688795 (Unity) WinMain
0x00007ff7a0a535ce (Unity) __scrt_common_main_seh
0x00007ffa8b87e8d7 (KERNEL32) BaseThreadInitThunk
0x00007ffa8c1714fc (ntdll) RtlUserThreadStart
Unloading 3382 Unused Serialized files (Serialized files now loaded: 0)
Unloading 39 unused Assets / (1.0 MB). Loaded Objects now: 3911.
Memory consumption went from 136.2 MB to 135.1 MB.
Total: 3.241800 ms (FindLiveObjects: 0.176300 ms CreateObjectMapping: 0.076200 ms MarkObjects: 2.602200 ms  DeleteObjects: 0.385500 ms)

Prepare: number of updated asset objects reloaded= 0
AssetImportParameters requested are different than current active one (requested -> active):
  custom:container-demuxer-ogg: 62fdf1f143b41e24485cea50d1cbac27 -> 
  custom:video-codec-MediaFoundation-h265: 746d11721c4dcdbdad8f713fa42b33f4 -> 
  custom:scripting/monoscript/fileName/ItemSpawner.cs: 89bb84a59819050d4840b7507c570619 -> db1977b8cba25b543176d6db98d38cfb
  custom:video-decoder-ogg-theora: a1e56fd34408186e4bbccfd4996cb3dc -> 
  custom:framework-win-MediaFoundation: 216162199b28c13a410421893ffa2e32 -> 
  custom:CustomObjectIndexerAttribute: 9a22284fe3817be447336de3de66b15e -> 
  custom:container-demuxer-webm: 4f35f7cbe854078d1ac9338744f61a02 -> 
  custom:scripting/monoscript/fileName/ForkliftPoint.cs: 2582c41c091e4dfd00aca14346b3d5d1 -> 
  custom:container-muxer-webm: aa71ff27fc2769a1b78a27578f13a17b -> 
  custom:video-decoder-webm-vp8: 9c59270c3fd7afecdb556c50c9e8de78 -> 
  custom:SearchIndexIgnoredProperties: e643bd26f0fe6173181afceb89e7c659 -> 
  custom:AudioImporter_EditorPlatform: d09bf68614088b80899f8185d706f6e7 -> 
  custom:video-encoder-webm-vp8: eb34c28f22e8b96e1ab97ce403110664 -> 
  custom:audio-decoder-ogg-vorbis: bf7c407c2cedff20999df2af8eb42d56 -> 
  custom:audio-encoder-webm-vorbis: bf7c407c2cedff20999df2af8eb42d56 -> 
  custom:scripting/precompiled-assembly-types:Assembly-CSharp: e1153a10ab4ba61625f8233168fcde30 -> 3c2c8354a068f1efab7b9b1873082af8
========================================================================
Received Prepare
Caller must complete domain reload
Begin MonoManager ReloadAssembly
- Loaded All Assemblies, in  0.819 seconds
Native extension for WindowsStandalone target not found
Native extension for Android target not found
Native extension for WebGL target not found
[Package Manager] Server::EnsureServerProcessIsRunning -- launch failed, reason: Unity was launched with the -noUpm command-line argument
[Package Manager] UpmClient::Send -- Unable to send message (not connected to UPM process).
[Package Manager] Cannot connect to Unity Package Manager local server
Failed to sync packages list
UnityEngine.StackTraceUtility:ExtractStackTrace ()
UnityEngine.DebugLogHandler:LogFormat (UnityEngine.LogType,UnityEngine.Object,string,object[])
UnityEngine.Logger:Log (UnityEngine.LogType,object)
UnityEngine.Debug:LogWarning (object)
 .  / :MoveNext ()
System.Runtime.CompilerServices.AsyncVoidMethodBuilder:Start< .  / > ( .  / &)
 .  :  ()
 .⁪/ :MoveNext ()
System.Runtime.CompilerServices.AsyncTaskMethodBuilder:Start< .⁪/ > ( .⁪/ &)
 .⁪:  ()
System.Reflection.RuntimeMethodInfo:Invoke (object,System.Reflection.BindingFlags,System.Reflection.Binder,object[],System.Globalization.CultureInfo)
System.Reflection.MethodBase:Invoke (object,object[])
UnityEditor.EditorAssemblies:ProcessInitializeOnLoadMethodAttributes ()

Mono: successfully reloaded assembly
- Finished resetting the current domain, in  1.899 seconds
Domain Reload Profiling: 2714ms
	BeginReloadAssembly (268ms)
		ExecutionOrderSort (0ms)
		DisableScriptedObjects (9ms)
		BackupInstance (0ms)
		ReleaseScriptingObjects (0ms)
		CreateAndSetChildDomain (47ms)
	RebuildCommonClasses (57ms)
	RebuildNativeTypeToScriptingClass (19ms)
	initialDomainReloadingComplete (58ms)
	LoadAllAssembliesAndSetupDomain (412ms)
		LoadAssemblies (534ms)
		RebuildTransferFunctionScriptingTraits (0ms)
		AnalyzeDomain (34ms)
			TypeCache.Refresh (12ms)
				TypeCache.ScanAssembly (1ms)
			ScanForSourceGeneratedMonoScriptInfo (10ms)
			ResolveRequiredComponents (10ms)
	FinalizeReload (1899ms)
		ReleaseScriptCaches (0ms)
		RebuildScriptCaches (0ms)
		SetupLoadedEditorAssemblies (831ms)
			LogAssemblyErrors (0ms)
			InitializePlatformSupportModulesInManaged (36ms)
			SetLoadedEditorAssemblies (8ms)
			RefreshPlugins (0ms)
			BeforeProcessingInitializeOnLoad (118ms)
			ProcessInitializeOnLoadAttributes (630ms)
			ProcessInitializeOnLoadMethodAttributes (36ms)
			AfterProcessingInitializeOnLoad (4ms)
			EditorAssembliesLoaded (0ms)
		ExecutionOrderSort2 (0ms)
		AwakeInstancesAfterBackupRestoration (5ms)
Refreshing native plugins compatible for Editor in 2.45 ms, found 6 plugins.
Preloading 0 native plugins for Editor in 0.00 ms.
Release of invalid GC handle. The handle is from a previous domain. The release operation is skipped.
Release of invalid GC handle native callstack: 
0x00007ff79e68424d (Unity) StackWalker::GetCurrentCallstack
0x00007ff79e689329 (Unity) StackWalker::ShowCallstack
0x00007ff79f67dae1 (Unity) GetStacktrace
0x00007ff79e57f20d (Unity) ScriptingGCHandle::ReleaseAndClear
0x00007ff79eb4748c (Unity) UploadHandlerRaw::`vector deleting destructor'
0x00007ff79eb4803d (Unity) UploadHandler::Release
0x00007ff79eb448dd (Unity) UnityWebRequestProto<UnityWebRequestTransport,AtomicRefCounter,RedirectHelper,ResponseHelper,DownloadHandler,UploadHandler,CertificateHandler,HeaderHelper,AsyncOperation>::~UnityWebRequestProto<UnityWebRequestTransport,AtomicRefCounter,RedirectHelper,ResponseHelper,DownloadHandler,UploadHandler,CertificateHandler,HeaderHelper,AsyncOperation>
0x00007ff79eb44bd6 (Unity) UnityWebRequest::`vector deleting destructor'
0x00007ff79d894b77 (Unity) UnityWebRequestProto<UnityWebRequestTransport,AtomicRefCounter,RedirectHelper,ResponseHelper,DownloadHandler,UploadHandler,CertificateHandler,HeaderHelper,AsyncOperation>::Release
0x00007ff79eb46605 (Unity) UnityWebRequestAsyncOperation::InvokeCoroutine
0x00007ff79eb467e1 (Unity) UnityWebRequestProto<UnityWebRequestTransport,AtomicRefCounter,RedirectHelper,ResponseHelper,DownloadHandler,UploadHandler,CertificateHandler,HeaderHelper,AsyncOperation>::Job_InvokeCoroutine
0x00007ff79e1ab54a (Unity) BackgroundJobQueue::ExecuteMainThreadJobs
0x00007ff79e26005f (Unity) PreloadManager::WaitForAllAsyncOperationsToComplete
0x00007ff79fa23af8 (Unity) <lambda_b37b41f03089e3cb3f55061bbc93253d>::operator()
0x00007ff79fa5f422 (Unity) asio::detail::completion_handler<core::mutable_function<void __cdecl(void)>,asio::io_context::basic_executor_type<std::allocator<void>,0> >::do_complete
0x00007ff79fa4b3ce (Unity) asio::detail::win_iocp_io_context::do_one
0x00007ff79fa4d034 (Unity) asio::detail::win_iocp_io_context::run
0x00007ff79fa5d7cc (Unity) IOService::Run
0x00007ff79fa30c2f (Unity) AssetImportWorkerClient::Run
0x00007ff79f9fc3d7 (Unity) RunAssetImportWorkerClientV2
0x00007ff79f9fc45b (Unity) RunAssetImporterV2
0x00007ff79f1f31de (Unity) Application::InitializeProject
0x00007ff79f688795 (Unity) WinMain
0x00007ff7a0a535ce (Unity) __scrt_common_main_seh
0x00007ffa8b87e8d7 (KERNEL32) BaseThreadInitThunk
0x00007ffa8c1714fc (ntdll) RtlUserThreadStart
Unloading 3382 Unused Serialized files (Serialized files now loaded: 0)
Unloading 39 unused Assets / (1.0 MB). Loaded Objects now: 3916.
Memory consumption went from 136.3 MB to 135.3 MB.
Total: 3.084100 ms (FindLiveObjects: 0.179800 ms CreateObjectMapping: 0.078600 ms MarkObjects: 2.459200 ms  DeleteObjects: 0.365600 ms)

Prepare: number of updated asset objects reloaded= 0
AssetImportParameters requested are different than current active one (requested -> active):
  custom:container-demuxer-ogg: 62fdf1f143b41e24485cea50d1cbac27 -> 
  custom:video-codec-MediaFoundation-h265: 746d11721c4dcdbdad8f713fa42b33f4 -> 
  custom:scripting/monoscript/fileName/ItemSpawner.cs: 89bb84a59819050d4840b7507c570619 -> db1977b8cba25b543176d6db98d38cfb
  custom:video-decoder-ogg-theora: a1e56fd34408186e4bbccfd4996cb3dc -> 
  custom:framework-win-MediaFoundation: 216162199b28c13a410421893ffa2e32 -> 
  custom:CustomObjectIndexerAttribute: 9a22284fe3817be447336de3de66b15e -> 
  custom:container-demuxer-webm: 4f35f7cbe854078d1ac9338744f61a02 -> 
  custom:scripting/monoscript/fileName/ForkliftPoint.cs: 2582c41c091e4dfd00aca14346b3d5d1 -> 
  custom:container-muxer-webm: aa71ff27fc2769a1b78a27578f13a17b -> 
  custom:video-decoder-webm-vp8: 9c59270c3fd7afecdb556c50c9e8de78 -> 
  custom:SearchIndexIgnoredProperties: e643bd26f0fe6173181afceb89e7c659 -> 
  custom:AudioImporter_EditorPlatform: d09bf68614088b80899f8185d706f6e7 -> 
  custom:video-encoder-webm-vp8: eb34c28f22e8b96e1ab97ce403110664 -> 
  custom:audio-decoder-ogg-vorbis: bf7c407c2cedff20999df2af8eb42d56 -> 
  custom:audio-encoder-webm-vorbis: bf7c407c2cedff20999df2af8eb42d56 -> 
  custom:scripting/precompiled-assembly-types:Assembly-CSharp: e1153a10ab4ba61625f8233168fcde30 -> 3c2c8354a068f1efab7b9b1873082af8
========================================================================
Received Prepare
Caller must complete domain reload
Begin MonoManager ReloadAssembly
- Loaded All Assemblies, in  0.366 seconds
Native extension for WindowsStandalone target not found
Native extension for Android target not found
Native extension for WebGL target not found
[Package Manager] Server::EnsureServerProcessIsRunning -- launch failed, reason: Unity was launched with the -noUpm command-line argument
[Package Manager] UpmClient::Send -- Unable to send message (not connected to UPM process).
[Package Manager] Cannot connect to Unity Package Manager local server
Failed to sync packages list
UnityEngine.StackTraceUtility:ExtractStackTrace ()
UnityEngine.DebugLogHandler:LogFormat (UnityEngine.LogType,UnityEngine.Object,string,object[])
UnityEngine.Logger:Log (UnityEngine.LogType,object)
UnityEngine.Debug:LogWarning (object)
 .  / :MoveNext ()
System.Runtime.CompilerServices.AsyncVoidMethodBuilder:Start< .  / > ( .  / &)
 .  :  ()
 .⁪/ :MoveNext ()
System.Runtime.CompilerServices.AsyncTaskMethodBuilder:Start< .⁪/ > ( .⁪/ &)
 .⁪:  ()
System.Reflection.RuntimeMethodInfo:Invoke (object,System.Reflection.BindingFlags,System.Reflection.Binder,object[],System.Globalization.CultureInfo)
System.Reflection.MethodBase:Invoke (object,object[])
UnityEditor.EditorAssemblies:ProcessInitializeOnLoadMethodAttributes ()

Mono: successfully reloaded assembly
- Finished resetting the current domain, in  0.853 seconds
Domain Reload Profiling: 1218ms
	BeginReloadAssembly (127ms)
		ExecutionOrderSort (0ms)
		DisableScriptedObjects (5ms)
		BackupInstance (0ms)
		ReleaseScriptingObjects (0ms)
		CreateAndSetChildDomain (29ms)
	RebuildCommonClasses (24ms)
	RebuildNativeTypeToScriptingClass (13ms)
	initialDomainReloadingComplete (24ms)
	LoadAllAssembliesAndSetupDomain (177ms)
		LoadAssemblies (227ms)
		RebuildTransferFunctionScriptingTraits (0ms)
		AnalyzeDomain (15ms)
			TypeCache.Refresh (6ms)
				TypeCache.ScanAssembly (0ms)
			ScanForSourceGeneratedMonoScriptInfo (0ms)
			ResolveRequiredComponents (7ms)
	FinalizeReload (853ms)
		ReleaseScriptCaches (0ms)
		RebuildScriptCaches (0ms)
		SetupLoadedEditorAssemblies (501ms)
			LogAssemblyErrors (0ms)
			InitializePlatformSupportModulesInManaged (15ms)
			SetLoadedEditorAssemblies (5ms)
			RefreshPlugins (0ms)
			BeforeProcessingInitializeOnLoad (48ms)
			ProcessInitializeOnLoadAttributes (385ms)
			ProcessInitializeOnLoadMethodAttributes (44ms)
			AfterProcessingInitializeOnLoad (4ms)
			EditorAssembliesLoaded (0ms)
		ExecutionOrderSort2 (0ms)
		AwakeInstancesAfterBackupRestoration (7ms)
Refreshing native plugins compatible for Editor in 6.06 ms, found 6 plugins.
Preloading 0 native plugins for Editor in 0.00 ms.
Release of invalid GC handle. The handle is from a previous domain. The release operation is skipped.
Release of invalid GC handle native callstack: 
0x00007ff79e68424d (Unity) StackWalker::GetCurrentCallstack
0x00007ff79e689329 (Unity) StackWalker::ShowCallstack
0x00007ff79f67dae1 (Unity) GetStacktrace
0x00007ff79e57f20d (Unity) ScriptingGCHandle::ReleaseAndClear
0x00007ff79eb4748c (Unity) UploadHandlerRaw::`vector deleting destructor'
0x00007ff79eb4803d (Unity) UploadHandler::Release
0x00007ff79eb448dd (Unity) UnityWebRequestProto<UnityWebRequestTransport,AtomicRefCounter,RedirectHelper,ResponseHelper,DownloadHandler,UploadHandler,CertificateHandler,HeaderHelper,AsyncOperation>::~UnityWebRequestProto<UnityWebRequestTransport,AtomicRefCounter,RedirectHelper,ResponseHelper,DownloadHandler,UploadHandler,CertificateHandler,HeaderHelper,AsyncOperation>
0x00007ff79eb44bd6 (Unity) UnityWebRequest::`vector deleting destructor'
0x00007ff79d894b77 (Unity) UnityWebRequestProto<UnityWebRequestTransport,AtomicRefCounter,RedirectHelper,ResponseHelper,DownloadHandler,UploadHandler,CertificateHandler,HeaderHelper,AsyncOperation>::Release
0x00007ff79eb46605 (Unity) UnityWebRequestAsyncOperation::InvokeCoroutine
0x00007ff79eb467e1 (Unity) UnityWebRequestProto<UnityWebRequestTransport,AtomicRefCounter,RedirectHelper,ResponseHelper,DownloadHandler,UploadHandler,CertificateHandler,HeaderHelper,AsyncOperation>::Job_InvokeCoroutine
0x00007ff79e1ab54a (Unity) BackgroundJobQueue::ExecuteMainThreadJobs
0x00007ff79e26005f (Unity) PreloadManager::WaitForAllAsyncOperationsToComplete
0x00007ff79fa23af8 (Unity) <lambda_b37b41f03089e3cb3f55061bbc93253d>::operator()
0x00007ff79fa5f422 (Unity) asio::detail::completion_handler<core::mutable_function<void __cdecl(void)>,asio::io_context::basic_executor_type<std::allocator<void>,0> >::do_complete
0x00007ff79fa4b3ce (Unity) asio::detail::win_iocp_io_context::do_one
0x00007ff79fa4d034 (Unity) asio::detail::win_iocp_io_context::run
0x00007ff79fa5d7cc (Unity) IOService::Run
0x00007ff79fa30c2f (Unity) AssetImportWorkerClient::Run
0x00007ff79f9fc3d7 (Unity) RunAssetImportWorkerClientV2
0x00007ff79f9fc45b (Unity) RunAssetImporterV2
0x00007ff79f1f31de (Unity) Application::InitializeProject
0x00007ff79f688795 (Unity) WinMain
0x00007ff7a0a535ce (Unity) __scrt_common_main_seh
0x00007ffa8b87e8d7 (KERNEL32) BaseThreadInitThunk
0x00007ffa8c1714fc (ntdll) RtlUserThreadStart
Unloading 3382 Unused Serialized files (Serialized files now loaded: 0)
Unloading 39 unused Assets / (1.0 MB). Loaded Objects now: 3921.
Memory consumption went from 136.5 MB to 135.4 MB.
Total: 3.796300 ms (FindLiveObjects: 0.197100 ms CreateObjectMapping: 0.085000 ms MarkObjects: 3.099800 ms  DeleteObjects: 0.413200 ms)

Prepare: number of updated asset objects reloaded= 0
AssetImportParameters requested are different than current active one (requested -> active):
  custom:container-demuxer-ogg: 62fdf1f143b41e24485cea50d1cbac27 -> 
  custom:video-codec-MediaFoundation-h265: 746d11721c4dcdbdad8f713fa42b33f4 -> 
  custom:scripting/monoscript/fileName/ItemSpawner.cs: 89bb84a59819050d4840b7507c570619 -> db1977b8cba25b543176d6db98d38cfb
  custom:video-decoder-ogg-theora: a1e56fd34408186e4bbccfd4996cb3dc -> 
  custom:framework-win-MediaFoundation: 216162199b28c13a410421893ffa2e32 -> 
  custom:CustomObjectIndexerAttribute: 9a22284fe3817be447336de3de66b15e -> 
  custom:container-demuxer-webm: 4f35f7cbe854078d1ac9338744f61a02 -> 
  custom:scripting/monoscript/fileName/ForkliftPoint.cs: 2582c41c091e4dfd00aca14346b3d5d1 -> 
  custom:container-muxer-webm: aa71ff27fc2769a1b78a27578f13a17b -> 
  custom:video-decoder-webm-vp8: 9c59270c3fd7afecdb556c50c9e8de78 -> 
  custom:SearchIndexIgnoredProperties: e643bd26f0fe6173181afceb89e7c659 -> 
  custom:AudioImporter_EditorPlatform: d09bf68614088b80899f8185d706f6e7 -> 
  custom:video-encoder-webm-vp8: eb34c28f22e8b96e1ab97ce403110664 -> 
  custom:audio-decoder-ogg-vorbis: bf7c407c2cedff20999df2af8eb42d56 -> 
  custom:audio-encoder-webm-vorbis: bf7c407c2cedff20999df2af8eb42d56 -> 
  custom:scripting/precompiled-assembly-types:Assembly-CSharp: e1153a10ab4ba61625f8233168fcde30 -> 3c2c8354a068f1efab7b9b1873082af8
========================================================================
Received Prepare
Caller must complete domain reload
Begin MonoManager ReloadAssembly
- Loaded All Assemblies, in  0.354 seconds
Native extension for WindowsStandalone target not found
Native extension for Android target not found
Native extension for WebGL target not found
[Package Manager] Server::EnsureServerProcessIsRunning -- launch failed, reason: Unity was launched with the -noUpm command-line argument
[Package Manager] UpmClient::Send -- Unable to send message (not connected to UPM process).
[Package Manager] Cannot connect to Unity Package Manager local server
Failed to sync packages list
UnityEngine.StackTraceUtility:ExtractStackTrace ()
UnityEngine.DebugLogHandler:LogFormat (UnityEngine.LogType,UnityEngine.Object,string,object[])
UnityEngine.Logger:Log (UnityEngine.LogType,object)
UnityEngine.Debug:LogWarning (object)
 .  / :MoveNext ()
System.Runtime.CompilerServices.AsyncVoidMethodBuilder:Start< .  / > ( .  / &)
 .  :  ()
 .⁪/ :MoveNext ()
System.Runtime.CompilerServices.AsyncTaskMethodBuilder:Start< .⁪/ > ( .⁪/ &)
 .⁪:  ()
System.Reflection.RuntimeMethodInfo:Invoke (object,System.Reflection.BindingFlags,System.Reflection.Binder,object[],System.Globalization.CultureInfo)
System.Reflection.MethodBase:Invoke (object,object[])
UnityEditor.EditorAssemblies:ProcessInitializeOnLoadMethodAttributes ()

Mono: successfully reloaded assembly
- Finished resetting the current domain, in  0.767 seconds
Domain Reload Profiling: 1119ms
	BeginReloadAssembly (131ms)
		ExecutionOrderSort (0ms)
		DisableScriptedObjects (4ms)
		BackupInstance (0ms)
		ReleaseScriptingObjects (0ms)
		CreateAndSetChildDomain (30ms)
	RebuildCommonClasses (26ms)
	RebuildNativeTypeToScriptingClass (8ms)
	initialDomainReloadingComplete (20ms)
	LoadAllAssembliesAndSetupDomain (168ms)
		LoadAssemblies (223ms)
		RebuildTransferFunctionScriptingTraits (0ms)
		AnalyzeDomain (13ms)
			TypeCache.Refresh (6ms)
				TypeCache.ScanAssembly (0ms)
			ScanForSourceGeneratedMonoScriptInfo (0ms)
			ResolveRequiredComponents (5ms)
	FinalizeReload (767ms)
		ReleaseScriptCaches (0ms)
		RebuildScriptCaches (0ms)
		SetupLoadedEditorAssemblies (432ms)
			LogAssemblyErrors (0ms)
			InitializePlatformSupportModulesInManaged (16ms)
			SetLoadedEditorAssemblies (3ms)
			RefreshPlugins (0ms)
			BeforeProcessingInitializeOnLoad (47ms)
			ProcessInitializeOnLoadAttributes (325ms)
			ProcessInitializeOnLoadMethodAttributes (38ms)
			AfterProcessingInitializeOnLoad (3ms)
			EditorAssembliesLoaded (0ms)
		ExecutionOrderSort2 (0ms)
		AwakeInstancesAfterBackupRestoration (5ms)
Refreshing native plugins compatible for Editor in 4.32 ms, found 6 plugins.
Preloading 0 native plugins for Editor in 0.00 ms.
Release of invalid GC handle. The handle is from a previous domain. The release operation is skipped.
Release of invalid GC handle native callstack: 
0x00007ff79e68424d (Unity) StackWalker::GetCurrentCallstack
0x00007ff79e689329 (Unity) StackWalker::ShowCallstack
0x00007ff79f67dae1 (Unity) GetStacktrace
0x00007ff79e57f20d (Unity) ScriptingGCHandle::ReleaseAndClear
0x00007ff79eb4748c (Unity) UploadHandlerRaw::`vector deleting destructor'
0x00007ff79eb4803d (Unity) UploadHandler::Release
0x00007ff79eb448dd (Unity) UnityWebRequestProto<UnityWebRequestTransport,AtomicRefCounter,RedirectHelper,ResponseHelper,DownloadHandler,UploadHandler,CertificateHandler,HeaderHelper,AsyncOperation>::~UnityWebRequestProto<UnityWebRequestTransport,AtomicRefCounter,RedirectHelper,ResponseHelper,DownloadHandler,UploadHandler,CertificateHandler,HeaderHelper,AsyncOperation>
0x00007ff79eb44bd6 (Unity) UnityWebRequest::`vector deleting destructor'
0x00007ff79d894b77 (Unity) UnityWebRequestProto<UnityWebRequestTransport,AtomicRefCounter,RedirectHelper,ResponseHelper,DownloadHandler,UploadHandler,CertificateHandler,HeaderHelper,AsyncOperation>::Release
0x00007ff79eb46605 (Unity) UnityWebRequestAsyncOperation::InvokeCoroutine
0x00007ff79eb467e1 (Unity) UnityWebRequestProto<UnityWebRequestTransport,AtomicRefCounter,RedirectHelper,ResponseHelper,DownloadHandler,UploadHandler,CertificateHandler,HeaderHelper,AsyncOperation>::Job_InvokeCoroutine
0x00007ff79e1ab54a (Unity) BackgroundJobQueue::ExecuteMainThreadJobs
0x00007ff79e26005f (Unity) PreloadManager::WaitForAllAsyncOperationsToComplete
0x00007ff79fa23af8 (Unity) <lambda_b37b41f03089e3cb3f55061bbc93253d>::operator()
0x00007ff79fa5f422 (Unity) asio::detail::completion_handler<core::mutable_function<void __cdecl(void)>,asio::io_context::basic_executor_type<std::allocator<void>,0> >::do_complete
0x00007ff79fa4b3ce (Unity) asio::detail::win_iocp_io_context::do_one
0x00007ff79fa4d034 (Unity) asio::detail::win_iocp_io_context::run
0x00007ff79fa5d7cc (Unity) IOService::Run
0x00007ff79fa30c2f (Unity) AssetImportWorkerClient::Run
0x00007ff79f9fc3d7 (Unity) RunAssetImportWorkerClientV2
0x00007ff79f9fc45b (Unity) RunAssetImporterV2
0x00007ff79f1f31de (Unity) Application::InitializeProject
0x00007ff79f688795 (Unity) WinMain
0x00007ff7a0a535ce (Unity) __scrt_common_main_seh
0x00007ffa8b87e8d7 (KERNEL32) BaseThreadInitThunk
0x00007ffa8c1714fc (ntdll) RtlUserThreadStart
Unloading 3382 Unused Serialized files (Serialized files now loaded: 0)
Unloading 39 unused Assets / (1.0 MB). Loaded Objects now: 3926.
Memory consumption went from 136.6 MB to 135.6 MB.
Total: 3.878300 ms (FindLiveObjects: 0.205500 ms CreateObjectMapping: 0.150800 ms MarkObjects: 3.064100 ms  DeleteObjects: 0.456800 ms)

Prepare: number of updated asset objects reloaded= 0
AssetImportParameters requested are different than current active one (requested -> active):
  custom:container-demuxer-ogg: 62fdf1f143b41e24485cea50d1cbac27 -> 
  custom:video-codec-MediaFoundation-h265: 746d11721c4dcdbdad8f713fa42b33f4 -> 
  custom:scripting/monoscript/fileName/ItemSpawner.cs: 89bb84a59819050d4840b7507c570619 -> db1977b8cba25b543176d6db98d38cfb
  custom:video-decoder-ogg-theora: a1e56fd34408186e4bbccfd4996cb3dc -> 
  custom:framework-win-MediaFoundation: 216162199b28c13a410421893ffa2e32 -> 
  custom:CustomObjectIndexerAttribute: 9a22284fe3817be447336de3de66b15e -> 
  custom:container-demuxer-webm: 4f35f7cbe854078d1ac9338744f61a02 -> 
  custom:scripting/monoscript/fileName/ForkliftPoint.cs: 2582c41c091e4dfd00aca14346b3d5d1 -> 
  custom:container-muxer-webm: aa71ff27fc2769a1b78a27578f13a17b -> 
  custom:video-decoder-webm-vp8: 9c59270c3fd7afecdb556c50c9e8de78 -> 
  custom:SearchIndexIgnoredProperties: e643bd26f0fe6173181afceb89e7c659 -> 
  custom:AudioImporter_EditorPlatform: d09bf68614088b80899f8185d706f6e7 -> 
  custom:video-encoder-webm-vp8: eb34c28f22e8b96e1ab97ce403110664 -> 
  custom:audio-decoder-ogg-vorbis: bf7c407c2cedff20999df2af8eb42d56 -> 
  custom:audio-encoder-webm-vorbis: bf7c407c2cedff20999df2af8eb42d56 -> 
  custom:scripting/precompiled-assembly-types:Assembly-CSharp: e1153a10ab4ba61625f8233168fcde30 -> 3c2c8354a068f1efab7b9b1873082af8
========================================================================
Received Prepare
Caller must complete domain reload
Begin MonoManager ReloadAssembly
- Loaded All Assemblies, in  0.382 seconds
Native extension for WindowsStandalone target not found
Native extension for Android target not found
Native extension for WebGL target not found
[Package Manager] Server::EnsureServerProcessIsRunning -- launch failed, reason: Unity was launched with the -noUpm command-line argument
[Package Manager] UpmClient::Send -- Unable to send message (not connected to UPM process).
[Package Manager] Cannot connect to Unity Package Manager local server
Failed to sync packages list
UnityEngine.StackTraceUtility:ExtractStackTrace ()
UnityEngine.DebugLogHandler:LogFormat (UnityEngine.LogType,UnityEngine.Object,string,object[])
UnityEngine.Logger:Log (UnityEngine.LogType,object)
UnityEngine.Debug:LogWarning (object)
 .  / :MoveNext ()
System.Runtime.CompilerServices.AsyncVoidMethodBuilder:Start< .  / > ( .  / &)
 .  :  ()
 .⁪/ :MoveNext ()
System.Runtime.CompilerServices.AsyncTaskMethodBuilder:Start< .⁪/ > ( .⁪/ &)
 .⁪:  ()
System.Reflection.RuntimeMethodInfo:Invoke (object,System.Reflection.BindingFlags,System.Reflection.Binder,object[],System.Globalization.CultureInfo)
System.Reflection.MethodBase:Invoke (object,object[])
UnityEditor.EditorAssemblies:ProcessInitializeOnLoadMethodAttributes ()

Mono: successfully reloaded assembly
- Finished resetting the current domain, in  0.794 seconds
Domain Reload Profiling: 1172ms
	BeginReloadAssembly (130ms)
		ExecutionOrderSort (0ms)
		DisableScriptedObjects (4ms)
		BackupInstance (0ms)
		ReleaseScriptingObjects (0ms)
		CreateAndSetChildDomain (29ms)
	RebuildCommonClasses (26ms)
	RebuildNativeTypeToScriptingClass (8ms)
	initialDomainReloadingComplete (23ms)
	LoadAllAssembliesAndSetupDomain (191ms)
		LoadAssemblies (246ms)
		RebuildTransferFunctionScriptingTraits (0ms)
		AnalyzeDomain (12ms)
			TypeCache.Refresh (5ms)
				TypeCache.ScanAssembly (0ms)
			ScanForSourceGeneratedMonoScriptInfo (0ms)
			ResolveRequiredComponents (5ms)
	FinalizeReload (794ms)
		ReleaseScriptCaches (0ms)
		RebuildScriptCaches (0ms)
		SetupLoadedEditorAssemblies (449ms)
			LogAssemblyErrors (0ms)
			InitializePlatformSupportModulesInManaged (15ms)
			SetLoadedEditorAssemblies (3ms)
			RefreshPlugins (0ms)
			BeforeProcessingInitializeOnLoad (51ms)
			ProcessInitializeOnLoadAttributes (335ms)
			ProcessInitializeOnLoadMethodAttributes (41ms)
			AfterProcessingInitializeOnLoad (4ms)
			EditorAssembliesLoaded (0ms)
		ExecutionOrderSort2 (0ms)
		AwakeInstancesAfterBackupRestoration (5ms)
Refreshing native plugins compatible for Editor in 4.03 ms, found 6 plugins.
Preloading 0 native plugins for Editor in 0.00 ms.
Release of invalid GC handle. The handle is from a previous domain. The release operation is skipped.
Release of invalid GC handle native callstack: 
0x00007ff79e68424d (Unity) StackWalker::GetCurrentCallstack
0x00007ff79e689329 (Unity) StackWalker::ShowCallstack
0x00007ff79f67dae1 (Unity) GetStacktrace
0x00007ff79e57f20d (Unity) ScriptingGCHandle::ReleaseAndClear
0x00007ff79eb4748c (Unity) UploadHandlerRaw::`vector deleting destructor'
0x00007ff79eb4803d (Unity) UploadHandler::Release
0x00007ff79eb448dd (Unity) UnityWebRequestProto<UnityWebRequestTransport,AtomicRefCounter,RedirectHelper,ResponseHelper,DownloadHandler,UploadHandler,CertificateHandler,HeaderHelper,AsyncOperation>::~UnityWebRequestProto<UnityWebRequestTransport,AtomicRefCounter,RedirectHelper,ResponseHelper,DownloadHandler,UploadHandler,CertificateHandler,HeaderHelper,AsyncOperation>
0x00007ff79eb44bd6 (Unity) UnityWebRequest::`vector deleting destructor'
0x00007ff79d894b77 (Unity) UnityWebRequestProto<UnityWebRequestTransport,AtomicRefCounter,RedirectHelper,ResponseHelper,DownloadHandler,UploadHandler,CertificateHandler,HeaderHelper,AsyncOperation>::Release
0x00007ff79eb46605 (Unity) UnityWebRequestAsyncOperation::InvokeCoroutine
0x00007ff79eb467e1 (Unity) UnityWebRequestProto<UnityWebRequestTransport,AtomicRefCounter,RedirectHelper,ResponseHelper,DownloadHandler,UploadHandler,CertificateHandler,HeaderHelper,AsyncOperation>::Job_InvokeCoroutine
0x00007ff79e1ab54a (Unity) BackgroundJobQueue::ExecuteMainThreadJobs
0x00007ff79e26005f (Unity) PreloadManager::WaitForAllAsyncOperationsToComplete
0x00007ff79fa23af8 (Unity) <lambda_b37b41f03089e3cb3f55061bbc93253d>::operator()
0x00007ff79fa5f422 (Unity) asio::detail::completion_handler<core::mutable_function<void __cdecl(void)>,asio::io_context::basic_executor_type<std::allocator<void>,0> >::do_complete
0x00007ff79fa4b3ce (Unity) asio::detail::win_iocp_io_context::do_one
0x00007ff79fa4d034 (Unity) asio::detail::win_iocp_io_context::run
0x00007ff79fa5d7cc (Unity) IOService::Run
0x00007ff79fa30c2f (Unity) AssetImportWorkerClient::Run
0x00007ff79f9fc3d7 (Unity) RunAssetImportWorkerClientV2
0x00007ff79f9fc45b (Unity) RunAssetImporterV2
0x00007ff79f1f31de (Unity) Application::InitializeProject
0x00007ff79f688795 (Unity) WinMain
0x00007ff7a0a535ce (Unity) __scrt_common_main_seh
0x00007ffa8b87e8d7 (KERNEL32) BaseThreadInitThunk
0x00007ffa8c1714fc (ntdll) RtlUserThreadStart
Unloading 3382 Unused Serialized files (Serialized files now loaded: 0)
Unloading 39 unused Assets / (1.0 MB). Loaded Objects now: 3931.
Memory consumption went from 136.8 MB to 135.8 MB.
Total: 3.546400 ms (FindLiveObjects: 0.212000 ms CreateObjectMapping: 0.084900 ms MarkObjects: 2.768000 ms  DeleteObjects: 0.480300 ms)

Prepare: number of updated asset objects reloaded= 0
AssetImportParameters requested are different than current active one (requested -> active):
  custom:container-demuxer-ogg: 62fdf1f143b41e24485cea50d1cbac27 -> 
  custom:video-codec-MediaFoundation-h265: 746d11721c4dcdbdad8f713fa42b33f4 -> 
  custom:scripting/monoscript/fileName/ItemSpawner.cs: 89bb84a59819050d4840b7507c570619 -> db1977b8cba25b543176d6db98d38cfb
  custom:video-decoder-ogg-theora: a1e56fd34408186e4bbccfd4996cb3dc -> 
  custom:framework-win-MediaFoundation: 216162199b28c13a410421893ffa2e32 -> 
  custom:CustomObjectIndexerAttribute: 9a22284fe3817be447336de3de66b15e -> 
  custom:container-demuxer-webm: 4f35f7cbe854078d1ac9338744f61a02 -> 
  custom:scripting/monoscript/fileName/ForkliftPoint.cs: 2582c41c091e4dfd00aca14346b3d5d1 -> 
  custom:container-muxer-webm: aa71ff27fc2769a1b78a27578f13a17b -> 
  custom:video-decoder-webm-vp8: 9c59270c3fd7afecdb556c50c9e8de78 -> 
  custom:SearchIndexIgnoredProperties: e643bd26f0fe6173181afceb89e7c659 -> 
  custom:AudioImporter_EditorPlatform: d09bf68614088b80899f8185d706f6e7 -> 
  custom:video-encoder-webm-vp8: eb34c28f22e8b96e1ab97ce403110664 -> 
  custom:audio-decoder-ogg-vorbis: bf7c407c2cedff20999df2af8eb42d56 -> 
  custom:audio-encoder-webm-vorbis: bf7c407c2cedff20999df2af8eb42d56 -> 
  custom:scripting/precompiled-assembly-types:Assembly-CSharp: e1153a10ab4ba61625f8233168fcde30 -> 3c2c8354a068f1efab7b9b1873082af8
========================================================================
Received Prepare
Caller must complete domain reload
Begin MonoManager ReloadAssembly
- Loaded All Assemblies, in  0.355 seconds
Native extension for WindowsStandalone target not found
Native extension for Android target not found
Native extension for WebGL target not found
[Package Manager] Server::EnsureServerProcessIsRunning -- launch failed, reason: Unity was launched with the -noUpm command-line argument
[Package Manager] UpmClient::Send -- Unable to send message (not connected to UPM process).
[Package Manager] Cannot connect to Unity Package Manager local server
Failed to sync packages list
UnityEngine.StackTraceUtility:ExtractStackTrace ()
UnityEngine.DebugLogHandler:LogFormat (UnityEngine.LogType,UnityEngine.Object,string,object[])
UnityEngine.Logger:Log (UnityEngine.LogType,object)
UnityEngine.Debug:LogWarning (object)
 .  / :MoveNext ()
System.Runtime.CompilerServices.AsyncVoidMethodBuilder:Start< .  / > ( .  / &)
 .  :  ()
 .⁪/ :MoveNext ()
System.Runtime.CompilerServices.AsyncTaskMethodBuilder:Start< .⁪/ > ( .⁪/ &)
 .⁪:  ()
System.Reflection.RuntimeMethodInfo:Invoke (object,System.Reflection.BindingFlags,System.Reflection.Binder,object[],System.Globalization.CultureInfo)
System.Reflection.MethodBase:Invoke (object,object[])
UnityEditor.EditorAssemblies:ProcessInitializeOnLoadMethodAttributes ()

Mono: successfully reloaded assembly
- Finished resetting the current domain, in  0.798 seconds
Domain Reload Profiling: 1153ms
	BeginReloadAssembly (119ms)
		ExecutionOrderSort (0ms)
		DisableScriptedObjects (4ms)
		BackupInstance (0ms)
		ReleaseScriptingObjects (0ms)
		CreateAndSetChildDomain (27ms)
	RebuildCommonClasses (32ms)
	RebuildNativeTypeToScriptingClass (9ms)
	initialDomainReloadingComplete (21ms)
	LoadAllAssembliesAndSetupDomain (172ms)
		LoadAssemblies (221ms)
		RebuildTransferFunctionScriptingTraits (0ms)
		AnalyzeDomain (11ms)
			TypeCache.Refresh (5ms)
				TypeCache.ScanAssembly (0ms)
			ScanForSourceGeneratedMonoScriptInfo (0ms)
			ResolveRequiredComponents (4ms)
	FinalizeReload (799ms)
		ReleaseScriptCaches (0ms)
		RebuildScriptCaches (0ms)
		SetupLoadedEditorAssemblies (459ms)
			LogAssemblyErrors (0ms)
			InitializePlatformSupportModulesInManaged (14ms)
			SetLoadedEditorAssemblies (4ms)
			RefreshPlugins (0ms)
			BeforeProcessingInitializeOnLoad (51ms)
			ProcessInitializeOnLoadAttributes (343ms)
			ProcessInitializeOnLoadMethodAttributes (42ms)
			AfterProcessingInitializeOnLoad (5ms)
			EditorAssembliesLoaded (0ms)
		ExecutionOrderSort2 (0ms)
		AwakeInstancesAfterBackupRestoration (6ms)
Refreshing native plugins compatible for Editor in 3.26 ms, found 6 plugins.
Preloading 0 native plugins for Editor in 0.00 ms.
Release of invalid GC handle. The handle is from a previous domain. The release operation is skipped.
Release of invalid GC handle native callstack: 
0x00007ff79e68424d (Unity) StackWalker::GetCurrentCallstack
0x00007ff79e689329 (Unity) StackWalker::ShowCallstack
0x00007ff79f67dae1 (Unity) GetStacktrace
0x00007ff79e57f20d (Unity) ScriptingGCHandle::ReleaseAndClear
0x00007ff79eb4748c (Unity) UploadHandlerRaw::`vector deleting destructor'
0x00007ff79eb4803d (Unity) UploadHandler::Release
0x00007ff79eb448dd (Unity) UnityWebRequestProto<UnityWebRequestTransport,AtomicRefCounter,RedirectHelper,ResponseHelper,DownloadHandler,UploadHandler,CertificateHandler,HeaderHelper,AsyncOperation>::~UnityWebRequestProto<UnityWebRequestTransport,AtomicRefCounter,RedirectHelper,ResponseHelper,DownloadHandler,UploadHandler,CertificateHandler,HeaderHelper,AsyncOperation>
0x00007ff79eb44bd6 (Unity) UnityWebRequest::`vector deleting destructor'
0x00007ff79d894b77 (Unity) UnityWebRequestProto<UnityWebRequestTransport,AtomicRefCounter,RedirectHelper,ResponseHelper,DownloadHandler,UploadHandler,CertificateHandler,HeaderHelper,AsyncOperation>::Release
0x00007ff79eb46605 (Unity) UnityWebRequestAsyncOperation::InvokeCoroutine
0x00007ff79eb467e1 (Unity) UnityWebRequestProto<UnityWebRequestTransport,AtomicRefCounter,RedirectHelper,ResponseHelper,DownloadHandler,UploadHandler,CertificateHandler,HeaderHelper,AsyncOperation>::Job_InvokeCoroutine
0x00007ff79e1ab54a (Unity) BackgroundJobQueue::ExecuteMainThreadJobs
0x00007ff79e26005f (Unity) PreloadManager::WaitForAllAsyncOperationsToComplete
0x00007ff79fa23af8 (Unity) <lambda_b37b41f03089e3cb3f55061bbc93253d>::operator()
0x00007ff79fa5f422 (Unity) asio::detail::completion_handler<core::mutable_function<void __cdecl(void)>,asio::io_context::basic_executor_type<std::allocator<void>,0> >::do_complete
0x00007ff79fa4b3ce (Unity) asio::detail::win_iocp_io_context::do_one
0x00007ff79fa4d034 (Unity) asio::detail::win_iocp_io_context::run
0x00007ff79fa5d7cc (Unity) IOService::Run
0x00007ff79fa30c2f (Unity) AssetImportWorkerClient::Run
0x00007ff79f9fc3d7 (Unity) RunAssetImportWorkerClientV2
0x00007ff79f9fc45b (Unity) RunAssetImporterV2
0x00007ff79f1f31de (Unity) Application::InitializeProject
0x00007ff79f688795 (Unity) WinMain
0x00007ff7a0a535ce (Unity) __scrt_common_main_seh
0x00007ffa8b87e8d7 (KERNEL32) BaseThreadInitThunk
0x00007ffa8c1714fc (ntdll) RtlUserThreadStart
Unloading 3382 Unused Serialized files (Serialized files now loaded: 0)
Unloading 39 unused Assets / (1.0 MB). Loaded Objects now: 3936.
Memory consumption went from 136.9 MB to 135.9 MB.
Total: 3.506400 ms (FindLiveObjects: 0.185800 ms CreateObjectMapping: 0.081900 ms MarkObjects: 2.814900 ms  DeleteObjects: 0.417900 ms)

Prepare: number of updated asset objects reloaded= 0
AssetImportParameters requested are different than current active one (requested -> active):
  custom:container-demuxer-ogg: 62fdf1f143b41e24485cea50d1cbac27 -> 
  custom:video-codec-MediaFoundation-h265: 746d11721c4dcdbdad8f713fa42b33f4 -> 
  custom:scripting/monoscript/fileName/ItemSpawner.cs: 89bb84a59819050d4840b7507c570619 -> db1977b8cba25b543176d6db98d38cfb
  custom:video-decoder-ogg-theora: a1e56fd34408186e4bbccfd4996cb3dc -> 
  custom:framework-win-MediaFoundation: 216162199b28c13a410421893ffa2e32 -> 
  custom:CustomObjectIndexerAttribute: 9a22284fe3817be447336de3de66b15e -> 
  custom:container-demuxer-webm: 4f35f7cbe854078d1ac9338744f61a02 -> 
  custom:scripting/monoscript/fileName/ForkliftPoint.cs: 2582c41c091e4dfd00aca14346b3d5d1 -> 
  custom:container-muxer-webm: aa71ff27fc2769a1b78a27578f13a17b -> 
  custom:video-decoder-webm-vp8: 9c59270c3fd7afecdb556c50c9e8de78 -> 
  custom:SearchIndexIgnoredProperties: e643bd26f0fe6173181afceb89e7c659 -> 
  custom:AudioImporter_EditorPlatform: d09bf68614088b80899f8185d706f6e7 -> 
  custom:video-encoder-webm-vp8: eb34c28f22e8b96e1ab97ce403110664 -> 
  custom:audio-decoder-ogg-vorbis: bf7c407c2cedff20999df2af8eb42d56 -> 
  custom:audio-encoder-webm-vorbis: bf7c407c2cedff20999df2af8eb42d56 -> 
  custom:scripting/precompiled-assembly-types:Assembly-CSharp: e1153a10ab4ba61625f8233168fcde30 -> 3c2c8354a068f1efab7b9b1873082af8
========================================================================
Received Prepare
Caller must complete domain reload
Begin MonoManager ReloadAssembly
- Loaded All Assemblies, in  0.358 seconds
Native extension for WindowsStandalone target not found
Native extension for Android target not found
Native extension for WebGL target not found
[Package Manager] Server::EnsureServerProcessIsRunning -- launch failed, reason: Unity was launched with the -noUpm command-line argument
[Package Manager] UpmClient::Send -- Unable to send message (not connected to UPM process).
[Package Manager] Cannot connect to Unity Package Manager local server
Failed to sync packages list
UnityEngine.StackTraceUtility:ExtractStackTrace ()
UnityEngine.DebugLogHandler:LogFormat (UnityEngine.LogType,UnityEngine.Object,string,object[])
UnityEngine.Logger:Log (UnityEngine.LogType,object)
UnityEngine.Debug:LogWarning (object)
 .  / :MoveNext ()
System.Runtime.CompilerServices.AsyncVoidMethodBuilder:Start< .  / > ( .  / &)
 .  :  ()
 .⁪/ :MoveNext ()
System.Runtime.CompilerServices.AsyncTaskMethodBuilder:Start< .⁪/ > ( .⁪/ &)
 .⁪:  ()
System.Reflection.RuntimeMethodInfo:Invoke (object,System.Reflection.BindingFlags,System.Reflection.Binder,object[],System.Globalization.CultureInfo)
System.Reflection.MethodBase:Invoke (object,object[])
UnityEditor.EditorAssemblies:ProcessInitializeOnLoadMethodAttributes ()

Mono: successfully reloaded assembly
- Finished resetting the current domain, in  0.768 seconds
Domain Reload Profiling: 1125ms
	BeginReloadAssembly (125ms)
		ExecutionOrderSort (0ms)
		DisableScriptedObjects (4ms)
		BackupInstance (0ms)
		ReleaseScriptingObjects (0ms)
		CreateAndSetChildDomain (26ms)
	RebuildCommonClasses (30ms)
	RebuildNativeTypeToScriptingClass (8ms)
	initialDomainReloadingComplete (20ms)
	LoadAllAssembliesAndSetupDomain (173ms)
		LoadAssemblies (229ms)
		RebuildTransferFunctionScriptingTraits (0ms)
		AnalyzeDomain (11ms)
			TypeCache.Refresh (5ms)
				TypeCache.ScanAssembly (0ms)
			ScanForSourceGeneratedMonoScriptInfo (0ms)
			ResolveRequiredComponents (4ms)
	FinalizeReload (768ms)
		ReleaseScriptCaches (0ms)
		RebuildScriptCaches (0ms)
		SetupLoadedEditorAssemblies (430ms)
			LogAssemblyErrors (0ms)
			InitializePlatformSupportModulesInManaged (14ms)
			SetLoadedEditorAssemblies (4ms)
			RefreshPlugins (0ms)
			BeforeProcessingInitializeOnLoad (49ms)
			ProcessInitializeOnLoadAttributes (315ms)
			ProcessInitializeOnLoadMethodAttributes (43ms)
			AfterProcessingInitializeOnLoad (4ms)
			EditorAssembliesLoaded (0ms)
		ExecutionOrderSort2 (0ms)
		AwakeInstancesAfterBackupRestoration (6ms)
Refreshing native plugins compatible for Editor in 3.06 ms, found 6 plugins.
Preloading 0 native plugins for Editor in 0.00 ms.
Release of invalid GC handle. The handle is from a previous domain. The release operation is skipped.
Release of invalid GC handle native callstack: 
0x00007ff79e68424d (Unity) StackWalker::GetCurrentCallstack
0x00007ff79e689329 (Unity) StackWalker::ShowCallstack
0x00007ff79f67dae1 (Unity) GetStacktrace
0x00007ff79e57f20d (Unity) ScriptingGCHandle::ReleaseAndClear
0x00007ff79eb4748c (Unity) UploadHandlerRaw::`vector deleting destructor'
0x00007ff79eb4803d (Unity) UploadHandler::Release
0x00007ff79eb448dd (Unity) UnityWebRequestProto<UnityWebRequestTransport,AtomicRefCounter,RedirectHelper,ResponseHelper,DownloadHandler,UploadHandler,CertificateHandler,HeaderHelper,AsyncOperation>::~UnityWebRequestProto<UnityWebRequestTransport,AtomicRefCounter,RedirectHelper,ResponseHelper,DownloadHandler,UploadHandler,CertificateHandler,HeaderHelper,AsyncOperation>
0x00007ff79eb44bd6 (Unity) UnityWebRequest::`vector deleting destructor'
0x00007ff79d894b77 (Unity) UnityWebRequestProto<UnityWebRequestTransport,AtomicRefCounter,RedirectHelper,ResponseHelper,DownloadHandler,UploadHandler,CertificateHandler,HeaderHelper,AsyncOperation>::Release
0x00007ff79eb46605 (Unity) UnityWebRequestAsyncOperation::InvokeCoroutine
0x00007ff79eb467e1 (Unity) UnityWebRequestProto<UnityWebRequestTransport,AtomicRefCounter,RedirectHelper,ResponseHelper,DownloadHandler,UploadHandler,CertificateHandler,HeaderHelper,AsyncOperation>::Job_InvokeCoroutine
0x00007ff79e1ab54a (Unity) BackgroundJobQueue::ExecuteMainThreadJobs
0x00007ff79e26005f (Unity) PreloadManager::WaitForAllAsyncOperationsToComplete
0x00007ff79fa23af8 (Unity) <lambda_b37b41f03089e3cb3f55061bbc93253d>::operator()
0x00007ff79fa5f422 (Unity) asio::detail::completion_handler<core::mutable_function<void __cdecl(void)>,asio::io_context::basic_executor_type<std::allocator<void>,0> >::do_complete
0x00007ff79fa4b3ce (Unity) asio::detail::win_iocp_io_context::do_one
0x00007ff79fa4d034 (Unity) asio::detail::win_iocp_io_context::run
0x00007ff79fa5d7cc (Unity) IOService::Run
0x00007ff79fa30c2f (Unity) AssetImportWorkerClient::Run
0x00007ff79f9fc3d7 (Unity) RunAssetImportWorkerClientV2
0x00007ff79f9fc45b (Unity) RunAssetImporterV2
0x00007ff79f1f31de (Unity) Application::InitializeProject
0x00007ff79f688795 (Unity) WinMain
0x00007ff7a0a535ce (Unity) __scrt_common_main_seh
0x00007ffa8b87e8d7 (KERNEL32) BaseThreadInitThunk
0x00007ffa8c1714fc (ntdll) RtlUserThreadStart
Unloading 3382 Unused Serialized files (Serialized files now loaded: 0)
Unloading 39 unused Assets / (1.0 MB). Loaded Objects now: 3941.
Memory consumption went from 137.0 MB to 136.0 MB.
Total: 5.764500 ms (FindLiveObjects: 0.274400 ms CreateObjectMapping: 0.255400 ms MarkObjects: 4.583100 ms  DeleteObjects: 0.650600 ms)

Prepare: number of updated asset objects reloaded= 0
AssetImportParameters requested are different than current active one (requested -> active):
  custom:container-demuxer-ogg: 62fdf1f143b41e24485cea50d1cbac27 -> 
  custom:video-codec-MediaFoundation-h265: 746d11721c4dcdbdad8f713fa42b33f4 -> 
  custom:scripting/monoscript/fileName/ItemSpawner.cs: 89bb84a59819050d4840b7507c570619 -> db1977b8cba25b543176d6db98d38cfb
  custom:video-decoder-ogg-theora: a1e56fd34408186e4bbccfd4996cb3dc -> 
  custom:framework-win-MediaFoundation: 216162199b28c13a410421893ffa2e32 -> 
  custom:CustomObjectIndexerAttribute: 9a22284fe3817be447336de3de66b15e -> 
  custom:container-demuxer-webm: 4f35f7cbe854078d1ac9338744f61a02 -> 
  custom:scripting/monoscript/fileName/ForkliftPoint.cs: 2582c41c091e4dfd00aca14346b3d5d1 -> 
  custom:container-muxer-webm: aa71ff27fc2769a1b78a27578f13a17b -> 
  custom:video-decoder-webm-vp8: 9c59270c3fd7afecdb556c50c9e8de78 -> 
  custom:SearchIndexIgnoredProperties: e643bd26f0fe6173181afceb89e7c659 -> 
  custom:AudioImporter_EditorPlatform: d09bf68614088b80899f8185d706f6e7 -> 
  custom:video-encoder-webm-vp8: eb34c28f22e8b96e1ab97ce403110664 -> 
  custom:audio-decoder-ogg-vorbis: bf7c407c2cedff20999df2af8eb42d56 -> 
  custom:audio-encoder-webm-vorbis: bf7c407c2cedff20999df2af8eb42d56 -> 
  custom:scripting/precompiled-assembly-types:Assembly-CSharp: e1153a10ab4ba61625f8233168fcde30 -> 3c2c8354a068f1efab7b9b1873082af8
========================================================================
Received Prepare
Caller must complete domain reload
Begin MonoManager ReloadAssembly
- Loaded All Assemblies, in  0.361 seconds
Native extension for WindowsStandalone target not found
Native extension for Android target not found
Native extension for WebGL target not found
[Package Manager] Server::EnsureServerProcessIsRunning -- launch failed, reason: Unity was launched with the -noUpm command-line argument
[Package Manager] UpmClient::Send -- Unable to send message (not connected to UPM process).
[Package Manager] Cannot connect to Unity Package Manager local server
Failed to sync packages list
UnityEngine.StackTraceUtility:ExtractStackTrace ()
UnityEngine.DebugLogHandler:LogFormat (UnityEngine.LogType,UnityEngine.Object,string,object[])
UnityEngine.Logger:Log (UnityEngine.LogType,object)
UnityEngine.Debug:LogWarning (object)
 .  / :MoveNext ()
System.Runtime.CompilerServices.AsyncVoidMethodBuilder:Start< .  / > ( .  / &)
 .  :  ()
 .⁪/ :MoveNext ()
System.Runtime.CompilerServices.AsyncTaskMethodBuilder:Start< .⁪/ > ( .⁪/ &)
 .⁪:  ()
System.Reflection.RuntimeMethodInfo:Invoke (object,System.Reflection.BindingFlags,System.Reflection.Binder,object[],System.Globalization.CultureInfo)
System.Reflection.MethodBase:Invoke (object,object[])
UnityEditor.EditorAssemblies:ProcessInitializeOnLoadMethodAttributes ()

Mono: successfully reloaded assembly
- Finished resetting the current domain, in  0.760 seconds
Domain Reload Profiling: 1120ms
	BeginReloadAssembly (118ms)
		ExecutionOrderSort (0ms)
		DisableScriptedObjects (4ms)
		BackupInstance (0ms)
		ReleaseScriptingObjects (0ms)
		CreateAndSetChildDomain (25ms)
	RebuildCommonClasses (27ms)
	RebuildNativeTypeToScriptingClass (11ms)
	initialDomainReloadingComplete (21ms)
	LoadAllAssembliesAndSetupDomain (183ms)
		LoadAssemblies (229ms)
		RebuildTransferFunctionScriptingTraits (0ms)
		AnalyzeDomain (14ms)
			TypeCache.Refresh (6ms)
				TypeCache.ScanAssembly (0ms)
			ScanForSourceGeneratedMonoScriptInfo (0ms)
			ResolveRequiredComponents (6ms)
	FinalizeReload (761ms)
		ReleaseScriptCaches (0ms)
		RebuildScriptCaches (0ms)
		SetupLoadedEditorAssemblies (420ms)
			LogAssemblyErrors (0ms)
			InitializePlatformSupportModulesInManaged (15ms)
			SetLoadedEditorAssemblies (3ms)
			RefreshPlugins (0ms)
			BeforeProcessingInitializeOnLoad (52ms)
			ProcessInitializeOnLoadAttributes (306ms)
			ProcessInitializeOnLoadMethodAttributes (40ms)
			AfterProcessingInitializeOnLoad (5ms)
			EditorAssembliesLoaded (0ms)
		ExecutionOrderSort2 (0ms)
		AwakeInstancesAfterBackupRestoration (5ms)
Refreshing native plugins compatible for Editor in 3.66 ms, found 6 plugins.
Preloading 0 native plugins for Editor in 0.00 ms.
Release of invalid GC handle. The handle is from a previous domain. The release operation is skipped.
Release of invalid GC handle native callstack: 
0x00007ff79e68424d (Unity) StackWalker::GetCurrentCallstack
0x00007ff79e689329 (Unity) StackWalker::ShowCallstack
0x00007ff79f67dae1 (Unity) GetStacktrace
0x00007ff79e57f20d (Unity) ScriptingGCHandle::ReleaseAndClear
0x00007ff79eb4748c (Unity) UploadHandlerRaw::`vector deleting destructor'
0x00007ff79eb4803d (Unity) UploadHandler::Release
0x00007ff79eb448dd (Unity) UnityWebRequestProto<UnityWebRequestTransport,AtomicRefCounter,RedirectHelper,ResponseHelper,DownloadHandler,UploadHandler,CertificateHandler,HeaderHelper,AsyncOperation>::~UnityWebRequestProto<UnityWebRequestTransport,AtomicRefCounter,RedirectHelper,ResponseHelper,DownloadHandler,UploadHandler,CertificateHandler,HeaderHelper,AsyncOperation>
0x00007ff79eb44bd6 (Unity) UnityWebRequest::`vector deleting destructor'
0x00007ff79d894b77 (Unity) UnityWebRequestProto<UnityWebRequestTransport,AtomicRefCounter,RedirectHelper,ResponseHelper,DownloadHandler,UploadHandler,CertificateHandler,HeaderHelper,AsyncOperation>::Release
0x00007ff79eb46605 (Unity) UnityWebRequestAsyncOperation::InvokeCoroutine
0x00007ff79eb467e1 (Unity) UnityWebRequestProto<UnityWebRequestTransport,AtomicRefCounter,RedirectHelper,ResponseHelper,DownloadHandler,UploadHandler,CertificateHandler,HeaderHelper,AsyncOperation>::Job_InvokeCoroutine
0x00007ff79e1ab54a (Unity) BackgroundJobQueue::ExecuteMainThreadJobs
0x00007ff79e26005f (Unity) PreloadManager::WaitForAllAsyncOperationsToComplete
0x00007ff79fa23af8 (Unity) <lambda_b37b41f03089e3cb3f55061bbc93253d>::operator()
0x00007ff79fa5f422 (Unity) asio::detail::completion_handler<core::mutable_function<void __cdecl(void)>,asio::io_context::basic_executor_type<std::allocator<void>,0> >::do_complete
0x00007ff79fa4b3ce (Unity) asio::detail::win_iocp_io_context::do_one
0x00007ff79fa4d034 (Unity) asio::detail::win_iocp_io_context::run
0x00007ff79fa5d7cc (Unity) IOService::Run
0x00007ff79fa30c2f (Unity) AssetImportWorkerClient::Run
0x00007ff79f9fc3d7 (Unity) RunAssetImportWorkerClientV2
0x00007ff79f9fc45b (Unity) RunAssetImporterV2
0x00007ff79f1f31de (Unity) Application::InitializeProject
0x00007ff79f688795 (Unity) WinMain
0x00007ff7a0a535ce (Unity) __scrt_common_main_seh
0x00007ffa8b87e8d7 (KERNEL32) BaseThreadInitThunk
0x00007ffa8c1714fc (ntdll) RtlUserThreadStart
Unloading 3382 Unused Serialized files (Serialized files now loaded: 0)
Unloading 39 unused Assets / (1.0 MB). Loaded Objects now: 3946.
Memory consumption went from 137.2 MB to 136.2 MB.
Total: 4.006600 ms (FindLiveObjects: 0.368700 ms CreateObjectMapping: 0.176100 ms MarkObjects: 3.054900 ms  DeleteObjects: 0.405300 ms)

Prepare: number of updated asset objects reloaded= 0
AssetImportParameters requested are different than current active one (requested -> active):
  custom:container-demuxer-ogg: 62fdf1f143b41e24485cea50d1cbac27 -> 
  custom:video-codec-MediaFoundation-h265: 746d11721c4dcdbdad8f713fa42b33f4 -> 
  custom:scripting/monoscript/fileName/ItemSpawner.cs: 89bb84a59819050d4840b7507c570619 -> db1977b8cba25b543176d6db98d38cfb
  custom:video-decoder-ogg-theora: a1e56fd34408186e4bbccfd4996cb3dc -> 
  custom:framework-win-MediaFoundation: 216162199b28c13a410421893ffa2e32 -> 
  custom:CustomObjectIndexerAttribute: 9a22284fe3817be447336de3de66b15e -> 
  custom:container-demuxer-webm: 4f35f7cbe854078d1ac9338744f61a02 -> 
  custom:scripting/monoscript/fileName/ForkliftPoint.cs: 2582c41c091e4dfd00aca14346b3d5d1 -> 
  custom:container-muxer-webm: aa71ff27fc2769a1b78a27578f13a17b -> 
  custom:video-decoder-webm-vp8: 9c59270c3fd7afecdb556c50c9e8de78 -> 
  custom:SearchIndexIgnoredProperties: e643bd26f0fe6173181afceb89e7c659 -> 
  custom:AudioImporter_EditorPlatform: d09bf68614088b80899f8185d706f6e7 -> 
  custom:video-encoder-webm-vp8: eb34c28f22e8b96e1ab97ce403110664 -> 
  custom:audio-decoder-ogg-vorbis: bf7c407c2cedff20999df2af8eb42d56 -> 
  custom:audio-encoder-webm-vorbis: bf7c407c2cedff20999df2af8eb42d56 -> 
  custom:scripting/precompiled-assembly-types:Assembly-CSharp: e1153a10ab4ba61625f8233168fcde30 -> 3c2c8354a068f1efab7b9b1873082af8
========================================================================
Received Prepare
Caller must complete domain reload
Begin MonoManager ReloadAssembly
- Loaded All Assemblies, in  0.337 seconds
Native extension for WindowsStandalone target not found
Native extension for Android target not found
Native extension for WebGL target not found
[Package Manager] Server::EnsureServerProcessIsRunning -- launch failed, reason: Unity was launched with the -noUpm command-line argument
[Package Manager] UpmClient::Send -- Unable to send message (not connected to UPM process).
[Package Manager] Cannot connect to Unity Package Manager local server
Failed to sync packages list
UnityEngine.StackTraceUtility:ExtractStackTrace ()
UnityEngine.DebugLogHandler:LogFormat (UnityEngine.LogType,UnityEngine.Object,string,object[])
UnityEngine.Logger:Log (UnityEngine.LogType,object)
UnityEngine.Debug:LogWarning (object)
 .  / :MoveNext ()
System.Runtime.CompilerServices.AsyncVoidMethodBuilder:Start< .  / > ( .  / &)
 .  :  ()
 .⁪/ :MoveNext ()
System.Runtime.CompilerServices.AsyncTaskMethodBuilder:Start< .⁪/ > ( .⁪/ &)
 .⁪:  ()
System.Reflection.RuntimeMethodInfo:Invoke (object,System.Reflection.BindingFlags,System.Reflection.Binder,object[],System.Globalization.CultureInfo)
System.Reflection.MethodBase:Invoke (object,object[])
UnityEditor.EditorAssemblies:ProcessInitializeOnLoadMethodAttributes ()

Mono: successfully reloaded assembly
- Finished resetting the current domain, in  0.736 seconds
Domain Reload Profiling: 1072ms
	BeginReloadAssembly (117ms)
		ExecutionOrderSort (0ms)
		DisableScriptedObjects (4ms)
		BackupInstance (0ms)
		ReleaseScriptingObjects (0ms)
		CreateAndSetChildDomain (25ms)
	RebuildCommonClasses (25ms)
	RebuildNativeTypeToScriptingClass (8ms)
	initialDomainReloadingComplete (20ms)
	LoadAllAssembliesAndSetupDomain (166ms)
		LoadAssemblies (212ms)
		RebuildTransferFunctionScriptingTraits (0ms)
		AnalyzeDomain (12ms)
			TypeCache.Refresh (5ms)
				TypeCache.ScanAssembly (0ms)
			ScanForSourceGeneratedMonoScriptInfo (0ms)
			ResolveRequiredComponents (5ms)
	FinalizeReload (736ms)
		ReleaseScriptCaches (0ms)
		RebuildScriptCaches (0ms)
		SetupLoadedEditorAssemblies (414ms)
			LogAssemblyErrors (0ms)
			InitializePlatformSupportModulesInManaged (15ms)
			SetLoadedEditorAssemblies (3ms)
			RefreshPlugins (0ms)
			BeforeProcessingInitializeOnLoad (48ms)
			ProcessInitializeOnLoadAttributes (306ms)
			ProcessInitializeOnLoadMethodAttributes (39ms)
			AfterProcessingInitializeOnLoad (3ms)
			EditorAssembliesLoaded (0ms)
		ExecutionOrderSort2 (0ms)
		AwakeInstancesAfterBackupRestoration (6ms)
Refreshing native plugins compatible for Editor in 4.07 ms, found 6 plugins.
Preloading 0 native plugins for Editor in 0.00 ms.
Release of invalid GC handle. The handle is from a previous domain. The release operation is skipped.
Release of invalid GC handle native callstack: 
0x00007ff79e68424d (Unity) StackWalker::GetCurrentCallstack
0x00007ff79e689329 (Unity) StackWalker::ShowCallstack
0x00007ff79f67dae1 (Unity) GetStacktrace
0x00007ff79e57f20d (Unity) ScriptingGCHandle::ReleaseAndClear
0x00007ff79eb4748c (Unity) UploadHandlerRaw::`vector deleting destructor'
0x00007ff79eb4803d (Unity) UploadHandler::Release
0x00007ff79eb448dd (Unity) UnityWebRequestProto<UnityWebRequestTransport,AtomicRefCounter,RedirectHelper,ResponseHelper,DownloadHandler,UploadHandler,CertificateHandler,HeaderHelper,AsyncOperation>::~UnityWebRequestProto<UnityWebRequestTransport,AtomicRefCounter,RedirectHelper,ResponseHelper,DownloadHandler,UploadHandler,CertificateHandler,HeaderHelper,AsyncOperation>
0x00007ff79eb44bd6 (Unity) UnityWebRequest::`vector deleting destructor'
0x00007ff79d894b77 (Unity) UnityWebRequestProto<UnityWebRequestTransport,AtomicRefCounter,RedirectHelper,ResponseHelper,DownloadHandler,UploadHandler,CertificateHandler,HeaderHelper,AsyncOperation>::Release
0x00007ff79eb46605 (Unity) UnityWebRequestAsyncOperation::InvokeCoroutine
0x00007ff79eb467e1 (Unity) UnityWebRequestProto<UnityWebRequestTransport,AtomicRefCounter,RedirectHelper,ResponseHelper,DownloadHandler,UploadHandler,CertificateHandler,HeaderHelper,AsyncOperation>::Job_InvokeCoroutine
0x00007ff79e1ab54a (Unity) BackgroundJobQueue::ExecuteMainThreadJobs
0x00007ff79e26005f (Unity) PreloadManager::WaitForAllAsyncOperationsToComplete
0x00007ff79fa23af8 (Unity) <lambda_b37b41f03089e3cb3f55061bbc93253d>::operator()
0x00007ff79fa5f422 (Unity) asio::detail::completion_handler<core::mutable_function<void __cdecl(void)>,asio::io_context::basic_executor_type<std::allocator<void>,0> >::do_complete
0x00007ff79fa4b3ce (Unity) asio::detail::win_iocp_io_context::do_one
0x00007ff79fa4d034 (Unity) asio::detail::win_iocp_io_context::run
0x00007ff79fa5d7cc (Unity) IOService::Run
0x00007ff79fa30c2f (Unity) AssetImportWorkerClient::Run
0x00007ff79f9fc3d7 (Unity) RunAssetImportWorkerClientV2
0x00007ff79f9fc45b (Unity) RunAssetImporterV2
0x00007ff79f1f31de (Unity) Application::InitializeProject
0x00007ff79f688795 (Unity) WinMain
0x00007ff7a0a535ce (Unity) __scrt_common_main_seh
0x00007ffa8b87e8d7 (KERNEL32) BaseThreadInitThunk
0x00007ffa8c1714fc (ntdll) RtlUserThreadStart
Unloading 3382 Unused Serialized files (Serialized files now loaded: 0)
Unloading 39 unused Assets / (1.0 MB). Loaded Objects now: 3951.
Memory consumption went from 137.4 MB to 136.4 MB.
Total: 6.147700 ms (FindLiveObjects: 0.555600 ms CreateObjectMapping: 0.240100 ms MarkObjects: 4.697100 ms  DeleteObjects: 0.653400 ms)

Prepare: number of updated asset objects reloaded= 0
AssetImportParameters requested are different than current active one (requested -> active):
  custom:container-demuxer-ogg: 62fdf1f143b41e24485cea50d1cbac27 -> 
  custom:video-codec-MediaFoundation-h265: 746d11721c4dcdbdad8f713fa42b33f4 -> 
  custom:scripting/monoscript/fileName/ItemSpawner.cs: 89bb84a59819050d4840b7507c570619 -> db1977b8cba25b543176d6db98d38cfb
  custom:video-decoder-ogg-theora: a1e56fd34408186e4bbccfd4996cb3dc -> 
  custom:framework-win-MediaFoundation: 216162199b28c13a410421893ffa2e32 -> 
  custom:CustomObjectIndexerAttribute: 9a22284fe3817be447336de3de66b15e -> 
  custom:container-demuxer-webm: 4f35f7cbe854078d1ac9338744f61a02 -> 
  custom:scripting/monoscript/fileName/ForkliftPoint.cs: 2582c41c091e4dfd00aca14346b3d5d1 -> 
  custom:container-muxer-webm: aa71ff27fc2769a1b78a27578f13a17b -> 
  custom:video-decoder-webm-vp8: 9c59270c3fd7afecdb556c50c9e8de78 -> 
  custom:SearchIndexIgnoredProperties: e643bd26f0fe6173181afceb89e7c659 -> 
  custom:AudioImporter_EditorPlatform: d09bf68614088b80899f8185d706f6e7 -> 
  custom:video-encoder-webm-vp8: eb34c28f22e8b96e1ab97ce403110664 -> 
  custom:audio-decoder-ogg-vorbis: bf7c407c2cedff20999df2af8eb42d56 -> 
  custom:audio-encoder-webm-vorbis: bf7c407c2cedff20999df2af8eb42d56 -> 
  custom:scripting/precompiled-assembly-types:Assembly-CSharp: e1153a10ab4ba61625f8233168fcde30 -> 3c2c8354a068f1efab7b9b1873082af8
========================================================================
Received Prepare
Caller must complete domain reload
Begin MonoManager ReloadAssembly
- Loaded All Assemblies, in  0.341 seconds
Native extension for WindowsStandalone target not found
Native extension for Android target not found
Native extension for WebGL target not found
[Package Manager] Server::EnsureServerProcessIsRunning -- launch failed, reason: Unity was launched with the -noUpm command-line argument
[Package Manager] UpmClient::Send -- Unable to send message (not connected to UPM process).
[Package Manager] Cannot connect to Unity Package Manager local server
Failed to sync packages list
UnityEngine.StackTraceUtility:ExtractStackTrace ()
UnityEngine.DebugLogHandler:LogFormat (UnityEngine.LogType,UnityEngine.Object,string,object[])
UnityEngine.Logger:Log (UnityEngine.LogType,object)
UnityEngine.Debug:LogWarning (object)
 .  / :MoveNext ()
System.Runtime.CompilerServices.AsyncVoidMethodBuilder:Start< .  / > ( .  / &)
 .  :  ()
 .⁪/ :MoveNext ()
System.Runtime.CompilerServices.AsyncTaskMethodBuilder:Start< .⁪/ > ( .⁪/ &)
 .⁪:  ()
System.Reflection.RuntimeMethodInfo:Invoke (object,System.Reflection.BindingFlags,System.Reflection.Binder,object[],System.Globalization.CultureInfo)
System.Reflection.MethodBase:Invoke (object,object[])
UnityEditor.EditorAssemblies:ProcessInitializeOnLoadMethodAttributes ()

Mono: successfully reloaded assembly
- Finished resetting the current domain, in  0.738 seconds
Domain Reload Profiling: 1078ms
	BeginReloadAssembly (120ms)
		ExecutionOrderSort (0ms)
		DisableScriptedObjects (4ms)
		BackupInstance (0ms)
		ReleaseScriptingObjects (0ms)
		CreateAndSetChildDomain (28ms)
	RebuildCommonClasses (24ms)
	RebuildNativeTypeToScriptingClass (8ms)
	initialDomainReloadingComplete (20ms)
	LoadAllAssembliesAndSetupDomain (167ms)
		LoadAssemblies (215ms)
		RebuildTransferFunctionScriptingTraits (0ms)
		AnalyzeDomain (12ms)
			TypeCache.Refresh (5ms)
				TypeCache.ScanAssembly (0ms)
			ScanForSourceGeneratedMonoScriptInfo (0ms)
			ResolveRequiredComponents (4ms)
	FinalizeReload (738ms)
		ReleaseScriptCaches (0ms)
		RebuildScriptCaches (0ms)
		SetupLoadedEditorAssemblies (413ms)
			LogAssemblyErrors (0ms)
			InitializePlatformSupportModulesInManaged (13ms)
			SetLoadedEditorAssemblies (3ms)
			RefreshPlugins (0ms)
			BeforeProcessingInitializeOnLoad (47ms)
			ProcessInitializeOnLoadAttributes (306ms)
			ProcessInitializeOnLoadMethodAttributes (39ms)
			AfterProcessingInitializeOnLoad (4ms)
			EditorAssembliesLoaded (0ms)
		ExecutionOrderSort2 (0ms)
		AwakeInstancesAfterBackupRestoration (6ms)
Refreshing native plugins compatible for Editor in 3.65 ms, found 6 plugins.
Preloading 0 native plugins for Editor in 0.00 ms.
Release of invalid GC handle. The handle is from a previous domain. The release operation is skipped.
Release of invalid GC handle native callstack: 
0x00007ff79e68424d (Unity) StackWalker::GetCurrentCallstack
0x00007ff79e689329 (Unity) StackWalker::ShowCallstack
0x00007ff79f67dae1 (Unity) GetStacktrace
0x00007ff79e57f20d (Unity) ScriptingGCHandle::ReleaseAndClear
0x00007ff79eb4748c (Unity) UploadHandlerRaw::`vector deleting destructor'
0x00007ff79eb4803d (Unity) UploadHandler::Release
0x00007ff79eb448dd (Unity) UnityWebRequestProto<UnityWebRequestTransport,AtomicRefCounter,RedirectHelper,ResponseHelper,DownloadHandler,UploadHandler,CertificateHandler,HeaderHelper,AsyncOperation>::~UnityWebRequestProto<UnityWebRequestTransport,AtomicRefCounter,RedirectHelper,ResponseHelper,DownloadHandler,UploadHandler,CertificateHandler,HeaderHelper,AsyncOperation>
0x00007ff79eb44bd6 (Unity) UnityWebRequest::`vector deleting destructor'
0x00007ff79d894b77 (Unity) UnityWebRequestProto<UnityWebRequestTransport,AtomicRefCounter,RedirectHelper,ResponseHelper,DownloadHandler,UploadHandler,CertificateHandler,HeaderHelper,AsyncOperation>::Release
0x00007ff79eb46605 (Unity) UnityWebRequestAsyncOperation::InvokeCoroutine
0x00007ff79eb467e1 (Unity) UnityWebRequestProto<UnityWebRequestTransport,AtomicRefCounter,RedirectHelper,ResponseHelper,DownloadHandler,UploadHandler,CertificateHandler,HeaderHelper,AsyncOperation>::Job_InvokeCoroutine
0x00007ff79e1ab54a (Unity) BackgroundJobQueue::ExecuteMainThreadJobs
0x00007ff79e26005f (Unity) PreloadManager::WaitForAllAsyncOperationsToComplete
0x00007ff79fa23af8 (Unity) <lambda_b37b41f03089e3cb3f55061bbc93253d>::operator()
0x00007ff79fa5f422 (Unity) asio::detail::completion_handler<core::mutable_function<void __cdecl(void)>,asio::io_context::basic_executor_type<std::allocator<void>,0> >::do_complete
0x00007ff79fa4b3ce (Unity) asio::detail::win_iocp_io_context::do_one
0x00007ff79fa4d034 (Unity) asio::detail::win_iocp_io_context::run
0x00007ff79fa5d7cc (Unity) IOService::Run
0x00007ff79fa30c2f (Unity) AssetImportWorkerClient::Run
0x00007ff79f9fc3d7 (Unity) RunAssetImportWorkerClientV2
0x00007ff79f9fc45b (Unity) RunAssetImporterV2
0x00007ff79f1f31de (Unity) Application::InitializeProject
0x00007ff79f688795 (Unity) WinMain
0x00007ff7a0a535ce (Unity) __scrt_common_main_seh
0x00007ffa8b87e8d7 (KERNEL32) BaseThreadInitThunk
0x00007ffa8c1714fc (ntdll) RtlUserThreadStart
Unloading 3382 Unused Serialized files (Serialized files now loaded: 0)
Unloading 39 unused Assets / (1.0 MB). Loaded Objects now: 3956.
Memory consumption went from 137.5 MB to 136.5 MB.
Total: 3.935000 ms (FindLiveObjects: 0.201800 ms CreateObjectMapping: 0.093600 ms MarkObjects: 3.181200 ms  DeleteObjects: 0.456800 ms)

Prepare: number of updated asset objects reloaded= 0
AssetImportParameters requested are different than current active one (requested -> active):
  custom:container-demuxer-ogg: 62fdf1f143b41e24485cea50d1cbac27 -> 
  custom:video-codec-MediaFoundation-h265: 746d11721c4dcdbdad8f713fa42b33f4 -> 
  custom:scripting/monoscript/fileName/ItemSpawner.cs: 89bb84a59819050d4840b7507c570619 -> db1977b8cba25b543176d6db98d38cfb
  custom:video-decoder-ogg-theora: a1e56fd34408186e4bbccfd4996cb3dc -> 
  custom:framework-win-MediaFoundation: 216162199b28c13a410421893ffa2e32 -> 
  custom:CustomObjectIndexerAttribute: 9a22284fe3817be447336de3de66b15e -> 
  custom:container-demuxer-webm: 4f35f7cbe854078d1ac9338744f61a02 -> 
  custom:scripting/monoscript/fileName/ForkliftPoint.cs: 2582c41c091e4dfd00aca14346b3d5d1 -> 
  custom:container-muxer-webm: aa71ff27fc2769a1b78a27578f13a17b -> 
  custom:video-decoder-webm-vp8: 9c59270c3fd7afecdb556c50c9e8de78 -> 
  custom:SearchIndexIgnoredProperties: e643bd26f0fe6173181afceb89e7c659 -> 
  custom:AudioImporter_EditorPlatform: d09bf68614088b80899f8185d706f6e7 -> 
  custom:video-encoder-webm-vp8: eb34c28f22e8b96e1ab97ce403110664 -> 
  custom:audio-decoder-ogg-vorbis: bf7c407c2cedff20999df2af8eb42d56 -> 
  custom:audio-encoder-webm-vorbis: bf7c407c2cedff20999df2af8eb42d56 -> 
  custom:scripting/precompiled-assembly-types:Assembly-CSharp: e1153a10ab4ba61625f8233168fcde30 -> 3c2c8354a068f1efab7b9b1873082af8
========================================================================
Received Prepare
Caller must complete domain reload
Begin MonoManager ReloadAssembly
- Loaded All Assemblies, in  0.351 seconds
Native extension for WindowsStandalone target not found
Native extension for Android target not found
Native extension for WebGL target not found
[Package Manager] Server::EnsureServerProcessIsRunning -- launch failed, reason: Unity was launched with the -noUpm command-line argument
[Package Manager] UpmClient::Send -- Unable to send message (not connected to UPM process).
[Package Manager] Cannot connect to Unity Package Manager local server
Failed to sync packages list
UnityEngine.StackTraceUtility:ExtractStackTrace ()
UnityEngine.DebugLogHandler:LogFormat (UnityEngine.LogType,UnityEngine.Object,string,object[])
UnityEngine.Logger:Log (UnityEngine.LogType,object)
UnityEngine.Debug:LogWarning (object)
 .  / :MoveNext ()
System.Runtime.CompilerServices.AsyncVoidMethodBuilder:Start< .  / > ( .  / &)
 .  :  ()
 .⁪/ :MoveNext ()
System.Runtime.CompilerServices.AsyncTaskMethodBuilder:Start< .⁪/ > ( .⁪/ &)
 .⁪:  ()
System.Reflection.RuntimeMethodInfo:Invoke (object,System.Reflection.BindingFlags,System.Reflection.Binder,object[],System.Globalization.CultureInfo)
System.Reflection.MethodBase:Invoke (object,object[])
UnityEditor.EditorAssemblies:ProcessInitializeOnLoadMethodAttributes ()

Mono: successfully reloaded assembly
- Finished resetting the current domain, in  0.762 seconds
Domain Reload Profiling: 1113ms
	BeginReloadAssembly (125ms)
		ExecutionOrderSort (0ms)
		DisableScriptedObjects (4ms)
		BackupInstance (0ms)
		ReleaseScriptingObjects (0ms)
		CreateAndSetChildDomain (25ms)
	RebuildCommonClasses (27ms)
	RebuildNativeTypeToScriptingClass (8ms)
	initialDomainReloadingComplete (21ms)
	LoadAllAssembliesAndSetupDomain (168ms)
		LoadAssemblies (220ms)
		RebuildTransferFunctionScriptingTraits (0ms)
		AnalyzeDomain (14ms)
			TypeCache.Refresh (6ms)
				TypeCache.ScanAssembly (0ms)
			ScanForSourceGeneratedMonoScriptInfo (0ms)
			ResolveRequiredComponents (5ms)
	FinalizeReload (763ms)
		ReleaseScriptCaches (0ms)
		RebuildScriptCaches (0ms)
		SetupLoadedEditorAssemblies (409ms)
			LogAssemblyErrors (0ms)
			InitializePlatformSupportModulesInManaged (14ms)
			SetLoadedEditorAssemblies (4ms)
			RefreshPlugins (0ms)
			BeforeProcessingInitializeOnLoad (49ms)
			ProcessInitializeOnLoadAttributes (299ms)
			ProcessInitializeOnLoadMethodAttributes (40ms)
			AfterProcessingInitializeOnLoad (4ms)
			EditorAssembliesLoaded (0ms)
		ExecutionOrderSort2 (0ms)
		AwakeInstancesAfterBackupRestoration (7ms)
Refreshing native plugins compatible for Editor in 4.05 ms, found 6 plugins.
Preloading 0 native plugins for Editor in 0.00 ms.
Release of invalid GC handle. The handle is from a previous domain. The release operation is skipped.
Release of invalid GC handle native callstack: 
0x00007ff79e68424d (Unity) StackWalker::GetCurrentCallstack
0x00007ff79e689329 (Unity) StackWalker::ShowCallstack
0x00007ff79f67dae1 (Unity) GetStacktrace
0x00007ff79e57f20d (Unity) ScriptingGCHandle::ReleaseAndClear
0x00007ff79eb4748c (Unity) UploadHandlerRaw::`vector deleting destructor'
0x00007ff79eb4803d (Unity) UploadHandler::Release
0x00007ff79eb448dd (Unity) UnityWebRequestProto<UnityWebRequestTransport,AtomicRefCounter,RedirectHelper,ResponseHelper,DownloadHandler,UploadHandler,CertificateHandler,HeaderHelper,AsyncOperation>::~UnityWebRequestProto<UnityWebRequestTransport,AtomicRefCounter,RedirectHelper,ResponseHelper,DownloadHandler,UploadHandler,CertificateHandler,HeaderHelper,AsyncOperation>
0x00007ff79eb44bd6 (Unity) UnityWebRequest::`vector deleting destructor'
0x00007ff79d894b77 (Unity) UnityWebRequestProto<UnityWebRequestTransport,AtomicRefCounter,RedirectHelper,ResponseHelper,DownloadHandler,UploadHandler,CertificateHandler,HeaderHelper,AsyncOperation>::Release
0x00007ff79eb46605 (Unity) UnityWebRequestAsyncOperation::InvokeCoroutine
0x00007ff79eb467e1 (Unity) UnityWebRequestProto<UnityWebRequestTransport,AtomicRefCounter,RedirectHelper,ResponseHelper,DownloadHandler,UploadHandler,CertificateHandler,HeaderHelper,AsyncOperation>::Job_InvokeCoroutine
0x00007ff79e1ab54a (Unity) BackgroundJobQueue::ExecuteMainThreadJobs
0x00007ff79e26005f (Unity) PreloadManager::WaitForAllAsyncOperationsToComplete
0x00007ff79fa23af8 (Unity) <lambda_b37b41f03089e3cb3f55061bbc93253d>::operator()
0x00007ff79fa5f422 (Unity) asio::detail::completion_handler<core::mutable_function<void __cdecl(void)>,asio::io_context::basic_executor_type<std::allocator<void>,0> >::do_complete
0x00007ff79fa4b3ce (Unity) asio::detail::win_iocp_io_context::do_one
0x00007ff79fa4d034 (Unity) asio::detail::win_iocp_io_context::run
0x00007ff79fa5d7cc (Unity) IOService::Run
0x00007ff79fa30c2f (Unity) AssetImportWorkerClient::Run
0x00007ff79f9fc3d7 (Unity) RunAssetImportWorkerClientV2
0x00007ff79f9fc45b (Unity) RunAssetImporterV2
0x00007ff79f1f31de (Unity) Application::InitializeProject
0x00007ff79f688795 (Unity) WinMain
0x00007ff7a0a535ce (Unity) __scrt_common_main_seh
0x00007ffa8b87e8d7 (KERNEL32) BaseThreadInitThunk
0x00007ffa8c1714fc (ntdll) RtlUserThreadStart
Unloading 3382 Unused Serialized files (Serialized files now loaded: 0)
Unloading 39 unused Assets / (1.0 MB). Loaded Objects now: 3961.
Memory consumption went from 137.7 MB to 136.7 MB.
Total: 3.572700 ms (FindLiveObjects: 0.195000 ms CreateObjectMapping: 0.083700 ms MarkObjects: 2.867000 ms  DeleteObjects: 0.426000 ms)

Prepare: number of updated asset objects reloaded= 0
AssetImportParameters requested are different than current active one (requested -> active):
  custom:container-demuxer-ogg: 62fdf1f143b41e24485cea50d1cbac27 -> 
  custom:video-codec-MediaFoundation-h265: 746d11721c4dcdbdad8f713fa42b33f4 -> 
  custom:scripting/monoscript/fileName/ItemSpawner.cs: 89bb84a59819050d4840b7507c570619 -> db1977b8cba25b543176d6db98d38cfb
  custom:video-decoder-ogg-theora: a1e56fd34408186e4bbccfd4996cb3dc -> 
  custom:framework-win-MediaFoundation: 216162199b28c13a410421893ffa2e32 -> 
  custom:CustomObjectIndexerAttribute: 9a22284fe3817be447336de3de66b15e -> 
  custom:container-demuxer-webm: 4f35f7cbe854078d1ac9338744f61a02 -> 
  custom:scripting/monoscript/fileName/ForkliftPoint.cs: 2582c41c091e4dfd00aca14346b3d5d1 -> 
  custom:container-muxer-webm: aa71ff27fc2769a1b78a27578f13a17b -> 
  custom:video-decoder-webm-vp8: 9c59270c3fd7afecdb556c50c9e8de78 -> 
  custom:SearchIndexIgnoredProperties: e643bd26f0fe6173181afceb89e7c659 -> 
  custom:AudioImporter_EditorPlatform: d09bf68614088b80899f8185d706f6e7 -> 
  custom:video-encoder-webm-vp8: eb34c28f22e8b96e1ab97ce403110664 -> 
  custom:audio-decoder-ogg-vorbis: bf7c407c2cedff20999df2af8eb42d56 -> 
  custom:audio-encoder-webm-vorbis: bf7c407c2cedff20999df2af8eb42d56 -> 
  custom:scripting/precompiled-assembly-types:Assembly-CSharp: e1153a10ab4ba61625f8233168fcde30 -> 3c2c8354a068f1efab7b9b1873082af8
========================================================================
Received Prepare
Caller must complete domain reload
Begin MonoManager ReloadAssembly
- Loaded All Assemblies, in  0.350 seconds
Native extension for WindowsStandalone target not found
Native extension for Android target not found
Native extension for WebGL target not found
[Package Manager] Server::EnsureServerProcessIsRunning -- launch failed, reason: Unity was launched with the -noUpm command-line argument
[Package Manager] UpmClient::Send -- Unable to send message (not connected to UPM process).
[Package Manager] Cannot connect to Unity Package Manager local server
Failed to sync packages list
UnityEngine.StackTraceUtility:ExtractStackTrace ()
UnityEngine.DebugLogHandler:LogFormat (UnityEngine.LogType,UnityEngine.Object,string,object[])
UnityEngine.Logger:Log (UnityEngine.LogType,object)
UnityEngine.Debug:LogWarning (object)
 .  / :MoveNext ()
System.Runtime.CompilerServices.AsyncVoidMethodBuilder:Start< .  / > ( .  / &)
 .  :  ()
 .⁪/ :MoveNext ()
System.Runtime.CompilerServices.AsyncTaskMethodBuilder:Start< .⁪/ > ( .⁪/ &)
 .⁪:  ()
System.Reflection.RuntimeMethodInfo:Invoke (object,System.Reflection.BindingFlags,System.Reflection.Binder,object[],System.Globalization.CultureInfo)
System.Reflection.MethodBase:Invoke (object,object[])
UnityEditor.EditorAssemblies:ProcessInitializeOnLoadMethodAttributes ()

Mono: successfully reloaded assembly
- Finished resetting the current domain, in  0.757 seconds
Domain Reload Profiling: 1106ms
	BeginReloadAssembly (122ms)
		ExecutionOrderSort (0ms)
		DisableScriptedObjects (5ms)
		BackupInstance (0ms)
		ReleaseScriptingObjects (0ms)
		CreateAndSetChildDomain (25ms)
	RebuildCommonClasses (27ms)
	RebuildNativeTypeToScriptingClass (8ms)
	initialDomainReloadingComplete (22ms)
	LoadAllAssembliesAndSetupDomain (169ms)
		LoadAssemblies (219ms)
		RebuildTransferFunctionScriptingTraits (0ms)
		AnalyzeDomain (12ms)
			TypeCache.Refresh (5ms)
				TypeCache.ScanAssembly (0ms)
			ScanForSourceGeneratedMonoScriptInfo (0ms)
			ResolveRequiredComponents (5ms)
	FinalizeReload (758ms)
		ReleaseScriptCaches (0ms)
		RebuildScriptCaches (0ms)
		SetupLoadedEditorAssemblies (432ms)
			LogAssemblyErrors (0ms)
			InitializePlatformSupportModulesInManaged (13ms)
			SetLoadedEditorAssemblies (3ms)
			RefreshPlugins (0ms)
			BeforeProcessingInitializeOnLoad (50ms)
			ProcessInitializeOnLoadAttributes (319ms)
			ProcessInitializeOnLoadMethodAttributes (43ms)
			AfterProcessingInitializeOnLoad (3ms)
			EditorAssembliesLoaded (0ms)
		ExecutionOrderSort2 (0ms)
		AwakeInstancesAfterBackupRestoration (5ms)
Refreshing native plugins compatible for Editor in 3.68 ms, found 6 plugins.
Preloading 0 native plugins for Editor in 0.00 ms.
Release of invalid GC handle. The handle is from a previous domain. The release operation is skipped.
Release of invalid GC handle native callstack: 
0x00007ff79e68424d (Unity) StackWalker::GetCurrentCallstack
0x00007ff79e689329 (Unity) StackWalker::ShowCallstack
0x00007ff79f67dae1 (Unity) GetStacktrace
0x00007ff79e57f20d (Unity) ScriptingGCHandle::ReleaseAndClear
0x00007ff79eb4748c (Unity) UploadHandlerRaw::`vector deleting destructor'
0x00007ff79eb4803d (Unity) UploadHandler::Release
0x00007ff79eb448dd (Unity) UnityWebRequestProto<UnityWebRequestTransport,AtomicRefCounter,RedirectHelper,ResponseHelper,DownloadHandler,UploadHandler,CertificateHandler,HeaderHelper,AsyncOperation>::~UnityWebRequestProto<UnityWebRequestTransport,AtomicRefCounter,RedirectHelper,ResponseHelper,DownloadHandler,UploadHandler,CertificateHandler,HeaderHelper,AsyncOperation>
0x00007ff79eb44bd6 (Unity) UnityWebRequest::`vector deleting destructor'
0x00007ff79d894b77 (Unity) UnityWebRequestProto<UnityWebRequestTransport,AtomicRefCounter,RedirectHelper,ResponseHelper,DownloadHandler,UploadHandler,CertificateHandler,HeaderHelper,AsyncOperation>::Release
0x00007ff79eb46605 (Unity) UnityWebRequestAsyncOperation::InvokeCoroutine
0x00007ff79eb467e1 (Unity) UnityWebRequestProto<UnityWebRequestTransport,AtomicRefCounter,RedirectHelper,ResponseHelper,DownloadHandler,UploadHandler,CertificateHandler,HeaderHelper,AsyncOperation>::Job_InvokeCoroutine
0x00007ff79e1ab54a (Unity) BackgroundJobQueue::ExecuteMainThreadJobs
0x00007ff79e26005f (Unity) PreloadManager::WaitForAllAsyncOperationsToComplete
0x00007ff79fa23af8 (Unity) <lambda_b37b41f03089e3cb3f55061bbc93253d>::operator()
0x00007ff79fa5f422 (Unity) asio::detail::completion_handler<core::mutable_function<void __cdecl(void)>,asio::io_context::basic_executor_type<std::allocator<void>,0> >::do_complete
0x00007ff79fa4b3ce (Unity) asio::detail::win_iocp_io_context::do_one
0x00007ff79fa4d034 (Unity) asio::detail::win_iocp_io_context::run
0x00007ff79fa5d7cc (Unity) IOService::Run
0x00007ff79fa30c2f (Unity) AssetImportWorkerClient::Run
0x00007ff79f9fc3d7 (Unity) RunAssetImportWorkerClientV2
0x00007ff79f9fc45b (Unity) RunAssetImporterV2
0x00007ff79f1f31de (Unity) Application::InitializeProject
0x00007ff79f688795 (Unity) WinMain
0x00007ff7a0a535ce (Unity) __scrt_common_main_seh
0x00007ffa8b87e8d7 (KERNEL32) BaseThreadInitThunk
0x00007ffa8c1714fc (ntdll) RtlUserThreadStart
Unloading 3382 Unused Serialized files (Serialized files now loaded: 0)
Unloading 39 unused Assets / (1.0 MB). Loaded Objects now: 3966.
Memory consumption went from 137.8 MB to 136.8 MB.
Total: 3.360600 ms (FindLiveObjects: 0.206500 ms CreateObjectMapping: 0.082500 ms MarkObjects: 2.687600 ms  DeleteObjects: 0.382900 ms)

Prepare: number of updated asset objects reloaded= 0
AssetImportParameters requested are different than current active one (requested -> active):
  custom:container-demuxer-ogg: 62fdf1f143b41e24485cea50d1cbac27 -> 
  custom:video-codec-MediaFoundation-h265: 746d11721c4dcdbdad8f713fa42b33f4 -> 
  custom:scripting/monoscript/fileName/ItemSpawner.cs: 89bb84a59819050d4840b7507c570619 -> db1977b8cba25b543176d6db98d38cfb
  custom:video-decoder-ogg-theora: a1e56fd34408186e4bbccfd4996cb3dc -> 
  custom:framework-win-MediaFoundation: 216162199b28c13a410421893ffa2e32 -> 
  custom:CustomObjectIndexerAttribute: 9a22284fe3817be447336de3de66b15e -> 
  custom:container-demuxer-webm: 4f35f7cbe854078d1ac9338744f61a02 -> 
  custom:scripting/monoscript/fileName/ForkliftPoint.cs: 2582c41c091e4dfd00aca14346b3d5d1 -> 
  custom:container-muxer-webm: aa71ff27fc2769a1b78a27578f13a17b -> 
  custom:video-decoder-webm-vp8: 9c59270c3fd7afecdb556c50c9e8de78 -> 
  custom:SearchIndexIgnoredProperties: e643bd26f0fe6173181afceb89e7c659 -> 
  custom:AudioImporter_EditorPlatform: d09bf68614088b80899f8185d706f6e7 -> 
  custom:video-encoder-webm-vp8: eb34c28f22e8b96e1ab97ce403110664 -> 
  custom:audio-decoder-ogg-vorbis: bf7c407c2cedff20999df2af8eb42d56 -> 
  custom:audio-encoder-webm-vorbis: bf7c407c2cedff20999df2af8eb42d56 -> 
  custom:scripting/precompiled-assembly-types:Assembly-CSharp: e1153a10ab4ba61625f8233168fcde30 -> 3c2c8354a068f1efab7b9b1873082af8
========================================================================
Received Prepare
Caller must complete domain reload
Begin MonoManager ReloadAssembly
- Loaded All Assemblies, in  0.358 seconds
Native extension for WindowsStandalone target not found
Native extension for Android target not found
Native extension for WebGL target not found
[Package Manager] Server::EnsureServerProcessIsRunning -- launch failed, reason: Unity was launched with the -noUpm command-line argument
[Package Manager] UpmClient::Send -- Unable to send message (not connected to UPM process).
[Package Manager] Cannot connect to Unity Package Manager local server
Failed to sync packages list
UnityEngine.StackTraceUtility:ExtractStackTrace ()
UnityEngine.DebugLogHandler:LogFormat (UnityEngine.LogType,UnityEngine.Object,string,object[])
UnityEngine.Logger:Log (UnityEngine.LogType,object)
UnityEngine.Debug:LogWarning (object)
 .  / :MoveNext ()
System.Runtime.CompilerServices.AsyncVoidMethodBuilder:Start< .  / > ( .  / &)
 .  :  ()
 .⁪/ :MoveNext ()
System.Runtime.CompilerServices.AsyncTaskMethodBuilder:Start< .⁪/ > ( .⁪/ &)
 .⁪:  ()
System.Reflection.RuntimeMethodInfo:Invoke (object,System.Reflection.BindingFlags,System.Reflection.Binder,object[],System.Globalization.CultureInfo)
System.Reflection.MethodBase:Invoke (object,object[])
UnityEditor.EditorAssemblies:ProcessInitializeOnLoadMethodAttributes ()

Mono: successfully reloaded assembly
- Finished resetting the current domain, in  0.789 seconds
Domain Reload Profiling: 1146ms
	BeginReloadAssembly (124ms)
		ExecutionOrderSort (0ms)
		DisableScriptedObjects (4ms)
		BackupInstance (0ms)
		ReleaseScriptingObjects (0ms)
		CreateAndSetChildDomain (28ms)
	RebuildCommonClasses (25ms)
	RebuildNativeTypeToScriptingClass (9ms)
	initialDomainReloadingComplete (20ms)
	LoadAllAssembliesAndSetupDomain (178ms)
		LoadAssemblies (228ms)
		RebuildTransferFunctionScriptingTraits (0ms)
		AnalyzeDomain (13ms)
			TypeCache.Refresh (5ms)
				TypeCache.ScanAssembly (0ms)
			ScanForSourceGeneratedMonoScriptInfo (0ms)
			ResolveRequiredComponents (4ms)
	FinalizeReload (789ms)
		ReleaseScriptCaches (0ms)
		RebuildScriptCaches (0ms)
		SetupLoadedEditorAssemblies (446ms)
			LogAssemblyErrors (0ms)
			InitializePlatformSupportModulesInManaged (15ms)
			SetLoadedEditorAssemblies (3ms)
			RefreshPlugins (0ms)
			BeforeProcessingInitializeOnLoad (49ms)
			ProcessInitializeOnLoadAttributes (330ms)
			ProcessInitializeOnLoadMethodAttributes (45ms)
			AfterProcessingInitializeOnLoad (5ms)
			EditorAssembliesLoaded (0ms)
		ExecutionOrderSort2 (0ms)
		AwakeInstancesAfterBackupRestoration (6ms)
Refreshing native plugins compatible for Editor in 5.18 ms, found 6 plugins.
Preloading 0 native plugins for Editor in 0.00 ms.
Release of invalid GC handle. The handle is from a previous domain. The release operation is skipped.
Release of invalid GC handle native callstack: 
0x00007ff79e68424d (Unity) StackWalker::GetCurrentCallstack
0x00007ff79e689329 (Unity) StackWalker::ShowCallstack
0x00007ff79f67dae1 (Unity) GetStacktrace
0x00007ff79e57f20d (Unity) ScriptingGCHandle::ReleaseAndClear
0x00007ff79eb4748c (Unity) UploadHandlerRaw::`vector deleting destructor'
0x00007ff79eb4803d (Unity) UploadHandler::Release
0x00007ff79eb448dd (Unity) UnityWebRequestProto<UnityWebRequestTransport,AtomicRefCounter,RedirectHelper,ResponseHelper,DownloadHandler,UploadHandler,CertificateHandler,HeaderHelper,AsyncOperation>::~UnityWebRequestProto<UnityWebRequestTransport,AtomicRefCounter,RedirectHelper,ResponseHelper,DownloadHandler,UploadHandler,CertificateHandler,HeaderHelper,AsyncOperation>
0x00007ff79eb44bd6 (Unity) UnityWebRequest::`vector deleting destructor'
0x00007ff79d894b77 (Unity) UnityWebRequestProto<UnityWebRequestTransport,AtomicRefCounter,RedirectHelper,ResponseHelper,DownloadHandler,UploadHandler,CertificateHandler,HeaderHelper,AsyncOperation>::Release
0x00007ff79eb46605 (Unity) UnityWebRequestAsyncOperation::InvokeCoroutine
0x00007ff79eb467e1 (Unity) UnityWebRequestProto<UnityWebRequestTransport,AtomicRefCounter,RedirectHelper,ResponseHelper,DownloadHandler,UploadHandler,CertificateHandler,HeaderHelper,AsyncOperation>::Job_InvokeCoroutine
0x00007ff79e1ab54a (Unity) BackgroundJobQueue::ExecuteMainThreadJobs
0x00007ff79e26005f (Unity) PreloadManager::WaitForAllAsyncOperationsToComplete
0x00007ff79fa23af8 (Unity) <lambda_b37b41f03089e3cb3f55061bbc93253d>::operator()
0x00007ff79fa5f422 (Unity) asio::detail::completion_handler<core::mutable_function<void __cdecl(void)>,asio::io_context::basic_executor_type<std::allocator<void>,0> >::do_complete
0x00007ff79fa4b3ce (Unity) asio::detail::win_iocp_io_context::do_one
0x00007ff79fa4d034 (Unity) asio::detail::win_iocp_io_context::run
0x00007ff79fa5d7cc (Unity) IOService::Run
0x00007ff79fa30c2f (Unity) AssetImportWorkerClient::Run
0x00007ff79f9fc3d7 (Unity) RunAssetImportWorkerClientV2
0x00007ff79f9fc45b (Unity) RunAssetImporterV2
0x00007ff79f1f31de (Unity) Application::InitializeProject
0x00007ff79f688795 (Unity) WinMain
0x00007ff7a0a535ce (Unity) __scrt_common_main_seh
0x00007ffa8b87e8d7 (KERNEL32) BaseThreadInitThunk
0x00007ffa8c1714fc (ntdll) RtlUserThreadStart
Unloading 3382 Unused Serialized files (Serialized files now loaded: 0)
Unloading 39 unused Assets / (1.0 MB). Loaded Objects now: 3971.
Memory consumption went from 138.0 MB to 137.0 MB.
Total: 3.689900 ms (FindLiveObjects: 0.297700 ms CreateObjectMapping: 0.075700 ms MarkObjects: 2.941800 ms  DeleteObjects: 0.373600 ms)

Prepare: number of updated asset objects reloaded= 0
AssetImportParameters requested are different than current active one (requested -> active):
  custom:container-demuxer-ogg: 62fdf1f143b41e24485cea50d1cbac27 -> 
  custom:video-codec-MediaFoundation-h265: 746d11721c4dcdbdad8f713fa42b33f4 -> 
  custom:scripting/monoscript/fileName/ItemSpawner.cs: 89bb84a59819050d4840b7507c570619 -> db1977b8cba25b543176d6db98d38cfb
  custom:video-decoder-ogg-theora: a1e56fd34408186e4bbccfd4996cb3dc -> 
  custom:framework-win-MediaFoundation: 216162199b28c13a410421893ffa2e32 -> 
  custom:CustomObjectIndexerAttribute: 9a22284fe3817be447336de3de66b15e -> 
  custom:container-demuxer-webm: 4f35f7cbe854078d1ac9338744f61a02 -> 
  custom:scripting/monoscript/fileName/ForkliftPoint.cs: 2582c41c091e4dfd00aca14346b3d5d1 -> 
  custom:container-muxer-webm: aa71ff27fc2769a1b78a27578f13a17b -> 
  custom:video-decoder-webm-vp8: 9c59270c3fd7afecdb556c50c9e8de78 -> 
  custom:SearchIndexIgnoredProperties: e643bd26f0fe6173181afceb89e7c659 -> 
  custom:AudioImporter_EditorPlatform: d09bf68614088b80899f8185d706f6e7 -> 
  custom:video-encoder-webm-vp8: eb34c28f22e8b96e1ab97ce403110664 -> 
  custom:audio-decoder-ogg-vorbis: bf7c407c2cedff20999df2af8eb42d56 -> 
  custom:audio-encoder-webm-vorbis: bf7c407c2cedff20999df2af8eb42d56 -> 
  custom:scripting/precompiled-assembly-types:Assembly-CSharp: e1153a10ab4ba61625f8233168fcde30 -> 3c2c8354a068f1efab7b9b1873082af8
========================================================================
Received Prepare
Caller must complete domain reload
Begin MonoManager ReloadAssembly
- Loaded All Assemblies, in  0.344 seconds
Native extension for WindowsStandalone target not found
Native extension for Android target not found
Native extension for WebGL target not found
[Package Manager] Server::EnsureServerProcessIsRunning -- launch failed, reason: Unity was launched with the -noUpm command-line argument
[Package Manager] UpmClient::Send -- Unable to send message (not connected to UPM process).
[Package Manager] Cannot connect to Unity Package Manager local server
Failed to sync packages list
UnityEngine.StackTraceUtility:ExtractStackTrace ()
UnityEngine.DebugLogHandler:LogFormat (UnityEngine.LogType,UnityEngine.Object,string,object[])
UnityEngine.Logger:Log (UnityEngine.LogType,object)
UnityEngine.Debug:LogWarning (object)
 .  / :MoveNext ()
System.Runtime.CompilerServices.AsyncVoidMethodBuilder:Start< .  / > ( .  / &)
 .  :  ()
 .⁪/ :MoveNext ()
System.Runtime.CompilerServices.AsyncTaskMethodBuilder:Start< .⁪/ > ( .⁪/ &)
 .⁪:  ()
System.Reflection.RuntimeMethodInfo:Invoke (object,System.Reflection.BindingFlags,System.Reflection.Binder,object[],System.Globalization.CultureInfo)
System.Reflection.MethodBase:Invoke (object,object[])
UnityEditor.EditorAssemblies:ProcessInitializeOnLoadMethodAttributes ()

Mono: successfully reloaded assembly
- Finished resetting the current domain, in  0.752 seconds
Domain Reload Profiling: 1095ms
	BeginReloadAssembly (116ms)
		ExecutionOrderSort (0ms)
		DisableScriptedObjects (4ms)
		BackupInstance (0ms)
		ReleaseScriptingObjects (0ms)
		CreateAndSetChildDomain (25ms)
	RebuildCommonClasses (24ms)
	RebuildNativeTypeToScriptingClass (7ms)
	initialDomainReloadingComplete (21ms)
	LoadAllAssembliesAndSetupDomain (173ms)
		LoadAssemblies (219ms)
		RebuildTransferFunctionScriptingTraits (0ms)
		AnalyzeDomain (12ms)
			TypeCache.Refresh (5ms)
				TypeCache.ScanAssembly (0ms)
			ScanForSourceGeneratedMonoScriptInfo (0ms)
			ResolveRequiredComponents (4ms)
	FinalizeReload (752ms)
		ReleaseScriptCaches (0ms)
		RebuildScriptCaches (0ms)
		SetupLoadedEditorAssemblies (419ms)
			LogAssemblyErrors (0ms)
			InitializePlatformSupportModulesInManaged (15ms)
			SetLoadedEditorAssemblies (3ms)
			RefreshPlugins (0ms)
			BeforeProcessingInitializeOnLoad (48ms)
			ProcessInitializeOnLoadAttributes (308ms)
			ProcessInitializeOnLoadMethodAttributes (42ms)
			AfterProcessingInitializeOnLoad (4ms)
			EditorAssembliesLoaded (0ms)
		ExecutionOrderSort2 (0ms)
		AwakeInstancesAfterBackupRestoration (7ms)
Refreshing native plugins compatible for Editor in 3.39 ms, found 6 plugins.
Preloading 0 native plugins for Editor in 0.00 ms.
Release of invalid GC handle. The handle is from a previous domain. The release operation is skipped.
Release of invalid GC handle native callstack: 
0x00007ff79e68424d (Unity) StackWalker::GetCurrentCallstack
0x00007ff79e689329 (Unity) StackWalker::ShowCallstack
0x00007ff79f67dae1 (Unity) GetStacktrace
0x00007ff79e57f20d (Unity) ScriptingGCHandle::ReleaseAndClear
0x00007ff79eb4748c (Unity) UploadHandlerRaw::`vector deleting destructor'
0x00007ff79eb4803d (Unity) UploadHandler::Release
0x00007ff79eb448dd (Unity) UnityWebRequestProto<UnityWebRequestTransport,AtomicRefCounter,RedirectHelper,ResponseHelper,DownloadHandler,UploadHandler,CertificateHandler,HeaderHelper,AsyncOperation>::~UnityWebRequestProto<UnityWebRequestTransport,AtomicRefCounter,RedirectHelper,ResponseHelper,DownloadHandler,UploadHandler,CertificateHandler,HeaderHelper,AsyncOperation>
0x00007ff79eb44bd6 (Unity) UnityWebRequest::`vector deleting destructor'
0x00007ff79d894b77 (Unity) UnityWebRequestProto<UnityWebRequestTransport,AtomicRefCounter,RedirectHelper,ResponseHelper,DownloadHandler,UploadHandler,CertificateHandler,HeaderHelper,AsyncOperation>::Release
0x00007ff79eb46605 (Unity) UnityWebRequestAsyncOperation::InvokeCoroutine
0x00007ff79eb467e1 (Unity) UnityWebRequestProto<UnityWebRequestTransport,AtomicRefCounter,RedirectHelper,ResponseHelper,DownloadHandler,UploadHandler,CertificateHandler,HeaderHelper,AsyncOperation>::Job_InvokeCoroutine
0x00007ff79e1ab54a (Unity) BackgroundJobQueue::ExecuteMainThreadJobs
0x00007ff79e26005f (Unity) PreloadManager::WaitForAllAsyncOperationsToComplete
0x00007ff79fa23af8 (Unity) <lambda_b37b41f03089e3cb3f55061bbc93253d>::operator()
0x00007ff79fa5f422 (Unity) asio::detail::completion_handler<core::mutable_function<void __cdecl(void)>,asio::io_context::basic_executor_type<std::allocator<void>,0> >::do_complete
0x00007ff79fa4b3ce (Unity) asio::detail::win_iocp_io_context::do_one
0x00007ff79fa4d034 (Unity) asio::detail::win_iocp_io_context::run
0x00007ff79fa5d7cc (Unity) IOService::Run
0x00007ff79fa30c2f (Unity) AssetImportWorkerClient::Run
0x00007ff79f9fc3d7 (Unity) RunAssetImportWorkerClientV2
0x00007ff79f9fc45b (Unity) RunAssetImporterV2
0x00007ff79f1f31de (Unity) Application::InitializeProject
0x00007ff79f688795 (Unity) WinMain
0x00007ff7a0a535ce (Unity) __scrt_common_main_seh
0x00007ffa8b87e8d7 (KERNEL32) BaseThreadInitThunk
0x00007ffa8c1714fc (ntdll) RtlUserThreadStart
Unloading 3382 Unused Serialized files (Serialized files now loaded: 0)
Unloading 39 unused Assets / (1.0 MB). Loaded Objects now: 3976.
Memory consumption went from 138.1 MB to 137.1 MB.
Total: 3.525400 ms (FindLiveObjects: 0.181700 ms CreateObjectMapping: 0.091700 ms MarkObjects: 2.821700 ms  DeleteObjects: 0.429300 ms)

Prepare: number of updated asset objects reloaded= 0
AssetImportParameters requested are different than current active one (requested -> active):
  custom:container-demuxer-ogg: 62fdf1f143b41e24485cea50d1cbac27 -> 
  custom:video-codec-MediaFoundation-h265: 746d11721c4dcdbdad8f713fa42b33f4 -> 
  custom:scripting/monoscript/fileName/ItemSpawner.cs: 89bb84a59819050d4840b7507c570619 -> db1977b8cba25b543176d6db98d38cfb
  custom:video-decoder-ogg-theora: a1e56fd34408186e4bbccfd4996cb3dc -> 
  custom:framework-win-MediaFoundation: 216162199b28c13a410421893ffa2e32 -> 
  custom:CustomObjectIndexerAttribute: 9a22284fe3817be447336de3de66b15e -> 
  custom:container-demuxer-webm: 4f35f7cbe854078d1ac9338744f61a02 -> 
  custom:scripting/monoscript/fileName/ForkliftPoint.cs: 2582c41c091e4dfd00aca14346b3d5d1 -> 
  custom:container-muxer-webm: aa71ff27fc2769a1b78a27578f13a17b -> 
  custom:video-decoder-webm-vp8: 9c59270c3fd7afecdb556c50c9e8de78 -> 
  custom:SearchIndexIgnoredProperties: e643bd26f0fe6173181afceb89e7c659 -> 
  custom:AudioImporter_EditorPlatform: d09bf68614088b80899f8185d706f6e7 -> 
  custom:video-encoder-webm-vp8: eb34c28f22e8b96e1ab97ce403110664 -> 
  custom:audio-decoder-ogg-vorbis: bf7c407c2cedff20999df2af8eb42d56 -> 
  custom:audio-encoder-webm-vorbis: bf7c407c2cedff20999df2af8eb42d56 -> 
  custom:scripting/precompiled-assembly-types:Assembly-CSharp: e1153a10ab4ba61625f8233168fcde30 -> 3c2c8354a068f1efab7b9b1873082af8
========================================================================
Received Prepare
Caller must complete domain reload
Begin MonoManager ReloadAssembly
- Loaded All Assemblies, in  0.360 seconds
Native extension for WindowsStandalone target not found
Native extension for Android target not found
Native extension for WebGL target not found
[Package Manager] Server::EnsureServerProcessIsRunning -- launch failed, reason: Unity was launched with the -noUpm command-line argument
[Package Manager] UpmClient::Send -- Unable to send message (not connected to UPM process).
[Package Manager] Cannot connect to Unity Package Manager local server
Failed to sync packages list
UnityEngine.StackTraceUtility:ExtractStackTrace ()
UnityEngine.DebugLogHandler:LogFormat (UnityEngine.LogType,UnityEngine.Object,string,object[])
UnityEngine.Logger:Log (UnityEngine.LogType,object)
UnityEngine.Debug:LogWarning (object)
 .  / :MoveNext ()
System.Runtime.CompilerServices.AsyncVoidMethodBuilder:Start< .  / > ( .  / &)
 .  :  ()
 .⁪/ :MoveNext ()
System.Runtime.CompilerServices.AsyncTaskMethodBuilder:Start< .⁪/ > ( .⁪/ &)
 .⁪:  ()
System.Reflection.RuntimeMethodInfo:Invoke (object,System.Reflection.BindingFlags,System.Reflection.Binder,object[],System.Globalization.CultureInfo)
System.Reflection.MethodBase:Invoke (object,object[])
UnityEditor.EditorAssemblies:ProcessInitializeOnLoadMethodAttributes ()

Mono: successfully reloaded assembly
- Finished resetting the current domain, in  0.775 seconds
Domain Reload Profiling: 1134ms
	BeginReloadAssembly (131ms)
		ExecutionOrderSort (0ms)
		DisableScriptedObjects (4ms)
		BackupInstance (0ms)
		ReleaseScriptingObjects (0ms)
		CreateAndSetChildDomain (26ms)
	RebuildCommonClasses (25ms)
	RebuildNativeTypeToScriptingClass (7ms)
	initialDomainReloadingComplete (21ms)
	LoadAllAssembliesAndSetupDomain (174ms)
		LoadAssemblies (231ms)
		RebuildTransferFunctionScriptingTraits (0ms)
		AnalyzeDomain (14ms)
			TypeCache.Refresh (5ms)
				TypeCache.ScanAssembly (0ms)
			ScanForSourceGeneratedMonoScriptInfo (0ms)
			ResolveRequiredComponents (5ms)
	FinalizeReload (775ms)
		ReleaseScriptCaches (0ms)
		RebuildScriptCaches (0ms)
		SetupLoadedEditorAssemblies (422ms)
			LogAssemblyErrors (0ms)
			InitializePlatformSupportModulesInManaged (14ms)
			SetLoadedEditorAssemblies (3ms)
			RefreshPlugins (0ms)
			BeforeProcessingInitializeOnLoad (49ms)
			ProcessInitializeOnLoadAttributes (315ms)
			ProcessInitializeOnLoadMethodAttributes (37ms)
			AfterProcessingInitializeOnLoad (3ms)
			EditorAssembliesLoaded (0ms)
		ExecutionOrderSort2 (0ms)
		AwakeInstancesAfterBackupRestoration (6ms)
Refreshing native plugins compatible for Editor in 3.44 ms, found 6 plugins.
Preloading 0 native plugins for Editor in 0.00 ms.
Release of invalid GC handle. The handle is from a previous domain. The release operation is skipped.
Release of invalid GC handle native callstack: 
0x00007ff79e68424d (Unity) StackWalker::GetCurrentCallstack
0x00007ff79e689329 (Unity) StackWalker::ShowCallstack
0x00007ff79f67dae1 (Unity) GetStacktrace
0x00007ff79e57f20d (Unity) ScriptingGCHandle::ReleaseAndClear
0x00007ff79eb4748c (Unity) UploadHandlerRaw::`vector deleting destructor'
0x00007ff79eb4803d (Unity) UploadHandler::Release
0x00007ff79eb448dd (Unity) UnityWebRequestProto<UnityWebRequestTransport,AtomicRefCounter,RedirectHelper,ResponseHelper,DownloadHandler,UploadHandler,CertificateHandler,HeaderHelper,AsyncOperation>::~UnityWebRequestProto<UnityWebRequestTransport,AtomicRefCounter,RedirectHelper,ResponseHelper,DownloadHandler,UploadHandler,CertificateHandler,HeaderHelper,AsyncOperation>
0x00007ff79eb44bd6 (Unity) UnityWebRequest::`vector deleting destructor'
0x00007ff79d894b77 (Unity) UnityWebRequestProto<UnityWebRequestTransport,AtomicRefCounter,RedirectHelper,ResponseHelper,DownloadHandler,UploadHandler,CertificateHandler,HeaderHelper,AsyncOperation>::Release
0x00007ff79eb46605 (Unity) UnityWebRequestAsyncOperation::InvokeCoroutine
0x00007ff79eb467e1 (Unity) UnityWebRequestProto<UnityWebRequestTransport,AtomicRefCounter,RedirectHelper,ResponseHelper,DownloadHandler,UploadHandler,CertificateHandler,HeaderHelper,AsyncOperation>::Job_InvokeCoroutine
0x00007ff79e1ab54a (Unity) BackgroundJobQueue::ExecuteMainThreadJobs
0x00007ff79e26005f (Unity) PreloadManager::WaitForAllAsyncOperationsToComplete
0x00007ff79fa23af8 (Unity) <lambda_b37b41f03089e3cb3f55061bbc93253d>::operator()
0x00007ff79fa5f422 (Unity) asio::detail::completion_handler<core::mutable_function<void __cdecl(void)>,asio::io_context::basic_executor_type<std::allocator<void>,0> >::do_complete
0x00007ff79fa4b3ce (Unity) asio::detail::win_iocp_io_context::do_one
0x00007ff79fa4d034 (Unity) asio::detail::win_iocp_io_context::run
0x00007ff79fa5d7cc (Unity) IOService::Run
0x00007ff79fa30c2f (Unity) AssetImportWorkerClient::Run
0x00007ff79f9fc3d7 (Unity) RunAssetImportWorkerClientV2
0x00007ff79f9fc45b (Unity) RunAssetImporterV2
0x00007ff79f1f31de (Unity) Application::InitializeProject
0x00007ff79f688795 (Unity) WinMain
0x00007ff7a0a535ce (Unity) __scrt_common_main_seh
0x00007ffa8b87e8d7 (KERNEL32) BaseThreadInitThunk
0x00007ffa8c1714fc (ntdll) RtlUserThreadStart
Unloading 3382 Unused Serialized files (Serialized files now loaded: 0)
Unloading 39 unused Assets / (1.0 MB). Loaded Objects now: 3981.
Memory consumption went from 138.3 MB to 137.3 MB.
Total: 3.652300 ms (FindLiveObjects: 0.181600 ms CreateObjectMapping: 0.086100 ms MarkObjects: 2.943900 ms  DeleteObjects: 0.439500 ms)

Prepare: number of updated asset objects reloaded= 0
AssetImportParameters requested are different than current active one (requested -> active):
  custom:container-demuxer-ogg: 62fdf1f143b41e24485cea50d1cbac27 -> 
  custom:video-codec-MediaFoundation-h265: 746d11721c4dcdbdad8f713fa42b33f4 -> 
  custom:scripting/monoscript/fileName/ItemSpawner.cs: 89bb84a59819050d4840b7507c570619 -> db1977b8cba25b543176d6db98d38cfb
  custom:video-decoder-ogg-theora: a1e56fd34408186e4bbccfd4996cb3dc -> 
  custom:framework-win-MediaFoundation: 216162199b28c13a410421893ffa2e32 -> 
  custom:CustomObjectIndexerAttribute: 9a22284fe3817be447336de3de66b15e -> 
  custom:container-demuxer-webm: 4f35f7cbe854078d1ac9338744f61a02 -> 
  custom:scripting/monoscript/fileName/ForkliftPoint.cs: 2582c41c091e4dfd00aca14346b3d5d1 -> 
  custom:container-muxer-webm: aa71ff27fc2769a1b78a27578f13a17b -> 
  custom:video-decoder-webm-vp8: 9c59270c3fd7afecdb556c50c9e8de78 -> 
  custom:SearchIndexIgnoredProperties: e643bd26f0fe6173181afceb89e7c659 -> 
  custom:AudioImporter_EditorPlatform: d09bf68614088b80899f8185d706f6e7 -> 
  custom:video-encoder-webm-vp8: eb34c28f22e8b96e1ab97ce403110664 -> 
  custom:audio-decoder-ogg-vorbis: bf7c407c2cedff20999df2af8eb42d56 -> 
  custom:audio-encoder-webm-vorbis: bf7c407c2cedff20999df2af8eb42d56 -> 
  custom:scripting/precompiled-assembly-types:Assembly-CSharp: e1153a10ab4ba61625f8233168fcde30 -> 3c2c8354a068f1efab7b9b1873082af8
========================================================================
Received Import Request.
  Time since last request: 972.842088 seconds.
  path: Assets/Scripts/Logic/Points/ItemMovePoint.cs
  artifactKey: Guid(3ef66cbce4bc46f9849d1957b2af0f71) Importer(815301076,1909f56bfc062723c751e8b465ee728b)
Start importing Assets/Scripts/Logic/Points/ItemMovePoint.cs using Guid(3ef66cbce4bc46f9849d1957b2af0f71) Importer(815301076,1909f56bfc062723c751e8b465ee728b) [PhysX] Initialized MultithreadedTaskDispatcher with 12 workers.
 -> (artifact id: '1abbf786ece664fb4d49205ca6ed41c1') in 0.009945 seconds
Number of updated asset objects reloaded before import = 0
Number of asset objects unloaded after import = 0
========================================================================
Received Import Request.
  Time since last request: 4.630876 seconds.
  path: Assets/Scripts/Logic/Points/MoneyMovePoint.cs
  artifactKey: Guid(5c77b2f54ca649f98891243bb7edccef) Importer(815301076,1909f56bfc062723c751e8b465ee728b)
Start importing Assets/Scripts/Logic/Points/MoneyMovePoint.cs using Guid(5c77b2f54ca649f98891243bb7edccef) Importer(815301076,1909f56bfc062723c751e8b465ee728b) [PhysX] Initialized MultithreadedTaskDispatcher with 12 workers.
 -> (artifact id: '0cfff7690e1455dc333717569a8026b0') in 0.001882 seconds
Number of updated asset objects reloaded before import = 0
Number of asset objects unloaded after import = 0
========================================================================
Received Import Request.
  Time since last request: 2.431126 seconds.
  path: Assets/Scripts/Logic/MoneyManager.cs
  artifactKey: Guid(f64bb21b5d17ce34ba7b48c937a3a937) Importer(815301076,1909f56bfc062723c751e8b465ee728b)
Start importing Assets/Scripts/Logic/MoneyManager.cs using Guid(f64bb21b5d17ce34ba7b48c937a3a937) Importer(815301076,1909f56bfc062723c751e8b465ee728b) [PhysX] Initialized MultithreadedTaskDispatcher with 12 workers.
 -> (artifact id: '85762f69217c89a9555cf3ab413ca499') in 0.000664 seconds
Number of updated asset objects reloaded before import = 0
Number of asset objects unloaded after import = 0
========================================================================
Received Import Request.
  Time since last request: 4.414806 seconds.
  path: Assets/Scripts/Logic/Items/MovePoints.cs
  artifactKey: Guid(5dac46422b104bcea9069c3073bf5c1b) Importer(815301076,1909f56bfc062723c751e8b465ee728b)
Start importing Assets/Scripts/Logic/Items/MovePoints.cs using Guid(5dac46422b104bcea9069c3073bf5c1b) Importer(815301076,1909f56bfc062723c751e8b465ee728b) [PhysX] Initialized MultithreadedTaskDispatcher with 12 workers.
 -> (artifact id: 'c734df93263b34ad8718e10f953c8994') in 0.000473 seconds
Number of updated asset objects reloaded before import = 0
Number of asset objects unloaded after import = 0
========================================================================
Received Prepare
Caller must complete domain reload
Begin MonoManager ReloadAssembly
- Loaded All Assemblies, in  0.387 seconds
Native extension for WindowsStandalone target not found
Native extension for Android target not found
Native extension for WebGL target not found
[Package Manager] Server::EnsureServerProcessIsRunning -- launch failed, reason: Unity was launched with the -noUpm command-line argument
[Package Manager] UpmClient::Send -- Unable to send message (not connected to UPM process).
[Package Manager] Cannot connect to Unity Package Manager local server
Failed to sync packages list
UnityEngine.StackTraceUtility:ExtractStackTrace ()
UnityEngine.DebugLogHandler:LogFormat (UnityEngine.LogType,UnityEngine.Object,string,object[])
UnityEngine.Logger:Log (UnityEngine.LogType,object)
UnityEngine.Debug:LogWarning (object)
 .  / :MoveNext ()
System.Runtime.CompilerServices.AsyncVoidMethodBuilder:Start< .  / > ( .  / &)
 .  :  ()
 .⁪/ :MoveNext ()
System.Runtime.CompilerServices.AsyncTaskMethodBuilder:Start< .⁪/ > ( .⁪/ &)
 .⁪:  ()
System.Reflection.RuntimeMethodInfo:Invoke (object,System.Reflection.BindingFlags,System.Reflection.Binder,object[],System.Globalization.CultureInfo)
System.Reflection.MethodBase:Invoke (object,object[])
UnityEditor.EditorAssemblies:ProcessInitializeOnLoadMethodAttributes ()

Mono: successfully reloaded assembly
- Finished resetting the current domain, in  0.809 seconds
Domain Reload Profiling: 1194ms
	BeginReloadAssembly (132ms)
		ExecutionOrderSort (0ms)
		DisableScriptedObjects (4ms)
		BackupInstance (0ms)
		ReleaseScriptingObjects (0ms)
		CreateAndSetChildDomain (33ms)
	RebuildCommonClasses (28ms)
	RebuildNativeTypeToScriptingClass (8ms)
	initialDomainReloadingComplete (23ms)
	LoadAllAssembliesAndSetupDomain (195ms)
		LoadAssemblies (239ms)
		RebuildTransferFunctionScriptingTraits (0ms)
		AnalyzeDomain (21ms)
			TypeCache.Refresh (8ms)
				TypeCache.ScanAssembly (0ms)
			ScanForSourceGeneratedMonoScriptInfo (6ms)
			ResolveRequiredComponents (4ms)
	FinalizeReload (809ms)
		ReleaseScriptCaches (0ms)
		RebuildScriptCaches (0ms)
		SetupLoadedEditorAssemblies (450ms)
			LogAssemblyErrors (0ms)
			InitializePlatformSupportModulesInManaged (14ms)
			SetLoadedEditorAssemblies (3ms)
			RefreshPlugins (0ms)
			BeforeProcessingInitializeOnLoad (52ms)
			ProcessInitializeOnLoadAttributes (331ms)
			ProcessInitializeOnLoadMethodAttributes (47ms)
			AfterProcessingInitializeOnLoad (4ms)
			EditorAssembliesLoaded (0ms)
		ExecutionOrderSort2 (0ms)
		AwakeInstancesAfterBackupRestoration (6ms)
Refreshing native plugins compatible for Editor in 2.56 ms, found 6 plugins.
Preloading 0 native plugins for Editor in 0.00 ms.
Release of invalid GC handle. The handle is from a previous domain. The release operation is skipped.
Release of invalid GC handle native callstack: 
0x00007ff79e68424d (Unity) StackWalker::GetCurrentCallstack
0x00007ff79e689329 (Unity) StackWalker::ShowCallstack
0x00007ff79f67dae1 (Unity) GetStacktrace
0x00007ff79e57f20d (Unity) ScriptingGCHandle::ReleaseAndClear
0x00007ff79eb4748c (Unity) UploadHandlerRaw::`vector deleting destructor'
0x00007ff79eb4803d (Unity) UploadHandler::Release
0x00007ff79eb448dd (Unity) UnityWebRequestProto<UnityWebRequestTransport,AtomicRefCounter,RedirectHelper,ResponseHelper,DownloadHandler,UploadHandler,CertificateHandler,HeaderHelper,AsyncOperation>::~UnityWebRequestProto<UnityWebRequestTransport,AtomicRefCounter,RedirectHelper,ResponseHelper,DownloadHandler,UploadHandler,CertificateHandler,HeaderHelper,AsyncOperation>
0x00007ff79eb44bd6 (Unity) UnityWebRequest::`vector deleting destructor'
0x00007ff79d894b77 (Unity) UnityWebRequestProto<UnityWebRequestTransport,AtomicRefCounter,RedirectHelper,ResponseHelper,DownloadHandler,UploadHandler,CertificateHandler,HeaderHelper,AsyncOperation>::Release
0x00007ff79eb46605 (Unity) UnityWebRequestAsyncOperation::InvokeCoroutine
0x00007ff79eb467e1 (Unity) UnityWebRequestProto<UnityWebRequestTransport,AtomicRefCounter,RedirectHelper,ResponseHelper,DownloadHandler,UploadHandler,CertificateHandler,HeaderHelper,AsyncOperation>::Job_InvokeCoroutine
0x00007ff79e1ab54a (Unity) BackgroundJobQueue::ExecuteMainThreadJobs
0x00007ff79e26005f (Unity) PreloadManager::WaitForAllAsyncOperationsToComplete
0x00007ff79fa23af8 (Unity) <lambda_b37b41f03089e3cb3f55061bbc93253d>::operator()
0x00007ff79fa5f422 (Unity) asio::detail::completion_handler<core::mutable_function<void __cdecl(void)>,asio::io_context::basic_executor_type<std::allocator<void>,0> >::do_complete
0x00007ff79fa4b3ce (Unity) asio::detail::win_iocp_io_context::do_one
0x00007ff79fa4d034 (Unity) asio::detail::win_iocp_io_context::run
0x00007ff79fa5d7cc (Unity) IOService::Run
0x00007ff79fa30c2f (Unity) AssetImportWorkerClient::Run
0x00007ff79f9fc3d7 (Unity) RunAssetImportWorkerClientV2
0x00007ff79f9fc45b (Unity) RunAssetImporterV2
0x00007ff79f1f31de (Unity) Application::InitializeProject
0x00007ff79f688795 (Unity) WinMain
0x00007ff7a0a535ce (Unity) __scrt_common_main_seh
0x00007ffa8b87e8d7 (KERNEL32) BaseThreadInitThunk
0x00007ffa8c1714fc (ntdll) RtlUserThreadStart
Unloading 3381 Unused Serialized files (Serialized files now loaded: 0)
Unloading 39 unused Assets / (1.0 MB). Loaded Objects now: 3986.
Memory consumption went from 138.2 MB to 137.2 MB.
Total: 3.493500 ms (FindLiveObjects: 0.205100 ms CreateObjectMapping: 0.074200 ms MarkObjects: 2.855000 ms  DeleteObjects: 0.358400 ms)

Prepare: number of updated asset objects reloaded= 0
AssetImportParameters requested are different than current active one (requested -> active):
  custom:container-demuxer-ogg: 62fdf1f143b41e24485cea50d1cbac27 -> 
  custom:video-codec-MediaFoundation-h265: 746d11721c4dcdbdad8f713fa42b33f4 -> 
  custom:scripting/monoscript/fileName/ItemSpawner.cs: 89bb84a59819050d4840b7507c570619 -> db1977b8cba25b543176d6db98d38cfb
  custom:video-decoder-ogg-theora: a1e56fd34408186e4bbccfd4996cb3dc -> 
  custom:framework-win-MediaFoundation: 216162199b28c13a410421893ffa2e32 -> 
  custom:CustomObjectIndexerAttribute: 9a22284fe3817be447336de3de66b15e -> 
  custom:container-demuxer-webm: 4f35f7cbe854078d1ac9338744f61a02 -> 
  custom:scripting/monoscript/fileName/ForkliftPoint.cs: 2582c41c091e4dfd00aca14346b3d5d1 -> 
  custom:container-muxer-webm: aa71ff27fc2769a1b78a27578f13a17b -> 
  custom:video-decoder-webm-vp8: 9c59270c3fd7afecdb556c50c9e8de78 -> 
  custom:SearchIndexIgnoredProperties: e643bd26f0fe6173181afceb89e7c659 -> 
  custom:AudioImporter_EditorPlatform: d09bf68614088b80899f8185d706f6e7 -> 
  custom:video-encoder-webm-vp8: eb34c28f22e8b96e1ab97ce403110664 -> 
  custom:audio-decoder-ogg-vorbis: bf7c407c2cedff20999df2af8eb42d56 -> 
  custom:audio-encoder-webm-vorbis: bf7c407c2cedff20999df2af8eb42d56 -> 
  custom:scripting/precompiled-assembly-types:Assembly-CSharp: e1153a10ab4ba61625f8233168fcde30 -> 3c2c8354a068f1efab7b9b1873082af8
========================================================================
Received Prepare
Caller must complete domain reload
Begin MonoManager ReloadAssembly
- Loaded All Assemblies, in  0.353 seconds
Native extension for WindowsStandalone target not found
Native extension for Android target not found
Native extension for WebGL target not found
[Package Manager] Server::EnsureServerProcessIsRunning -- launch failed, reason: Unity was launched with the -noUpm command-line argument
[Package Manager] UpmClient::Send -- Unable to send message (not connected to UPM process).
[Package Manager] Cannot connect to Unity Package Manager local server
Failed to sync packages list
UnityEngine.StackTraceUtility:ExtractStackTrace ()
UnityEngine.DebugLogHandler:LogFormat (UnityEngine.LogType,UnityEngine.Object,string,object[])
UnityEngine.Logger:Log (UnityEngine.LogType,object)
UnityEngine.Debug:LogWarning (object)
 .  / :MoveNext ()
System.Runtime.CompilerServices.AsyncVoidMethodBuilder:Start< .  / > ( .  / &)
 .  :  ()
 .⁪/ :MoveNext ()
System.Runtime.CompilerServices.AsyncTaskMethodBuilder:Start< .⁪/ > ( .⁪/ &)
 .⁪:  ()
System.Reflection.RuntimeMethodInfo:Invoke (object,System.Reflection.BindingFlags,System.Reflection.Binder,object[],System.Globalization.CultureInfo)
System.Reflection.MethodBase:Invoke (object,object[])
UnityEditor.EditorAssemblies:ProcessInitializeOnLoadMethodAttributes ()

Mono: successfully reloaded assembly
- Finished resetting the current domain, in  0.748 seconds
Domain Reload Profiling: 1100ms
	BeginReloadAssembly (120ms)
		ExecutionOrderSort (0ms)
		DisableScriptedObjects (4ms)
		BackupInstance (0ms)
		ReleaseScriptingObjects (0ms)
		CreateAndSetChildDomain (28ms)
	RebuildCommonClasses (27ms)
	RebuildNativeTypeToScriptingClass (8ms)
	initialDomainReloadingComplete (20ms)
	LoadAllAssembliesAndSetupDomain (177ms)
		LoadAssemblies (226ms)
		RebuildTransferFunctionScriptingTraits (0ms)
		AnalyzeDomain (12ms)
			TypeCache.Refresh (5ms)
				TypeCache.ScanAssembly (0ms)
			ScanForSourceGeneratedMonoScriptInfo (0ms)
			ResolveRequiredComponents (5ms)
	FinalizeReload (748ms)
		ReleaseScriptCaches (0ms)
		RebuildScriptCaches (0ms)
		SetupLoadedEditorAssemblies (410ms)
			LogAssemblyErrors (0ms)
			InitializePlatformSupportModulesInManaged (14ms)
			SetLoadedEditorAssemblies (3ms)
			RefreshPlugins (0ms)
			BeforeProcessingInitializeOnLoad (48ms)
			ProcessInitializeOnLoadAttributes (303ms)
			ProcessInitializeOnLoadMethodAttributes (38ms)
			AfterProcessingInitializeOnLoad (3ms)
			EditorAssembliesLoaded (0ms)
		ExecutionOrderSort2 (0ms)
		AwakeInstancesAfterBackupRestoration (5ms)
Refreshing native plugins compatible for Editor in 2.75 ms, found 6 plugins.
Preloading 0 native plugins for Editor in 0.00 ms.
Release of invalid GC handle. The handle is from a previous domain. The release operation is skipped.
Release of invalid GC handle native callstack: 
0x00007ff79e68424d (Unity) StackWalker::GetCurrentCallstack
0x00007ff79e689329 (Unity) StackWalker::ShowCallstack
0x00007ff79f67dae1 (Unity) GetStacktrace
0x00007ff79e57f20d (Unity) ScriptingGCHandle::ReleaseAndClear
0x00007ff79eb4748c (Unity) UploadHandlerRaw::`vector deleting destructor'
0x00007ff79eb4803d (Unity) UploadHandler::Release
0x00007ff79eb448dd (Unity) UnityWebRequestProto<UnityWebRequestTransport,AtomicRefCounter,RedirectHelper,ResponseHelper,DownloadHandler,UploadHandler,CertificateHandler,HeaderHelper,AsyncOperation>::~UnityWebRequestProto<UnityWebRequestTransport,AtomicRefCounter,RedirectHelper,ResponseHelper,DownloadHandler,UploadHandler,CertificateHandler,HeaderHelper,AsyncOperation>
0x00007ff79eb44bd6 (Unity) UnityWebRequest::`vector deleting destructor'
0x00007ff79d894b77 (Unity) UnityWebRequestProto<UnityWebRequestTransport,AtomicRefCounter,RedirectHelper,ResponseHelper,DownloadHandler,UploadHandler,CertificateHandler,HeaderHelper,AsyncOperation>::Release
0x00007ff79eb46605 (Unity) UnityWebRequestAsyncOperation::InvokeCoroutine
0x00007ff79eb467e1 (Unity) UnityWebRequestProto<UnityWebRequestTransport,AtomicRefCounter,RedirectHelper,ResponseHelper,DownloadHandler,UploadHandler,CertificateHandler,HeaderHelper,AsyncOperation>::Job_InvokeCoroutine
0x00007ff79e1ab54a (Unity) BackgroundJobQueue::ExecuteMainThreadJobs
0x00007ff79e26005f (Unity) PreloadManager::WaitForAllAsyncOperationsToComplete
0x00007ff79fa23af8 (Unity) <lambda_b37b41f03089e3cb3f55061bbc93253d>::operator()
0x00007ff79fa5f422 (Unity) asio::detail::completion_handler<core::mutable_function<void __cdecl(void)>,asio::io_context::basic_executor_type<std::allocator<void>,0> >::do_complete
0x00007ff79fa4b3ce (Unity) asio::detail::win_iocp_io_context::do_one
0x00007ff79fa4d034 (Unity) asio::detail::win_iocp_io_context::run
0x00007ff79fa5d7cc (Unity) IOService::Run
0x00007ff79fa30c2f (Unity) AssetImportWorkerClient::Run
0x00007ff79f9fc3d7 (Unity) RunAssetImportWorkerClientV2
0x00007ff79f9fc45b (Unity) RunAssetImporterV2
0x00007ff79f1f31de (Unity) Application::InitializeProject
0x00007ff79f688795 (Unity) WinMain
0x00007ff7a0a535ce (Unity) __scrt_common_main_seh
0x00007ffa8b87e8d7 (KERNEL32) BaseThreadInitThunk
0x00007ffa8c1714fc (ntdll) RtlUserThreadStart
Unloading 3382 Unused Serialized files (Serialized files now loaded: 0)
Unloading 39 unused Assets / (1.0 MB). Loaded Objects now: 3991.
Memory consumption went from 138.6 MB to 137.6 MB.
Total: 3.822000 ms (FindLiveObjects: 0.194100 ms CreateObjectMapping: 0.080500 ms MarkObjects: 3.140200 ms  DeleteObjects: 0.405900 ms)

Prepare: number of updated asset objects reloaded= 0
AssetImportParameters requested are different than current active one (requested -> active):
  custom:container-demuxer-ogg: 62fdf1f143b41e24485cea50d1cbac27 -> 
  custom:video-codec-MediaFoundation-h265: 746d11721c4dcdbdad8f713fa42b33f4 -> 
  custom:scripting/monoscript/fileName/ItemSpawner.cs: 89bb84a59819050d4840b7507c570619 -> db1977b8cba25b543176d6db98d38cfb
  custom:video-decoder-ogg-theora: a1e56fd34408186e4bbccfd4996cb3dc -> 
  custom:framework-win-MediaFoundation: 216162199b28c13a410421893ffa2e32 -> 
  custom:CustomObjectIndexerAttribute: 9a22284fe3817be447336de3de66b15e -> 
  custom:container-demuxer-webm: 4f35f7cbe854078d1ac9338744f61a02 -> 
  custom:scripting/monoscript/fileName/ForkliftPoint.cs: 2582c41c091e4dfd00aca14346b3d5d1 -> 
  custom:container-muxer-webm: aa71ff27fc2769a1b78a27578f13a17b -> 
  custom:video-decoder-webm-vp8: 9c59270c3fd7afecdb556c50c9e8de78 -> 
  custom:SearchIndexIgnoredProperties: e643bd26f0fe6173181afceb89e7c659 -> 
  custom:AudioImporter_EditorPlatform: d09bf68614088b80899f8185d706f6e7 -> 
  custom:video-encoder-webm-vp8: eb34c28f22e8b96e1ab97ce403110664 -> 
  custom:audio-decoder-ogg-vorbis: bf7c407c2cedff20999df2af8eb42d56 -> 
  custom:audio-encoder-webm-vorbis: bf7c407c2cedff20999df2af8eb42d56 -> 
  custom:scripting/precompiled-assembly-types:Assembly-CSharp: e1153a10ab4ba61625f8233168fcde30 -> 3c2c8354a068f1efab7b9b1873082af8
========================================================================
Received Prepare
Caller must complete domain reload
Begin MonoManager ReloadAssembly
- Loaded All Assemblies, in  0.863 seconds
Native extension for WindowsStandalone target not found
Native extension for Android target not found
Native extension for WebGL target not found
[Package Manager] Server::EnsureServerProcessIsRunning -- launch failed, reason: Unity was launched with the -noUpm command-line argument
[Package Manager] UpmClient::Send -- Unable to send message (not connected to UPM process).
[Package Manager] Cannot connect to Unity Package Manager local server
Failed to sync packages list
UnityEngine.StackTraceUtility:ExtractStackTrace ()
UnityEngine.DebugLogHandler:LogFormat (UnityEngine.LogType,UnityEngine.Object,string,object[])
UnityEngine.Logger:Log (UnityEngine.LogType,object)
UnityEngine.Debug:LogWarning (object)
 .  / :MoveNext ()
System.Runtime.CompilerServices.AsyncVoidMethodBuilder:Start< .  / > ( .  / &)
 .  :  ()
 .⁪/ :MoveNext ()
System.Runtime.CompilerServices.AsyncTaskMethodBuilder:Start< .⁪/ > ( .⁪/ &)
 .⁪:  ()
System.Reflection.RuntimeMethodInfo:Invoke (object,System.Reflection.BindingFlags,System.Reflection.Binder,object[],System.Globalization.CultureInfo)
System.Reflection.MethodBase:Invoke (object,object[])
UnityEditor.EditorAssemblies:ProcessInitializeOnLoadMethodAttributes ()

Mono: successfully reloaded assembly
- Finished resetting the current domain, in  1.974 seconds
Domain Reload Profiling: 2833ms
	BeginReloadAssembly (273ms)
		ExecutionOrderSort (0ms)
		DisableScriptedObjects (14ms)
		BackupInstance (0ms)
		ReleaseScriptingObjects (0ms)
		CreateAndSetChildDomain (50ms)
	RebuildCommonClasses (54ms)
	RebuildNativeTypeToScriptingClass (19ms)
	initialDomainReloadingComplete (59ms)
	LoadAllAssembliesAndSetupDomain (454ms)
		LoadAssemblies (561ms)
		RebuildTransferFunctionScriptingTraits (0ms)
		AnalyzeDomain (39ms)
			TypeCache.Refresh (14ms)
				TypeCache.ScanAssembly (1ms)
			ScanForSourceGeneratedMonoScriptInfo (11ms)
			ResolveRequiredComponents (11ms)
	FinalizeReload (1975ms)
		ReleaseScriptCaches (0ms)
		RebuildScriptCaches (0ms)
		SetupLoadedEditorAssemblies (789ms)
			LogAssemblyErrors (0ms)
			InitializePlatformSupportModulesInManaged (61ms)
			SetLoadedEditorAssemblies (8ms)
			RefreshPlugins (0ms)
			BeforeProcessingInitializeOnLoad (138ms)
			ProcessInitializeOnLoadAttributes (544ms)
			ProcessInitializeOnLoadMethodAttributes (35ms)
			AfterProcessingInitializeOnLoad (3ms)
			EditorAssembliesLoaded (0ms)
		ExecutionOrderSort2 (0ms)
		AwakeInstancesAfterBackupRestoration (5ms)
Refreshing native plugins compatible for Editor in 2.55 ms, found 6 plugins.
Preloading 0 native plugins for Editor in 0.00 ms.
Release of invalid GC handle. The handle is from a previous domain. The release operation is skipped.
Release of invalid GC handle native callstack: 
0x00007ff79e68424d (Unity) StackWalker::GetCurrentCallstack
0x00007ff79e689329 (Unity) StackWalker::ShowCallstack
0x00007ff79f67dae1 (Unity) GetStacktrace
0x00007ff79e57f20d (Unity) ScriptingGCHandle::ReleaseAndClear
0x00007ff79eb4748c (Unity) UploadHandlerRaw::`vector deleting destructor'
0x00007ff79eb4803d (Unity) UploadHandler::Release
0x00007ff79eb448dd (Unity) UnityWebRequestProto<UnityWebRequestTransport,AtomicRefCounter,RedirectHelper,ResponseHelper,DownloadHandler,UploadHandler,CertificateHandler,HeaderHelper,AsyncOperation>::~UnityWebRequestProto<UnityWebRequestTransport,AtomicRefCounter,RedirectHelper,ResponseHelper,DownloadHandler,UploadHandler,CertificateHandler,HeaderHelper,AsyncOperation>
0x00007ff79eb44bd6 (Unity) UnityWebRequest::`vector deleting destructor'
0x00007ff79d894b77 (Unity) UnityWebRequestProto<UnityWebRequestTransport,AtomicRefCounter,RedirectHelper,ResponseHelper,DownloadHandler,UploadHandler,CertificateHandler,HeaderHelper,AsyncOperation>::Release
0x00007ff79eb46605 (Unity) UnityWebRequestAsyncOperation::InvokeCoroutine
0x00007ff79eb467e1 (Unity) UnityWebRequestProto<UnityWebRequestTransport,AtomicRefCounter,RedirectHelper,ResponseHelper,DownloadHandler,UploadHandler,CertificateHandler,HeaderHelper,AsyncOperation>::Job_InvokeCoroutine
0x00007ff79e1ab54a (Unity) BackgroundJobQueue::ExecuteMainThreadJobs
0x00007ff79e26005f (Unity) PreloadManager::WaitForAllAsyncOperationsToComplete
0x00007ff79fa23af8 (Unity) <lambda_b37b41f03089e3cb3f55061bbc93253d>::operator()
0x00007ff79fa5f422 (Unity) asio::detail::completion_handler<core::mutable_function<void __cdecl(void)>,asio::io_context::basic_executor_type<std::allocator<void>,0> >::do_complete
0x00007ff79fa4b3ce (Unity) asio::detail::win_iocp_io_context::do_one
0x00007ff79fa4d034 (Unity) asio::detail::win_iocp_io_context::run
0x00007ff79fa5d7cc (Unity) IOService::Run
0x00007ff79fa30c2f (Unity) AssetImportWorkerClient::Run
0x00007ff79f9fc3d7 (Unity) RunAssetImportWorkerClientV2
0x00007ff79f9fc45b (Unity) RunAssetImporterV2
0x00007ff79f1f31de (Unity) Application::InitializeProject
0x00007ff79f688795 (Unity) WinMain
0x00007ff7a0a535ce (Unity) __scrt_common_main_seh
0x00007ffa8b87e8d7 (KERNEL32) BaseThreadInitThunk
0x00007ffa8c1714fc (ntdll) RtlUserThreadStart
Unloading 3382 Unused Serialized files (Serialized files now loaded: 0)
Unloading 39 unused Assets / (1.0 MB). Loaded Objects now: 3996.
Memory consumption went from 138.8 MB to 137.7 MB.
Total: 3.332100 ms (FindLiveObjects: 0.182900 ms CreateObjectMapping: 0.073100 ms MarkObjects: 2.714600 ms  DeleteObjects: 0.360300 ms)

Prepare: number of updated asset objects reloaded= 0
AssetImportParameters requested are different than current active one (requested -> active):
  custom:container-demuxer-ogg: 62fdf1f143b41e24485cea50d1cbac27 -> 
  custom:video-codec-MediaFoundation-h265: 746d11721c4dcdbdad8f713fa42b33f4 -> 
  custom:scripting/monoscript/fileName/ItemSpawner.cs: 89bb84a59819050d4840b7507c570619 -> db1977b8cba25b543176d6db98d38cfb
  custom:video-decoder-ogg-theora: a1e56fd34408186e4bbccfd4996cb3dc -> 
  custom:framework-win-MediaFoundation: 216162199b28c13a410421893ffa2e32 -> 
  custom:CustomObjectIndexerAttribute: 9a22284fe3817be447336de3de66b15e -> 
  custom:container-demuxer-webm: 4f35f7cbe854078d1ac9338744f61a02 -> 
  custom:scripting/monoscript/fileName/ForkliftPoint.cs: 2582c41c091e4dfd00aca14346b3d5d1 -> 
  custom:container-muxer-webm: aa71ff27fc2769a1b78a27578f13a17b -> 
  custom:video-decoder-webm-vp8: 9c59270c3fd7afecdb556c50c9e8de78 -> 
  custom:SearchIndexIgnoredProperties: e643bd26f0fe6173181afceb89e7c659 -> 
  custom:AudioImporter_EditorPlatform: d09bf68614088b80899f8185d706f6e7 -> 
  custom:video-encoder-webm-vp8: eb34c28f22e8b96e1ab97ce403110664 -> 
  custom:audio-decoder-ogg-vorbis: bf7c407c2cedff20999df2af8eb42d56 -> 
  custom:audio-encoder-webm-vorbis: bf7c407c2cedff20999df2af8eb42d56 -> 
  custom:scripting/precompiled-assembly-types:Assembly-CSharp: e1153a10ab4ba61625f8233168fcde30 -> 3c2c8354a068f1efab7b9b1873082af8
========================================================================
Received Prepare
Caller must complete domain reload
Begin MonoManager ReloadAssembly
- Loaded All Assemblies, in  0.350 seconds
Native extension for WindowsStandalone target not found
Native extension for Android target not found
Native extension for WebGL target not found
[Package Manager] Server::EnsureServerProcessIsRunning -- launch failed, reason: Unity was launched with the -noUpm command-line argument
[Package Manager] UpmClient::Send -- Unable to send message (not connected to UPM process).
[Package Manager] Cannot connect to Unity Package Manager local server
Failed to sync packages list
UnityEngine.StackTraceUtility:ExtractStackTrace ()
UnityEngine.DebugLogHandler:LogFormat (UnityEngine.LogType,UnityEngine.Object,string,object[])
UnityEngine.Logger:Log (UnityEngine.LogType,object)
UnityEngine.Debug:LogWarning (object)
 .  / :MoveNext ()
System.Runtime.CompilerServices.AsyncVoidMethodBuilder:Start< .  / > ( .  / &)
 .  :  ()
 .⁪/ :MoveNext ()
System.Runtime.CompilerServices.AsyncTaskMethodBuilder:Start< .⁪/ > ( .⁪/ &)
 .⁪:  ()
System.Reflection.RuntimeMethodInfo:Invoke (object,System.Reflection.BindingFlags,System.Reflection.Binder,object[],System.Globalization.CultureInfo)
System.Reflection.MethodBase:Invoke (object,object[])
UnityEditor.EditorAssemblies:ProcessInitializeOnLoadMethodAttributes ()

Mono: successfully reloaded assembly
- Finished resetting the current domain, in  0.744 seconds
Domain Reload Profiling: 1093ms
	BeginReloadAssembly (120ms)
		ExecutionOrderSort (0ms)
		DisableScriptedObjects (4ms)
		BackupInstance (0ms)
		ReleaseScriptingObjects (0ms)
		CreateAndSetChildDomain (25ms)
	RebuildCommonClasses (24ms)
	RebuildNativeTypeToScriptingClass (8ms)
	initialDomainReloadingComplete (23ms)
	LoadAllAssembliesAndSetupDomain (174ms)
		LoadAssemblies (220ms)
		RebuildTransferFunctionScriptingTraits (0ms)
		AnalyzeDomain (14ms)
			TypeCache.Refresh (5ms)
				TypeCache.ScanAssembly (0ms)
			ScanForSourceGeneratedMonoScriptInfo (0ms)
			ResolveRequiredComponents (5ms)
	FinalizeReload (745ms)
		ReleaseScriptCaches (0ms)
		RebuildScriptCaches (0ms)
		SetupLoadedEditorAssemblies (417ms)
			LogAssemblyErrors (0ms)
			InitializePlatformSupportModulesInManaged (16ms)
			SetLoadedEditorAssemblies (3ms)
			RefreshPlugins (0ms)
			BeforeProcessingInitializeOnLoad (49ms)
			ProcessInitializeOnLoadAttributes (309ms)
			ProcessInitializeOnLoadMethodAttributes (35ms)
			AfterProcessingInitializeOnLoad (4ms)
			EditorAssembliesLoaded (0ms)
		ExecutionOrderSort2 (0ms)
		AwakeInstancesAfterBackupRestoration (6ms)
Refreshing native plugins compatible for Editor in 3.88 ms, found 6 plugins.
Preloading 0 native plugins for Editor in 0.00 ms.
Release of invalid GC handle. The handle is from a previous domain. The release operation is skipped.
Release of invalid GC handle native callstack: 
0x00007ff79e68424d (Unity) StackWalker::GetCurrentCallstack
0x00007ff79e689329 (Unity) StackWalker::ShowCallstack
0x00007ff79f67dae1 (Unity) GetStacktrace
0x00007ff79e57f20d (Unity) ScriptingGCHandle::ReleaseAndClear
0x00007ff79eb4748c (Unity) UploadHandlerRaw::`vector deleting destructor'
0x00007ff79eb4803d (Unity) UploadHandler::Release
0x00007ff79eb448dd (Unity) UnityWebRequestProto<UnityWebRequestTransport,AtomicRefCounter,RedirectHelper,ResponseHelper,DownloadHandler,UploadHandler,CertificateHandler,HeaderHelper,AsyncOperation>::~UnityWebRequestProto<UnityWebRequestTransport,AtomicRefCounter,RedirectHelper,ResponseHelper,DownloadHandler,UploadHandler,CertificateHandler,HeaderHelper,AsyncOperation>
0x00007ff79eb44bd6 (Unity) UnityWebRequest::`vector deleting destructor'
0x00007ff79d894b77 (Unity) UnityWebRequestProto<UnityWebRequestTransport,AtomicRefCounter,RedirectHelper,ResponseHelper,DownloadHandler,UploadHandler,CertificateHandler,HeaderHelper,AsyncOperation>::Release
0x00007ff79eb46605 (Unity) UnityWebRequestAsyncOperation::InvokeCoroutine
0x00007ff79eb467e1 (Unity) UnityWebRequestProto<UnityWebRequestTransport,AtomicRefCounter,RedirectHelper,ResponseHelper,DownloadHandler,UploadHandler,CertificateHandler,HeaderHelper,AsyncOperation>::Job_InvokeCoroutine
0x00007ff79e1ab54a (Unity) BackgroundJobQueue::ExecuteMainThreadJobs
0x00007ff79e26005f (Unity) PreloadManager::WaitForAllAsyncOperationsToComplete
0x00007ff79fa23af8 (Unity) <lambda_b37b41f03089e3cb3f55061bbc93253d>::operator()
0x00007ff79fa5f422 (Unity) asio::detail::completion_handler<core::mutable_function<void __cdecl(void)>,asio::io_context::basic_executor_type<std::allocator<void>,0> >::do_complete
0x00007ff79fa4b3ce (Unity) asio::detail::win_iocp_io_context::do_one
0x00007ff79fa4d034 (Unity) asio::detail::win_iocp_io_context::run
0x00007ff79fa5d7cc (Unity) IOService::Run
0x00007ff79fa30c2f (Unity) AssetImportWorkerClient::Run
0x00007ff79f9fc3d7 (Unity) RunAssetImportWorkerClientV2
0x00007ff79f9fc45b (Unity) RunAssetImporterV2
0x00007ff79f1f31de (Unity) Application::InitializeProject
0x00007ff79f688795 (Unity) WinMain
0x00007ff7a0a535ce (Unity) __scrt_common_main_seh
0x00007ffa8b87e8d7 (KERNEL32) BaseThreadInitThunk
0x00007ffa8c1714fc (ntdll) RtlUserThreadStart
Unloading 3382 Unused Serialized files (Serialized files now loaded: 0)
Unloading 39 unused Assets / (1.0 MB). Loaded Objects now: 4001.
Memory consumption went from 138.9 MB to 137.9 MB.
Total: 3.671900 ms (FindLiveObjects: 0.188600 ms CreateObjectMapping: 0.081400 ms MarkObjects: 2.995800 ms  DeleteObjects: 0.405100 ms)

Prepare: number of updated asset objects reloaded= 0
AssetImportParameters requested are different than current active one (requested -> active):
  custom:container-demuxer-ogg: 62fdf1f143b41e24485cea50d1cbac27 -> 
  custom:video-codec-MediaFoundation-h265: 746d11721c4dcdbdad8f713fa42b33f4 -> 
  custom:scripting/monoscript/fileName/ItemSpawner.cs: 89bb84a59819050d4840b7507c570619 -> db1977b8cba25b543176d6db98d38cfb
  custom:video-decoder-ogg-theora: a1e56fd34408186e4bbccfd4996cb3dc -> 
  custom:framework-win-MediaFoundation: 216162199b28c13a410421893ffa2e32 -> 
  custom:CustomObjectIndexerAttribute: 9a22284fe3817be447336de3de66b15e -> 
  custom:container-demuxer-webm: 4f35f7cbe854078d1ac9338744f61a02 -> 
  custom:scripting/monoscript/fileName/ForkliftPoint.cs: 2582c41c091e4dfd00aca14346b3d5d1 -> 
  custom:container-muxer-webm: aa71ff27fc2769a1b78a27578f13a17b -> 
  custom:video-decoder-webm-vp8: 9c59270c3fd7afecdb556c50c9e8de78 -> 
  custom:SearchIndexIgnoredProperties: e643bd26f0fe6173181afceb89e7c659 -> 
  custom:AudioImporter_EditorPlatform: d09bf68614088b80899f8185d706f6e7 -> 
  custom:video-encoder-webm-vp8: eb34c28f22e8b96e1ab97ce403110664 -> 
  custom:audio-decoder-ogg-vorbis: bf7c407c2cedff20999df2af8eb42d56 -> 
  custom:audio-encoder-webm-vorbis: bf7c407c2cedff20999df2af8eb42d56 -> 
  custom:scripting/precompiled-assembly-types:Assembly-CSharp: e1153a10ab4ba61625f8233168fcde30 -> 3c2c8354a068f1efab7b9b1873082af8
========================================================================
Received Prepare
Caller must complete domain reload
Begin MonoManager ReloadAssembly
- Loaded All Assemblies, in  0.349 seconds
Native extension for WindowsStandalone target not found
Native extension for Android target not found
Native extension for WebGL target not found
[Package Manager] Server::EnsureServerProcessIsRunning -- launch failed, reason: Unity was launched with the -noUpm command-line argument
[Package Manager] UpmClient::Send -- Unable to send message (not connected to UPM process).
[Package Manager] Cannot connect to Unity Package Manager local server
Failed to sync packages list
UnityEngine.StackTraceUtility:ExtractStackTrace ()
UnityEngine.DebugLogHandler:LogFormat (UnityEngine.LogType,UnityEngine.Object,string,object[])
UnityEngine.Logger:Log (UnityEngine.LogType,object)
UnityEngine.Debug:LogWarning (object)
 .  / :MoveNext ()
System.Runtime.CompilerServices.AsyncVoidMethodBuilder:Start< .  / > ( .  / &)
 .  :  ()
 .⁪/ :MoveNext ()
System.Runtime.CompilerServices.AsyncTaskMethodBuilder:Start< .⁪/ > ( .⁪/ &)
 .⁪:  ()
System.Reflection.RuntimeMethodInfo:Invoke (object,System.Reflection.BindingFlags,System.Reflection.Binder,object[],System.Globalization.CultureInfo)
System.Reflection.MethodBase:Invoke (object,object[])
UnityEditor.EditorAssemblies:ProcessInitializeOnLoadMethodAttributes ()

Mono: successfully reloaded assembly
- Finished resetting the current domain, in  0.754 seconds
Domain Reload Profiling: 1102ms
	BeginReloadAssembly (121ms)
		ExecutionOrderSort (0ms)
		DisableScriptedObjects (4ms)
		BackupInstance (0ms)
		ReleaseScriptingObjects (0ms)
		CreateAndSetChildDomain (30ms)
	RebuildCommonClasses (24ms)
	RebuildNativeTypeToScriptingClass (8ms)
	initialDomainReloadingComplete (21ms)
	LoadAllAssembliesAndSetupDomain (173ms)
		LoadAssemblies (221ms)
		RebuildTransferFunctionScriptingTraits (0ms)
		AnalyzeDomain (12ms)
			TypeCache.Refresh (5ms)
				TypeCache.ScanAssembly (0ms)
			ScanForSourceGeneratedMonoScriptInfo (0ms)
			ResolveRequiredComponents (5ms)
	FinalizeReload (754ms)
		ReleaseScriptCaches (0ms)
		RebuildScriptCaches (0ms)
		SetupLoadedEditorAssemblies (413ms)
			LogAssemblyErrors (0ms)
			InitializePlatformSupportModulesInManaged (14ms)
			SetLoadedEditorAssemblies (4ms)
			RefreshPlugins (0ms)
			BeforeProcessingInitializeOnLoad (48ms)
			ProcessInitializeOnLoadAttributes (304ms)
			ProcessInitializeOnLoadMethodAttributes (37ms)
			AfterProcessingInitializeOnLoad (6ms)
			EditorAssembliesLoaded (0ms)
		ExecutionOrderSort2 (0ms)
		AwakeInstancesAfterBackupRestoration (5ms)
Refreshing native plugins compatible for Editor in 2.82 ms, found 6 plugins.
Preloading 0 native plugins for Editor in 0.00 ms.
Release of invalid GC handle. The handle is from a previous domain. The release operation is skipped.
Release of invalid GC handle native callstack: 
0x00007ff79e68424d (Unity) StackWalker::GetCurrentCallstack
0x00007ff79e689329 (Unity) StackWalker::ShowCallstack
0x00007ff79f67dae1 (Unity) GetStacktrace
0x00007ff79e57f20d (Unity) ScriptingGCHandle::ReleaseAndClear
0x00007ff79eb4748c (Unity) UploadHandlerRaw::`vector deleting destructor'
0x00007ff79eb4803d (Unity) UploadHandler::Release
0x00007ff79eb448dd (Unity) UnityWebRequestProto<UnityWebRequestTransport,AtomicRefCounter,RedirectHelper,ResponseHelper,DownloadHandler,UploadHandler,CertificateHandler,HeaderHelper,AsyncOperation>::~UnityWebRequestProto<UnityWebRequestTransport,AtomicRefCounter,RedirectHelper,ResponseHelper,DownloadHandler,UploadHandler,CertificateHandler,HeaderHelper,AsyncOperation>
0x00007ff79eb44bd6 (Unity) UnityWebRequest::`vector deleting destructor'
0x00007ff79d894b77 (Unity) UnityWebRequestProto<UnityWebRequestTransport,AtomicRefCounter,RedirectHelper,ResponseHelper,DownloadHandler,UploadHandler,CertificateHandler,HeaderHelper,AsyncOperation>::Release
0x00007ff79eb46605 (Unity) UnityWebRequestAsyncOperation::InvokeCoroutine
0x00007ff79eb467e1 (Unity) UnityWebRequestProto<UnityWebRequestTransport,AtomicRefCounter,RedirectHelper,ResponseHelper,DownloadHandler,UploadHandler,CertificateHandler,HeaderHelper,AsyncOperation>::Job_InvokeCoroutine
0x00007ff79e1ab54a (Unity) BackgroundJobQueue::ExecuteMainThreadJobs
0x00007ff79e26005f (Unity) PreloadManager::WaitForAllAsyncOperationsToComplete
0x00007ff79fa23af8 (Unity) <lambda_b37b41f03089e3cb3f55061bbc93253d>::operator()
0x00007ff79fa5f422 (Unity) asio::detail::completion_handler<core::mutable_function<void __cdecl(void)>,asio::io_context::basic_executor_type<std::allocator<void>,0> >::do_complete
0x00007ff79fa4b3ce (Unity) asio::detail::win_iocp_io_context::do_one
0x00007ff79fa4d034 (Unity) asio::detail::win_iocp_io_context::run
0x00007ff79fa5d7cc (Unity) IOService::Run
0x00007ff79fa30c2f (Unity) AssetImportWorkerClient::Run
0x00007ff79f9fc3d7 (Unity) RunAssetImportWorkerClientV2
0x00007ff79f9fc45b (Unity) RunAssetImporterV2
0x00007ff79f1f31de (Unity) Application::InitializeProject
0x00007ff79f688795 (Unity) WinMain
0x00007ff7a0a535ce (Unity) __scrt_common_main_seh
0x00007ffa8b87e8d7 (KERNEL32) BaseThreadInitThunk
0x00007ffa8c1714fc (ntdll) RtlUserThreadStart
Unloading 3382 Unused Serialized files (Serialized files now loaded: 0)
Unloading 39 unused Assets / (1.0 MB). Loaded Objects now: 4006.
Memory consumption went from 139.1 MB to 138.0 MB.
Total: 3.360200 ms (FindLiveObjects: 0.184400 ms CreateObjectMapping: 0.081700 ms MarkObjects: 2.716100 ms  DeleteObjects: 0.377100 ms)

Prepare: number of updated asset objects reloaded= 0
AssetImportParameters requested are different than current active one (requested -> active):
  custom:container-demuxer-ogg: 62fdf1f143b41e24485cea50d1cbac27 -> 
  custom:video-codec-MediaFoundation-h265: 746d11721c4dcdbdad8f713fa42b33f4 -> 
  custom:scripting/monoscript/fileName/ItemSpawner.cs: 89bb84a59819050d4840b7507c570619 -> db1977b8cba25b543176d6db98d38cfb
  custom:video-decoder-ogg-theora: a1e56fd34408186e4bbccfd4996cb3dc -> 
  custom:framework-win-MediaFoundation: 216162199b28c13a410421893ffa2e32 -> 
  custom:CustomObjectIndexerAttribute: 9a22284fe3817be447336de3de66b15e -> 
  custom:container-demuxer-webm: 4f35f7cbe854078d1ac9338744f61a02 -> 
  custom:scripting/monoscript/fileName/ForkliftPoint.cs: 2582c41c091e4dfd00aca14346b3d5d1 -> 
  custom:container-muxer-webm: aa71ff27fc2769a1b78a27578f13a17b -> 
  custom:video-decoder-webm-vp8: 9c59270c3fd7afecdb556c50c9e8de78 -> 
  custom:SearchIndexIgnoredProperties: e643bd26f0fe6173181afceb89e7c659 -> 
  custom:AudioImporter_EditorPlatform: d09bf68614088b80899f8185d706f6e7 -> 
  custom:video-encoder-webm-vp8: eb34c28f22e8b96e1ab97ce403110664 -> 
  custom:audio-decoder-ogg-vorbis: bf7c407c2cedff20999df2af8eb42d56 -> 
  custom:audio-encoder-webm-vorbis: bf7c407c2cedff20999df2af8eb42d56 -> 
  custom:scripting/precompiled-assembly-types:Assembly-CSharp: e1153a10ab4ba61625f8233168fcde30 -> 3c2c8354a068f1efab7b9b1873082af8
========================================================================
Received Prepare
Caller must complete domain reload
Begin MonoManager ReloadAssembly
- Loaded All Assemblies, in  0.413 seconds
Native extension for WindowsStandalone target not found
Native extension for Android target not found
Native extension for WebGL target not found
[Package Manager] Server::EnsureServerProcessIsRunning -- launch failed, reason: Unity was launched with the -noUpm command-line argument
[Package Manager] UpmClient::Send -- Unable to send message (not connected to UPM process).
[Package Manager] Cannot connect to Unity Package Manager local server
Failed to sync packages list
UnityEngine.StackTraceUtility:ExtractStackTrace ()
UnityEngine.DebugLogHandler:LogFormat (UnityEngine.LogType,UnityEngine.Object,string,object[])
UnityEngine.Logger:Log (UnityEngine.LogType,object)
UnityEngine.Debug:LogWarning (object)
 .  / :MoveNext ()
System.Runtime.CompilerServices.AsyncVoidMethodBuilder:Start< .  / > ( .  / &)
 .  :  ()
 .⁪/ :MoveNext ()
System.Runtime.CompilerServices.AsyncTaskMethodBuilder:Start< .⁪/ > ( .⁪/ &)
 .⁪:  ()
System.Reflection.RuntimeMethodInfo:Invoke (object,System.Reflection.BindingFlags,System.Reflection.Binder,object[],System.Globalization.CultureInfo)
System.Reflection.MethodBase:Invoke (object,object[])
UnityEditor.EditorAssemblies:ProcessInitializeOnLoadMethodAttributes ()

Mono: successfully reloaded assembly
- Finished resetting the current domain, in  0.844 seconds
Domain Reload Profiling: 1256ms
	BeginReloadAssembly (125ms)
		ExecutionOrderSort (0ms)
		DisableScriptedObjects (5ms)
		BackupInstance (0ms)
		ReleaseScriptingObjects (0ms)
		CreateAndSetChildDomain (30ms)
	RebuildCommonClasses (25ms)
	RebuildNativeTypeToScriptingClass (8ms)
	initialDomainReloadingComplete (22ms)
	LoadAllAssembliesAndSetupDomain (232ms)
		LoadAssemblies (282ms)
		RebuildTransferFunctionScriptingTraits (0ms)
		AnalyzeDomain (12ms)
			TypeCache.Refresh (5ms)
				TypeCache.ScanAssembly (0ms)
			ScanForSourceGeneratedMonoScriptInfo (0ms)
			ResolveRequiredComponents (5ms)
	FinalizeReload (844ms)
		ReleaseScriptCaches (0ms)
		RebuildScriptCaches (0ms)
		SetupLoadedEditorAssemblies (466ms)
			LogAssemblyErrors (0ms)
			InitializePlatformSupportModulesInManaged (15ms)
			SetLoadedEditorAssemblies (4ms)
			RefreshPlugins (0ms)
			BeforeProcessingInitializeOnLoad (51ms)
			ProcessInitializeOnLoadAttributes (338ms)
			ProcessInitializeOnLoadMethodAttributes (54ms)
			AfterProcessingInitializeOnLoad (4ms)
			EditorAssembliesLoaded (0ms)
		ExecutionOrderSort2 (0ms)
		AwakeInstancesAfterBackupRestoration (6ms)
Refreshing native plugins compatible for Editor in 6.99 ms, found 6 plugins.
Preloading 0 native plugins for Editor in 0.00 ms.
Release of invalid GC handle. The handle is from a previous domain. The release operation is skipped.
Release of invalid GC handle native callstack: 
0x00007ff79e68424d (Unity) StackWalker::GetCurrentCallstack
0x00007ff79e689329 (Unity) StackWalker::ShowCallstack
0x00007ff79f67dae1 (Unity) GetStacktrace
0x00007ff79e57f20d (Unity) ScriptingGCHandle::ReleaseAndClear
0x00007ff79eb4748c (Unity) UploadHandlerRaw::`vector deleting destructor'
0x00007ff79eb4803d (Unity) UploadHandler::Release
0x00007ff79eb448dd (Unity) UnityWebRequestProto<UnityWebRequestTransport,AtomicRefCounter,RedirectHelper,ResponseHelper,DownloadHandler,UploadHandler,CertificateHandler,HeaderHelper,AsyncOperation>::~UnityWebRequestProto<UnityWebRequestTransport,AtomicRefCounter,RedirectHelper,ResponseHelper,DownloadHandler,UploadHandler,CertificateHandler,HeaderHelper,AsyncOperation>
0x00007ff79eb44bd6 (Unity) UnityWebRequest::`vector deleting destructor'
0x00007ff79d894b77 (Unity) UnityWebRequestProto<UnityWebRequestTransport,AtomicRefCounter,RedirectHelper,ResponseHelper,DownloadHandler,UploadHandler,CertificateHandler,HeaderHelper,AsyncOperation>::Release
0x00007ff79eb46605 (Unity) UnityWebRequestAsyncOperation::InvokeCoroutine
0x00007ff79eb467e1 (Unity) UnityWebRequestProto<UnityWebRequestTransport,AtomicRefCounter,RedirectHelper,ResponseHelper,DownloadHandler,UploadHandler,CertificateHandler,HeaderHelper,AsyncOperation>::Job_InvokeCoroutine
0x00007ff79e1ab54a (Unity) BackgroundJobQueue::ExecuteMainThreadJobs
0x00007ff79e26005f (Unity) PreloadManager::WaitForAllAsyncOperationsToComplete
0x00007ff79fa23af8 (Unity) <lambda_b37b41f03089e3cb3f55061bbc93253d>::operator()
0x00007ff79fa5f422 (Unity) asio::detail::completion_handler<core::mutable_function<void __cdecl(void)>,asio::io_context::basic_executor_type<std::allocator<void>,0> >::do_complete
0x00007ff79fa4b3ce (Unity) asio::detail::win_iocp_io_context::do_one
0x00007ff79fa4d034 (Unity) asio::detail::win_iocp_io_context::run
0x00007ff79fa5d7cc (Unity) IOService::Run
0x00007ff79fa30c2f (Unity) AssetImportWorkerClient::Run
0x00007ff79f9fc3d7 (Unity) RunAssetImportWorkerClientV2
0x00007ff79f9fc45b (Unity) RunAssetImporterV2
0x00007ff79f1f31de (Unity) Application::InitializeProject
0x00007ff79f688795 (Unity) WinMain
0x00007ff7a0a535ce (Unity) __scrt_common_main_seh
0x00007ffa8b87e8d7 (KERNEL32) BaseThreadInitThunk
0x00007ffa8c1714fc (ntdll) RtlUserThreadStart
Unloading 3382 Unused Serialized files (Serialized files now loaded: 0)
Unloading 39 unused Assets / (1.0 MB). Loaded Objects now: 4011.
Memory consumption went from 139.2 MB to 138.2 MB.
Total: 3.637200 ms (FindLiveObjects: 0.200900 ms CreateObjectMapping: 0.088500 ms MarkObjects: 2.931100 ms  DeleteObjects: 0.415700 ms)

Prepare: number of updated asset objects reloaded= 0
AssetImportParameters requested are different than current active one (requested -> active):
  custom:container-demuxer-ogg: 62fdf1f143b41e24485cea50d1cbac27 -> 
  custom:video-codec-MediaFoundation-h265: 746d11721c4dcdbdad8f713fa42b33f4 -> 
  custom:scripting/monoscript/fileName/ItemSpawner.cs: 89bb84a59819050d4840b7507c570619 -> db1977b8cba25b543176d6db98d38cfb
  custom:video-decoder-ogg-theora: a1e56fd34408186e4bbccfd4996cb3dc -> 
  custom:framework-win-MediaFoundation: 216162199b28c13a410421893ffa2e32 -> 
  custom:CustomObjectIndexerAttribute: 9a22284fe3817be447336de3de66b15e -> 
  custom:container-demuxer-webm: 4f35f7cbe854078d1ac9338744f61a02 -> 
  custom:scripting/monoscript/fileName/ForkliftPoint.cs: 2582c41c091e4dfd00aca14346b3d5d1 -> 
  custom:container-muxer-webm: aa71ff27fc2769a1b78a27578f13a17b -> 
  custom:video-decoder-webm-vp8: 9c59270c3fd7afecdb556c50c9e8de78 -> 
  custom:SearchIndexIgnoredProperties: e643bd26f0fe6173181afceb89e7c659 -> 
  custom:AudioImporter_EditorPlatform: d09bf68614088b80899f8185d706f6e7 -> 
  custom:video-encoder-webm-vp8: eb34c28f22e8b96e1ab97ce403110664 -> 
  custom:audio-decoder-ogg-vorbis: bf7c407c2cedff20999df2af8eb42d56 -> 
  custom:audio-encoder-webm-vorbis: bf7c407c2cedff20999df2af8eb42d56 -> 
  custom:scripting/precompiled-assembly-types:Assembly-CSharp: e1153a10ab4ba61625f8233168fcde30 -> 3c2c8354a068f1efab7b9b1873082af8
========================================================================
Received Prepare
Caller must complete domain reload
Begin MonoManager ReloadAssembly
- Loaded All Assemblies, in  0.857 seconds
Native extension for WindowsStandalone target not found
Native extension for Android target not found
Native extension for WebGL target not found
[Package Manager] Server::EnsureServerProcessIsRunning -- launch failed, reason: Unity was launched with the -noUpm command-line argument
[Package Manager] UpmClient::Send -- Unable to send message (not connected to UPM process).
[Package Manager] Cannot connect to Unity Package Manager local server
Failed to sync packages list
UnityEngine.StackTraceUtility:ExtractStackTrace ()
UnityEngine.DebugLogHandler:LogFormat (UnityEngine.LogType,UnityEngine.Object,string,object[])
UnityEngine.Logger:Log (UnityEngine.LogType,object)
UnityEngine.Debug:LogWarning (object)
 .  / :MoveNext ()
System.Runtime.CompilerServices.AsyncVoidMethodBuilder:Start< .  / > ( .  / &)
 .  :  ()
 .⁪/ :MoveNext ()
System.Runtime.CompilerServices.AsyncTaskMethodBuilder:Start< .⁪/ > ( .⁪/ &)
 .⁪:  ()
System.Reflection.RuntimeMethodInfo:Invoke (object,System.Reflection.BindingFlags,System.Reflection.Binder,object[],System.Globalization.CultureInfo)
System.Reflection.MethodBase:Invoke (object,object[])
UnityEditor.EditorAssemblies:ProcessInitializeOnLoadMethodAttributes ()

Mono: successfully reloaded assembly
- Finished resetting the current domain, in  1.943 seconds
Domain Reload Profiling: 2796ms
	BeginReloadAssembly (264ms)
		ExecutionOrderSort (0ms)
		DisableScriptedObjects (9ms)
		BackupInstance (0ms)
		ReleaseScriptingObjects (0ms)
		CreateAndSetChildDomain (51ms)
	RebuildCommonClasses (63ms)
	RebuildNativeTypeToScriptingClass (19ms)
	initialDomainReloadingComplete (52ms)
	LoadAllAssembliesAndSetupDomain (454ms)
		LoadAssemblies (562ms)
		RebuildTransferFunctionScriptingTraits (0ms)
		AnalyzeDomain (35ms)
			TypeCache.Refresh (13ms)
				TypeCache.ScanAssembly (1ms)
			ScanForSourceGeneratedMonoScriptInfo (10ms)
			ResolveRequiredComponents (10ms)
	FinalizeReload (1943ms)
		ReleaseScriptCaches (0ms)
		RebuildScriptCaches (0ms)
		SetupLoadedEditorAssemblies (389ms)
			LogAssemblyErrors (0ms)
			InitializePlatformSupportModulesInManaged (14ms)
			SetLoadedEditorAssemblies (3ms)
			RefreshPlugins (0ms)
			BeforeProcessingInitializeOnLoad (48ms)
			ProcessInitializeOnLoadAttributes (287ms)
			ProcessInitializeOnLoadMethodAttributes (34ms)
			AfterProcessingInitializeOnLoad (4ms)
			EditorAssembliesLoaded (0ms)
		ExecutionOrderSort2 (0ms)
		AwakeInstancesAfterBackupRestoration (5ms)
Refreshing native plugins compatible for Editor in 4.22 ms, found 6 plugins.
Preloading 0 native plugins for Editor in 0.00 ms.
Release of invalid GC handle. The handle is from a previous domain. The release operation is skipped.
Release of invalid GC handle native callstack: 
0x00007ff79e68424d (Unity) StackWalker::GetCurrentCallstack
0x00007ff79e689329 (Unity) StackWalker::ShowCallstack
0x00007ff79f67dae1 (Unity) GetStacktrace
0x00007ff79e57f20d (Unity) ScriptingGCHandle::ReleaseAndClear
0x00007ff79eb4748c (Unity) UploadHandlerRaw::`vector deleting destructor'
0x00007ff79eb4803d (Unity) UploadHandler::Release
0x00007ff79eb448dd (Unity) UnityWebRequestProto<UnityWebRequestTransport,AtomicRefCounter,RedirectHelper,ResponseHelper,DownloadHandler,UploadHandler,CertificateHandler,HeaderHelper,AsyncOperation>::~UnityWebRequestProto<UnityWebRequestTransport,AtomicRefCounter,RedirectHelper,ResponseHelper,DownloadHandler,UploadHandler,CertificateHandler,HeaderHelper,AsyncOperation>
0x00007ff79eb44bd6 (Unity) UnityWebRequest::`vector deleting destructor'
0x00007ff79d894b77 (Unity) UnityWebRequestProto<UnityWebRequestTransport,AtomicRefCounter,RedirectHelper,ResponseHelper,DownloadHandler,UploadHandler,CertificateHandler,HeaderHelper,AsyncOperation>::Release
0x00007ff79eb46605 (Unity) UnityWebRequestAsyncOperation::InvokeCoroutine
0x00007ff79eb467e1 (Unity) UnityWebRequestProto<UnityWebRequestTransport,AtomicRefCounter,RedirectHelper,ResponseHelper,DownloadHandler,UploadHandler,CertificateHandler,HeaderHelper,AsyncOperation>::Job_InvokeCoroutine
0x00007ff79e1ab54a (Unity) BackgroundJobQueue::ExecuteMainThreadJobs
0x00007ff79e26005f (Unity) PreloadManager::WaitForAllAsyncOperationsToComplete
0x00007ff79fa23af8 (Unity) <lambda_b37b41f03089e3cb3f55061bbc93253d>::operator()
0x00007ff79fa5f422 (Unity) asio::detail::completion_handler<core::mutable_function<void __cdecl(void)>,asio::io_context::basic_executor_type<std::allocator<void>,0> >::do_complete
0x00007ff79fa4b3ce (Unity) asio::detail::win_iocp_io_context::do_one
0x00007ff79fa4d034 (Unity) asio::detail::win_iocp_io_context::run
0x00007ff79fa5d7cc (Unity) IOService::Run
0x00007ff79fa30c2f (Unity) AssetImportWorkerClient::Run
0x00007ff79f9fc3d7 (Unity) RunAssetImportWorkerClientV2
0x00007ff79f9fc45b (Unity) RunAssetImporterV2
0x00007ff79f1f31de (Unity) Application::InitializeProject
0x00007ff79f688795 (Unity) WinMain
0x00007ff7a0a535ce (Unity) __scrt_common_main_seh
0x00007ffa8b87e8d7 (KERNEL32) BaseThreadInitThunk
0x00007ffa8c1714fc (ntdll) RtlUserThreadStart
Unloading 3382 Unused Serialized files (Serialized files now loaded: 0)
Unloading 39 unused Assets / (1.0 MB). Loaded Objects now: 4016.
Memory consumption went from 139.4 MB to 138.4 MB.
Total: 4.782000 ms (FindLiveObjects: 0.349900 ms CreateObjectMapping: 0.216200 ms MarkObjects: 3.837400 ms  DeleteObjects: 0.377300 ms)

Prepare: number of updated asset objects reloaded= 0
AssetImportParameters requested are different than current active one (requested -> active):
  custom:container-demuxer-ogg: 62fdf1f143b41e24485cea50d1cbac27 -> 
  custom:video-codec-MediaFoundation-h265: 746d11721c4dcdbdad8f713fa42b33f4 -> 
  custom:scripting/monoscript/fileName/ItemSpawner.cs: 89bb84a59819050d4840b7507c570619 -> db1977b8cba25b543176d6db98d38cfb
  custom:video-decoder-ogg-theora: a1e56fd34408186e4bbccfd4996cb3dc -> 
  custom:framework-win-MediaFoundation: 216162199b28c13a410421893ffa2e32 -> 
  custom:CustomObjectIndexerAttribute: 9a22284fe3817be447336de3de66b15e -> 
  custom:container-demuxer-webm: 4f35f7cbe854078d1ac9338744f61a02 -> 
  custom:scripting/monoscript/fileName/ForkliftPoint.cs: 2582c41c091e4dfd00aca14346b3d5d1 -> 
  custom:container-muxer-webm: aa71ff27fc2769a1b78a27578f13a17b -> 
  custom:video-decoder-webm-vp8: 9c59270c3fd7afecdb556c50c9e8de78 -> 
  custom:SearchIndexIgnoredProperties: e643bd26f0fe6173181afceb89e7c659 -> 
  custom:AudioImporter_EditorPlatform: d09bf68614088b80899f8185d706f6e7 -> 
  custom:video-encoder-webm-vp8: eb34c28f22e8b96e1ab97ce403110664 -> 
  custom:audio-decoder-ogg-vorbis: bf7c407c2cedff20999df2af8eb42d56 -> 
  custom:audio-encoder-webm-vorbis: bf7c407c2cedff20999df2af8eb42d56 -> 
  custom:scripting/precompiled-assembly-types:Assembly-CSharp: e1153a10ab4ba61625f8233168fcde30 -> 3c2c8354a068f1efab7b9b1873082af8
========================================================================
Received Prepare
Caller must complete domain reload
Begin MonoManager ReloadAssembly
- Loaded All Assemblies, in  0.870 seconds
Native extension for WindowsStandalone target not found
Native extension for Android target not found
Native extension for WebGL target not found
[Package Manager] Server::EnsureServerProcessIsRunning -- launch failed, reason: Unity was launched with the -noUpm command-line argument
[Package Manager] UpmClient::Send -- Unable to send message (not connected to UPM process).
[Package Manager] Cannot connect to Unity Package Manager local server
Failed to sync packages list
UnityEngine.StackTraceUtility:ExtractStackTrace ()
UnityEngine.DebugLogHandler:LogFormat (UnityEngine.LogType,UnityEngine.Object,string,object[])
UnityEngine.Logger:Log (UnityEngine.LogType,object)
UnityEngine.Debug:LogWarning (object)
 .  / :MoveNext ()
System.Runtime.CompilerServices.AsyncVoidMethodBuilder:Start< .  / > ( .  / &)
 .  :  ()
 .⁪/ :MoveNext ()
System.Runtime.CompilerServices.AsyncTaskMethodBuilder:Start< .⁪/ > ( .⁪/ &)
 .⁪:  ()
System.Reflection.RuntimeMethodInfo:Invoke (object,System.Reflection.BindingFlags,System.Reflection.Binder,object[],System.Globalization.CultureInfo)
System.Reflection.MethodBase:Invoke (object,object[])
UnityEditor.EditorAssemblies:ProcessInitializeOnLoadMethodAttributes ()

Mono: successfully reloaded assembly
- Finished resetting the current domain, in  0.861 seconds
Domain Reload Profiling: 1730ms
	BeginReloadAssembly (297ms)
		ExecutionOrderSort (0ms)
		DisableScriptedObjects (6ms)
		BackupInstance (0ms)
		ReleaseScriptingObjects (0ms)
		CreateAndSetChildDomain (92ms)
	RebuildCommonClasses (40ms)
	RebuildNativeTypeToScriptingClass (8ms)
	initialDomainReloadingComplete (24ms)
	LoadAllAssembliesAndSetupDomain (500ms)
		LoadAssemblies (610ms)
		RebuildTransferFunctionScriptingTraits (0ms)
		AnalyzeDomain (31ms)
			TypeCache.Refresh (13ms)
				TypeCache.ScanAssembly (1ms)
			ScanForSourceGeneratedMonoScriptInfo (9ms)
			ResolveRequiredComponents (7ms)
	FinalizeReload (862ms)
		ReleaseScriptCaches (0ms)
		RebuildScriptCaches (0ms)
		SetupLoadedEditorAssemblies (418ms)
			LogAssemblyErrors (0ms)
			InitializePlatformSupportModulesInManaged (15ms)
			SetLoadedEditorAssemblies (3ms)
			RefreshPlugins (0ms)
			BeforeProcessingInitializeOnLoad (50ms)
			ProcessInitializeOnLoadAttributes (300ms)
			ProcessInitializeOnLoadMethodAttributes (45ms)
			AfterProcessingInitializeOnLoad (4ms)
			EditorAssembliesLoaded (0ms)
		ExecutionOrderSort2 (0ms)
		AwakeInstancesAfterBackupRestoration (8ms)
Refreshing native plugins compatible for Editor in 3.44 ms, found 6 plugins.
Preloading 0 native plugins for Editor in 0.00 ms.
Release of invalid GC handle. The handle is from a previous domain. The release operation is skipped.
Release of invalid GC handle native callstack: 
0x00007ff79e68424d (Unity) StackWalker::GetCurrentCallstack
0x00007ff79e689329 (Unity) StackWalker::ShowCallstack
0x00007ff79f67dae1 (Unity) GetStacktrace
0x00007ff79e57f20d (Unity) ScriptingGCHandle::ReleaseAndClear
0x00007ff79eb4748c (Unity) UploadHandlerRaw::`vector deleting destructor'
0x00007ff79eb4803d (Unity) UploadHandler::Release
0x00007ff79eb448dd (Unity) UnityWebRequestProto<UnityWebRequestTransport,AtomicRefCounter,RedirectHelper,ResponseHelper,DownloadHandler,UploadHandler,CertificateHandler,HeaderHelper,AsyncOperation>::~UnityWebRequestProto<UnityWebRequestTransport,AtomicRefCounter,RedirectHelper,ResponseHelper,DownloadHandler,UploadHandler,CertificateHandler,HeaderHelper,AsyncOperation>
0x00007ff79eb44bd6 (Unity) UnityWebRequest::`vector deleting destructor'
0x00007ff79d894b77 (Unity) UnityWebRequestProto<UnityWebRequestTransport,AtomicRefCounter,RedirectHelper,ResponseHelper,DownloadHandler,UploadHandler,CertificateHandler,HeaderHelper,AsyncOperation>::Release
0x00007ff79eb46605 (Unity) UnityWebRequestAsyncOperation::InvokeCoroutine
0x00007ff79eb467e1 (Unity) UnityWebRequestProto<UnityWebRequestTransport,AtomicRefCounter,RedirectHelper,ResponseHelper,DownloadHandler,UploadHandler,CertificateHandler,HeaderHelper,AsyncOperation>::Job_InvokeCoroutine
0x00007ff79e1ab54a (Unity) BackgroundJobQueue::ExecuteMainThreadJobs
0x00007ff79e26005f (Unity) PreloadManager::WaitForAllAsyncOperationsToComplete
0x00007ff79fa23af8 (Unity) <lambda_b37b41f03089e3cb3f55061bbc93253d>::operator()
0x00007ff79fa5f422 (Unity) asio::detail::completion_handler<core::mutable_function<void __cdecl(void)>,asio::io_context::basic_executor_type<std::allocator<void>,0> >::do_complete
0x00007ff79fa4b3ce (Unity) asio::detail::win_iocp_io_context::do_one
0x00007ff79fa4d034 (Unity) asio::detail::win_iocp_io_context::run
0x00007ff79fa5d7cc (Unity) IOService::Run
0x00007ff79fa30c2f (Unity) AssetImportWorkerClient::Run
0x00007ff79f9fc3d7 (Unity) RunAssetImportWorkerClientV2
0x00007ff79f9fc45b (Unity) RunAssetImporterV2
0x00007ff79f1f31de (Unity) Application::InitializeProject
0x00007ff79f688795 (Unity) WinMain
0x00007ff7a0a535ce (Unity) __scrt_common_main_seh
0x00007ffa8b87e8d7 (KERNEL32) BaseThreadInitThunk
0x00007ffa8c1714fc (ntdll) RtlUserThreadStart
Unloading 3382 Unused Serialized files (Serialized files now loaded: 0)
Unloading 39 unused Assets / (1.0 MB). Loaded Objects now: 4021.
Memory consumption went from 139.5 MB to 138.5 MB.
Total: 6.846600 ms (FindLiveObjects: 0.662100 ms CreateObjectMapping: 0.141100 ms MarkObjects: 4.982600 ms  DeleteObjects: 1.058800 ms)

Prepare: number of updated asset objects reloaded= 0
AssetImportParameters requested are different than current active one (requested -> active):
  custom:container-demuxer-ogg: 62fdf1f143b41e24485cea50d1cbac27 -> 
  custom:video-codec-MediaFoundation-h265: 746d11721c4dcdbdad8f713fa42b33f4 -> 
  custom:scripting/monoscript/fileName/ItemSpawner.cs: 89bb84a59819050d4840b7507c570619 -> db1977b8cba25b543176d6db98d38cfb
  custom:video-decoder-ogg-theora: a1e56fd34408186e4bbccfd4996cb3dc -> 
  custom:framework-win-MediaFoundation: 216162199b28c13a410421893ffa2e32 -> 
  custom:CustomObjectIndexerAttribute: 9a22284fe3817be447336de3de66b15e -> 
  custom:container-demuxer-webm: 4f35f7cbe854078d1ac9338744f61a02 -> 
  custom:scripting/monoscript/fileName/ForkliftPoint.cs: 2582c41c091e4dfd00aca14346b3d5d1 -> 
  custom:container-muxer-webm: aa71ff27fc2769a1b78a27578f13a17b -> 
  custom:video-decoder-webm-vp8: 9c59270c3fd7afecdb556c50c9e8de78 -> 
  custom:SearchIndexIgnoredProperties: e643bd26f0fe6173181afceb89e7c659 -> 
  custom:AudioImporter_EditorPlatform: d09bf68614088b80899f8185d706f6e7 -> 
  custom:video-encoder-webm-vp8: eb34c28f22e8b96e1ab97ce403110664 -> 
  custom:audio-decoder-ogg-vorbis: bf7c407c2cedff20999df2af8eb42d56 -> 
  custom:audio-encoder-webm-vorbis: bf7c407c2cedff20999df2af8eb42d56 -> 
  custom:scripting/precompiled-assembly-types:Assembly-CSharp: e1153a10ab4ba61625f8233168fcde30 -> 3c2c8354a068f1efab7b9b1873082af8
========================================================================
Received Prepare
Caller must complete domain reload
Begin MonoManager ReloadAssembly
- Loaded All Assemblies, in  0.395 seconds
Native extension for WindowsStandalone target not found
Native extension for Android target not found
Native extension for WebGL target not found
[Package Manager] Server::EnsureServerProcessIsRunning -- launch failed, reason: Unity was launched with the -noUpm command-line argument
[Package Manager] UpmClient::Send -- Unable to send message (not connected to UPM process).
[Package Manager] Cannot connect to Unity Package Manager local server
Failed to sync packages list
UnityEngine.StackTraceUtility:ExtractStackTrace ()
UnityEngine.DebugLogHandler:LogFormat (UnityEngine.LogType,UnityEngine.Object,string,object[])
UnityEngine.Logger:Log (UnityEngine.LogType,object)
UnityEngine.Debug:LogWarning (object)
 .  / :MoveNext ()
System.Runtime.CompilerServices.AsyncVoidMethodBuilder:Start< .  / > ( .  / &)
 .  :  ()
 .⁪/ :MoveNext ()
System.Runtime.CompilerServices.AsyncTaskMethodBuilder:Start< .⁪/ > ( .⁪/ &)
 .⁪:  ()
System.Reflection.RuntimeMethodInfo:Invoke (object,System.Reflection.BindingFlags,System.Reflection.Binder,object[],System.Globalization.CultureInfo)
System.Reflection.MethodBase:Invoke (object,object[])
UnityEditor.EditorAssemblies:ProcessInitializeOnLoadMethodAttributes ()

Mono: successfully reloaded assembly
- Finished resetting the current domain, in  0.866 seconds
Domain Reload Profiling: 1260ms
	BeginReloadAssembly (141ms)
		ExecutionOrderSort (0ms)
		DisableScriptedObjects (4ms)
		BackupInstance (0ms)
		ReleaseScriptingObjects (0ms)
		CreateAndSetChildDomain (27ms)
	RebuildCommonClasses (35ms)
	RebuildNativeTypeToScriptingClass (8ms)
	initialDomainReloadingComplete (22ms)
	LoadAllAssembliesAndSetupDomain (187ms)
		LoadAssemblies (250ms)
		RebuildTransferFunctionScriptingTraits (0ms)
		AnalyzeDomain (14ms)
			TypeCache.Refresh (6ms)
				TypeCache.ScanAssembly (0ms)
			ScanForSourceGeneratedMonoScriptInfo (0ms)
			ResolveRequiredComponents (6ms)
	FinalizeReload (867ms)
		ReleaseScriptCaches (0ms)
		RebuildScriptCaches (0ms)
		SetupLoadedEditorAssemblies (491ms)
			LogAssemblyErrors (0ms)
			InitializePlatformSupportModulesInManaged (16ms)
			SetLoadedEditorAssemblies (3ms)
			RefreshPlugins (0ms)
			BeforeProcessingInitializeOnLoad (54ms)
			ProcessInitializeOnLoadAttributes (366ms)
			ProcessInitializeOnLoadMethodAttributes (47ms)
			AfterProcessingInitializeOnLoad (4ms)
			EditorAssembliesLoaded (0ms)
		ExecutionOrderSort2 (0ms)
		AwakeInstancesAfterBackupRestoration (6ms)
Refreshing native plugins compatible for Editor in 3.92 ms, found 6 plugins.
Preloading 0 native plugins for Editor in 0.00 ms.
Release of invalid GC handle. The handle is from a previous domain. The release operation is skipped.
Release of invalid GC handle native callstack: 
0x00007ff79e68424d (Unity) StackWalker::GetCurrentCallstack
0x00007ff79e689329 (Unity) StackWalker::ShowCallstack
0x00007ff79f67dae1 (Unity) GetStacktrace
0x00007ff79e57f20d (Unity) ScriptingGCHandle::ReleaseAndClear
0x00007ff79eb4748c (Unity) UploadHandlerRaw::`vector deleting destructor'
0x00007ff79eb4803d (Unity) UploadHandler::Release
0x00007ff79eb448dd (Unity) UnityWebRequestProto<UnityWebRequestTransport,AtomicRefCounter,RedirectHelper,ResponseHelper,DownloadHandler,UploadHandler,CertificateHandler,HeaderHelper,AsyncOperation>::~UnityWebRequestProto<UnityWebRequestTransport,AtomicRefCounter,RedirectHelper,ResponseHelper,DownloadHandler,UploadHandler,CertificateHandler,HeaderHelper,AsyncOperation>
0x00007ff79eb44bd6 (Unity) UnityWebRequest::`vector deleting destructor'
0x00007ff79d894b77 (Unity) UnityWebRequestProto<UnityWebRequestTransport,AtomicRefCounter,RedirectHelper,ResponseHelper,DownloadHandler,UploadHandler,CertificateHandler,HeaderHelper,AsyncOperation>::Release
0x00007ff79eb46605 (Unity) UnityWebRequestAsyncOperation::InvokeCoroutine
0x00007ff79eb467e1 (Unity) UnityWebRequestProto<UnityWebRequestTransport,AtomicRefCounter,RedirectHelper,ResponseHelper,DownloadHandler,UploadHandler,CertificateHandler,HeaderHelper,AsyncOperation>::Job_InvokeCoroutine
0x00007ff79e1ab54a (Unity) BackgroundJobQueue::ExecuteMainThreadJobs
0x00007ff79e26005f (Unity) PreloadManager::WaitForAllAsyncOperationsToComplete
0x00007ff79fa23af8 (Unity) <lambda_b37b41f03089e3cb3f55061bbc93253d>::operator()
0x00007ff79fa5f422 (Unity) asio::detail::completion_handler<core::mutable_function<void __cdecl(void)>,asio::io_context::basic_executor_type<std::allocator<void>,0> >::do_complete
0x00007ff79fa4b3ce (Unity) asio::detail::win_iocp_io_context::do_one
0x00007ff79fa4d034 (Unity) asio::detail::win_iocp_io_context::run
0x00007ff79fa5d7cc (Unity) IOService::Run
0x00007ff79fa30c2f (Unity) AssetImportWorkerClient::Run
0x00007ff79f9fc3d7 (Unity) RunAssetImportWorkerClientV2
0x00007ff79f9fc45b (Unity) RunAssetImporterV2
0x00007ff79f1f31de (Unity) Application::InitializeProject
0x00007ff79f688795 (Unity) WinMain
0x00007ff7a0a535ce (Unity) __scrt_common_main_seh
0x00007ffa8b87e8d7 (KERNEL32) BaseThreadInitThunk
0x00007ffa8c1714fc (ntdll) RtlUserThreadStart
Unloading 3382 Unused Serialized files (Serialized files now loaded: 0)
Unloading 39 unused Assets / (1.0 MB). Loaded Objects now: 4026.
Memory consumption went from 139.7 MB to 138.7 MB.
Total: 3.915700 ms (FindLiveObjects: 0.186700 ms CreateObjectMapping: 0.078900 ms MarkObjects: 3.108900 ms  DeleteObjects: 0.540300 ms)

Prepare: number of updated asset objects reloaded= 0
AssetImportParameters requested are different than current active one (requested -> active):
  custom:container-demuxer-ogg: 62fdf1f143b41e24485cea50d1cbac27 -> 
  custom:video-codec-MediaFoundation-h265: 746d11721c4dcdbdad8f713fa42b33f4 -> 
  custom:scripting/monoscript/fileName/ItemSpawner.cs: 89bb84a59819050d4840b7507c570619 -> db1977b8cba25b543176d6db98d38cfb
  custom:video-decoder-ogg-theora: a1e56fd34408186e4bbccfd4996cb3dc -> 
  custom:framework-win-MediaFoundation: 216162199b28c13a410421893ffa2e32 -> 
  custom:CustomObjectIndexerAttribute: 9a22284fe3817be447336de3de66b15e -> 
  custom:container-demuxer-webm: 4f35f7cbe854078d1ac9338744f61a02 -> 
  custom:scripting/monoscript/fileName/ForkliftPoint.cs: 2582c41c091e4dfd00aca14346b3d5d1 -> 
  custom:container-muxer-webm: aa71ff27fc2769a1b78a27578f13a17b -> 
  custom:video-decoder-webm-vp8: 9c59270c3fd7afecdb556c50c9e8de78 -> 
  custom:SearchIndexIgnoredProperties: e643bd26f0fe6173181afceb89e7c659 -> 
  custom:AudioImporter_EditorPlatform: d09bf68614088b80899f8185d706f6e7 -> 
  custom:video-encoder-webm-vp8: eb34c28f22e8b96e1ab97ce403110664 -> 
  custom:audio-decoder-ogg-vorbis: bf7c407c2cedff20999df2af8eb42d56 -> 
  custom:audio-encoder-webm-vorbis: bf7c407c2cedff20999df2af8eb42d56 -> 
  custom:scripting/precompiled-assembly-types:Assembly-CSharp: e1153a10ab4ba61625f8233168fcde30 -> 3c2c8354a068f1efab7b9b1873082af8
