Using pre-set license
Built from '2022.3/staging' branch; Version is '2022.3.58f1 (ed7f6eacb62e) revision 15564654'; Using compiler version '192829333'; Build Type 'Release'
OS: 'Windows 11  (10.0.26100) 64bit Professional' Language: 'ru' Physical Memory: 16091 MB
BatchMode: 1, IsHumanControllingUs: 0, StartBugReporterOnCrash: 0, Is64bit: 1, IsPro: 1

COMMAND LINE ARGUMENTS:
C:\Program Files\Unity\Hub\Editor\Editor\2022.3.58f1\Editor\Unity.exe
-adb2
-batchMode
-noUpm
-name
AssetImportWorker1
-projectPath
C:/Users/Andrey/Desktop/GIT/Lumber2/Lumber2
-logFile
Logs/AssetImportWorker1.log
-srvPort
57268
Successfully changed project path to: C:/Users/Andrey/Desktop/GIT/Lumber2/Lumber2
C:/Users/Andrey/Desktop/GIT/Lumber2/Lumber2
[UnityMemory] Configuration Parameters - Can be set up in boot.config
    "memorysetup-bucket-allocator-granularity=16"
    "memorysetup-bucket-allocator-bucket-count=8"
    "memorysetup-bucket-allocator-block-size=33554432"
    "memorysetup-bucket-allocator-block-count=8"
    "memorysetup-main-allocator-block-size=16777216"
    "memorysetup-thread-allocator-block-size=16777216"
    "memorysetup-gfx-main-allocator-block-size=16777216"
    "memorysetup-gfx-thread-allocator-block-size=16777216"
    "memorysetup-cache-allocator-block-size=4194304"
    "memorysetup-typetree-allocator-block-size=2097152"
    "memorysetup-profiler-bucket-allocator-granularity=16"
    "memorysetup-profiler-bucket-allocator-bucket-count=8"
    "memorysetup-profiler-bucket-allocator-block-size=33554432"
    "memorysetup-profiler-bucket-allocator-block-count=8"
    "memorysetup-profiler-allocator-block-size=16777216"
    "memorysetup-profiler-editor-allocator-block-size=1048576"
    "memorysetup-temp-allocator-size-main=16777216"
    "memorysetup-job-temp-allocator-block-size=2097152"
    "memorysetup-job-temp-allocator-block-size-background=1048576"
    "memorysetup-job-temp-allocator-reduction-small-platforms=262144"
    "memorysetup-allocator-temp-initial-block-size-main=262144"
    "memorysetup-allocator-temp-initial-block-size-worker=262144"
    "memorysetup-temp-allocator-size-background-worker=32768"
    "memorysetup-temp-allocator-size-job-worker=262144"
    "memorysetup-temp-allocator-size-preload-manager=33554432"
    "memorysetup-temp-allocator-size-nav-mesh-worker=65536"
    "memorysetup-temp-allocator-size-audio-worker=65536"
    "memorysetup-temp-allocator-size-cloud-worker=32768"
    "memorysetup-temp-allocator-size-gi-baking-worker=262144"
    "memorysetup-temp-allocator-size-gfx=262144"
Player connection [30332]  Target information:

Player connection [30332]  * "[IP] 192.168.100.135 [Port] 0 [Flags] 2 [Guid] 112976118 [EditorId] 112976118 [Version] 1048832 [Id] WindowsEditor(7,DESKTOP-CA91C3D) [Debug] 1 [PackageName] WindowsEditor [ProjectName] Editor" 

Player connection [30332] Host joined multi-casting on [225.0.0.222:54997]...
Player connection [30332] Host joined alternative multi-casting on [225.0.0.222:34997]...
Input System module state changed to: Initialized.
[PhysX] Initialized MultithreadedTaskDispatcher with 12 workers.
Refreshing native plugins compatible for Editor in 7095.03 ms, found 6 plugins.
Preloading 0 native plugins for Editor in 0.00 ms.
Initialize engine version: 2022.3.58f1 (ed7f6eacb62e)
[Subsystems] Discovering subsystems at path C:/Program Files/Unity/Hub/Editor/Editor/2022.3.58f1/Editor/Data/Resources/UnitySubsystems
[Subsystems] Discovering subsystems at path C:/Users/Andrey/Desktop/GIT/Lumber2/Lumber2/Assets
GfxDevice: creating device client; threaded=0; jobified=0
Direct3D:
    Version:  Direct3D 11.0 [level 11.1]
    Renderer: NVIDIA GeForce RTX 4050 Laptop GPU (ID=0x28e1)
    Vendor:   NVIDIA
    VRAM:     5921 MB
    Driver:   32.0.15.6650
Initialize mono
Mono path[0] = 'C:/Program Files/Unity/Hub/Editor/Editor/2022.3.58f1/Editor/Data/Managed'
Mono path[1] = 'C:/Program Files/Unity/Hub/Editor/Editor/2022.3.58f1/Editor/Data/MonoBleedingEdge/lib/mono/unityjit-win32'
Mono config path = 'C:/Program Files/Unity/Hub/Editor/Editor/2022.3.58f1/Editor/Data/MonoBleedingEdge/etc'
Using monoOptions --debugger-agent=transport=dt_socket,embedding=1,server=y,suspend=n,address=127.0.0.1:56400
Begin MonoManager ReloadAssembly
Registering precompiled unity dll's ...
Register platform support module: C:/Program Files/Unity/Hub/Editor/Editor/2022.3.58f1/Editor/Data/PlaybackEngines/WebGLSupport/UnityEditor.WebGL.Extensions.dll
Register platform support module: C:/Program Files/Unity/Hub/Editor/Editor/2022.3.58f1/Editor/Data/PlaybackEngines/AndroidPlayer/UnityEditor.Android.Extensions.dll
Register platform support module: C:/Program Files/Unity/Hub/Editor/Editor/2022.3.58f1/Editor/Data/PlaybackEngines/WindowsStandaloneSupport/UnityEditor.WindowsStandalone.Extensions.dll
Registered in 0.771001 seconds.
- Loaded All Assemblies, in 19.437 seconds
Native extension for WindowsStandalone target not found
Native extension for Android target not found
Android Extension - Scanning For ADB Devices 854 ms
Native extension for WebGL target not found
Mono: successfully reloaded assembly
- Finished resetting the current domain, in  1.782 seconds
Domain Reload Profiling: 21214ms
	BeginReloadAssembly (13201ms)
		ExecutionOrderSort (0ms)
		DisableScriptedObjects (0ms)
		BackupInstance (0ms)
		ReleaseScriptingObjects (0ms)
		CreateAndSetChildDomain (1ms)
	RebuildCommonClasses (1082ms)
	RebuildNativeTypeToScriptingClass (25ms)
	initialDomainReloadingComplete (1979ms)
	LoadAllAssembliesAndSetupDomain (3145ms)
		LoadAssemblies (13206ms)
		RebuildTransferFunctionScriptingTraits (0ms)
		AnalyzeDomain (3134ms)
			TypeCache.Refresh (3128ms)
				TypeCache.ScanAssembly (2119ms)
			ScanForSourceGeneratedMonoScriptInfo (3ms)
			ResolveRequiredComponents (1ms)
	FinalizeReload (1782ms)
		ReleaseScriptCaches (0ms)
		RebuildScriptCaches (0ms)
		SetupLoadedEditorAssemblies (1658ms)
			LogAssemblyErrors (0ms)
			InitializePlatformSupportModulesInManaged (1064ms)
			SetLoadedEditorAssemblies (9ms)
			RefreshPlugins (0ms)
			BeforeProcessingInitializeOnLoad (5ms)
			ProcessInitializeOnLoadAttributes (429ms)
			ProcessInitializeOnLoadMethodAttributes (151ms)
			AfterProcessingInitializeOnLoad (0ms)
			EditorAssembliesLoaded (0ms)
		ExecutionOrderSort2 (0ms)
		AwakeInstancesAfterBackupRestoration (0ms)
========================================================================
Worker process is ready to serve import requests
Caller must complete domain reload
Begin MonoManager ReloadAssembly
- Loaded All Assemblies, in  8.739 seconds
Native extension for WindowsStandalone target not found
Native extension for Android target not found
Native extension for WebGL target not found
Package Manager log level set to [2]
[Package Manager] Server::EnsureServerProcessIsRunning -- launch failed, reason: Unity was launched with the -noUpm command-line argument
[Package Manager] UpmClient::Send -- Unable to send message (not connected to UPM process).
[Package Manager] Cannot connect to Unity Package Manager local server
Failed to sync packages list
UnityEngine.StackTraceUtility:ExtractStackTrace ()
UnityEngine.DebugLogHandler:LogFormat (UnityEngine.LogType,UnityEngine.Object,string,object[])
UnityEngine.Logger:Log (UnityEngine.LogType,object)
UnityEngine.Debug:LogWarning (object)
 .  / :MoveNext ()
System.Runtime.CompilerServices.AsyncVoidMethodBuilder:Start< .  / > ( .  / &)
 .  :  ()
 .⁪/ :MoveNext ()
System.Runtime.CompilerServices.AsyncTaskMethodBuilder:Start< .⁪/ > ( .⁪/ &)
 .⁪:  ()
System.Reflection.RuntimeMethodInfo:Invoke (object,System.Reflection.BindingFlags,System.Reflection.Binder,object[],System.Globalization.CultureInfo)
System.Reflection.MethodBase:Invoke (object,object[])
UnityEditor.EditorAssemblies:ProcessInitializeOnLoadMethodAttributes ()

Mono: successfully reloaded assembly
- Finished resetting the current domain, in  1.775 seconds
Domain Reload Profiling: 10508ms
	BeginReloadAssembly (305ms)
		ExecutionOrderSort (0ms)
		DisableScriptedObjects (10ms)
		BackupInstance (0ms)
		ReleaseScriptingObjects (0ms)
		CreateAndSetChildDomain (37ms)
	RebuildCommonClasses (61ms)
	RebuildNativeTypeToScriptingClass (21ms)
	initialDomainReloadingComplete (98ms)
	LoadAllAssembliesAndSetupDomain (8247ms)
		LoadAssemblies (6659ms)
		RebuildTransferFunctionScriptingTraits (0ms)
		AnalyzeDomain (1757ms)
			TypeCache.Refresh (1705ms)
				TypeCache.ScanAssembly (1519ms)
			ScanForSourceGeneratedMonoScriptInfo (31ms)
			ResolveRequiredComponents (16ms)
	FinalizeReload (1777ms)
		ReleaseScriptCaches (0ms)
		RebuildScriptCaches (0ms)
		SetupLoadedEditorAssemblies (1474ms)
			LogAssemblyErrors (0ms)
			InitializePlatformSupportModulesInManaged (35ms)
			SetLoadedEditorAssemblies (8ms)
			RefreshPlugins (0ms)
			BeforeProcessingInitializeOnLoad (116ms)
			ProcessInitializeOnLoadAttributes (1211ms)
			ProcessInitializeOnLoadMethodAttributes (95ms)
			AfterProcessingInitializeOnLoad (10ms)
			EditorAssembliesLoaded (0ms)
		ExecutionOrderSort2 (0ms)
		AwakeInstancesAfterBackupRestoration (15ms)
Launched and connected shader compiler UnityShaderCompiler.exe after 0.15 seconds
Refreshing native plugins compatible for Editor in 20.36 ms, found 6 plugins.
Preloading 0 native plugins for Editor in 0.00 ms.
Unloading 3366 Unused Serialized files (Serialized files now loaded: 0)
Unloading 33 unused Assets / (403.0 KB). Loaded Objects now: 3855.
Memory consumption went from 123.7 MB to 123.3 MB.
Total: 9.328100 ms (FindLiveObjects: 0.733700 ms CreateObjectMapping: 0.270200 ms MarkObjects: 7.891700 ms  DeleteObjects: 0.430500 ms)

AssetImportParameters requested are different than current active one (requested -> active):
  custom:container-demuxer-ogg: 62fdf1f143b41e24485cea50d1cbac27 -> 
  custom:video-codec-MediaFoundation-h265: 746d11721c4dcdbdad8f713fa42b33f4 -> 
  custom:video-decoder-ogg-theora: a1e56fd34408186e4bbccfd4996cb3dc -> 
  custom:framework-win-MediaFoundation: 216162199b28c13a410421893ffa2e32 -> 
  custom:CustomObjectIndexerAttribute: 9a22284fe3817be447336de3de66b15e -> 
  custom:container-demuxer-webm: 4f35f7cbe854078d1ac9338744f61a02 -> 
  custom:container-muxer-webm: aa71ff27fc2769a1b78a27578f13a17b -> 
  custom:video-decoder-webm-vp8: 9c59270c3fd7afecdb556c50c9e8de78 -> 
  custom:SearchIndexIgnoredProperties: e643bd26f0fe6173181afceb89e7c659 -> 
  custom:AudioImporter_EditorPlatform: d09bf68614088b80899f8185d706f6e7 -> 
  custom:video-encoder-webm-vp8: eb34c28f22e8b96e1ab97ce403110664 -> 
  custom:audio-decoder-ogg-vorbis: bf7c407c2cedff20999df2af8eb42d56 -> 
  custom:audio-encoder-webm-vorbis: bf7c407c2cedff20999df2af8eb42d56 -> 
========================================================================
Received Prepare
Caller must complete domain reload
Begin MonoManager ReloadAssembly
- Loaded All Assemblies, in  0.508 seconds
Native extension for WindowsStandalone target not found
Native extension for Android target not found
Native extension for WebGL target not found
[Package Manager] Server::EnsureServerProcessIsRunning -- launch failed, reason: Unity was launched with the -noUpm command-line argument
[Package Manager] UpmClient::Send -- Unable to send message (not connected to UPM process).
[Package Manager] Cannot connect to Unity Package Manager local server
Failed to sync packages list
UnityEngine.StackTraceUtility:ExtractStackTrace ()
UnityEngine.DebugLogHandler:LogFormat (UnityEngine.LogType,UnityEngine.Object,string,object[])
UnityEngine.Logger:Log (UnityEngine.LogType,object)
UnityEngine.Debug:LogWarning (object)
 .  / :MoveNext ()
System.Runtime.CompilerServices.AsyncVoidMethodBuilder:Start< .  / > ( .  / &)
 .  :  ()
 .⁪/ :MoveNext ()
System.Runtime.CompilerServices.AsyncTaskMethodBuilder:Start< .⁪/ > ( .⁪/ &)
 .⁪:  ()
System.Reflection.RuntimeMethodInfo:Invoke (object,System.Reflection.BindingFlags,System.Reflection.Binder,object[],System.Globalization.CultureInfo)
System.Reflection.MethodBase:Invoke (object,object[])
UnityEditor.EditorAssemblies:ProcessInitializeOnLoadMethodAttributes ()

Mono: successfully reloaded assembly
- Finished resetting the current domain, in  1.050 seconds
Domain Reload Profiling: 1557ms
	BeginReloadAssembly (171ms)
		ExecutionOrderSort (0ms)
		DisableScriptedObjects (7ms)
		BackupInstance (0ms)
		ReleaseScriptingObjects (0ms)
		CreateAndSetChildDomain (38ms)
	RebuildCommonClasses (36ms)
	RebuildNativeTypeToScriptingClass (12ms)
	initialDomainReloadingComplete (30ms)
	LoadAllAssembliesAndSetupDomain (257ms)
		LoadAssemblies (324ms)
		RebuildTransferFunctionScriptingTraits (0ms)
		AnalyzeDomain (26ms)
			TypeCache.Refresh (9ms)
				TypeCache.ScanAssembly (0ms)
			ScanForSourceGeneratedMonoScriptInfo (8ms)
			ResolveRequiredComponents (6ms)
	FinalizeReload (1051ms)
		ReleaseScriptCaches (0ms)
		RebuildScriptCaches (0ms)
		SetupLoadedEditorAssemblies (560ms)
			LogAssemblyErrors (0ms)
			InitializePlatformSupportModulesInManaged (20ms)
			SetLoadedEditorAssemblies (5ms)
			RefreshPlugins (0ms)
			BeforeProcessingInitializeOnLoad (64ms)
			ProcessInitializeOnLoadAttributes (416ms)
			ProcessInitializeOnLoadMethodAttributes (51ms)
			AfterProcessingInitializeOnLoad (5ms)
			EditorAssembliesLoaded (0ms)
		ExecutionOrderSort2 (0ms)
		AwakeInstancesAfterBackupRestoration (7ms)
Refreshing native plugins compatible for Editor in 3.76 ms, found 6 plugins.
Preloading 0 native plugins for Editor in 0.00 ms.
Release of invalid GC handle. The handle is from a previous domain. The release operation is skipped.
Unloading 3359 Unused Serialized files (Serialized files now loaded: 0)
Release of invalid GC handle native callstack: 
0x00007ff60b1b424d (Unity) StackWalker::GetCurrentCallstack
0x00007ff60b1b9329 (Unity) StackWalker::ShowCallstack
0x00007ff60c1adae1 (Unity) GetStacktrace
0x00007ff60b0af20d (Unity) ScriptingGCHandle::ReleaseAndClear
0x00007ff60b67748c (Unity) UploadHandlerRaw::`vector deleting destructor'
0x00007ff60b67803d (Unity) UploadHandler::Release
0x00007ff60b6748dd (Unity) UnityWebRequestProto<UnityWebRequestTransport,AtomicRefCounter,RedirectHelper,ResponseHelper,DownloadHandler,UploadHandler,CertificateHandler,HeaderHelper,AsyncOperation>::~UnityWebRequestProto<UnityWebRequestTransport,AtomicRefCounter,RedirectHelper,ResponseHelper,DownloadHandler,UploadHandler,CertificateHandler,HeaderHelper,AsyncOperation>
0x00007ff60b674bd6 (Unity) UnityWebRequest::`vector deleting destructor'
0x00007ff60a3c4b77 (Unity) UnityWebRequestProto<UnityWebRequestTransport,AtomicRefCounter,RedirectHelper,ResponseHelper,DownloadHandler,UploadHandler,CertificateHandler,HeaderHelper,AsyncOperation>::Release
0x00007ff60b676605 (Unity) UnityWebRequestAsyncOperation::InvokeCoroutine
0x00007ff60b6767e1 (Unity) UnityWebRequestProto<UnityWebRequestTransport,AtomicRefCounter,RedirectHelper,ResponseHelper,DownloadHandler,UploadHandler,CertificateHandler,HeaderHelper,AsyncOperation>::Job_InvokeCoroutine
0x00007ff60acdb54a (Unity) BackgroundJobQueue::ExecuteMainThreadJobs
0x00007ff60ad9005f (Unity) PreloadManager::WaitForAllAsyncOperationsToComplete
0x00007ff60c553af8 (Unity) <lambda_b37b41f03089e3cb3f55061bbc93253d>::operator()
0x00007ff60c58f422 (Unity) asio::detail::completion_handler<core::mutable_function<void __cdecl(void)>,asio::io_context::basic_executor_type<std::allocator<void>,0> >::do_complete
0x00007ff60c57b3ce (Unity) asio::detail::win_iocp_io_context::do_one
0x00007ff60c57d034 (Unity) asio::detail::win_iocp_io_context::run
0x00007ff60c58d7cc (Unity) IOService::Run
0x00007ff60c560c2f (Unity) AssetImportWorkerClient::Run
0x00007ff60c52c3d7 (Unity) RunAssetImportWorkerClientV2
0x00007ff60c52c45b (Unity) RunAssetImporterV2
0x00007ff60bd231de (Unity) Application::InitializeProject
0x00007ff60c1b8795 (Unity) WinMain
0x00007ff60d5835ce (Unity) __scrt_common_main_seh
0x00007ffa8b87e8d7 (KERNEL32) BaseThreadInitThunk
0x00007ffa8c1714fc (ntdll) RtlUserThreadStart
Unloading 28 unused Assets / (375.1 KB). Loaded Objects now: 3860.
Memory consumption went from 77.0 MB to 76.6 MB.
Total: 4.152600 ms (FindLiveObjects: 0.333900 ms CreateObjectMapping: 0.090400 ms MarkObjects: 3.500500 ms  DeleteObjects: 0.226400 ms)

Prepare: number of updated asset objects reloaded= 0
AssetImportParameters requested are different than current active one (requested -> active):
  custom:container-demuxer-ogg: 62fdf1f143b41e24485cea50d1cbac27 -> 
  custom:video-codec-MediaFoundation-h265: 746d11721c4dcdbdad8f713fa42b33f4 -> 
  custom:video-decoder-ogg-theora: a1e56fd34408186e4bbccfd4996cb3dc -> 
  custom:framework-win-MediaFoundation: 216162199b28c13a410421893ffa2e32 -> 
  custom:CustomObjectIndexerAttribute: 9a22284fe3817be447336de3de66b15e -> 
  custom:container-demuxer-webm: 4f35f7cbe854078d1ac9338744f61a02 -> 
  custom:container-muxer-webm: aa71ff27fc2769a1b78a27578f13a17b -> 
  custom:video-decoder-webm-vp8: 9c59270c3fd7afecdb556c50c9e8de78 -> 
  custom:SearchIndexIgnoredProperties: e643bd26f0fe6173181afceb89e7c659 -> 
  custom:AudioImporter_EditorPlatform: d09bf68614088b80899f8185d706f6e7 -> 
  custom:video-encoder-webm-vp8: eb34c28f22e8b96e1ab97ce403110664 -> 
  custom:audio-decoder-ogg-vorbis: bf7c407c2cedff20999df2af8eb42d56 -> 
  custom:audio-encoder-webm-vorbis: bf7c407c2cedff20999df2af8eb42d56 -> 
  custom:scripting/precompiled-assembly-types:Assembly-CSharp: b8fdb7e526e0f6ec6672fae11c310fc0 -> d0e4d9b8e3191607d5c08abaebdab676
========================================================================
Received Prepare
Caller must complete domain reload
Begin MonoManager ReloadAssembly
- Loaded All Assemblies, in  0.438 seconds
Native extension for WindowsStandalone target not found
Native extension for Android target not found
Native extension for WebGL target not found
[Package Manager] Server::EnsureServerProcessIsRunning -- launch failed, reason: Unity was launched with the -noUpm command-line argument
[Package Manager] UpmClient::Send -- Unable to send message (not connected to UPM process).
[Package Manager] Cannot connect to Unity Package Manager local server
Failed to sync packages list
UnityEngine.StackTraceUtility:ExtractStackTrace ()
UnityEngine.DebugLogHandler:LogFormat (UnityEngine.LogType,UnityEngine.Object,string,object[])
UnityEngine.Logger:Log (UnityEngine.LogType,object)
UnityEngine.Debug:LogWarning (object)
 .  / :MoveNext ()
System.Runtime.CompilerServices.AsyncVoidMethodBuilder:Start< .  / > ( .  / &)
 .  :  ()
 .⁪/ :MoveNext ()
System.Runtime.CompilerServices.AsyncTaskMethodBuilder:Start< .⁪/ > ( .⁪/ &)
 .⁪:  ()
System.Reflection.RuntimeMethodInfo:Invoke (object,System.Reflection.BindingFlags,System.Reflection.Binder,object[],System.Globalization.CultureInfo)
System.Reflection.MethodBase:Invoke (object,object[])
UnityEditor.EditorAssemblies:ProcessInitializeOnLoadMethodAttributes ()

Mono: successfully reloaded assembly
- Finished resetting the current domain, in  1.060 seconds
Domain Reload Profiling: 1496ms
	BeginReloadAssembly (150ms)
		ExecutionOrderSort (0ms)
		DisableScriptedObjects (5ms)
		BackupInstance (0ms)
		ReleaseScriptingObjects (0ms)
		CreateAndSetChildDomain (32ms)
	RebuildCommonClasses (35ms)
	RebuildNativeTypeToScriptingClass (11ms)
	initialDomainReloadingComplete (31ms)
	LoadAllAssembliesAndSetupDomain (209ms)
		LoadAssemblies (270ms)
		RebuildTransferFunctionScriptingTraits (0ms)
		AnalyzeDomain (17ms)
			TypeCache.Refresh (9ms)
				TypeCache.ScanAssembly (0ms)
			ScanForSourceGeneratedMonoScriptInfo (0ms)
			ResolveRequiredComponents (6ms)
	FinalizeReload (1061ms)
		ReleaseScriptCaches (0ms)
		RebuildScriptCaches (0ms)
		SetupLoadedEditorAssemblies (603ms)
			LogAssemblyErrors (0ms)
			InitializePlatformSupportModulesInManaged (21ms)
			SetLoadedEditorAssemblies (6ms)
			RefreshPlugins (0ms)
			BeforeProcessingInitializeOnLoad (70ms)
			ProcessInitializeOnLoadAttributes (444ms)
			ProcessInitializeOnLoadMethodAttributes (56ms)
			AfterProcessingInitializeOnLoad (7ms)
			EditorAssembliesLoaded (0ms)
		ExecutionOrderSort2 (0ms)
		AwakeInstancesAfterBackupRestoration (8ms)
Refreshing native plugins compatible for Editor in 4.20 ms, found 6 plugins.
Preloading 0 native plugins for Editor in 0.00 ms.
Release of invalid GC handle. The handle is from a previous domain. The release operation is skipped.
Release of invalid GC handle native callstack: 
0x00007ff60b1b424d (Unity) StackWalker::GetCurrentCallstack
0x00007ff60b1b9329 (Unity) StackWalker::ShowCallstack
0x00007ff60c1adae1 (Unity) GetStacktrace
0x00007ff60b0af20d (Unity) ScriptingGCHandle::ReleaseAndClear
0x00007ff60b67748c (Unity) UploadHandlerRaw::`vector deleting destructor'
0x00007ff60b67803d (Unity) UploadHandler::Release
0x00007ff60b6748dd (Unity) UnityWebRequestProto<UnityWebRequestTransport,AtomicRefCounter,RedirectHelper,ResponseHelper,DownloadHandler,UploadHandler,CertificateHandler,HeaderHelper,AsyncOperation>::~UnityWebRequestProto<UnityWebRequestTransport,AtomicRefCounter,RedirectHelper,ResponseHelper,DownloadHandler,UploadHandler,CertificateHandler,HeaderHelper,AsyncOperation>
0x00007ff60b674bd6 (Unity) UnityWebRequest::`vector deleting destructor'
0x00007ff60a3c4b77 (Unity) UnityWebRequestProto<UnityWebRequestTransport,AtomicRefCounter,RedirectHelper,ResponseHelper,DownloadHandler,UploadHandler,CertificateHandler,HeaderHelper,AsyncOperation>::Release
0x00007ff60b676605 (Unity) UnityWebRequestAsyncOperation::InvokeCoroutine
0x00007ff60b6767e1 (Unity) UnityWebRequestProto<UnityWebRequestTransport,AtomicRefCounter,RedirectHelper,ResponseHelper,DownloadHandler,UploadHandler,CertificateHandler,HeaderHelper,AsyncOperation>::Job_InvokeCoroutine
0x00007ff60acdb54a (Unity) BackgroundJobQueue::ExecuteMainThreadJobs
0x00007ff60ad9005f (Unity) PreloadManager::WaitForAllAsyncOperationsToComplete
0x00007ff60c553af8 (Unity) <lambda_b37b41f03089e3cb3f55061bbc93253d>::operator()
0x00007ff60c58f422 (Unity) asio::detail::completion_handler<core::mutable_function<void __cdecl(void)>,asio::io_context::basic_executor_type<std::allocator<void>,0> >::do_complete
0x00007ff60c57b3ce (Unity) asio::detail::win_iocp_io_context::do_one
0x00007ff60c57d034 (Unity) asio::detail::win_iocp_io_context::run
0x00007ff60c58d7cc (Unity) IOService::Run
0x00007ff60c560c2f (Unity) AssetImportWorkerClient::Run
0x00007ff60c52c3d7 (Unity) RunAssetImportWorkerClientV2
0x00007ff60c52c45b (Unity) RunAssetImporterV2
0x00007ff60bd231de (Unity) Application::InitializeProject
0x00007ff60c1b8795 (Unity) WinMain
0x00007ff60d5835ce (Unity) __scrt_common_main_seh
0x00007ffa8b87e8d7 (KERNEL32) BaseThreadInitThunk
0x00007ffa8c1714fc (ntdll) RtlUserThreadStart
Unloading 3359 Unused Serialized files (Serialized files now loaded: 0)
Unloading 28 unused Assets / (396.7 KB). Loaded Objects now: 3865.
Memory consumption went from 131.6 MB to 131.2 MB.
Total: 4.089000 ms (FindLiveObjects: 0.254400 ms CreateObjectMapping: 0.097800 ms MarkObjects: 3.493900 ms  DeleteObjects: 0.241800 ms)

Prepare: number of updated asset objects reloaded= 0
AssetImportParameters requested are different than current active one (requested -> active):
  custom:container-demuxer-ogg: 62fdf1f143b41e24485cea50d1cbac27 -> 
  custom:video-codec-MediaFoundation-h265: 746d11721c4dcdbdad8f713fa42b33f4 -> 
  custom:video-decoder-ogg-theora: a1e56fd34408186e4bbccfd4996cb3dc -> 
  custom:framework-win-MediaFoundation: 216162199b28c13a410421893ffa2e32 -> 
  custom:CustomObjectIndexerAttribute: 9a22284fe3817be447336de3de66b15e -> 
  custom:container-demuxer-webm: 4f35f7cbe854078d1ac9338744f61a02 -> 
  custom:container-muxer-webm: aa71ff27fc2769a1b78a27578f13a17b -> 
  custom:video-decoder-webm-vp8: 9c59270c3fd7afecdb556c50c9e8de78 -> 
  custom:SearchIndexIgnoredProperties: e643bd26f0fe6173181afceb89e7c659 -> 
  custom:AudioImporter_EditorPlatform: d09bf68614088b80899f8185d706f6e7 -> 
  custom:video-encoder-webm-vp8: eb34c28f22e8b96e1ab97ce403110664 -> 
  custom:audio-decoder-ogg-vorbis: bf7c407c2cedff20999df2af8eb42d56 -> 
  custom:audio-encoder-webm-vorbis: bf7c407c2cedff20999df2af8eb42d56 -> 
  custom:scripting/precompiled-assembly-types:Assembly-CSharp: b8fdb7e526e0f6ec6672fae11c310fc0 -> d0e4d9b8e3191607d5c08abaebdab676
========================================================================
Received Prepare
Caller must complete domain reload
Begin MonoManager ReloadAssembly
- Loaded All Assemblies, in  0.450 seconds
Native extension for WindowsStandalone target not found
Native extension for Android target not found
Native extension for WebGL target not found
[Package Manager] Server::EnsureServerProcessIsRunning -- launch failed, reason: Unity was launched with the -noUpm command-line argument
[Package Manager] UpmClient::Send -- Unable to send message (not connected to UPM process).
[Package Manager] Cannot connect to Unity Package Manager local server
Failed to sync packages list
UnityEngine.StackTraceUtility:ExtractStackTrace ()
UnityEngine.DebugLogHandler:LogFormat (UnityEngine.LogType,UnityEngine.Object,string,object[])
UnityEngine.Logger:Log (UnityEngine.LogType,object)
UnityEngine.Debug:LogWarning (object)
 .  / :MoveNext ()
System.Runtime.CompilerServices.AsyncVoidMethodBuilder:Start< .  / > ( .  / &)
 .  :  ()
 .⁪/ :MoveNext ()
System.Runtime.CompilerServices.AsyncTaskMethodBuilder:Start< .⁪/ > ( .⁪/ &)
 .⁪:  ()
System.Reflection.RuntimeMethodInfo:Invoke (object,System.Reflection.BindingFlags,System.Reflection.Binder,object[],System.Globalization.CultureInfo)
System.Reflection.MethodBase:Invoke (object,object[])
UnityEditor.EditorAssemblies:ProcessInitializeOnLoadMethodAttributes ()

Mono: successfully reloaded assembly
- Finished resetting the current domain, in  0.995 seconds
Domain Reload Profiling: 1444ms
	BeginReloadAssembly (158ms)
		ExecutionOrderSort (0ms)
		DisableScriptedObjects (5ms)
		BackupInstance (0ms)
		ReleaseScriptingObjects (0ms)
		CreateAndSetChildDomain (30ms)
	RebuildCommonClasses (35ms)
	RebuildNativeTypeToScriptingClass (10ms)
	initialDomainReloadingComplete (26ms)
	LoadAllAssembliesAndSetupDomain (220ms)
		LoadAssemblies (293ms)
		RebuildTransferFunctionScriptingTraits (0ms)
		AnalyzeDomain (14ms)
			TypeCache.Refresh (6ms)
				TypeCache.ScanAssembly (0ms)
			ScanForSourceGeneratedMonoScriptInfo (0ms)
			ResolveRequiredComponents (6ms)
	FinalizeReload (996ms)
		ReleaseScriptCaches (0ms)
		RebuildScriptCaches (0ms)
		SetupLoadedEditorAssemblies (558ms)
			LogAssemblyErrors (0ms)
			InitializePlatformSupportModulesInManaged (17ms)
			SetLoadedEditorAssemblies (4ms)
			RefreshPlugins (0ms)
			BeforeProcessingInitializeOnLoad (62ms)
			ProcessInitializeOnLoadAttributes (420ms)
			ProcessInitializeOnLoadMethodAttributes (50ms)
			AfterProcessingInitializeOnLoad (5ms)
			EditorAssembliesLoaded (0ms)
		ExecutionOrderSort2 (0ms)
		AwakeInstancesAfterBackupRestoration (6ms)
Refreshing native plugins compatible for Editor in 4.96 ms, found 6 plugins.
Preloading 0 native plugins for Editor in 0.00 ms.
Release of invalid GC handle. The handle is from a previous domain. The release operation is skipped.
Release of invalid GC handle native callstack: 
0x00007ff60b1b424d (Unity) StackWalker::GetCurrentCallstack
0x00007ff60b1b9329 (Unity) StackWalker::ShowCallstack
0x00007ff60c1adae1 (Unity) GetStacktrace
0x00007ff60b0af20d (Unity) ScriptingGCHandle::ReleaseAndClear
0x00007ff60b67748c (Unity) UploadHandlerRaw::`vector deleting destructor'
0x00007ff60b67803d (Unity) UploadHandler::Release
0x00007ff60b6748dd (Unity) UnityWebRequestProto<UnityWebRequestTransport,AtomicRefCounter,RedirectHelper,ResponseHelper,DownloadHandler,UploadHandler,CertificateHandler,HeaderHelper,AsyncOperation>::~UnityWebRequestProto<UnityWebRequestTransport,AtomicRefCounter,RedirectHelper,ResponseHelper,DownloadHandler,UploadHandler,CertificateHandler,HeaderHelper,AsyncOperation>
0x00007ff60b674bd6 (Unity) UnityWebRequest::`vector deleting destructor'
0x00007ff60a3c4b77 (Unity) UnityWebRequestProto<UnityWebRequestTransport,AtomicRefCounter,RedirectHelper,ResponseHelper,DownloadHandler,UploadHandler,CertificateHandler,HeaderHelper,AsyncOperation>::Release
0x00007ff60b676605 (Unity) UnityWebRequestAsyncOperation::InvokeCoroutine
0x00007ff60b6767e1 (Unity) UnityWebRequestProto<UnityWebRequestTransport,AtomicRefCounter,RedirectHelper,ResponseHelper,DownloadHandler,UploadHandler,CertificateHandler,HeaderHelper,AsyncOperation>::Job_InvokeCoroutine
0x00007ff60acdb54a (Unity) BackgroundJobQueue::ExecuteMainThreadJobs
0x00007ff60ad9005f (Unity) PreloadManager::WaitForAllAsyncOperationsToComplete
0x00007ff60c553af8 (Unity) <lambda_b37b41f03089e3cb3f55061bbc93253d>::operator()
0x00007ff60c58f422 (Unity) asio::detail::completion_handler<core::mutable_function<void __cdecl(void)>,asio::io_context::basic_executor_type<std::allocator<void>,0> >::do_complete
0x00007ff60c57b3ce (Unity) asio::detail::win_iocp_io_context::do_one
0x00007ff60c57d034 (Unity) asio::detail::win_iocp_io_context::run
0x00007ff60c58d7cc (Unity) IOService::Run
0x00007ff60c560c2f (Unity) AssetImportWorkerClient::Run
0x00007ff60c52c3d7 (Unity) RunAssetImportWorkerClientV2
0x00007ff60c52c45b (Unity) RunAssetImporterV2
0x00007ff60bd231de (Unity) Application::InitializeProject
0x00007ff60c1b8795 (Unity) WinMain
0x00007ff60d5835ce (Unity) __scrt_common_main_seh
0x00007ffa8b87e8d7 (KERNEL32) BaseThreadInitThunk
0x00007ffa8c1714fc (ntdll) RtlUserThreadStart
Unloading 3359 Unused Serialized files (Serialized files now loaded: 0)
Unloading 28 unused Assets / (396.6 KB). Loaded Objects now: 3870.
Memory consumption went from 131.7 MB to 131.3 MB.
Total: 4.622200 ms (FindLiveObjects: 0.198400 ms CreateObjectMapping: 0.091800 ms MarkObjects: 4.010100 ms  DeleteObjects: 0.320700 ms)

Prepare: number of updated asset objects reloaded= 0
AssetImportParameters requested are different than current active one (requested -> active):
  custom:container-demuxer-ogg: 62fdf1f143b41e24485cea50d1cbac27 -> 
  custom:video-codec-MediaFoundation-h265: 746d11721c4dcdbdad8f713fa42b33f4 -> 
  custom:video-decoder-ogg-theora: a1e56fd34408186e4bbccfd4996cb3dc -> 
  custom:framework-win-MediaFoundation: 216162199b28c13a410421893ffa2e32 -> 
  custom:CustomObjectIndexerAttribute: 9a22284fe3817be447336de3de66b15e -> 
  custom:container-demuxer-webm: 4f35f7cbe854078d1ac9338744f61a02 -> 
  custom:container-muxer-webm: aa71ff27fc2769a1b78a27578f13a17b -> 
  custom:video-decoder-webm-vp8: 9c59270c3fd7afecdb556c50c9e8de78 -> 
  custom:SearchIndexIgnoredProperties: e643bd26f0fe6173181afceb89e7c659 -> 
  custom:AudioImporter_EditorPlatform: d09bf68614088b80899f8185d706f6e7 -> 
  custom:video-encoder-webm-vp8: eb34c28f22e8b96e1ab97ce403110664 -> 
  custom:audio-decoder-ogg-vorbis: bf7c407c2cedff20999df2af8eb42d56 -> 
  custom:audio-encoder-webm-vorbis: bf7c407c2cedff20999df2af8eb42d56 -> 
  custom:scripting/precompiled-assembly-types:Assembly-CSharp: b8fdb7e526e0f6ec6672fae11c310fc0 -> d0e4d9b8e3191607d5c08abaebdab676
========================================================================
Received Prepare
Caller must complete domain reload
Begin MonoManager ReloadAssembly
- Loaded All Assemblies, in  0.427 seconds
Native extension for WindowsStandalone target not found
Native extension for Android target not found
Native extension for WebGL target not found
[Package Manager] Server::EnsureServerProcessIsRunning -- launch failed, reason: Unity was launched with the -noUpm command-line argument
[Package Manager] UpmClient::Send -- Unable to send message (not connected to UPM process).
[Package Manager] Cannot connect to Unity Package Manager local server
Failed to sync packages list
UnityEngine.StackTraceUtility:ExtractStackTrace ()
UnityEngine.DebugLogHandler:LogFormat (UnityEngine.LogType,UnityEngine.Object,string,object[])
UnityEngine.Logger:Log (UnityEngine.LogType,object)
UnityEngine.Debug:LogWarning (object)
 .  / :MoveNext ()
System.Runtime.CompilerServices.AsyncVoidMethodBuilder:Start< .  / > ( .  / &)
 .  :  ()
 .⁪/ :MoveNext ()
System.Runtime.CompilerServices.AsyncTaskMethodBuilder:Start< .⁪/ > ( .⁪/ &)
 .⁪:  ()
System.Reflection.RuntimeMethodInfo:Invoke (object,System.Reflection.BindingFlags,System.Reflection.Binder,object[],System.Globalization.CultureInfo)
System.Reflection.MethodBase:Invoke (object,object[])
UnityEditor.EditorAssemblies:ProcessInitializeOnLoadMethodAttributes ()

Mono: successfully reloaded assembly
- Finished resetting the current domain, in  1.017 seconds
Domain Reload Profiling: 1442ms
	BeginReloadAssembly (142ms)
		ExecutionOrderSort (0ms)
		DisableScriptedObjects (5ms)
		BackupInstance (0ms)
		ReleaseScriptingObjects (0ms)
		CreateAndSetChildDomain (31ms)
	RebuildCommonClasses (33ms)
	RebuildNativeTypeToScriptingClass (13ms)
	initialDomainReloadingComplete (28ms)
	LoadAllAssembliesAndSetupDomain (209ms)
		LoadAssemblies (271ms)
		RebuildTransferFunctionScriptingTraits (0ms)
		AnalyzeDomain (14ms)
			TypeCache.Refresh (6ms)
				TypeCache.ScanAssembly (0ms)
			ScanForSourceGeneratedMonoScriptInfo (0ms)
			ResolveRequiredComponents (6ms)
	FinalizeReload (1018ms)
		ReleaseScriptCaches (0ms)
		RebuildScriptCaches (0ms)
		SetupLoadedEditorAssemblies (562ms)
			LogAssemblyErrors (0ms)
			InitializePlatformSupportModulesInManaged (22ms)
			SetLoadedEditorAssemblies (5ms)
			RefreshPlugins (0ms)
			BeforeProcessingInitializeOnLoad (63ms)
			ProcessInitializeOnLoadAttributes (417ms)
			ProcessInitializeOnLoadMethodAttributes (49ms)
			AfterProcessingInitializeOnLoad (6ms)
			EditorAssembliesLoaded (0ms)
		ExecutionOrderSort2 (0ms)
		AwakeInstancesAfterBackupRestoration (6ms)
Refreshing native plugins compatible for Editor in 7.68 ms, found 6 plugins.
Preloading 0 native plugins for Editor in 0.00 ms.
Release of invalid GC handle. The handle is from a previous domain. The release operation is skipped.
Release of invalid GC handle native callstack: 
0x00007ff60b1b424d (Unity) StackWalker::GetCurrentCallstack
0x00007ff60b1b9329 (Unity) StackWalker::ShowCallstack
0x00007ff60c1adae1 (Unity) GetStacktrace
0x00007ff60b0af20d (Unity) ScriptingGCHandle::ReleaseAndClear
0x00007ff60b67748c (Unity) UploadHandlerRaw::`vector deleting destructor'
0x00007ff60b67803d (Unity) UploadHandler::Release
0x00007ff60b6748dd (Unity) UnityWebRequestProto<UnityWebRequestTransport,AtomicRefCounter,RedirectHelper,ResponseHelper,DownloadHandler,UploadHandler,CertificateHandler,HeaderHelper,AsyncOperation>::~UnityWebRequestProto<UnityWebRequestTransport,AtomicRefCounter,RedirectHelper,ResponseHelper,DownloadHandler,UploadHandler,CertificateHandler,HeaderHelper,AsyncOperation>
0x00007ff60b674bd6 (Unity) UnityWebRequest::`vector deleting destructor'
0x00007ff60a3c4b77 (Unity) UnityWebRequestProto<UnityWebRequestTransport,AtomicRefCounter,RedirectHelper,ResponseHelper,DownloadHandler,UploadHandler,CertificateHandler,HeaderHelper,AsyncOperation>::Release
0x00007ff60b676605 (Unity) UnityWebRequestAsyncOperation::InvokeCoroutine
0x00007ff60b6767e1 (Unity) UnityWebRequestProto<UnityWebRequestTransport,AtomicRefCounter,RedirectHelper,ResponseHelper,DownloadHandler,UploadHandler,CertificateHandler,HeaderHelper,AsyncOperation>::Job_InvokeCoroutine
0x00007ff60acdb54a (Unity) BackgroundJobQueue::ExecuteMainThreadJobs
0x00007ff60ad9005f (Unity) PreloadManager::WaitForAllAsyncOperationsToComplete
0x00007ff60c553af8 (Unity) <lambda_b37b41f03089e3cb3f55061bbc93253d>::operator()
0x00007ff60c58f422 (Unity) asio::detail::completion_handler<core::mutable_function<void __cdecl(void)>,asio::io_context::basic_executor_type<std::allocator<void>,0> >::do_complete
0x00007ff60c57b3ce (Unity) asio::detail::win_iocp_io_context::do_one
0x00007ff60c57d034 (Unity) asio::detail::win_iocp_io_context::run
0x00007ff60c58d7cc (Unity) IOService::Run
0x00007ff60c560c2f (Unity) AssetImportWorkerClient::Run
0x00007ff60c52c3d7 (Unity) RunAssetImportWorkerClientV2
0x00007ff60c52c45b (Unity) RunAssetImporterV2
0x00007ff60bd231de (Unity) Application::InitializeProject
0x00007ff60c1b8795 (Unity) WinMain
0x00007ff60d5835ce (Unity) __scrt_common_main_seh
0x00007ffa8b87e8d7 (KERNEL32) BaseThreadInitThunk
0x00007ffa8c1714fc (ntdll) RtlUserThreadStart
Unloading 3359 Unused Serialized files (Serialized files now loaded: 0)
Unloading 28 unused Assets / (396.5 KB). Loaded Objects now: 3875.
Memory consumption went from 131.9 MB to 131.5 MB.
Total: 5.639700 ms (FindLiveObjects: 0.201500 ms CreateObjectMapping: 0.091100 ms MarkObjects: 4.871700 ms  DeleteObjects: 0.473800 ms)

Prepare: number of updated asset objects reloaded= 0
AssetImportParameters requested are different than current active one (requested -> active):
  custom:container-demuxer-ogg: 62fdf1f143b41e24485cea50d1cbac27 -> 
  custom:video-codec-MediaFoundation-h265: 746d11721c4dcdbdad8f713fa42b33f4 -> 
  custom:video-decoder-ogg-theora: a1e56fd34408186e4bbccfd4996cb3dc -> 
  custom:framework-win-MediaFoundation: 216162199b28c13a410421893ffa2e32 -> 
  custom:CustomObjectIndexerAttribute: 9a22284fe3817be447336de3de66b15e -> 
  custom:container-demuxer-webm: 4f35f7cbe854078d1ac9338744f61a02 -> 
  custom:container-muxer-webm: aa71ff27fc2769a1b78a27578f13a17b -> 
  custom:video-decoder-webm-vp8: 9c59270c3fd7afecdb556c50c9e8de78 -> 
  custom:SearchIndexIgnoredProperties: e643bd26f0fe6173181afceb89e7c659 -> 
  custom:AudioImporter_EditorPlatform: d09bf68614088b80899f8185d706f6e7 -> 
  custom:video-encoder-webm-vp8: eb34c28f22e8b96e1ab97ce403110664 -> 
  custom:audio-decoder-ogg-vorbis: bf7c407c2cedff20999df2af8eb42d56 -> 
  custom:audio-encoder-webm-vorbis: bf7c407c2cedff20999df2af8eb42d56 -> 
  custom:scripting/precompiled-assembly-types:Assembly-CSharp: b8fdb7e526e0f6ec6672fae11c310fc0 -> d0e4d9b8e3191607d5c08abaebdab676
========================================================================
Received Prepare
Caller must complete domain reload
Begin MonoManager ReloadAssembly
- Loaded All Assemblies, in  0.428 seconds
Native extension for WindowsStandalone target not found
Native extension for Android target not found
Native extension for WebGL target not found
[Package Manager] Server::EnsureServerProcessIsRunning -- launch failed, reason: Unity was launched with the -noUpm command-line argument
[Package Manager] UpmClient::Send -- Unable to send message (not connected to UPM process).
[Package Manager] Cannot connect to Unity Package Manager local server
Failed to sync packages list
UnityEngine.StackTraceUtility:ExtractStackTrace ()
UnityEngine.DebugLogHandler:LogFormat (UnityEngine.LogType,UnityEngine.Object,string,object[])
UnityEngine.Logger:Log (UnityEngine.LogType,object)
UnityEngine.Debug:LogWarning (object)
 .  / :MoveNext ()
System.Runtime.CompilerServices.AsyncVoidMethodBuilder:Start< .  / > ( .  / &)
 .  :  ()
 .⁪/ :MoveNext ()
System.Runtime.CompilerServices.AsyncTaskMethodBuilder:Start< .⁪/ > ( .⁪/ &)
 .⁪:  ()
System.Reflection.RuntimeMethodInfo:Invoke (object,System.Reflection.BindingFlags,System.Reflection.Binder,object[],System.Globalization.CultureInfo)
System.Reflection.MethodBase:Invoke (object,object[])
UnityEditor.EditorAssemblies:ProcessInitializeOnLoadMethodAttributes ()

Mono: successfully reloaded assembly
- Finished resetting the current domain, in  0.987 seconds
Domain Reload Profiling: 1413ms
	BeginReloadAssembly (149ms)
		ExecutionOrderSort (0ms)
		DisableScriptedObjects (6ms)
		BackupInstance (0ms)
		ReleaseScriptingObjects (0ms)
		CreateAndSetChildDomain (33ms)
	RebuildCommonClasses (30ms)
	RebuildNativeTypeToScriptingClass (10ms)
	initialDomainReloadingComplete (27ms)
	LoadAllAssembliesAndSetupDomain (209ms)
		LoadAssemblies (272ms)
		RebuildTransferFunctionScriptingTraits (0ms)
		AnalyzeDomain (14ms)
			TypeCache.Refresh (6ms)
				TypeCache.ScanAssembly (0ms)
			ScanForSourceGeneratedMonoScriptInfo (0ms)
			ResolveRequiredComponents (6ms)
	FinalizeReload (988ms)
		ReleaseScriptCaches (0ms)
		RebuildScriptCaches (0ms)
		SetupLoadedEditorAssemblies (565ms)
			LogAssemblyErrors (0ms)
			InitializePlatformSupportModulesInManaged (18ms)
			SetLoadedEditorAssemblies (5ms)
			RefreshPlugins (0ms)
			BeforeProcessingInitializeOnLoad (62ms)
			ProcessInitializeOnLoadAttributes (408ms)
			ProcessInitializeOnLoadMethodAttributes (65ms)
			AfterProcessingInitializeOnLoad (7ms)
			EditorAssembliesLoaded (0ms)
		ExecutionOrderSort2 (0ms)
		AwakeInstancesAfterBackupRestoration (11ms)
Refreshing native plugins compatible for Editor in 3.76 ms, found 6 plugins.
Preloading 0 native plugins for Editor in 0.00 ms.
Release of invalid GC handle. The handle is from a previous domain. The release operation is skipped.
Release of invalid GC handle native callstack: 
0x00007ff60b1b424d (Unity) StackWalker::GetCurrentCallstack
0x00007ff60b1b9329 (Unity) StackWalker::ShowCallstack
0x00007ff60c1adae1 (Unity) GetStacktrace
0x00007ff60b0af20d (Unity) ScriptingGCHandle::ReleaseAndClear
0x00007ff60b67748c (Unity) UploadHandlerRaw::`vector deleting destructor'
0x00007ff60b67803d (Unity) UploadHandler::Release
0x00007ff60b6748dd (Unity) UnityWebRequestProto<UnityWebRequestTransport,AtomicRefCounter,RedirectHelper,ResponseHelper,DownloadHandler,UploadHandler,CertificateHandler,HeaderHelper,AsyncOperation>::~UnityWebRequestProto<UnityWebRequestTransport,AtomicRefCounter,RedirectHelper,ResponseHelper,DownloadHandler,UploadHandler,CertificateHandler,HeaderHelper,AsyncOperation>
0x00007ff60b674bd6 (Unity) UnityWebRequest::`vector deleting destructor'
0x00007ff60a3c4b77 (Unity) UnityWebRequestProto<UnityWebRequestTransport,AtomicRefCounter,RedirectHelper,ResponseHelper,DownloadHandler,UploadHandler,CertificateHandler,HeaderHelper,AsyncOperation>::Release
0x00007ff60b676605 (Unity) UnityWebRequestAsyncOperation::InvokeCoroutine
0x00007ff60b6767e1 (Unity) UnityWebRequestProto<UnityWebRequestTransport,AtomicRefCounter,RedirectHelper,ResponseHelper,DownloadHandler,UploadHandler,CertificateHandler,HeaderHelper,AsyncOperation>::Job_InvokeCoroutine
0x00007ff60acdb54a (Unity) BackgroundJobQueue::ExecuteMainThreadJobs
0x00007ff60ad9005f (Unity) PreloadManager::WaitForAllAsyncOperationsToComplete
0x00007ff60c553af8 (Unity) <lambda_b37b41f03089e3cb3f55061bbc93253d>::operator()
0x00007ff60c58f422 (Unity) asio::detail::completion_handler<core::mutable_function<void __cdecl(void)>,asio::io_context::basic_executor_type<std::allocator<void>,0> >::do_complete
0x00007ff60c57b3ce (Unity) asio::detail::win_iocp_io_context::do_one
0x00007ff60c57d034 (Unity) asio::detail::win_iocp_io_context::run
0x00007ff60c58d7cc (Unity) IOService::Run
0x00007ff60c560c2f (Unity) AssetImportWorkerClient::Run
0x00007ff60c52c3d7 (Unity) RunAssetImportWorkerClientV2
0x00007ff60c52c45b (Unity) RunAssetImporterV2
0x00007ff60bd231de (Unity) Application::InitializeProject
0x00007ff60c1b8795 (Unity) WinMain
0x00007ff60d5835ce (Unity) __scrt_common_main_seh
0x00007ffa8b87e8d7 (KERNEL32) BaseThreadInitThunk
0x00007ffa8c1714fc (ntdll) RtlUserThreadStart
Unloading 3359 Unused Serialized files (Serialized files now loaded: 0)
Unloading 28 unused Assets / (396.9 KB). Loaded Objects now: 3880.
Memory consumption went from 132.0 MB to 131.6 MB.
Total: 4.075100 ms (FindLiveObjects: 0.209300 ms CreateObjectMapping: 0.098900 ms MarkObjects: 3.519900 ms  DeleteObjects: 0.245500 ms)

Prepare: number of updated asset objects reloaded= 0
AssetImportParameters requested are different than current active one (requested -> active):
  custom:container-demuxer-ogg: 62fdf1f143b41e24485cea50d1cbac27 -> 
  custom:video-codec-MediaFoundation-h265: 746d11721c4dcdbdad8f713fa42b33f4 -> 
  custom:video-decoder-ogg-theora: a1e56fd34408186e4bbccfd4996cb3dc -> 
  custom:framework-win-MediaFoundation: 216162199b28c13a410421893ffa2e32 -> 
  custom:CustomObjectIndexerAttribute: 9a22284fe3817be447336de3de66b15e -> 
  custom:container-demuxer-webm: 4f35f7cbe854078d1ac9338744f61a02 -> 
  custom:container-muxer-webm: aa71ff27fc2769a1b78a27578f13a17b -> 
  custom:video-decoder-webm-vp8: 9c59270c3fd7afecdb556c50c9e8de78 -> 
  custom:SearchIndexIgnoredProperties: e643bd26f0fe6173181afceb89e7c659 -> 
  custom:AudioImporter_EditorPlatform: d09bf68614088b80899f8185d706f6e7 -> 
  custom:video-encoder-webm-vp8: eb34c28f22e8b96e1ab97ce403110664 -> 
  custom:audio-decoder-ogg-vorbis: bf7c407c2cedff20999df2af8eb42d56 -> 
  custom:audio-encoder-webm-vorbis: bf7c407c2cedff20999df2af8eb42d56 -> 
  custom:scripting/precompiled-assembly-types:Assembly-CSharp: b8fdb7e526e0f6ec6672fae11c310fc0 -> d0e4d9b8e3191607d5c08abaebdab676
========================================================================
Received Prepare
Caller must complete domain reload
Begin MonoManager ReloadAssembly
- Loaded All Assemblies, in  0.949 seconds
Native extension for WindowsStandalone target not found
Native extension for Android target not found
Native extension for WebGL target not found
[Package Manager] Server::EnsureServerProcessIsRunning -- launch failed, reason: Unity was launched with the -noUpm command-line argument
[Package Manager] UpmClient::Send -- Unable to send message (not connected to UPM process).
[Package Manager] Cannot connect to Unity Package Manager local server
Failed to sync packages list
UnityEngine.StackTraceUtility:ExtractStackTrace ()
UnityEngine.DebugLogHandler:LogFormat (UnityEngine.LogType,UnityEngine.Object,string,object[])
UnityEngine.Logger:Log (UnityEngine.LogType,object)
UnityEngine.Debug:LogWarning (object)
 .  / :MoveNext ()
System.Runtime.CompilerServices.AsyncVoidMethodBuilder:Start< .  / > ( .  / &)
 .  :  ()
 .⁪/ :MoveNext ()
System.Runtime.CompilerServices.AsyncTaskMethodBuilder:Start< .⁪/ > ( .⁪/ &)
 .⁪:  ()
System.Reflection.RuntimeMethodInfo:Invoke (object,System.Reflection.BindingFlags,System.Reflection.Binder,object[],System.Globalization.CultureInfo)
System.Reflection.MethodBase:Invoke (object,object[])
UnityEditor.EditorAssemblies:ProcessInitializeOnLoadMethodAttributes ()

Mono: successfully reloaded assembly
- Finished resetting the current domain, in  2.298 seconds
Domain Reload Profiling: 3242ms
	BeginReloadAssembly (321ms)
		ExecutionOrderSort (0ms)
		DisableScriptedObjects (10ms)
		BackupInstance (0ms)
		ReleaseScriptingObjects (0ms)
		CreateAndSetChildDomain (77ms)
	RebuildCommonClasses (72ms)
	RebuildNativeTypeToScriptingClass (21ms)
	initialDomainReloadingComplete (71ms)
	LoadAllAssembliesAndSetupDomain (458ms)
		LoadAssemblies (575ms)
		RebuildTransferFunctionScriptingTraits (0ms)
		AnalyzeDomain (44ms)
			TypeCache.Refresh (15ms)
				TypeCache.ScanAssembly (1ms)
			ScanForSourceGeneratedMonoScriptInfo (13ms)
			ResolveRequiredComponents (12ms)
	FinalizeReload (2299ms)
		ReleaseScriptCaches (0ms)
		RebuildScriptCaches (0ms)
		SetupLoadedEditorAssemblies (1046ms)
			LogAssemblyErrors (0ms)
			InitializePlatformSupportModulesInManaged (47ms)
			SetLoadedEditorAssemblies (8ms)
			RefreshPlugins (0ms)
			BeforeProcessingInitializeOnLoad (118ms)
			ProcessInitializeOnLoadAttributes (745ms)
			ProcessInitializeOnLoadMethodAttributes (115ms)
			AfterProcessingInitializeOnLoad (12ms)
			EditorAssembliesLoaded (0ms)
		ExecutionOrderSort2 (0ms)
		AwakeInstancesAfterBackupRestoration (21ms)
Refreshing native plugins compatible for Editor in 10.46 ms, found 6 plugins.
Preloading 0 native plugins for Editor in 0.00 ms.
Release of invalid GC handle. The handle is from a previous domain. The release operation is skipped.
Release of invalid GC handle native callstack: 
0x00007ff60b1b424d (Unity) StackWalker::GetCurrentCallstack
0x00007ff60b1b9329 (Unity) StackWalker::ShowCallstack
0x00007ff60c1adae1 (Unity) GetStacktrace
0x00007ff60b0af20d (Unity) ScriptingGCHandle::ReleaseAndClear
0x00007ff60b67748c (Unity) UploadHandlerRaw::`vector deleting destructor'
0x00007ff60b67803d (Unity) UploadHandler::Release
0x00007ff60b6748dd (Unity) UnityWebRequestProto<UnityWebRequestTransport,AtomicRefCounter,RedirectHelper,ResponseHelper,DownloadHandler,UploadHandler,CertificateHandler,HeaderHelper,AsyncOperation>::~UnityWebRequestProto<UnityWebRequestTransport,AtomicRefCounter,RedirectHelper,ResponseHelper,DownloadHandler,UploadHandler,CertificateHandler,HeaderHelper,AsyncOperation>
0x00007ff60b674bd6 (Unity) UnityWebRequest::`vector deleting destructor'
0x00007ff60a3c4b77 (Unity) UnityWebRequestProto<UnityWebRequestTransport,AtomicRefCounter,RedirectHelper,ResponseHelper,DownloadHandler,UploadHandler,CertificateHandler,HeaderHelper,AsyncOperation>::Release
0x00007ff60b676605 (Unity) UnityWebRequestAsyncOperation::InvokeCoroutine
0x00007ff60b6767e1 (Unity) UnityWebRequestProto<UnityWebRequestTransport,AtomicRefCounter,RedirectHelper,ResponseHelper,DownloadHandler,UploadHandler,CertificateHandler,HeaderHelper,AsyncOperation>::Job_InvokeCoroutine
0x00007ff60acdb54a (Unity) BackgroundJobQueue::ExecuteMainThreadJobs
0x00007ff60ad9005f (Unity) PreloadManager::WaitForAllAsyncOperationsToComplete
0x00007ff60c553af8 (Unity) <lambda_b37b41f03089e3cb3f55061bbc93253d>::operator()
0x00007ff60c58f422 (Unity) asio::detail::completion_handler<core::mutable_function<void __cdecl(void)>,asio::io_context::basic_executor_type<std::allocator<void>,0> >::do_complete
0x00007ff60c57b3ce (Unity) asio::detail::win_iocp_io_context::do_one
0x00007ff60c57d034 (Unity) asio::detail::win_iocp_io_context::run
0x00007ff60c58d7cc (Unity) IOService::Run
0x00007ff60c560c2f (Unity) AssetImportWorkerClient::Run
0x00007ff60c52c3d7 (Unity) RunAssetImportWorkerClientV2
0x00007ff60c52c45b (Unity) RunAssetImporterV2
0x00007ff60bd231de (Unity) Application::InitializeProject
0x00007ff60c1b8795 (Unity) WinMain
0x00007ff60d5835ce (Unity) __scrt_common_main_seh
0x00007ffa8b87e8d7 (KERNEL32) BaseThreadInitThunk
0x00007ffa8c1714fc (ntdll) RtlUserThreadStart
Unloading 3359 Unused Serialized files (Serialized files now loaded: 0)
Unloading 28 unused Assets / (375.2 KB). Loaded Objects now: 3885.
Memory consumption went from 117.9 MB to 117.5 MB.
Total: 8.710700 ms (FindLiveObjects: 0.622600 ms CreateObjectMapping: 0.474900 ms MarkObjects: 7.232600 ms  DeleteObjects: 0.378600 ms)

Prepare: number of updated asset objects reloaded= 0
AssetImportParameters requested are different than current active one (requested -> active):
  custom:container-demuxer-ogg: 62fdf1f143b41e24485cea50d1cbac27 -> 
  custom:video-codec-MediaFoundation-h265: 746d11721c4dcdbdad8f713fa42b33f4 -> 
  custom:video-decoder-ogg-theora: a1e56fd34408186e4bbccfd4996cb3dc -> 
  custom:framework-win-MediaFoundation: 216162199b28c13a410421893ffa2e32 -> 
  custom:CustomObjectIndexerAttribute: 9a22284fe3817be447336de3de66b15e -> 
  custom:container-demuxer-webm: 4f35f7cbe854078d1ac9338744f61a02 -> 
  custom:container-muxer-webm: aa71ff27fc2769a1b78a27578f13a17b -> 
  custom:video-decoder-webm-vp8: 9c59270c3fd7afecdb556c50c9e8de78 -> 
  custom:SearchIndexIgnoredProperties: e643bd26f0fe6173181afceb89e7c659 -> 
  custom:AudioImporter_EditorPlatform: d09bf68614088b80899f8185d706f6e7 -> 
  custom:video-encoder-webm-vp8: eb34c28f22e8b96e1ab97ce403110664 -> 
  custom:audio-decoder-ogg-vorbis: bf7c407c2cedff20999df2af8eb42d56 -> 
  custom:audio-encoder-webm-vorbis: bf7c407c2cedff20999df2af8eb42d56 -> 
  custom:scripting/precompiled-assembly-types:Assembly-CSharp: b8fdb7e526e0f6ec6672fae11c310fc0 -> d0e4d9b8e3191607d5c08abaebdab676
========================================================================
Received Prepare
Caller must complete domain reload
Begin MonoManager ReloadAssembly
- Loaded All Assemblies, in  0.638 seconds
Native extension for WindowsStandalone target not found
Native extension for Android target not found
Native extension for WebGL target not found
[Package Manager] Server::EnsureServerProcessIsRunning -- launch failed, reason: Unity was launched with the -noUpm command-line argument
[Package Manager] UpmClient::Send -- Unable to send message (not connected to UPM process).
[Package Manager] Cannot connect to Unity Package Manager local server
Failed to sync packages list
UnityEngine.StackTraceUtility:ExtractStackTrace ()
UnityEngine.DebugLogHandler:LogFormat (UnityEngine.LogType,UnityEngine.Object,string,object[])
UnityEngine.Logger:Log (UnityEngine.LogType,object)
UnityEngine.Debug:LogWarning (object)
 .  / :MoveNext ()
System.Runtime.CompilerServices.AsyncVoidMethodBuilder:Start< .  / > ( .  / &)
 .  :  ()
 .⁪/ :MoveNext ()
System.Runtime.CompilerServices.AsyncTaskMethodBuilder:Start< .⁪/ > ( .⁪/ &)
 .⁪:  ()
System.Reflection.RuntimeMethodInfo:Invoke (object,System.Reflection.BindingFlags,System.Reflection.Binder,object[],System.Globalization.CultureInfo)
System.Reflection.MethodBase:Invoke (object,object[])
UnityEditor.EditorAssemblies:ProcessInitializeOnLoadMethodAttributes ()

Mono: successfully reloaded assembly
- Finished resetting the current domain, in  1.067 seconds
Domain Reload Profiling: 1703ms
	BeginReloadAssembly (309ms)
		ExecutionOrderSort (0ms)
		DisableScriptedObjects (10ms)
		BackupInstance (0ms)
		ReleaseScriptingObjects (0ms)
		CreateAndSetChildDomain (66ms)
	RebuildCommonClasses (70ms)
	RebuildNativeTypeToScriptingClass (10ms)
	initialDomainReloadingComplete (30ms)
	LoadAllAssembliesAndSetupDomain (216ms)
		LoadAssemblies (369ms)
		RebuildTransferFunctionScriptingTraits (0ms)
		AnalyzeDomain (14ms)
			TypeCache.Refresh (6ms)
				TypeCache.ScanAssembly (0ms)
			ScanForSourceGeneratedMonoScriptInfo (0ms)
			ResolveRequiredComponents (6ms)
	FinalizeReload (1067ms)
		ReleaseScriptCaches (0ms)
		RebuildScriptCaches (0ms)
		SetupLoadedEditorAssemblies (610ms)
			LogAssemblyErrors (0ms)
			InitializePlatformSupportModulesInManaged (21ms)
			SetLoadedEditorAssemblies (5ms)
			RefreshPlugins (0ms)
			BeforeProcessingInitializeOnLoad (72ms)
			ProcessInitializeOnLoadAttributes (453ms)
			ProcessInitializeOnLoadMethodAttributes (53ms)
			AfterProcessingInitializeOnLoad (6ms)
			EditorAssembliesLoaded (0ms)
		ExecutionOrderSort2 (0ms)
		AwakeInstancesAfterBackupRestoration (8ms)
Refreshing native plugins compatible for Editor in 7.11 ms, found 6 plugins.
Preloading 0 native plugins for Editor in 0.00 ms.
Release of invalid GC handle. The handle is from a previous domain. The release operation is skipped.
Release of invalid GC handle native callstack: 
0x00007ff60b1b424d (Unity) StackWalker::GetCurrentCallstack
0x00007ff60b1b9329 (Unity) StackWalker::ShowCallstack
0x00007ff60c1adae1 (Unity) GetStacktrace
0x00007ff60b0af20d (Unity) ScriptingGCHandle::ReleaseAndClear
0x00007ff60b67748c (Unity) UploadHandlerRaw::`vector deleting destructor'
0x00007ff60b67803d (Unity) UploadHandler::Release
0x00007ff60b6748dd (Unity) UnityWebRequestProto<UnityWebRequestTransport,AtomicRefCounter,RedirectHelper,ResponseHelper,DownloadHandler,UploadHandler,CertificateHandler,HeaderHelper,AsyncOperation>::~UnityWebRequestProto<UnityWebRequestTransport,AtomicRefCounter,RedirectHelper,ResponseHelper,DownloadHandler,UploadHandler,CertificateHandler,HeaderHelper,AsyncOperation>
0x00007ff60b674bd6 (Unity) UnityWebRequest::`vector deleting destructor'
0x00007ff60a3c4b77 (Unity) UnityWebRequestProto<UnityWebRequestTransport,AtomicRefCounter,RedirectHelper,ResponseHelper,DownloadHandler,UploadHandler,CertificateHandler,HeaderHelper,AsyncOperation>::Release
0x00007ff60b676605 (Unity) UnityWebRequestAsyncOperation::InvokeCoroutine
0x00007ff60b6767e1 (Unity) UnityWebRequestProto<UnityWebRequestTransport,AtomicRefCounter,RedirectHelper,ResponseHelper,DownloadHandler,UploadHandler,CertificateHandler,HeaderHelper,AsyncOperation>::Job_InvokeCoroutine
0x00007ff60acdb54a (Unity) BackgroundJobQueue::ExecuteMainThreadJobs
0x00007ff60ad9005f (Unity) PreloadManager::WaitForAllAsyncOperationsToComplete
0x00007ff60c553af8 (Unity) <lambda_b37b41f03089e3cb3f55061bbc93253d>::operator()
0x00007ff60c58f422 (Unity) asio::detail::completion_handler<core::mutable_function<void __cdecl(void)>,asio::io_context::basic_executor_type<std::allocator<void>,0> >::do_complete
0x00007ff60c57b3ce (Unity) asio::detail::win_iocp_io_context::do_one
0x00007ff60c57d034 (Unity) asio::detail::win_iocp_io_context::run
0x00007ff60c58d7cc (Unity) IOService::Run
0x00007ff60c560c2f (Unity) AssetImportWorkerClient::Run
0x00007ff60c52c3d7 (Unity) RunAssetImportWorkerClientV2
0x00007ff60c52c45b (Unity) RunAssetImporterV2
0x00007ff60bd231de (Unity) Application::InitializeProject
0x00007ff60c1b8795 (Unity) WinMain
0x00007ff60d5835ce (Unity) __scrt_common_main_seh
0x00007ffa8b87e8d7 (KERNEL32) BaseThreadInitThunk
0x00007ffa8c1714fc (ntdll) RtlUserThreadStart
Unloading 3359 Unused Serialized files (Serialized files now loaded: 0)
Unloading 28 unused Assets / (396.9 KB). Loaded Objects now: 3890.
Memory consumption went from 132.3 MB to 131.9 MB.
Total: 4.634700 ms (FindLiveObjects: 0.276100 ms CreateObjectMapping: 0.100600 ms MarkObjects: 3.848200 ms  DeleteObjects: 0.408600 ms)

Prepare: number of updated asset objects reloaded= 0
AssetImportParameters requested are different than current active one (requested -> active):
  custom:container-demuxer-ogg: 62fdf1f143b41e24485cea50d1cbac27 -> 
  custom:video-codec-MediaFoundation-h265: 746d11721c4dcdbdad8f713fa42b33f4 -> 
  custom:video-decoder-ogg-theora: a1e56fd34408186e4bbccfd4996cb3dc -> 
  custom:framework-win-MediaFoundation: 216162199b28c13a410421893ffa2e32 -> 
  custom:CustomObjectIndexerAttribute: 9a22284fe3817be447336de3de66b15e -> 
  custom:container-demuxer-webm: 4f35f7cbe854078d1ac9338744f61a02 -> 
  custom:container-muxer-webm: aa71ff27fc2769a1b78a27578f13a17b -> 
  custom:video-decoder-webm-vp8: 9c59270c3fd7afecdb556c50c9e8de78 -> 
  custom:SearchIndexIgnoredProperties: e643bd26f0fe6173181afceb89e7c659 -> 
  custom:AudioImporter_EditorPlatform: d09bf68614088b80899f8185d706f6e7 -> 
  custom:video-encoder-webm-vp8: eb34c28f22e8b96e1ab97ce403110664 -> 
  custom:audio-decoder-ogg-vorbis: bf7c407c2cedff20999df2af8eb42d56 -> 
  custom:audio-encoder-webm-vorbis: bf7c407c2cedff20999df2af8eb42d56 -> 
  custom:scripting/precompiled-assembly-types:Assembly-CSharp: b8fdb7e526e0f6ec6672fae11c310fc0 -> d0e4d9b8e3191607d5c08abaebdab676
========================================================================
Received Prepare
Caller must complete domain reload
Begin MonoManager ReloadAssembly
- Loaded All Assemblies, in  0.474 seconds
Native extension for WindowsStandalone target not found
Native extension for Android target not found
Native extension for WebGL target not found
[Package Manager] Server::EnsureServerProcessIsRunning -- launch failed, reason: Unity was launched with the -noUpm command-line argument
[Package Manager] UpmClient::Send -- Unable to send message (not connected to UPM process).
[Package Manager] Cannot connect to Unity Package Manager local server
Failed to sync packages list
UnityEngine.StackTraceUtility:ExtractStackTrace ()
UnityEngine.DebugLogHandler:LogFormat (UnityEngine.LogType,UnityEngine.Object,string,object[])
UnityEngine.Logger:Log (UnityEngine.LogType,object)
UnityEngine.Debug:LogWarning (object)
 .  / :MoveNext ()
System.Runtime.CompilerServices.AsyncVoidMethodBuilder:Start< .  / > ( .  / &)
 .  :  ()
 .⁪/ :MoveNext ()
System.Runtime.CompilerServices.AsyncTaskMethodBuilder:Start< .⁪/ > ( .⁪/ &)
 .⁪:  ()
System.Reflection.RuntimeMethodInfo:Invoke (object,System.Reflection.BindingFlags,System.Reflection.Binder,object[],System.Globalization.CultureInfo)
System.Reflection.MethodBase:Invoke (object,object[])
UnityEditor.EditorAssemblies:ProcessInitializeOnLoadMethodAttributes ()

Mono: successfully reloaded assembly
- Finished resetting the current domain, in  0.994 seconds
Domain Reload Profiling: 1466ms
	BeginReloadAssembly (161ms)
		ExecutionOrderSort (0ms)
		DisableScriptedObjects (5ms)
		BackupInstance (0ms)
		ReleaseScriptingObjects (0ms)
		CreateAndSetChildDomain (36ms)
	RebuildCommonClasses (37ms)
	RebuildNativeTypeToScriptingClass (11ms)
	initialDomainReloadingComplete (35ms)
	LoadAllAssembliesAndSetupDomain (227ms)
		LoadAssemblies (287ms)
		RebuildTransferFunctionScriptingTraits (0ms)
		AnalyzeDomain (23ms)
			TypeCache.Refresh (9ms)
				TypeCache.ScanAssembly (0ms)
			ScanForSourceGeneratedMonoScriptInfo (7ms)
			ResolveRequiredComponents (6ms)
	FinalizeReload (995ms)
		ReleaseScriptCaches (0ms)
		RebuildScriptCaches (0ms)
		SetupLoadedEditorAssemblies (571ms)
			LogAssemblyErrors (0ms)
			InitializePlatformSupportModulesInManaged (20ms)
			SetLoadedEditorAssemblies (4ms)
			RefreshPlugins (0ms)
			BeforeProcessingInitializeOnLoad (79ms)
			ProcessInitializeOnLoadAttributes (414ms)
			ProcessInitializeOnLoadMethodAttributes (50ms)
			AfterProcessingInitializeOnLoad (4ms)
			EditorAssembliesLoaded (0ms)
		ExecutionOrderSort2 (0ms)
		AwakeInstancesAfterBackupRestoration (6ms)
Refreshing native plugins compatible for Editor in 3.75 ms, found 6 plugins.
Preloading 0 native plugins for Editor in 0.00 ms.
Release of invalid GC handle. The handle is from a previous domain. The release operation is skipped.
Release of invalid GC handle native callstack: 
0x00007ff60b1b424d (Unity) StackWalker::GetCurrentCallstack
0x00007ff60b1b9329 (Unity) StackWalker::ShowCallstack
0x00007ff60c1adae1 (Unity) GetStacktrace
0x00007ff60b0af20d (Unity) ScriptingGCHandle::ReleaseAndClear
0x00007ff60b67748c (Unity) UploadHandlerRaw::`vector deleting destructor'
0x00007ff60b67803d (Unity) UploadHandler::Release
0x00007ff60b6748dd (Unity) UnityWebRequestProto<UnityWebRequestTransport,AtomicRefCounter,RedirectHelper,ResponseHelper,DownloadHandler,UploadHandler,CertificateHandler,HeaderHelper,AsyncOperation>::~UnityWebRequestProto<UnityWebRequestTransport,AtomicRefCounter,RedirectHelper,ResponseHelper,DownloadHandler,UploadHandler,CertificateHandler,HeaderHelper,AsyncOperation>
0x00007ff60b674bd6 (Unity) UnityWebRequest::`vector deleting destructor'
0x00007ff60a3c4b77 (Unity) UnityWebRequestProto<UnityWebRequestTransport,AtomicRefCounter,RedirectHelper,ResponseHelper,DownloadHandler,UploadHandler,CertificateHandler,HeaderHelper,AsyncOperation>::Release
0x00007ff60b676605 (Unity) UnityWebRequestAsyncOperation::InvokeCoroutine
0x00007ff60b6767e1 (Unity) UnityWebRequestProto<UnityWebRequestTransport,AtomicRefCounter,RedirectHelper,ResponseHelper,DownloadHandler,UploadHandler,CertificateHandler,HeaderHelper,AsyncOperation>::Job_InvokeCoroutine
0x00007ff60acdb54a (Unity) BackgroundJobQueue::ExecuteMainThreadJobs
0x00007ff60ad9005f (Unity) PreloadManager::WaitForAllAsyncOperationsToComplete
0x00007ff60c553af8 (Unity) <lambda_b37b41f03089e3cb3f55061bbc93253d>::operator()
0x00007ff60c58f422 (Unity) asio::detail::completion_handler<core::mutable_function<void __cdecl(void)>,asio::io_context::basic_executor_type<std::allocator<void>,0> >::do_complete
0x00007ff60c57b3ce (Unity) asio::detail::win_iocp_io_context::do_one
0x00007ff60c57d034 (Unity) asio::detail::win_iocp_io_context::run
0x00007ff60c58d7cc (Unity) IOService::Run
0x00007ff60c560c2f (Unity) AssetImportWorkerClient::Run
0x00007ff60c52c3d7 (Unity) RunAssetImportWorkerClientV2
0x00007ff60c52c45b (Unity) RunAssetImporterV2
0x00007ff60bd231de (Unity) Application::InitializeProject
0x00007ff60c1b8795 (Unity) WinMain
0x00007ff60d5835ce (Unity) __scrt_common_main_seh
0x00007ffa8b87e8d7 (KERNEL32) BaseThreadInitThunk
0x00007ffa8c1714fc (ntdll) RtlUserThreadStart
Unloading 3359 Unused Serialized files (Serialized files now loaded: 0)
Unloading 28 unused Assets / (395.3 KB). Loaded Objects now: 3895.
Memory consumption went from 132.5 MB to 132.1 MB.
Total: 3.829800 ms (FindLiveObjects: 0.204900 ms CreateObjectMapping: 0.096000 ms MarkObjects: 3.285600 ms  DeleteObjects: 0.241900 ms)

Prepare: number of updated asset objects reloaded= 0
AssetImportParameters requested are different than current active one (requested -> active):
  custom:container-demuxer-ogg: 62fdf1f143b41e24485cea50d1cbac27 -> 
  custom:video-codec-MediaFoundation-h265: 746d11721c4dcdbdad8f713fa42b33f4 -> 
  custom:video-decoder-ogg-theora: a1e56fd34408186e4bbccfd4996cb3dc -> 
  custom:framework-win-MediaFoundation: 216162199b28c13a410421893ffa2e32 -> 
  custom:CustomObjectIndexerAttribute: 9a22284fe3817be447336de3de66b15e -> 
  custom:container-demuxer-webm: 4f35f7cbe854078d1ac9338744f61a02 -> 
  custom:container-muxer-webm: aa71ff27fc2769a1b78a27578f13a17b -> 
  custom:video-decoder-webm-vp8: 9c59270c3fd7afecdb556c50c9e8de78 -> 
  custom:SearchIndexIgnoredProperties: e643bd26f0fe6173181afceb89e7c659 -> 
  custom:AudioImporter_EditorPlatform: d09bf68614088b80899f8185d706f6e7 -> 
  custom:video-encoder-webm-vp8: eb34c28f22e8b96e1ab97ce403110664 -> 
  custom:audio-decoder-ogg-vorbis: bf7c407c2cedff20999df2af8eb42d56 -> 
  custom:audio-encoder-webm-vorbis: bf7c407c2cedff20999df2af8eb42d56 -> 
  custom:scripting/precompiled-assembly-types:Assembly-CSharp: b8fdb7e526e0f6ec6672fae11c310fc0 -> d0e4d9b8e3191607d5c08abaebdab676
========================================================================
Received Prepare
Caller must complete domain reload
Begin MonoManager ReloadAssembly
- Loaded All Assemblies, in  0.453 seconds
Native extension for WindowsStandalone target not found
Native extension for Android target not found
Native extension for WebGL target not found
[Package Manager] Server::EnsureServerProcessIsRunning -- launch failed, reason: Unity was launched with the -noUpm command-line argument
[Package Manager] UpmClient::Send -- Unable to send message (not connected to UPM process).
[Package Manager] Cannot connect to Unity Package Manager local server
Failed to sync packages list
UnityEngine.StackTraceUtility:ExtractStackTrace ()
UnityEngine.DebugLogHandler:LogFormat (UnityEngine.LogType,UnityEngine.Object,string,object[])
UnityEngine.Logger:Log (UnityEngine.LogType,object)
UnityEngine.Debug:LogWarning (object)
 .  / :MoveNext ()
System.Runtime.CompilerServices.AsyncVoidMethodBuilder:Start< .  / > ( .  / &)
 .  :  ()
 .⁪/ :MoveNext ()
System.Runtime.CompilerServices.AsyncTaskMethodBuilder:Start< .⁪/ > ( .⁪/ &)
 .⁪:  ()
System.Reflection.RuntimeMethodInfo:Invoke (object,System.Reflection.BindingFlags,System.Reflection.Binder,object[],System.Globalization.CultureInfo)
System.Reflection.MethodBase:Invoke (object,object[])
UnityEditor.EditorAssemblies:ProcessInitializeOnLoadMethodAttributes ()

Mono: successfully reloaded assembly
- Finished resetting the current domain, in  1.037 seconds
Domain Reload Profiling: 1488ms
	BeginReloadAssembly (157ms)
		ExecutionOrderSort (0ms)
		DisableScriptedObjects (5ms)
		BackupInstance (0ms)
		ReleaseScriptingObjects (0ms)
		CreateAndSetChildDomain (30ms)
	RebuildCommonClasses (32ms)
	RebuildNativeTypeToScriptingClass (11ms)
	initialDomainReloadingComplete (26ms)
	LoadAllAssembliesAndSetupDomain (224ms)
		LoadAssemblies (291ms)
		RebuildTransferFunctionScriptingTraits (0ms)
		AnalyzeDomain (16ms)
			TypeCache.Refresh (7ms)
				TypeCache.ScanAssembly (0ms)
			ScanForSourceGeneratedMonoScriptInfo (0ms)
			ResolveRequiredComponents (6ms)
	FinalizeReload (1038ms)
		ReleaseScriptCaches (0ms)
		RebuildScriptCaches (0ms)
		SetupLoadedEditorAssemblies (612ms)
			LogAssemblyErrors (0ms)
			InitializePlatformSupportModulesInManaged (19ms)
			SetLoadedEditorAssemblies (5ms)
			RefreshPlugins (0ms)
			BeforeProcessingInitializeOnLoad (66ms)
			ProcessInitializeOnLoadAttributes (461ms)
			ProcessInitializeOnLoadMethodAttributes (56ms)
			AfterProcessingInitializeOnLoad (5ms)
			EditorAssembliesLoaded (0ms)
		ExecutionOrderSort2 (0ms)
		AwakeInstancesAfterBackupRestoration (7ms)
Refreshing native plugins compatible for Editor in 5.96 ms, found 6 plugins.
Preloading 0 native plugins for Editor in 0.00 ms.
Release of invalid GC handle. The handle is from a previous domain. The release operation is skipped.
Release of invalid GC handle native callstack: 
0x00007ff60b1b424d (Unity) StackWalker::GetCurrentCallstack
0x00007ff60b1b9329 (Unity) StackWalker::ShowCallstack
0x00007ff60c1adae1 (Unity) GetStacktrace
0x00007ff60b0af20d (Unity) ScriptingGCHandle::ReleaseAndClear
0x00007ff60b67748c (Unity) UploadHandlerRaw::`vector deleting destructor'
0x00007ff60b67803d (Unity) UploadHandler::Release
0x00007ff60b6748dd (Unity) UnityWebRequestProto<UnityWebRequestTransport,AtomicRefCounter,RedirectHelper,ResponseHelper,DownloadHandler,UploadHandler,CertificateHandler,HeaderHelper,AsyncOperation>::~UnityWebRequestProto<UnityWebRequestTransport,AtomicRefCounter,RedirectHelper,ResponseHelper,DownloadHandler,UploadHandler,CertificateHandler,HeaderHelper,AsyncOperation>
0x00007ff60b674bd6 (Unity) UnityWebRequest::`vector deleting destructor'
0x00007ff60a3c4b77 (Unity) UnityWebRequestProto<UnityWebRequestTransport,AtomicRefCounter,RedirectHelper,ResponseHelper,DownloadHandler,UploadHandler,CertificateHandler,HeaderHelper,AsyncOperation>::Release
0x00007ff60b676605 (Unity) UnityWebRequestAsyncOperation::InvokeCoroutine
0x00007ff60b6767e1 (Unity) UnityWebRequestProto<UnityWebRequestTransport,AtomicRefCounter,RedirectHelper,ResponseHelper,DownloadHandler,UploadHandler,CertificateHandler,HeaderHelper,AsyncOperation>::Job_InvokeCoroutine
0x00007ff60acdb54a (Unity) BackgroundJobQueue::ExecuteMainThreadJobs
0x00007ff60ad9005f (Unity) PreloadManager::WaitForAllAsyncOperationsToComplete
0x00007ff60c553af8 (Unity) <lambda_b37b41f03089e3cb3f55061bbc93253d>::operator()
0x00007ff60c58f422 (Unity) asio::detail::completion_handler<core::mutable_function<void __cdecl(void)>,asio::io_context::basic_executor_type<std::allocator<void>,0> >::do_complete
0x00007ff60c57b3ce (Unity) asio::detail::win_iocp_io_context::do_one
0x00007ff60c57d034 (Unity) asio::detail::win_iocp_io_context::run
0x00007ff60c58d7cc (Unity) IOService::Run
0x00007ff60c560c2f (Unity) AssetImportWorkerClient::Run
0x00007ff60c52c3d7 (Unity) RunAssetImportWorkerClientV2
0x00007ff60c52c45b (Unity) RunAssetImporterV2
0x00007ff60bd231de (Unity) Application::InitializeProject
0x00007ff60c1b8795 (Unity) WinMain
0x00007ff60d5835ce (Unity) __scrt_common_main_seh
0x00007ffa8b87e8d7 (KERNEL32) BaseThreadInitThunk
0x00007ffa8c1714fc (ntdll) RtlUserThreadStart
Unloading 3359 Unused Serialized files (Serialized files now loaded: 0)
Unloading 28 unused Assets / (397.0 KB). Loaded Objects now: 3900.
Memory consumption went from 132.6 MB to 132.2 MB.
Total: 5.830000 ms (FindLiveObjects: 0.518600 ms CreateObjectMapping: 0.118600 ms MarkObjects: 4.846000 ms  DeleteObjects: 0.345200 ms)

Prepare: number of updated asset objects reloaded= 0
AssetImportParameters requested are different than current active one (requested -> active):
  custom:container-demuxer-ogg: 62fdf1f143b41e24485cea50d1cbac27 -> 
  custom:video-codec-MediaFoundation-h265: 746d11721c4dcdbdad8f713fa42b33f4 -> 
  custom:video-decoder-ogg-theora: a1e56fd34408186e4bbccfd4996cb3dc -> 
  custom:framework-win-MediaFoundation: 216162199b28c13a410421893ffa2e32 -> 
  custom:CustomObjectIndexerAttribute: 9a22284fe3817be447336de3de66b15e -> 
  custom:container-demuxer-webm: 4f35f7cbe854078d1ac9338744f61a02 -> 
  custom:container-muxer-webm: aa71ff27fc2769a1b78a27578f13a17b -> 
  custom:video-decoder-webm-vp8: 9c59270c3fd7afecdb556c50c9e8de78 -> 
  custom:SearchIndexIgnoredProperties: e643bd26f0fe6173181afceb89e7c659 -> 
  custom:AudioImporter_EditorPlatform: d09bf68614088b80899f8185d706f6e7 -> 
  custom:video-encoder-webm-vp8: eb34c28f22e8b96e1ab97ce403110664 -> 
  custom:audio-decoder-ogg-vorbis: bf7c407c2cedff20999df2af8eb42d56 -> 
  custom:audio-encoder-webm-vorbis: bf7c407c2cedff20999df2af8eb42d56 -> 
  custom:scripting/precompiled-assembly-types:Assembly-CSharp: b8fdb7e526e0f6ec6672fae11c310fc0 -> d0e4d9b8e3191607d5c08abaebdab676
========================================================================
Received Prepare
Caller must complete domain reload
Begin MonoManager ReloadAssembly
- Loaded All Assemblies, in  0.408 seconds
Native extension for WindowsStandalone target not found
Native extension for Android target not found
Native extension for WebGL target not found
[Package Manager] Server::EnsureServerProcessIsRunning -- launch failed, reason: Unity was launched with the -noUpm command-line argument
[Package Manager] UpmClient::Send -- Unable to send message (not connected to UPM process).
[Package Manager] Cannot connect to Unity Package Manager local server
Failed to sync packages list
UnityEngine.StackTraceUtility:ExtractStackTrace ()
UnityEngine.DebugLogHandler:LogFormat (UnityEngine.LogType,UnityEngine.Object,string,object[])
UnityEngine.Logger:Log (UnityEngine.LogType,object)
UnityEngine.Debug:LogWarning (object)
 .  / :MoveNext ()
System.Runtime.CompilerServices.AsyncVoidMethodBuilder:Start< .  / > ( .  / &)
 .  :  ()
 .⁪/ :MoveNext ()
System.Runtime.CompilerServices.AsyncTaskMethodBuilder:Start< .⁪/ > ( .⁪/ &)
 .⁪:  ()
System.Reflection.RuntimeMethodInfo:Invoke (object,System.Reflection.BindingFlags,System.Reflection.Binder,object[],System.Globalization.CultureInfo)
System.Reflection.MethodBase:Invoke (object,object[])
UnityEditor.EditorAssemblies:ProcessInitializeOnLoadMethodAttributes ()

Mono: successfully reloaded assembly
- Finished resetting the current domain, in  0.867 seconds
Domain Reload Profiling: 1274ms
	BeginReloadAssembly (134ms)
		ExecutionOrderSort (0ms)
		DisableScriptedObjects (4ms)
		BackupInstance (0ms)
		ReleaseScriptingObjects (0ms)
		CreateAndSetChildDomain (31ms)
	RebuildCommonClasses (28ms)
	RebuildNativeTypeToScriptingClass (13ms)
	initialDomainReloadingComplete (26ms)
	LoadAllAssembliesAndSetupDomain (206ms)
		LoadAssemblies (263ms)
		RebuildTransferFunctionScriptingTraits (0ms)
		AnalyzeDomain (13ms)
			TypeCache.Refresh (5ms)
				TypeCache.ScanAssembly (0ms)
			ScanForSourceGeneratedMonoScriptInfo (0ms)
			ResolveRequiredComponents (6ms)
	FinalizeReload (868ms)
		ReleaseScriptCaches (0ms)
		RebuildScriptCaches (0ms)
		SetupLoadedEditorAssemblies (506ms)
			LogAssemblyErrors (0ms)
			InitializePlatformSupportModulesInManaged (20ms)
			SetLoadedEditorAssemblies (5ms)
			RefreshPlugins (0ms)
			BeforeProcessingInitializeOnLoad (59ms)
			ProcessInitializeOnLoadAttributes (369ms)
			ProcessInitializeOnLoadMethodAttributes (50ms)
			AfterProcessingInitializeOnLoad (4ms)
			EditorAssembliesLoaded (0ms)
		ExecutionOrderSort2 (0ms)
		AwakeInstancesAfterBackupRestoration (6ms)
Refreshing native plugins compatible for Editor in 6.01 ms, found 6 plugins.
Preloading 0 native plugins for Editor in 0.00 ms.
Release of invalid GC handle. The handle is from a previous domain. The release operation is skipped.
Release of invalid GC handle native callstack: 
0x00007ff60b1b424d (Unity) StackWalker::GetCurrentCallstack
0x00007ff60b1b9329 (Unity) StackWalker::ShowCallstack
0x00007ff60c1adae1 (Unity) GetStacktrace
0x00007ff60b0af20d (Unity) ScriptingGCHandle::ReleaseAndClear
0x00007ff60b67748c (Unity) UploadHandlerRaw::`vector deleting destructor'
0x00007ff60b67803d (Unity) UploadHandler::Release
0x00007ff60b6748dd (Unity) UnityWebRequestProto<UnityWebRequestTransport,AtomicRefCounter,RedirectHelper,ResponseHelper,DownloadHandler,UploadHandler,CertificateHandler,HeaderHelper,AsyncOperation>::~UnityWebRequestProto<UnityWebRequestTransport,AtomicRefCounter,RedirectHelper,ResponseHelper,DownloadHandler,UploadHandler,CertificateHandler,HeaderHelper,AsyncOperation>
0x00007ff60b674bd6 (Unity) UnityWebRequest::`vector deleting destructor'
0x00007ff60a3c4b77 (Unity) UnityWebRequestProto<UnityWebRequestTransport,AtomicRefCounter,RedirectHelper,ResponseHelper,DownloadHandler,UploadHandler,CertificateHandler,HeaderHelper,AsyncOperation>::Release
0x00007ff60b676605 (Unity) UnityWebRequestAsyncOperation::InvokeCoroutine
0x00007ff60b6767e1 (Unity) UnityWebRequestProto<UnityWebRequestTransport,AtomicRefCounter,RedirectHelper,ResponseHelper,DownloadHandler,UploadHandler,CertificateHandler,HeaderHelper,AsyncOperation>::Job_InvokeCoroutine
0x00007ff60acdb54a (Unity) BackgroundJobQueue::ExecuteMainThreadJobs
0x00007ff60ad9005f (Unity) PreloadManager::WaitForAllAsyncOperationsToComplete
0x00007ff60c553af8 (Unity) <lambda_b37b41f03089e3cb3f55061bbc93253d>::operator()
0x00007ff60c58f422 (Unity) asio::detail::completion_handler<core::mutable_function<void __cdecl(void)>,asio::io_context::basic_executor_type<std::allocator<void>,0> >::do_complete
0x00007ff60c57b3ce (Unity) asio::detail::win_iocp_io_context::do_one
0x00007ff60c57d034 (Unity) asio::detail::win_iocp_io_context::run
0x00007ff60c58d7cc (Unity) IOService::Run
0x00007ff60c560c2f (Unity) AssetImportWorkerClient::Run
0x00007ff60c52c3d7 (Unity) RunAssetImportWorkerClientV2
0x00007ff60c52c45b (Unity) RunAssetImporterV2
0x00007ff60bd231de (Unity) Application::InitializeProject
0x00007ff60c1b8795 (Unity) WinMain
0x00007ff60d5835ce (Unity) __scrt_common_main_seh
0x00007ffa8b87e8d7 (KERNEL32) BaseThreadInitThunk
0x00007ffa8c1714fc (ntdll) RtlUserThreadStart
Unloading 3359 Unused Serialized files (Serialized files now loaded: 0)
Unloading 28 unused Assets / (396.8 KB). Loaded Objects now: 3905.
Memory consumption went from 132.8 MB to 132.4 MB.
Total: 5.288800 ms (FindLiveObjects: 0.468900 ms CreateObjectMapping: 0.125100 ms MarkObjects: 4.315400 ms  DeleteObjects: 0.378200 ms)

Prepare: number of updated asset objects reloaded= 0
AssetImportParameters requested are different than current active one (requested -> active):
  custom:container-demuxer-ogg: 62fdf1f143b41e24485cea50d1cbac27 -> 
  custom:video-codec-MediaFoundation-h265: 746d11721c4dcdbdad8f713fa42b33f4 -> 
  custom:video-decoder-ogg-theora: a1e56fd34408186e4bbccfd4996cb3dc -> 
  custom:framework-win-MediaFoundation: 216162199b28c13a410421893ffa2e32 -> 
  custom:CustomObjectIndexerAttribute: 9a22284fe3817be447336de3de66b15e -> 
  custom:container-demuxer-webm: 4f35f7cbe854078d1ac9338744f61a02 -> 
  custom:container-muxer-webm: aa71ff27fc2769a1b78a27578f13a17b -> 
  custom:video-decoder-webm-vp8: 9c59270c3fd7afecdb556c50c9e8de78 -> 
  custom:SearchIndexIgnoredProperties: e643bd26f0fe6173181afceb89e7c659 -> 
  custom:AudioImporter_EditorPlatform: d09bf68614088b80899f8185d706f6e7 -> 
  custom:video-encoder-webm-vp8: eb34c28f22e8b96e1ab97ce403110664 -> 
  custom:audio-decoder-ogg-vorbis: bf7c407c2cedff20999df2af8eb42d56 -> 
  custom:audio-encoder-webm-vorbis: bf7c407c2cedff20999df2af8eb42d56 -> 
  custom:scripting/precompiled-assembly-types:Assembly-CSharp: b8fdb7e526e0f6ec6672fae11c310fc0 -> d0e4d9b8e3191607d5c08abaebdab676
========================================================================
Received Prepare
Caller must complete domain reload
Begin MonoManager ReloadAssembly
- Loaded All Assemblies, in  0.420 seconds
Native extension for WindowsStandalone target not found
Native extension for Android target not found
Native extension for WebGL target not found
[Package Manager] Server::EnsureServerProcessIsRunning -- launch failed, reason: Unity was launched with the -noUpm command-line argument
[Package Manager] UpmClient::Send -- Unable to send message (not connected to UPM process).
[Package Manager] Cannot connect to Unity Package Manager local server
Failed to sync packages list
UnityEngine.StackTraceUtility:ExtractStackTrace ()
UnityEngine.DebugLogHandler:LogFormat (UnityEngine.LogType,UnityEngine.Object,string,object[])
UnityEngine.Logger:Log (UnityEngine.LogType,object)
UnityEngine.Debug:LogWarning (object)
 .  / :MoveNext ()
System.Runtime.CompilerServices.AsyncVoidMethodBuilder:Start< .  / > ( .  / &)
 .  :  ()
 .⁪/ :MoveNext ()
System.Runtime.CompilerServices.AsyncTaskMethodBuilder:Start< .⁪/ > ( .⁪/ &)
 .⁪:  ()
System.Reflection.RuntimeMethodInfo:Invoke (object,System.Reflection.BindingFlags,System.Reflection.Binder,object[],System.Globalization.CultureInfo)
System.Reflection.MethodBase:Invoke (object,object[])
UnityEditor.EditorAssemblies:ProcessInitializeOnLoadMethodAttributes ()

Mono: successfully reloaded assembly
- Finished resetting the current domain, in  1.004 seconds
Domain Reload Profiling: 1422ms
	BeginReloadAssembly (141ms)
		ExecutionOrderSort (0ms)
		DisableScriptedObjects (5ms)
		BackupInstance (0ms)
		ReleaseScriptingObjects (0ms)
		CreateAndSetChildDomain (28ms)
	RebuildCommonClasses (31ms)
	RebuildNativeTypeToScriptingClass (10ms)
	initialDomainReloadingComplete (26ms)
	LoadAllAssembliesAndSetupDomain (210ms)
		LoadAssemblies (272ms)
		RebuildTransferFunctionScriptingTraits (0ms)
		AnalyzeDomain (14ms)
			TypeCache.Refresh (6ms)
				TypeCache.ScanAssembly (0ms)
			ScanForSourceGeneratedMonoScriptInfo (0ms)
			ResolveRequiredComponents (6ms)
	FinalizeReload (1004ms)
		ReleaseScriptCaches (0ms)
		RebuildScriptCaches (0ms)
		SetupLoadedEditorAssemblies (572ms)
			LogAssemblyErrors (0ms)
			InitializePlatformSupportModulesInManaged (21ms)
			SetLoadedEditorAssemblies (4ms)
			RefreshPlugins (0ms)
			BeforeProcessingInitializeOnLoad (58ms)
			ProcessInitializeOnLoadAttributes (425ms)
			ProcessInitializeOnLoadMethodAttributes (58ms)
			AfterProcessingInitializeOnLoad (6ms)
			EditorAssembliesLoaded (0ms)
		ExecutionOrderSort2 (0ms)
		AwakeInstancesAfterBackupRestoration (7ms)
Refreshing native plugins compatible for Editor in 4.22 ms, found 6 plugins.
Preloading 0 native plugins for Editor in 0.00 ms.
Release of invalid GC handle. The handle is from a previous domain. The release operation is skipped.
Release of invalid GC handle native callstack: 
0x00007ff60b1b424d (Unity) StackWalker::GetCurrentCallstack
0x00007ff60b1b9329 (Unity) StackWalker::ShowCallstack
0x00007ff60c1adae1 (Unity) GetStacktrace
0x00007ff60b0af20d (Unity) ScriptingGCHandle::ReleaseAndClear
0x00007ff60b67748c (Unity) UploadHandlerRaw::`vector deleting destructor'
0x00007ff60b67803d (Unity) UploadHandler::Release
0x00007ff60b6748dd (Unity) UnityWebRequestProto<UnityWebRequestTransport,AtomicRefCounter,RedirectHelper,ResponseHelper,DownloadHandler,UploadHandler,CertificateHandler,HeaderHelper,AsyncOperation>::~UnityWebRequestProto<UnityWebRequestTransport,AtomicRefCounter,RedirectHelper,ResponseHelper,DownloadHandler,UploadHandler,CertificateHandler,HeaderHelper,AsyncOperation>
0x00007ff60b674bd6 (Unity) UnityWebRequest::`vector deleting destructor'
0x00007ff60a3c4b77 (Unity) UnityWebRequestProto<UnityWebRequestTransport,AtomicRefCounter,RedirectHelper,ResponseHelper,DownloadHandler,UploadHandler,CertificateHandler,HeaderHelper,AsyncOperation>::Release
0x00007ff60b676605 (Unity) UnityWebRequestAsyncOperation::InvokeCoroutine
0x00007ff60b6767e1 (Unity) UnityWebRequestProto<UnityWebRequestTransport,AtomicRefCounter,RedirectHelper,ResponseHelper,DownloadHandler,UploadHandler,CertificateHandler,HeaderHelper,AsyncOperation>::Job_InvokeCoroutine
0x00007ff60acdb54a (Unity) BackgroundJobQueue::ExecuteMainThreadJobs
0x00007ff60ad9005f (Unity) PreloadManager::WaitForAllAsyncOperationsToComplete
0x00007ff60c553af8 (Unity) <lambda_b37b41f03089e3cb3f55061bbc93253d>::operator()
0x00007ff60c58f422 (Unity) asio::detail::completion_handler<core::mutable_function<void __cdecl(void)>,asio::io_context::basic_executor_type<std::allocator<void>,0> >::do_complete
0x00007ff60c57b3ce (Unity) asio::detail::win_iocp_io_context::do_one
0x00007ff60c57d034 (Unity) asio::detail::win_iocp_io_context::run
0x00007ff60c58d7cc (Unity) IOService::Run
0x00007ff60c560c2f (Unity) AssetImportWorkerClient::Run
0x00007ff60c52c3d7 (Unity) RunAssetImportWorkerClientV2
0x00007ff60c52c45b (Unity) RunAssetImporterV2
0x00007ff60bd231de (Unity) Application::InitializeProject
0x00007ff60c1b8795 (Unity) WinMain
0x00007ff60d5835ce (Unity) __scrt_common_main_seh
0x00007ffa8b87e8d7 (KERNEL32) BaseThreadInitThunk
0x00007ffa8c1714fc (ntdll) RtlUserThreadStart
Unloading 3359 Unused Serialized files (Serialized files now loaded: 0)
Unloading 28 unused Assets / (397.1 KB). Loaded Objects now: 3910.
Memory consumption went from 132.9 MB to 132.5 MB.
Total: 4.225300 ms (FindLiveObjects: 0.257400 ms CreateObjectMapping: 0.106200 ms MarkObjects: 3.545200 ms  DeleteObjects: 0.315500 ms)

Prepare: number of updated asset objects reloaded= 0
AssetImportParameters requested are different than current active one (requested -> active):
  custom:container-demuxer-ogg: 62fdf1f143b41e24485cea50d1cbac27 -> 
  custom:video-codec-MediaFoundation-h265: 746d11721c4dcdbdad8f713fa42b33f4 -> 
  custom:video-decoder-ogg-theora: a1e56fd34408186e4bbccfd4996cb3dc -> 
  custom:framework-win-MediaFoundation: 216162199b28c13a410421893ffa2e32 -> 
  custom:CustomObjectIndexerAttribute: 9a22284fe3817be447336de3de66b15e -> 
  custom:container-demuxer-webm: 4f35f7cbe854078d1ac9338744f61a02 -> 
  custom:container-muxer-webm: aa71ff27fc2769a1b78a27578f13a17b -> 
  custom:video-decoder-webm-vp8: 9c59270c3fd7afecdb556c50c9e8de78 -> 
  custom:SearchIndexIgnoredProperties: e643bd26f0fe6173181afceb89e7c659 -> 
  custom:AudioImporter_EditorPlatform: d09bf68614088b80899f8185d706f6e7 -> 
  custom:video-encoder-webm-vp8: eb34c28f22e8b96e1ab97ce403110664 -> 
  custom:audio-decoder-ogg-vorbis: bf7c407c2cedff20999df2af8eb42d56 -> 
  custom:audio-encoder-webm-vorbis: bf7c407c2cedff20999df2af8eb42d56 -> 
  custom:scripting/precompiled-assembly-types:Assembly-CSharp: b8fdb7e526e0f6ec6672fae11c310fc0 -> d0e4d9b8e3191607d5c08abaebdab676
========================================================================
Received Prepare
Caller must complete domain reload
Begin MonoManager ReloadAssembly
- Loaded All Assemblies, in  0.494 seconds
Native extension for WindowsStandalone target not found
Native extension for Android target not found
Native extension for WebGL target not found
[Package Manager] Server::EnsureServerProcessIsRunning -- launch failed, reason: Unity was launched with the -noUpm command-line argument
[Package Manager] UpmClient::Send -- Unable to send message (not connected to UPM process).
[Package Manager] Cannot connect to Unity Package Manager local server
Failed to sync packages list
UnityEngine.StackTraceUtility:ExtractStackTrace ()
UnityEngine.DebugLogHandler:LogFormat (UnityEngine.LogType,UnityEngine.Object,string,object[])
UnityEngine.Logger:Log (UnityEngine.LogType,object)
UnityEngine.Debug:LogWarning (object)
 .  / :MoveNext ()
System.Runtime.CompilerServices.AsyncVoidMethodBuilder:Start< .  / > ( .  / &)
 .  :  ()
 .⁪/ :MoveNext ()
System.Runtime.CompilerServices.AsyncTaskMethodBuilder:Start< .⁪/ > ( .⁪/ &)
 .⁪:  ()
System.Reflection.RuntimeMethodInfo:Invoke (object,System.Reflection.BindingFlags,System.Reflection.Binder,object[],System.Globalization.CultureInfo)
System.Reflection.MethodBase:Invoke (object,object[])
UnityEditor.EditorAssemblies:ProcessInitializeOnLoadMethodAttributes ()

Mono: successfully reloaded assembly
- Finished resetting the current domain, in  1.081 seconds
Domain Reload Profiling: 1575ms
	BeginReloadAssembly (164ms)
		ExecutionOrderSort (0ms)
		DisableScriptedObjects (6ms)
		BackupInstance (0ms)
		ReleaseScriptingObjects (0ms)
		CreateAndSetChildDomain (34ms)
	RebuildCommonClasses (47ms)
	RebuildNativeTypeToScriptingClass (17ms)
	initialDomainReloadingComplete (27ms)
	LoadAllAssembliesAndSetupDomain (239ms)
		LoadAssemblies (300ms)
		RebuildTransferFunctionScriptingTraits (0ms)
		AnalyzeDomain (23ms)
			TypeCache.Refresh (8ms)
				TypeCache.ScanAssembly (0ms)
			ScanForSourceGeneratedMonoScriptInfo (7ms)
			ResolveRequiredComponents (6ms)
	FinalizeReload (1082ms)
		ReleaseScriptCaches (0ms)
		RebuildScriptCaches (0ms)
		SetupLoadedEditorAssemblies (568ms)
			LogAssemblyErrors (0ms)
			InitializePlatformSupportModulesInManaged (18ms)
			SetLoadedEditorAssemblies (4ms)
			RefreshPlugins (0ms)
			BeforeProcessingInitializeOnLoad (63ms)
			ProcessInitializeOnLoadAttributes (433ms)
			ProcessInitializeOnLoadMethodAttributes (46ms)
			AfterProcessingInitializeOnLoad (4ms)
			EditorAssembliesLoaded (0ms)
		ExecutionOrderSort2 (0ms)
		AwakeInstancesAfterBackupRestoration (6ms)
Refreshing native plugins compatible for Editor in 3.16 ms, found 6 plugins.
Preloading 0 native plugins for Editor in 0.00 ms.
Release of invalid GC handle. The handle is from a previous domain. The release operation is skipped.
Release of invalid GC handle native callstack: 
0x00007ff60b1b424d (Unity) StackWalker::GetCurrentCallstack
0x00007ff60b1b9329 (Unity) StackWalker::ShowCallstack
0x00007ff60c1adae1 (Unity) GetStacktrace
0x00007ff60b0af20d (Unity) ScriptingGCHandle::ReleaseAndClear
0x00007ff60b67748c (Unity) UploadHandlerRaw::`vector deleting destructor'
0x00007ff60b67803d (Unity) UploadHandler::Release
0x00007ff60b6748dd (Unity) UnityWebRequestProto<UnityWebRequestTransport,AtomicRefCounter,RedirectHelper,ResponseHelper,DownloadHandler,UploadHandler,CertificateHandler,HeaderHelper,AsyncOperation>::~UnityWebRequestProto<UnityWebRequestTransport,AtomicRefCounter,RedirectHelper,ResponseHelper,DownloadHandler,UploadHandler,CertificateHandler,HeaderHelper,AsyncOperation>
0x00007ff60b674bd6 (Unity) UnityWebRequest::`vector deleting destructor'
0x00007ff60a3c4b77 (Unity) UnityWebRequestProto<UnityWebRequestTransport,AtomicRefCounter,RedirectHelper,ResponseHelper,DownloadHandler,UploadHandler,CertificateHandler,HeaderHelper,AsyncOperation>::Release
0x00007ff60b676605 (Unity) UnityWebRequestAsyncOperation::InvokeCoroutine
0x00007ff60b6767e1 (Unity) UnityWebRequestProto<UnityWebRequestTransport,AtomicRefCounter,RedirectHelper,ResponseHelper,DownloadHandler,UploadHandler,CertificateHandler,HeaderHelper,AsyncOperation>::Job_InvokeCoroutine
0x00007ff60acdb54a (Unity) BackgroundJobQueue::ExecuteMainThreadJobs
0x00007ff60ad9005f (Unity) PreloadManager::WaitForAllAsyncOperationsToComplete
0x00007ff60c553af8 (Unity) <lambda_b37b41f03089e3cb3f55061bbc93253d>::operator()
0x00007ff60c58f422 (Unity) asio::detail::completion_handler<core::mutable_function<void __cdecl(void)>,asio::io_context::basic_executor_type<std::allocator<void>,0> >::do_complete
0x00007ff60c57b3ce (Unity) asio::detail::win_iocp_io_context::do_one
0x00007ff60c57d034 (Unity) asio::detail::win_iocp_io_context::run
0x00007ff60c58d7cc (Unity) IOService::Run
0x00007ff60c560c2f (Unity) AssetImportWorkerClient::Run
0x00007ff60c52c3d7 (Unity) RunAssetImportWorkerClientV2
0x00007ff60c52c45b (Unity) RunAssetImporterV2
0x00007ff60bd231de (Unity) Application::InitializeProject
0x00007ff60c1b8795 (Unity) WinMain
0x00007ff60d5835ce (Unity) __scrt_common_main_seh
0x00007ffa8b87e8d7 (KERNEL32) BaseThreadInitThunk
0x00007ffa8c1714fc (ntdll) RtlUserThreadStart
Unloading 3359 Unused Serialized files (Serialized files now loaded: 0)
Unloading 28 unused Assets / (396.6 KB). Loaded Objects now: 3915.
Memory consumption went from 133.1 MB to 132.7 MB.
Total: 4.381200 ms (FindLiveObjects: 0.256100 ms CreateObjectMapping: 0.112600 ms MarkObjects: 3.778400 ms  DeleteObjects: 0.232800 ms)

Prepare: number of updated asset objects reloaded= 0
AssetImportParameters requested are different than current active one (requested -> active):
  custom:container-demuxer-ogg: 62fdf1f143b41e24485cea50d1cbac27 -> 
  custom:video-codec-MediaFoundation-h265: 746d11721c4dcdbdad8f713fa42b33f4 -> 
  custom:video-decoder-ogg-theora: a1e56fd34408186e4bbccfd4996cb3dc -> 
  custom:framework-win-MediaFoundation: 216162199b28c13a410421893ffa2e32 -> 
  custom:CustomObjectIndexerAttribute: 9a22284fe3817be447336de3de66b15e -> 
  custom:container-demuxer-webm: 4f35f7cbe854078d1ac9338744f61a02 -> 
  custom:container-muxer-webm: aa71ff27fc2769a1b78a27578f13a17b -> 
  custom:video-decoder-webm-vp8: 9c59270c3fd7afecdb556c50c9e8de78 -> 
  custom:SearchIndexIgnoredProperties: e643bd26f0fe6173181afceb89e7c659 -> 
  custom:AudioImporter_EditorPlatform: d09bf68614088b80899f8185d706f6e7 -> 
  custom:video-encoder-webm-vp8: eb34c28f22e8b96e1ab97ce403110664 -> 
  custom:audio-decoder-ogg-vorbis: bf7c407c2cedff20999df2af8eb42d56 -> 
  custom:audio-encoder-webm-vorbis: bf7c407c2cedff20999df2af8eb42d56 -> 
  custom:scripting/precompiled-assembly-types:Assembly-CSharp: b8fdb7e526e0f6ec6672fae11c310fc0 -> d0e4d9b8e3191607d5c08abaebdab676
========================================================================
Received Prepare
Caller must complete domain reload
Begin MonoManager ReloadAssembly
- Loaded All Assemblies, in  0.809 seconds
Native extension for WindowsStandalone target not found
Native extension for Android target not found
Native extension for WebGL target not found
[Package Manager] Server::EnsureServerProcessIsRunning -- launch failed, reason: Unity was launched with the -noUpm command-line argument
[Package Manager] UpmClient::Send -- Unable to send message (not connected to UPM process).
[Package Manager] Cannot connect to Unity Package Manager local server
Failed to sync packages list
UnityEngine.StackTraceUtility:ExtractStackTrace ()
UnityEngine.DebugLogHandler:LogFormat (UnityEngine.LogType,UnityEngine.Object,string,object[])
UnityEngine.Logger:Log (UnityEngine.LogType,object)
UnityEngine.Debug:LogWarning (object)
 .  / :MoveNext ()
System.Runtime.CompilerServices.AsyncVoidMethodBuilder:Start< .  / > ( .  / &)
 .  :  ()
 .⁪/ :MoveNext ()
System.Runtime.CompilerServices.AsyncTaskMethodBuilder:Start< .⁪/ > ( .⁪/ &)
 .⁪:  ()
System.Reflection.RuntimeMethodInfo:Invoke (object,System.Reflection.BindingFlags,System.Reflection.Binder,object[],System.Globalization.CultureInfo)
System.Reflection.MethodBase:Invoke (object,object[])
UnityEditor.EditorAssemblies:ProcessInitializeOnLoadMethodAttributes ()

Mono: successfully reloaded assembly
- Finished resetting the current domain, in  1.094 seconds
Domain Reload Profiling: 1898ms
	BeginReloadAssembly (288ms)
		ExecutionOrderSort (0ms)
		DisableScriptedObjects (11ms)
		BackupInstance (0ms)
		ReleaseScriptingObjects (0ms)
		CreateAndSetChildDomain (60ms)
	RebuildCommonClasses (65ms)
	RebuildNativeTypeToScriptingClass (22ms)
	initialDomainReloadingComplete (57ms)
	LoadAllAssembliesAndSetupDomain (371ms)
		LoadAssemblies (508ms)
		RebuildTransferFunctionScriptingTraits (0ms)
		AnalyzeDomain (26ms)
			TypeCache.Refresh (9ms)
				TypeCache.ScanAssembly (0ms)
			ScanForSourceGeneratedMonoScriptInfo (9ms)
			ResolveRequiredComponents (6ms)
	FinalizeReload (1095ms)
		ReleaseScriptCaches (0ms)
		RebuildScriptCaches (0ms)
		SetupLoadedEditorAssemblies (609ms)
			LogAssemblyErrors (0ms)
			InitializePlatformSupportModulesInManaged (25ms)
			SetLoadedEditorAssemblies (5ms)
			RefreshPlugins (0ms)
			BeforeProcessingInitializeOnLoad (72ms)
			ProcessInitializeOnLoadAttributes (431ms)
			ProcessInitializeOnLoadMethodAttributes (63ms)
			AfterProcessingInitializeOnLoad (13ms)
			EditorAssembliesLoaded (0ms)
		ExecutionOrderSort2 (0ms)
		AwakeInstancesAfterBackupRestoration (7ms)
Refreshing native plugins compatible for Editor in 3.48 ms, found 6 plugins.
Preloading 0 native plugins for Editor in 0.00 ms.
Release of invalid GC handle. The handle is from a previous domain. The release operation is skipped.
Release of invalid GC handle native callstack: 
0x00007ff60b1b424d (Unity) StackWalker::GetCurrentCallstack
0x00007ff60b1b9329 (Unity) StackWalker::ShowCallstack
0x00007ff60c1adae1 (Unity) GetStacktrace
0x00007ff60b0af20d (Unity) ScriptingGCHandle::ReleaseAndClear
0x00007ff60b67748c (Unity) UploadHandlerRaw::`vector deleting destructor'
0x00007ff60b67803d (Unity) UploadHandler::Release
0x00007ff60b6748dd (Unity) UnityWebRequestProto<UnityWebRequestTransport,AtomicRefCounter,RedirectHelper,ResponseHelper,DownloadHandler,UploadHandler,CertificateHandler,HeaderHelper,AsyncOperation>::~UnityWebRequestProto<UnityWebRequestTransport,AtomicRefCounter,RedirectHelper,ResponseHelper,DownloadHandler,UploadHandler,CertificateHandler,HeaderHelper,AsyncOperation>
0x00007ff60b674bd6 (Unity) UnityWebRequest::`vector deleting destructor'
0x00007ff60a3c4b77 (Unity) UnityWebRequestProto<UnityWebRequestTransport,AtomicRefCounter,RedirectHelper,ResponseHelper,DownloadHandler,UploadHandler,CertificateHandler,HeaderHelper,AsyncOperation>::Release
0x00007ff60b676605 (Unity) UnityWebRequestAsyncOperation::InvokeCoroutine
0x00007ff60b6767e1 (Unity) UnityWebRequestProto<UnityWebRequestTransport,AtomicRefCounter,RedirectHelper,ResponseHelper,DownloadHandler,UploadHandler,CertificateHandler,HeaderHelper,AsyncOperation>::Job_InvokeCoroutine
0x00007ff60acdb54a (Unity) BackgroundJobQueue::ExecuteMainThreadJobs
0x00007ff60ad9005f (Unity) PreloadManager::WaitForAllAsyncOperationsToComplete
0x00007ff60c553af8 (Unity) <lambda_b37b41f03089e3cb3f55061bbc93253d>::operator()
0x00007ff60c58f422 (Unity) asio::detail::completion_handler<core::mutable_function<void __cdecl(void)>,asio::io_context::basic_executor_type<std::allocator<void>,0> >::do_complete
0x00007ff60c57b3ce (Unity) asio::detail::win_iocp_io_context::do_one
0x00007ff60c57d034 (Unity) asio::detail::win_iocp_io_context::run
0x00007ff60c58d7cc (Unity) IOService::Run
0x00007ff60c560c2f (Unity) AssetImportWorkerClient::Run
0x00007ff60c52c3d7 (Unity) RunAssetImportWorkerClientV2
0x00007ff60c52c45b (Unity) RunAssetImporterV2
0x00007ff60bd231de (Unity) Application::InitializeProject
0x00007ff60c1b8795 (Unity) WinMain
0x00007ff60d5835ce (Unity) __scrt_common_main_seh
0x00007ffa8b87e8d7 (KERNEL32) BaseThreadInitThunk
0x00007ffa8c1714fc (ntdll) RtlUserThreadStart
Unloading 3359 Unused Serialized files (Serialized files now loaded: 0)
Unloading 28 unused Assets / (396.7 KB). Loaded Objects now: 3920.
Memory consumption went from 133.2 MB to 132.9 MB.
Total: 4.298300 ms (FindLiveObjects: 0.202000 ms CreateObjectMapping: 0.109800 ms MarkObjects: 3.704100 ms  DeleteObjects: 0.280900 ms)

Prepare: number of updated asset objects reloaded= 0
AssetImportParameters requested are different than current active one (requested -> active):
  custom:container-demuxer-ogg: 62fdf1f143b41e24485cea50d1cbac27 -> 
  custom:video-codec-MediaFoundation-h265: 746d11721c4dcdbdad8f713fa42b33f4 -> 
  custom:video-decoder-ogg-theora: a1e56fd34408186e4bbccfd4996cb3dc -> 
  custom:framework-win-MediaFoundation: 216162199b28c13a410421893ffa2e32 -> 
  custom:CustomObjectIndexerAttribute: 9a22284fe3817be447336de3de66b15e -> 
  custom:container-demuxer-webm: 4f35f7cbe854078d1ac9338744f61a02 -> 
  custom:container-muxer-webm: aa71ff27fc2769a1b78a27578f13a17b -> 
  custom:video-decoder-webm-vp8: 9c59270c3fd7afecdb556c50c9e8de78 -> 
  custom:SearchIndexIgnoredProperties: e643bd26f0fe6173181afceb89e7c659 -> 
  custom:AudioImporter_EditorPlatform: d09bf68614088b80899f8185d706f6e7 -> 
  custom:video-encoder-webm-vp8: eb34c28f22e8b96e1ab97ce403110664 -> 
  custom:audio-decoder-ogg-vorbis: bf7c407c2cedff20999df2af8eb42d56 -> 
  custom:audio-encoder-webm-vorbis: bf7c407c2cedff20999df2af8eb42d56 -> 
  custom:scripting/precompiled-assembly-types:Assembly-CSharp: b8fdb7e526e0f6ec6672fae11c310fc0 -> d0e4d9b8e3191607d5c08abaebdab676
========================================================================
Received Prepare
Caller must complete domain reload
Begin MonoManager ReloadAssembly
- Loaded All Assemblies, in  0.457 seconds
Native extension for WindowsStandalone target not found
Native extension for Android target not found
Native extension for WebGL target not found
[Package Manager] Server::EnsureServerProcessIsRunning -- launch failed, reason: Unity was launched with the -noUpm command-line argument
[Package Manager] UpmClient::Send -- Unable to send message (not connected to UPM process).
[Package Manager] Cannot connect to Unity Package Manager local server
Failed to sync packages list
UnityEngine.StackTraceUtility:ExtractStackTrace ()
UnityEngine.DebugLogHandler:LogFormat (UnityEngine.LogType,UnityEngine.Object,string,object[])
UnityEngine.Logger:Log (UnityEngine.LogType,object)
UnityEngine.Debug:LogWarning (object)
 .  / :MoveNext ()
System.Runtime.CompilerServices.AsyncVoidMethodBuilder:Start< .  / > ( .  / &)
 .  :  ()
 .⁪/ :MoveNext ()
System.Runtime.CompilerServices.AsyncTaskMethodBuilder:Start< .⁪/ > ( .⁪/ &)
 .⁪:  ()
System.Reflection.RuntimeMethodInfo:Invoke (object,System.Reflection.BindingFlags,System.Reflection.Binder,object[],System.Globalization.CultureInfo)
System.Reflection.MethodBase:Invoke (object,object[])
UnityEditor.EditorAssemblies:ProcessInitializeOnLoadMethodAttributes ()

Mono: successfully reloaded assembly
- Finished resetting the current domain, in  1.064 seconds
Domain Reload Profiling: 1521ms
	BeginReloadAssembly (154ms)
		ExecutionOrderSort (0ms)
		DisableScriptedObjects (5ms)
		BackupInstance (0ms)
		ReleaseScriptingObjects (0ms)
		CreateAndSetChildDomain (37ms)
	RebuildCommonClasses (36ms)
	RebuildNativeTypeToScriptingClass (10ms)
	initialDomainReloadingComplete (29ms)
	LoadAllAssembliesAndSetupDomain (227ms)
		LoadAssemblies (290ms)
		RebuildTransferFunctionScriptingTraits (0ms)
		AnalyzeDomain (15ms)
			TypeCache.Refresh (5ms)
				TypeCache.ScanAssembly (0ms)
			ScanForSourceGeneratedMonoScriptInfo (0ms)
			ResolveRequiredComponents (7ms)
	FinalizeReload (1065ms)
		ReleaseScriptCaches (0ms)
		RebuildScriptCaches (0ms)
		SetupLoadedEditorAssemblies (602ms)
			LogAssemblyErrors (0ms)
			InitializePlatformSupportModulesInManaged (19ms)
			SetLoadedEditorAssemblies (6ms)
			RefreshPlugins (0ms)
			BeforeProcessingInitializeOnLoad (61ms)
			ProcessInitializeOnLoadAttributes (453ms)
			ProcessInitializeOnLoadMethodAttributes (57ms)
			AfterProcessingInitializeOnLoad (5ms)
			EditorAssembliesLoaded (0ms)
		ExecutionOrderSort2 (0ms)
		AwakeInstancesAfterBackupRestoration (8ms)
Refreshing native plugins compatible for Editor in 4.43 ms, found 6 plugins.
Preloading 0 native plugins for Editor in 0.00 ms.
Release of invalid GC handle. The handle is from a previous domain. The release operation is skipped.
Release of invalid GC handle native callstack: 
0x00007ff60b1b424d (Unity) StackWalker::GetCurrentCallstack
0x00007ff60b1b9329 (Unity) StackWalker::ShowCallstack
0x00007ff60c1adae1 (Unity) GetStacktrace
0x00007ff60b0af20d (Unity) ScriptingGCHandle::ReleaseAndClear
0x00007ff60b67748c (Unity) UploadHandlerRaw::`vector deleting destructor'
0x00007ff60b67803d (Unity) UploadHandler::Release
0x00007ff60b6748dd (Unity) UnityWebRequestProto<UnityWebRequestTransport,AtomicRefCounter,RedirectHelper,ResponseHelper,DownloadHandler,UploadHandler,CertificateHandler,HeaderHelper,AsyncOperation>::~UnityWebRequestProto<UnityWebRequestTransport,AtomicRefCounter,RedirectHelper,ResponseHelper,DownloadHandler,UploadHandler,CertificateHandler,HeaderHelper,AsyncOperation>
0x00007ff60b674bd6 (Unity) UnityWebRequest::`vector deleting destructor'
0x00007ff60a3c4b77 (Unity) UnityWebRequestProto<UnityWebRequestTransport,AtomicRefCounter,RedirectHelper,ResponseHelper,DownloadHandler,UploadHandler,CertificateHandler,HeaderHelper,AsyncOperation>::Release
0x00007ff60b676605 (Unity) UnityWebRequestAsyncOperation::InvokeCoroutine
0x00007ff60b6767e1 (Unity) UnityWebRequestProto<UnityWebRequestTransport,AtomicRefCounter,RedirectHelper,ResponseHelper,DownloadHandler,UploadHandler,CertificateHandler,HeaderHelper,AsyncOperation>::Job_InvokeCoroutine
0x00007ff60acdb54a (Unity) BackgroundJobQueue::ExecuteMainThreadJobs
0x00007ff60ad9005f (Unity) PreloadManager::WaitForAllAsyncOperationsToComplete
0x00007ff60c553af8 (Unity) <lambda_b37b41f03089e3cb3f55061bbc93253d>::operator()
0x00007ff60c58f422 (Unity) asio::detail::completion_handler<core::mutable_function<void __cdecl(void)>,asio::io_context::basic_executor_type<std::allocator<void>,0> >::do_complete
0x00007ff60c57b3ce (Unity) asio::detail::win_iocp_io_context::do_one
0x00007ff60c57d034 (Unity) asio::detail::win_iocp_io_context::run
0x00007ff60c58d7cc (Unity) IOService::Run
0x00007ff60c560c2f (Unity) AssetImportWorkerClient::Run
0x00007ff60c52c3d7 (Unity) RunAssetImportWorkerClientV2
0x00007ff60c52c45b (Unity) RunAssetImporterV2
0x00007ff60bd231de (Unity) Application::InitializeProject
0x00007ff60c1b8795 (Unity) WinMain
0x00007ff60d5835ce (Unity) __scrt_common_main_seh
0x00007ffa8b87e8d7 (KERNEL32) BaseThreadInitThunk
0x00007ffa8c1714fc (ntdll) RtlUserThreadStart
Unloading 3359 Unused Serialized files (Serialized files now loaded: 0)
Unloading 28 unused Assets / (396.8 KB). Loaded Objects now: 3925.
Memory consumption went from 133.4 MB to 133.0 MB.
Total: 4.082000 ms (FindLiveObjects: 0.302300 ms CreateObjectMapping: 0.090200 ms MarkObjects: 3.425900 ms  DeleteObjects: 0.262200 ms)

Prepare: number of updated asset objects reloaded= 0
AssetImportParameters requested are different than current active one (requested -> active):
  custom:container-demuxer-ogg: 62fdf1f143b41e24485cea50d1cbac27 -> 
  custom:video-codec-MediaFoundation-h265: 746d11721c4dcdbdad8f713fa42b33f4 -> 
  custom:video-decoder-ogg-theora: a1e56fd34408186e4bbccfd4996cb3dc -> 
  custom:framework-win-MediaFoundation: 216162199b28c13a410421893ffa2e32 -> 
  custom:CustomObjectIndexerAttribute: 9a22284fe3817be447336de3de66b15e -> 
  custom:container-demuxer-webm: 4f35f7cbe854078d1ac9338744f61a02 -> 
  custom:container-muxer-webm: aa71ff27fc2769a1b78a27578f13a17b -> 
  custom:video-decoder-webm-vp8: 9c59270c3fd7afecdb556c50c9e8de78 -> 
  custom:SearchIndexIgnoredProperties: e643bd26f0fe6173181afceb89e7c659 -> 
  custom:AudioImporter_EditorPlatform: d09bf68614088b80899f8185d706f6e7 -> 
  custom:video-encoder-webm-vp8: eb34c28f22e8b96e1ab97ce403110664 -> 
  custom:audio-decoder-ogg-vorbis: bf7c407c2cedff20999df2af8eb42d56 -> 
  custom:audio-encoder-webm-vorbis: bf7c407c2cedff20999df2af8eb42d56 -> 
  custom:scripting/precompiled-assembly-types:Assembly-CSharp: b8fdb7e526e0f6ec6672fae11c310fc0 -> d0e4d9b8e3191607d5c08abaebdab676
========================================================================
Received Prepare
Caller must complete domain reload
Begin MonoManager ReloadAssembly
- Loaded All Assemblies, in  0.533 seconds
Native extension for WindowsStandalone target not found
Native extension for Android target not found
Native extension for WebGL target not found
[Package Manager] Server::EnsureServerProcessIsRunning -- launch failed, reason: Unity was launched with the -noUpm command-line argument
[Package Manager] UpmClient::Send -- Unable to send message (not connected to UPM process).
[Package Manager] Cannot connect to Unity Package Manager local server
Failed to sync packages list
UnityEngine.StackTraceUtility:ExtractStackTrace ()
UnityEngine.DebugLogHandler:LogFormat (UnityEngine.LogType,UnityEngine.Object,string,object[])
UnityEngine.Logger:Log (UnityEngine.LogType,object)
UnityEngine.Debug:LogWarning (object)
 .  / :MoveNext ()
System.Runtime.CompilerServices.AsyncVoidMethodBuilder:Start< .  / > ( .  / &)
 .  :  ()
 .⁪/ :MoveNext ()
System.Runtime.CompilerServices.AsyncTaskMethodBuilder:Start< .⁪/ > ( .⁪/ &)
 .⁪:  ()
System.Reflection.RuntimeMethodInfo:Invoke (object,System.Reflection.BindingFlags,System.Reflection.Binder,object[],System.Globalization.CultureInfo)
System.Reflection.MethodBase:Invoke (object,object[])
UnityEditor.EditorAssemblies:ProcessInitializeOnLoadMethodAttributes ()

Mono: successfully reloaded assembly
- Finished resetting the current domain, in  1.007 seconds
Domain Reload Profiling: 1539ms
	BeginReloadAssembly (219ms)
		ExecutionOrderSort (0ms)
		DisableScriptedObjects (16ms)
		BackupInstance (0ms)
		ReleaseScriptingObjects (0ms)
		CreateAndSetChildDomain (49ms)
	RebuildCommonClasses (41ms)
	RebuildNativeTypeToScriptingClass (10ms)
	initialDomainReloadingComplete (27ms)
	LoadAllAssembliesAndSetupDomain (234ms)
		LoadAssemblies (296ms)
		RebuildTransferFunctionScriptingTraits (0ms)
		AnalyzeDomain (27ms)
			TypeCache.Refresh (9ms)
				TypeCache.ScanAssembly (0ms)
			ScanForSourceGeneratedMonoScriptInfo (10ms)
			ResolveRequiredComponents (6ms)
	FinalizeReload (1007ms)
		ReleaseScriptCaches (0ms)
		RebuildScriptCaches (0ms)
		SetupLoadedEditorAssemblies (594ms)
			LogAssemblyErrors (0ms)
			InitializePlatformSupportModulesInManaged (19ms)
			SetLoadedEditorAssemblies (4ms)
			RefreshPlugins (0ms)
			BeforeProcessingInitializeOnLoad (63ms)
			ProcessInitializeOnLoadAttributes (457ms)
			ProcessInitializeOnLoadMethodAttributes (46ms)
			AfterProcessingInitializeOnLoad (4ms)
			EditorAssembliesLoaded (0ms)
		ExecutionOrderSort2 (0ms)
		AwakeInstancesAfterBackupRestoration (6ms)
Refreshing native plugins compatible for Editor in 3.29 ms, found 6 plugins.
Preloading 0 native plugins for Editor in 0.00 ms.
Release of invalid GC handle. The handle is from a previous domain. The release operation is skipped.
Release of invalid GC handle native callstack: 
0x00007ff60b1b424d (Unity) StackWalker::GetCurrentCallstack
0x00007ff60b1b9329 (Unity) StackWalker::ShowCallstack
0x00007ff60c1adae1 (Unity) GetStacktrace
0x00007ff60b0af20d (Unity) ScriptingGCHandle::ReleaseAndClear
0x00007ff60b67748c (Unity) UploadHandlerRaw::`vector deleting destructor'
0x00007ff60b67803d (Unity) UploadHandler::Release
0x00007ff60b6748dd (Unity) UnityWebRequestProto<UnityWebRequestTransport,AtomicRefCounter,RedirectHelper,ResponseHelper,DownloadHandler,UploadHandler,CertificateHandler,HeaderHelper,AsyncOperation>::~UnityWebRequestProto<UnityWebRequestTransport,AtomicRefCounter,RedirectHelper,ResponseHelper,DownloadHandler,UploadHandler,CertificateHandler,HeaderHelper,AsyncOperation>
0x00007ff60b674bd6 (Unity) UnityWebRequest::`vector deleting destructor'
0x00007ff60a3c4b77 (Unity) UnityWebRequestProto<UnityWebRequestTransport,AtomicRefCounter,RedirectHelper,ResponseHelper,DownloadHandler,UploadHandler,CertificateHandler,HeaderHelper,AsyncOperation>::Release
0x00007ff60b676605 (Unity) UnityWebRequestAsyncOperation::InvokeCoroutine
0x00007ff60b6767e1 (Unity) UnityWebRequestProto<UnityWebRequestTransport,AtomicRefCounter,RedirectHelper,ResponseHelper,DownloadHandler,UploadHandler,CertificateHandler,HeaderHelper,AsyncOperation>::Job_InvokeCoroutine
0x00007ff60acdb54a (Unity) BackgroundJobQueue::ExecuteMainThreadJobs
0x00007ff60ad9005f (Unity) PreloadManager::WaitForAllAsyncOperationsToComplete
0x00007ff60c553af8 (Unity) <lambda_b37b41f03089e3cb3f55061bbc93253d>::operator()
0x00007ff60c58f422 (Unity) asio::detail::completion_handler<core::mutable_function<void __cdecl(void)>,asio::io_context::basic_executor_type<std::allocator<void>,0> >::do_complete
0x00007ff60c57b3ce (Unity) asio::detail::win_iocp_io_context::do_one
0x00007ff60c57d034 (Unity) asio::detail::win_iocp_io_context::run
0x00007ff60c58d7cc (Unity) IOService::Run
0x00007ff60c560c2f (Unity) AssetImportWorkerClient::Run
0x00007ff60c52c3d7 (Unity) RunAssetImportWorkerClientV2
0x00007ff60c52c45b (Unity) RunAssetImporterV2
0x00007ff60bd231de (Unity) Application::InitializeProject
0x00007ff60c1b8795 (Unity) WinMain
0x00007ff60d5835ce (Unity) __scrt_common_main_seh
0x00007ffa8b87e8d7 (KERNEL32) BaseThreadInitThunk
0x00007ffa8c1714fc (ntdll) RtlUserThreadStart
Unloading 3359 Unused Serialized files (Serialized files now loaded: 0)
Unloading 28 unused Assets / (396.7 KB). Loaded Objects now: 3930.
Memory consumption went from 133.5 MB to 133.2 MB.
Total: 3.872100 ms (FindLiveObjects: 0.208000 ms CreateObjectMapping: 0.086000 ms MarkObjects: 3.339200 ms  DeleteObjects: 0.237400 ms)

Prepare: number of updated asset objects reloaded= 0
AssetImportParameters requested are different than current active one (requested -> active):
  custom:container-demuxer-ogg: 62fdf1f143b41e24485cea50d1cbac27 -> 
  custom:video-codec-MediaFoundation-h265: 746d11721c4dcdbdad8f713fa42b33f4 -> 
  custom:video-decoder-ogg-theora: a1e56fd34408186e4bbccfd4996cb3dc -> 
  custom:framework-win-MediaFoundation: 216162199b28c13a410421893ffa2e32 -> 
  custom:CustomObjectIndexerAttribute: 9a22284fe3817be447336de3de66b15e -> 
  custom:container-demuxer-webm: 4f35f7cbe854078d1ac9338744f61a02 -> 
  custom:container-muxer-webm: aa71ff27fc2769a1b78a27578f13a17b -> 
  custom:video-decoder-webm-vp8: 9c59270c3fd7afecdb556c50c9e8de78 -> 
  custom:SearchIndexIgnoredProperties: e643bd26f0fe6173181afceb89e7c659 -> 
  custom:AudioImporter_EditorPlatform: d09bf68614088b80899f8185d706f6e7 -> 
  custom:video-encoder-webm-vp8: eb34c28f22e8b96e1ab97ce403110664 -> 
  custom:audio-decoder-ogg-vorbis: bf7c407c2cedff20999df2af8eb42d56 -> 
  custom:audio-encoder-webm-vorbis: bf7c407c2cedff20999df2af8eb42d56 -> 
  custom:scripting/precompiled-assembly-types:Assembly-CSharp: b8fdb7e526e0f6ec6672fae11c310fc0 -> d0e4d9b8e3191607d5c08abaebdab676
========================================================================
Received Prepare
Caller must complete domain reload
Begin MonoManager ReloadAssembly
- Loaded All Assemblies, in  0.424 seconds
Native extension for WindowsStandalone target not found
Native extension for Android target not found
Native extension for WebGL target not found
[Package Manager] Server::EnsureServerProcessIsRunning -- launch failed, reason: Unity was launched with the -noUpm command-line argument
[Package Manager] UpmClient::Send -- Unable to send message (not connected to UPM process).
[Package Manager] Cannot connect to Unity Package Manager local server
Failed to sync packages list
UnityEngine.StackTraceUtility:ExtractStackTrace ()
UnityEngine.DebugLogHandler:LogFormat (UnityEngine.LogType,UnityEngine.Object,string,object[])
UnityEngine.Logger:Log (UnityEngine.LogType,object)
UnityEngine.Debug:LogWarning (object)
 .  / :MoveNext ()
System.Runtime.CompilerServices.AsyncVoidMethodBuilder:Start< .  / > ( .  / &)
 .  :  ()
 .⁪/ :MoveNext ()
System.Runtime.CompilerServices.AsyncTaskMethodBuilder:Start< .⁪/ > ( .⁪/ &)
 .⁪:  ()
System.Reflection.RuntimeMethodInfo:Invoke (object,System.Reflection.BindingFlags,System.Reflection.Binder,object[],System.Globalization.CultureInfo)
System.Reflection.MethodBase:Invoke (object,object[])
UnityEditor.EditorAssemblies:ProcessInitializeOnLoadMethodAttributes ()

Mono: successfully reloaded assembly
- Finished resetting the current domain, in  0.985 seconds
Domain Reload Profiling: 1408ms
	BeginReloadAssembly (142ms)
		ExecutionOrderSort (0ms)
		DisableScriptedObjects (5ms)
		BackupInstance (0ms)
		ReleaseScriptingObjects (0ms)
		CreateAndSetChildDomain (30ms)
	RebuildCommonClasses (30ms)
	RebuildNativeTypeToScriptingClass (10ms)
	initialDomainReloadingComplete (28ms)
	LoadAllAssembliesAndSetupDomain (212ms)
		LoadAssemblies (271ms)
		RebuildTransferFunctionScriptingTraits (0ms)
		AnalyzeDomain (16ms)
			TypeCache.Refresh (6ms)
				TypeCache.ScanAssembly (0ms)
			ScanForSourceGeneratedMonoScriptInfo (0ms)
			ResolveRequiredComponents (7ms)
	FinalizeReload (986ms)
		ReleaseScriptCaches (0ms)
		RebuildScriptCaches (0ms)
		SetupLoadedEditorAssemblies (543ms)
			LogAssemblyErrors (0ms)
			InitializePlatformSupportModulesInManaged (24ms)
			SetLoadedEditorAssemblies (4ms)
			RefreshPlugins (0ms)
			BeforeProcessingInitializeOnLoad (64ms)
			ProcessInitializeOnLoadAttributes (395ms)
			ProcessInitializeOnLoadMethodAttributes (52ms)
			AfterProcessingInitializeOnLoad (4ms)
			EditorAssembliesLoaded (0ms)
		ExecutionOrderSort2 (0ms)
		AwakeInstancesAfterBackupRestoration (7ms)
Refreshing native plugins compatible for Editor in 6.36 ms, found 6 plugins.
Preloading 0 native plugins for Editor in 0.00 ms.
Release of invalid GC handle. The handle is from a previous domain. The release operation is skipped.
Release of invalid GC handle native callstack: 
0x00007ff60b1b424d (Unity) StackWalker::GetCurrentCallstack
0x00007ff60b1b9329 (Unity) StackWalker::ShowCallstack
0x00007ff60c1adae1 (Unity) GetStacktrace
0x00007ff60b0af20d (Unity) ScriptingGCHandle::ReleaseAndClear
0x00007ff60b67748c (Unity) UploadHandlerRaw::`vector deleting destructor'
0x00007ff60b67803d (Unity) UploadHandler::Release
0x00007ff60b6748dd (Unity) UnityWebRequestProto<UnityWebRequestTransport,AtomicRefCounter,RedirectHelper,ResponseHelper,DownloadHandler,UploadHandler,CertificateHandler,HeaderHelper,AsyncOperation>::~UnityWebRequestProto<UnityWebRequestTransport,AtomicRefCounter,RedirectHelper,ResponseHelper,DownloadHandler,UploadHandler,CertificateHandler,HeaderHelper,AsyncOperation>
0x00007ff60b674bd6 (Unity) UnityWebRequest::`vector deleting destructor'
0x00007ff60a3c4b77 (Unity) UnityWebRequestProto<UnityWebRequestTransport,AtomicRefCounter,RedirectHelper,ResponseHelper,DownloadHandler,UploadHandler,CertificateHandler,HeaderHelper,AsyncOperation>::Release
0x00007ff60b676605 (Unity) UnityWebRequestAsyncOperation::InvokeCoroutine
0x00007ff60b6767e1 (Unity) UnityWebRequestProto<UnityWebRequestTransport,AtomicRefCounter,RedirectHelper,ResponseHelper,DownloadHandler,UploadHandler,CertificateHandler,HeaderHelper,AsyncOperation>::Job_InvokeCoroutine
0x00007ff60acdb54a (Unity) BackgroundJobQueue::ExecuteMainThreadJobs
0x00007ff60ad9005f (Unity) PreloadManager::WaitForAllAsyncOperationsToComplete
0x00007ff60c553af8 (Unity) <lambda_b37b41f03089e3cb3f55061bbc93253d>::operator()
0x00007ff60c58f422 (Unity) asio::detail::completion_handler<core::mutable_function<void __cdecl(void)>,asio::io_context::basic_executor_type<std::allocator<void>,0> >::do_complete
0x00007ff60c57b3ce (Unity) asio::detail::win_iocp_io_context::do_one
0x00007ff60c57d034 (Unity) asio::detail::win_iocp_io_context::run
0x00007ff60c58d7cc (Unity) IOService::Run
0x00007ff60c560c2f (Unity) AssetImportWorkerClient::Run
0x00007ff60c52c3d7 (Unity) RunAssetImportWorkerClientV2
0x00007ff60c52c45b (Unity) RunAssetImporterV2
0x00007ff60bd231de (Unity) Application::InitializeProject
0x00007ff60c1b8795 (Unity) WinMain
0x00007ff60d5835ce (Unity) __scrt_common_main_seh
0x00007ffa8b87e8d7 (KERNEL32) BaseThreadInitThunk
0x00007ffa8c1714fc (ntdll) RtlUserThreadStart
Unloading 3359 Unused Serialized files (Serialized files now loaded: 0)
Unloading 28 unused Assets / (396.6 KB). Loaded Objects now: 3935.
Memory consumption went from 133.7 MB to 133.3 MB.
Total: 3.890000 ms (FindLiveObjects: 0.216200 ms CreateObjectMapping: 0.096900 ms MarkObjects: 3.308600 ms  DeleteObjects: 0.266500 ms)

Prepare: number of updated asset objects reloaded= 0
AssetImportParameters requested are different than current active one (requested -> active):
  custom:container-demuxer-ogg: 62fdf1f143b41e24485cea50d1cbac27 -> 
  custom:video-codec-MediaFoundation-h265: 746d11721c4dcdbdad8f713fa42b33f4 -> 
  custom:video-decoder-ogg-theora: a1e56fd34408186e4bbccfd4996cb3dc -> 
  custom:framework-win-MediaFoundation: 216162199b28c13a410421893ffa2e32 -> 
  custom:CustomObjectIndexerAttribute: 9a22284fe3817be447336de3de66b15e -> 
  custom:container-demuxer-webm: 4f35f7cbe854078d1ac9338744f61a02 -> 
  custom:container-muxer-webm: aa71ff27fc2769a1b78a27578f13a17b -> 
  custom:video-decoder-webm-vp8: 9c59270c3fd7afecdb556c50c9e8de78 -> 
  custom:SearchIndexIgnoredProperties: e643bd26f0fe6173181afceb89e7c659 -> 
  custom:AudioImporter_EditorPlatform: d09bf68614088b80899f8185d706f6e7 -> 
  custom:video-encoder-webm-vp8: eb34c28f22e8b96e1ab97ce403110664 -> 
  custom:audio-decoder-ogg-vorbis: bf7c407c2cedff20999df2af8eb42d56 -> 
  custom:audio-encoder-webm-vorbis: bf7c407c2cedff20999df2af8eb42d56 -> 
  custom:scripting/precompiled-assembly-types:Assembly-CSharp: b8fdb7e526e0f6ec6672fae11c310fc0 -> d0e4d9b8e3191607d5c08abaebdab676
========================================================================
Received Prepare
Caller must complete domain reload
Begin MonoManager ReloadAssembly
- Loaded All Assemblies, in  0.437 seconds
Native extension for WindowsStandalone target not found
Native extension for Android target not found
Native extension for WebGL target not found
[Package Manager] Server::EnsureServerProcessIsRunning -- launch failed, reason: Unity was launched with the -noUpm command-line argument
[Package Manager] UpmClient::Send -- Unable to send message (not connected to UPM process).
[Package Manager] Cannot connect to Unity Package Manager local server
Failed to sync packages list
UnityEngine.StackTraceUtility:ExtractStackTrace ()
UnityEngine.DebugLogHandler:LogFormat (UnityEngine.LogType,UnityEngine.Object,string,object[])
UnityEngine.Logger:Log (UnityEngine.LogType,object)
UnityEngine.Debug:LogWarning (object)
 .  / :MoveNext ()
System.Runtime.CompilerServices.AsyncVoidMethodBuilder:Start< .  / > ( .  / &)
 .  :  ()
 .⁪/ :MoveNext ()
System.Runtime.CompilerServices.AsyncTaskMethodBuilder:Start< .⁪/ > ( .⁪/ &)
 .⁪:  ()
System.Reflection.RuntimeMethodInfo:Invoke (object,System.Reflection.BindingFlags,System.Reflection.Binder,object[],System.Globalization.CultureInfo)
System.Reflection.MethodBase:Invoke (object,object[])
UnityEditor.EditorAssemblies:ProcessInitializeOnLoadMethodAttributes ()

Mono: successfully reloaded assembly
- Finished resetting the current domain, in  1.008 seconds
Domain Reload Profiling: 1443ms
	BeginReloadAssembly (147ms)
		ExecutionOrderSort (0ms)
		DisableScriptedObjects (6ms)
		BackupInstance (0ms)
		ReleaseScriptingObjects (0ms)
		CreateAndSetChildDomain (31ms)
	RebuildCommonClasses (32ms)
	RebuildNativeTypeToScriptingClass (11ms)
	initialDomainReloadingComplete (30ms)
	LoadAllAssembliesAndSetupDomain (214ms)
		LoadAssemblies (277ms)
		RebuildTransferFunctionScriptingTraits (0ms)
		AnalyzeDomain (15ms)
			TypeCache.Refresh (6ms)
				TypeCache.ScanAssembly (0ms)
			ScanForSourceGeneratedMonoScriptInfo (0ms)
			ResolveRequiredComponents (6ms)
	FinalizeReload (1008ms)
		ReleaseScriptCaches (0ms)
		RebuildScriptCaches (0ms)
		SetupLoadedEditorAssemblies (576ms)
			LogAssemblyErrors (0ms)
			InitializePlatformSupportModulesInManaged (19ms)
			SetLoadedEditorAssemblies (4ms)
			RefreshPlugins (0ms)
			BeforeProcessingInitializeOnLoad (72ms)
			ProcessInitializeOnLoadAttributes (424ms)
			ProcessInitializeOnLoadMethodAttributes (52ms)
			AfterProcessingInitializeOnLoad (5ms)
			EditorAssembliesLoaded (0ms)
		ExecutionOrderSort2 (0ms)
		AwakeInstancesAfterBackupRestoration (7ms)
Refreshing native plugins compatible for Editor in 3.88 ms, found 6 plugins.
Preloading 0 native plugins for Editor in 0.00 ms.
Release of invalid GC handle. The handle is from a previous domain. The release operation is skipped.
Release of invalid GC handle native callstack: 
0x00007ff60b1b424d (Unity) StackWalker::GetCurrentCallstack
0x00007ff60b1b9329 (Unity) StackWalker::ShowCallstack
0x00007ff60c1adae1 (Unity) GetStacktrace
0x00007ff60b0af20d (Unity) ScriptingGCHandle::ReleaseAndClear
0x00007ff60b67748c (Unity) UploadHandlerRaw::`vector deleting destructor'
0x00007ff60b67803d (Unity) UploadHandler::Release
0x00007ff60b6748dd (Unity) UnityWebRequestProto<UnityWebRequestTransport,AtomicRefCounter,RedirectHelper,ResponseHelper,DownloadHandler,UploadHandler,CertificateHandler,HeaderHelper,AsyncOperation>::~UnityWebRequestProto<UnityWebRequestTransport,AtomicRefCounter,RedirectHelper,ResponseHelper,DownloadHandler,UploadHandler,CertificateHandler,HeaderHelper,AsyncOperation>
0x00007ff60b674bd6 (Unity) UnityWebRequest::`vector deleting destructor'
0x00007ff60a3c4b77 (Unity) UnityWebRequestProto<UnityWebRequestTransport,AtomicRefCounter,RedirectHelper,ResponseHelper,DownloadHandler,UploadHandler,CertificateHandler,HeaderHelper,AsyncOperation>::Release
0x00007ff60b676605 (Unity) UnityWebRequestAsyncOperation::InvokeCoroutine
0x00007ff60b6767e1 (Unity) UnityWebRequestProto<UnityWebRequestTransport,AtomicRefCounter,RedirectHelper,ResponseHelper,DownloadHandler,UploadHandler,CertificateHandler,HeaderHelper,AsyncOperation>::Job_InvokeCoroutine
0x00007ff60acdb54a (Unity) BackgroundJobQueue::ExecuteMainThreadJobs
0x00007ff60ad9005f (Unity) PreloadManager::WaitForAllAsyncOperationsToComplete
0x00007ff60c553af8 (Unity) <lambda_b37b41f03089e3cb3f55061bbc93253d>::operator()
0x00007ff60c58f422 (Unity) asio::detail::completion_handler<core::mutable_function<void __cdecl(void)>,asio::io_context::basic_executor_type<std::allocator<void>,0> >::do_complete
0x00007ff60c57b3ce (Unity) asio::detail::win_iocp_io_context::do_one
0x00007ff60c57d034 (Unity) asio::detail::win_iocp_io_context::run
0x00007ff60c58d7cc (Unity) IOService::Run
0x00007ff60c560c2f (Unity) AssetImportWorkerClient::Run
0x00007ff60c52c3d7 (Unity) RunAssetImportWorkerClientV2
0x00007ff60c52c45b (Unity) RunAssetImporterV2
0x00007ff60bd231de (Unity) Application::InitializeProject
0x00007ff60c1b8795 (Unity) WinMain
0x00007ff60d5835ce (Unity) __scrt_common_main_seh
0x00007ffa8b87e8d7 (KERNEL32) BaseThreadInitThunk
0x00007ffa8c1714fc (ntdll) RtlUserThreadStart
Unloading 3359 Unused Serialized files (Serialized files now loaded: 0)
Unloading 28 unused Assets / (396.5 KB). Loaded Objects now: 3940.
Memory consumption went from 133.9 MB to 133.5 MB.
Total: 4.287300 ms (FindLiveObjects: 0.220200 ms CreateObjectMapping: 0.100400 ms MarkObjects: 3.565800 ms  DeleteObjects: 0.399600 ms)

Prepare: number of updated asset objects reloaded= 0
AssetImportParameters requested are different than current active one (requested -> active):
  custom:container-demuxer-ogg: 62fdf1f143b41e24485cea50d1cbac27 -> 
  custom:video-codec-MediaFoundation-h265: 746d11721c4dcdbdad8f713fa42b33f4 -> 
  custom:video-decoder-ogg-theora: a1e56fd34408186e4bbccfd4996cb3dc -> 
  custom:framework-win-MediaFoundation: 216162199b28c13a410421893ffa2e32 -> 
  custom:CustomObjectIndexerAttribute: 9a22284fe3817be447336de3de66b15e -> 
  custom:container-demuxer-webm: 4f35f7cbe854078d1ac9338744f61a02 -> 
  custom:container-muxer-webm: aa71ff27fc2769a1b78a27578f13a17b -> 
  custom:video-decoder-webm-vp8: 9c59270c3fd7afecdb556c50c9e8de78 -> 
  custom:SearchIndexIgnoredProperties: e643bd26f0fe6173181afceb89e7c659 -> 
  custom:AudioImporter_EditorPlatform: d09bf68614088b80899f8185d706f6e7 -> 
  custom:video-encoder-webm-vp8: eb34c28f22e8b96e1ab97ce403110664 -> 
  custom:audio-decoder-ogg-vorbis: bf7c407c2cedff20999df2af8eb42d56 -> 
  custom:audio-encoder-webm-vorbis: bf7c407c2cedff20999df2af8eb42d56 -> 
  custom:scripting/precompiled-assembly-types:Assembly-CSharp: b8fdb7e526e0f6ec6672fae11c310fc0 -> d0e4d9b8e3191607d5c08abaebdab676
========================================================================
Received Prepare
Caller must complete domain reload
Begin MonoManager ReloadAssembly
- Loaded All Assemblies, in  0.908 seconds
Native extension for WindowsStandalone target not found
Native extension for Android target not found
Native extension for WebGL target not found
[Package Manager] Server::EnsureServerProcessIsRunning -- launch failed, reason: Unity was launched with the -noUpm command-line argument
[Package Manager] UpmClient::Send -- Unable to send message (not connected to UPM process).
[Package Manager] Cannot connect to Unity Package Manager local server
Failed to sync packages list
UnityEngine.StackTraceUtility:ExtractStackTrace ()
UnityEngine.DebugLogHandler:LogFormat (UnityEngine.LogType,UnityEngine.Object,string,object[])
UnityEngine.Logger:Log (UnityEngine.LogType,object)
UnityEngine.Debug:LogWarning (object)
 .  / :MoveNext ()
System.Runtime.CompilerServices.AsyncVoidMethodBuilder:Start< .  / > ( .  / &)
 .  :  ()
 .⁪/ :MoveNext ()
System.Runtime.CompilerServices.AsyncTaskMethodBuilder:Start< .⁪/ > ( .⁪/ &)
 .⁪:  ()
System.Reflection.RuntimeMethodInfo:Invoke (object,System.Reflection.BindingFlags,System.Reflection.Binder,object[],System.Globalization.CultureInfo)
System.Reflection.MethodBase:Invoke (object,object[])
UnityEditor.EditorAssemblies:ProcessInitializeOnLoadMethodAttributes ()

Mono: successfully reloaded assembly
- Finished resetting the current domain, in  1.455 seconds
Domain Reload Profiling: 2357ms
	BeginReloadAssembly (273ms)
		ExecutionOrderSort (0ms)
		DisableScriptedObjects (10ms)
		BackupInstance (0ms)
		ReleaseScriptingObjects (0ms)
		CreateAndSetChildDomain (60ms)
	RebuildCommonClasses (63ms)
	RebuildNativeTypeToScriptingClass (20ms)
	initialDomainReloadingComplete (59ms)
	LoadAllAssembliesAndSetupDomain (486ms)
		LoadAssemblies (593ms)
		RebuildTransferFunctionScriptingTraits (0ms)
		AnalyzeDomain (44ms)
			TypeCache.Refresh (16ms)
				TypeCache.ScanAssembly (1ms)
			ScanForSourceGeneratedMonoScriptInfo (13ms)
			ResolveRequiredComponents (11ms)
	FinalizeReload (1455ms)
		ReleaseScriptCaches (0ms)
		RebuildScriptCaches (0ms)
		SetupLoadedEditorAssemblies (537ms)
			LogAssemblyErrors (0ms)
			InitializePlatformSupportModulesInManaged (19ms)
			SetLoadedEditorAssemblies (4ms)
			RefreshPlugins (0ms)
			BeforeProcessingInitializeOnLoad (62ms)
			ProcessInitializeOnLoadAttributes (400ms)
			ProcessInitializeOnLoadMethodAttributes (45ms)
			AfterProcessingInitializeOnLoad (4ms)
			EditorAssembliesLoaded (2ms)
		ExecutionOrderSort2 (0ms)
		AwakeInstancesAfterBackupRestoration (6ms)
Refreshing native plugins compatible for Editor in 4.03 ms, found 6 plugins.
Preloading 0 native plugins for Editor in 0.00 ms.
Release of invalid GC handle. The handle is from a previous domain. The release operation is skipped.
Release of invalid GC handle native callstack: 
0x00007ff60b1b424d (Unity) StackWalker::GetCurrentCallstack
0x00007ff60b1b9329 (Unity) StackWalker::ShowCallstack
0x00007ff60c1adae1 (Unity) GetStacktrace
0x00007ff60b0af20d (Unity) ScriptingGCHandle::ReleaseAndClear
0x00007ff60b67748c (Unity) UploadHandlerRaw::`vector deleting destructor'
0x00007ff60b67803d (Unity) UploadHandler::Release
0x00007ff60b6748dd (Unity) UnityWebRequestProto<UnityWebRequestTransport,AtomicRefCounter,RedirectHelper,ResponseHelper,DownloadHandler,UploadHandler,CertificateHandler,HeaderHelper,AsyncOperation>::~UnityWebRequestProto<UnityWebRequestTransport,AtomicRefCounter,RedirectHelper,ResponseHelper,DownloadHandler,UploadHandler,CertificateHandler,HeaderHelper,AsyncOperation>
0x00007ff60b674bd6 (Unity) UnityWebRequest::`vector deleting destructor'
0x00007ff60a3c4b77 (Unity) UnityWebRequestProto<UnityWebRequestTransport,AtomicRefCounter,RedirectHelper,ResponseHelper,DownloadHandler,UploadHandler,CertificateHandler,HeaderHelper,AsyncOperation>::Release
0x00007ff60b676605 (Unity) UnityWebRequestAsyncOperation::InvokeCoroutine
0x00007ff60b6767e1 (Unity) UnityWebRequestProto<UnityWebRequestTransport,AtomicRefCounter,RedirectHelper,ResponseHelper,DownloadHandler,UploadHandler,CertificateHandler,HeaderHelper,AsyncOperation>::Job_InvokeCoroutine
0x00007ff60acdb54a (Unity) BackgroundJobQueue::ExecuteMainThreadJobs
0x00007ff60ad9005f (Unity) PreloadManager::WaitForAllAsyncOperationsToComplete
0x00007ff60c553af8 (Unity) <lambda_b37b41f03089e3cb3f55061bbc93253d>::operator()
0x00007ff60c58f422 (Unity) asio::detail::completion_handler<core::mutable_function<void __cdecl(void)>,asio::io_context::basic_executor_type<std::allocator<void>,0> >::do_complete
0x00007ff60c57b3ce (Unity) asio::detail::win_iocp_io_context::do_one
0x00007ff60c57d034 (Unity) asio::detail::win_iocp_io_context::run
0x00007ff60c58d7cc (Unity) IOService::Run
0x00007ff60c560c2f (Unity) AssetImportWorkerClient::Run
0x00007ff60c52c3d7 (Unity) RunAssetImportWorkerClientV2
0x00007ff60c52c45b (Unity) RunAssetImporterV2
0x00007ff60bd231de (Unity) Application::InitializeProject
0x00007ff60c1b8795 (Unity) WinMain
0x00007ff60d5835ce (Unity) __scrt_common_main_seh
0x00007ffa8b87e8d7 (KERNEL32) BaseThreadInitThunk
0x00007ffa8c1714fc (ntdll) RtlUserThreadStart
Unloading 3359 Unused Serialized files (Serialized files now loaded: 0)
Unloading 28 unused Assets / (396.3 KB). Loaded Objects now: 3945.
Memory consumption went from 134.0 MB to 133.6 MB.
Total: 3.617200 ms (FindLiveObjects: 0.208700 ms CreateObjectMapping: 0.090200 ms MarkObjects: 3.059300 ms  DeleteObjects: 0.257800 ms)

Prepare: number of updated asset objects reloaded= 0
AssetImportParameters requested are different than current active one (requested -> active):
  custom:container-demuxer-ogg: 62fdf1f143b41e24485cea50d1cbac27 -> 
  custom:video-codec-MediaFoundation-h265: 746d11721c4dcdbdad8f713fa42b33f4 -> 
  custom:video-decoder-ogg-theora: a1e56fd34408186e4bbccfd4996cb3dc -> 
  custom:framework-win-MediaFoundation: 216162199b28c13a410421893ffa2e32 -> 
  custom:CustomObjectIndexerAttribute: 9a22284fe3817be447336de3de66b15e -> 
  custom:container-demuxer-webm: 4f35f7cbe854078d1ac9338744f61a02 -> 
  custom:container-muxer-webm: aa71ff27fc2769a1b78a27578f13a17b -> 
  custom:video-decoder-webm-vp8: 9c59270c3fd7afecdb556c50c9e8de78 -> 
  custom:SearchIndexIgnoredProperties: e643bd26f0fe6173181afceb89e7c659 -> 
  custom:AudioImporter_EditorPlatform: d09bf68614088b80899f8185d706f6e7 -> 
  custom:video-encoder-webm-vp8: eb34c28f22e8b96e1ab97ce403110664 -> 
  custom:audio-decoder-ogg-vorbis: bf7c407c2cedff20999df2af8eb42d56 -> 
  custom:audio-encoder-webm-vorbis: bf7c407c2cedff20999df2af8eb42d56 -> 
  custom:scripting/precompiled-assembly-types:Assembly-CSharp: b8fdb7e526e0f6ec6672fae11c310fc0 -> d0e4d9b8e3191607d5c08abaebdab676
========================================================================
Received Prepare
Caller must complete domain reload
Begin MonoManager ReloadAssembly
- Loaded All Assemblies, in  0.460 seconds
Native extension for WindowsStandalone target not found
Native extension for Android target not found
Native extension for WebGL target not found
[Package Manager] Server::EnsureServerProcessIsRunning -- launch failed, reason: Unity was launched with the -noUpm command-line argument
[Package Manager] UpmClient::Send -- Unable to send message (not connected to UPM process).
[Package Manager] Cannot connect to Unity Package Manager local server
Failed to sync packages list
UnityEngine.StackTraceUtility:ExtractStackTrace ()
UnityEngine.DebugLogHandler:LogFormat (UnityEngine.LogType,UnityEngine.Object,string,object[])
UnityEngine.Logger:Log (UnityEngine.LogType,object)
UnityEngine.Debug:LogWarning (object)
 .  / :MoveNext ()
System.Runtime.CompilerServices.AsyncVoidMethodBuilder:Start< .  / > ( .  / &)
 .  :  ()
 .⁪/ :MoveNext ()
System.Runtime.CompilerServices.AsyncTaskMethodBuilder:Start< .⁪/ > ( .⁪/ &)
 .⁪:  ()
System.Reflection.RuntimeMethodInfo:Invoke (object,System.Reflection.BindingFlags,System.Reflection.Binder,object[],System.Globalization.CultureInfo)
System.Reflection.MethodBase:Invoke (object,object[])
UnityEditor.EditorAssemblies:ProcessInitializeOnLoadMethodAttributes ()

Mono: successfully reloaded assembly
- Finished resetting the current domain, in  1.018 seconds
Domain Reload Profiling: 1477ms
	BeginReloadAssembly (159ms)
		ExecutionOrderSort (0ms)
		DisableScriptedObjects (6ms)
		BackupInstance (0ms)
		ReleaseScriptingObjects (0ms)
		CreateAndSetChildDomain (38ms)
	RebuildCommonClasses (35ms)
	RebuildNativeTypeToScriptingClass (10ms)
	initialDomainReloadingComplete (32ms)
	LoadAllAssembliesAndSetupDomain (222ms)
		LoadAssemblies (282ms)
		RebuildTransferFunctionScriptingTraits (0ms)
		AnalyzeDomain (17ms)
			TypeCache.Refresh (6ms)
				TypeCache.ScanAssembly (0ms)
			ScanForSourceGeneratedMonoScriptInfo (0ms)
			ResolveRequiredComponents (8ms)
	FinalizeReload (1019ms)
		ReleaseScriptCaches (0ms)
		RebuildScriptCaches (0ms)
		SetupLoadedEditorAssemblies (584ms)
			LogAssemblyErrors (0ms)
			InitializePlatformSupportModulesInManaged (20ms)
			SetLoadedEditorAssemblies (4ms)
			RefreshPlugins (0ms)
			BeforeProcessingInitializeOnLoad (66ms)
			ProcessInitializeOnLoadAttributes (432ms)
			ProcessInitializeOnLoadMethodAttributes (56ms)
			AfterProcessingInitializeOnLoad (6ms)
			EditorAssembliesLoaded (0ms)
		ExecutionOrderSort2 (0ms)
		AwakeInstancesAfterBackupRestoration (9ms)
Refreshing native plugins compatible for Editor in 5.13 ms, found 6 plugins.
Preloading 0 native plugins for Editor in 0.00 ms.
Release of invalid GC handle. The handle is from a previous domain. The release operation is skipped.
Release of invalid GC handle native callstack: 
0x00007ff60b1b424d (Unity) StackWalker::GetCurrentCallstack
0x00007ff60b1b9329 (Unity) StackWalker::ShowCallstack
0x00007ff60c1adae1 (Unity) GetStacktrace
0x00007ff60b0af20d (Unity) ScriptingGCHandle::ReleaseAndClear
0x00007ff60b67748c (Unity) UploadHandlerRaw::`vector deleting destructor'
0x00007ff60b67803d (Unity) UploadHandler::Release
0x00007ff60b6748dd (Unity) UnityWebRequestProto<UnityWebRequestTransport,AtomicRefCounter,RedirectHelper,ResponseHelper,DownloadHandler,UploadHandler,CertificateHandler,HeaderHelper,AsyncOperation>::~UnityWebRequestProto<UnityWebRequestTransport,AtomicRefCounter,RedirectHelper,ResponseHelper,DownloadHandler,UploadHandler,CertificateHandler,HeaderHelper,AsyncOperation>
0x00007ff60b674bd6 (Unity) UnityWebRequest::`vector deleting destructor'
0x00007ff60a3c4b77 (Unity) UnityWebRequestProto<UnityWebRequestTransport,AtomicRefCounter,RedirectHelper,ResponseHelper,DownloadHandler,UploadHandler,CertificateHandler,HeaderHelper,AsyncOperation>::Release
0x00007ff60b676605 (Unity) UnityWebRequestAsyncOperation::InvokeCoroutine
0x00007ff60b6767e1 (Unity) UnityWebRequestProto<UnityWebRequestTransport,AtomicRefCounter,RedirectHelper,ResponseHelper,DownloadHandler,UploadHandler,CertificateHandler,HeaderHelper,AsyncOperation>::Job_InvokeCoroutine
0x00007ff60acdb54a (Unity) BackgroundJobQueue::ExecuteMainThreadJobs
0x00007ff60ad9005f (Unity) PreloadManager::WaitForAllAsyncOperationsToComplete
0x00007ff60c553af8 (Unity) <lambda_b37b41f03089e3cb3f55061bbc93253d>::operator()
0x00007ff60c58f422 (Unity) asio::detail::completion_handler<core::mutable_function<void __cdecl(void)>,asio::io_context::basic_executor_type<std::allocator<void>,0> >::do_complete
0x00007ff60c57b3ce (Unity) asio::detail::win_iocp_io_context::do_one
0x00007ff60c57d034 (Unity) asio::detail::win_iocp_io_context::run
0x00007ff60c58d7cc (Unity) IOService::Run
0x00007ff60c560c2f (Unity) AssetImportWorkerClient::Run
0x00007ff60c52c3d7 (Unity) RunAssetImportWorkerClientV2
0x00007ff60c52c45b (Unity) RunAssetImporterV2
0x00007ff60bd231de (Unity) Application::InitializeProject
0x00007ff60c1b8795 (Unity) WinMain
0x00007ff60d5835ce (Unity) __scrt_common_main_seh
0x00007ffa8b87e8d7 (KERNEL32) BaseThreadInitThunk
0x00007ffa8c1714fc (ntdll) RtlUserThreadStart
Unloading 3359 Unused Serialized files (Serialized files now loaded: 0)
Unloading 28 unused Assets / (397.0 KB). Loaded Objects now: 3950.
Memory consumption went from 134.2 MB to 133.8 MB.
Total: 4.866700 ms (FindLiveObjects: 0.261700 ms CreateObjectMapping: 0.138300 ms MarkObjects: 4.192400 ms  DeleteObjects: 0.273300 ms)

Prepare: number of updated asset objects reloaded= 0
AssetImportParameters requested are different than current active one (requested -> active):
  custom:container-demuxer-ogg: 62fdf1f143b41e24485cea50d1cbac27 -> 
  custom:video-codec-MediaFoundation-h265: 746d11721c4dcdbdad8f713fa42b33f4 -> 
  custom:video-decoder-ogg-theora: a1e56fd34408186e4bbccfd4996cb3dc -> 
  custom:framework-win-MediaFoundation: 216162199b28c13a410421893ffa2e32 -> 
  custom:CustomObjectIndexerAttribute: 9a22284fe3817be447336de3de66b15e -> 
  custom:container-demuxer-webm: 4f35f7cbe854078d1ac9338744f61a02 -> 
  custom:container-muxer-webm: aa71ff27fc2769a1b78a27578f13a17b -> 
  custom:video-decoder-webm-vp8: 9c59270c3fd7afecdb556c50c9e8de78 -> 
  custom:SearchIndexIgnoredProperties: e643bd26f0fe6173181afceb89e7c659 -> 
  custom:AudioImporter_EditorPlatform: d09bf68614088b80899f8185d706f6e7 -> 
  custom:video-encoder-webm-vp8: eb34c28f22e8b96e1ab97ce403110664 -> 
  custom:audio-decoder-ogg-vorbis: bf7c407c2cedff20999df2af8eb42d56 -> 
  custom:audio-encoder-webm-vorbis: bf7c407c2cedff20999df2af8eb42d56 -> 
  custom:scripting/precompiled-assembly-types:Assembly-CSharp: b8fdb7e526e0f6ec6672fae11c310fc0 -> d0e4d9b8e3191607d5c08abaebdab676
========================================================================
Received Prepare
Caller must complete domain reload
Begin MonoManager ReloadAssembly
- Loaded All Assemblies, in  0.492 seconds
Native extension for WindowsStandalone target not found
Native extension for Android target not found
Native extension for WebGL target not found
[Package Manager] Server::EnsureServerProcessIsRunning -- launch failed, reason: Unity was launched with the -noUpm command-line argument
[Package Manager] UpmClient::Send -- Unable to send message (not connected to UPM process).
[Package Manager] Cannot connect to Unity Package Manager local server
Failed to sync packages list
UnityEngine.StackTraceUtility:ExtractStackTrace ()
UnityEngine.DebugLogHandler:LogFormat (UnityEngine.LogType,UnityEngine.Object,string,object[])
UnityEngine.Logger:Log (UnityEngine.LogType,object)
UnityEngine.Debug:LogWarning (object)
 .  / :MoveNext ()
System.Runtime.CompilerServices.AsyncVoidMethodBuilder:Start< .  / > ( .  / &)
 .  :  ()
 .⁪/ :MoveNext ()
System.Runtime.CompilerServices.AsyncTaskMethodBuilder:Start< .⁪/ > ( .⁪/ &)
 .⁪:  ()
System.Reflection.RuntimeMethodInfo:Invoke (object,System.Reflection.BindingFlags,System.Reflection.Binder,object[],System.Globalization.CultureInfo)
System.Reflection.MethodBase:Invoke (object,object[])
UnityEditor.EditorAssemblies:ProcessInitializeOnLoadMethodAttributes ()

Mono: successfully reloaded assembly
- Finished resetting the current domain, in  1.018 seconds
Domain Reload Profiling: 1509ms
	BeginReloadAssembly (183ms)
		ExecutionOrderSort (0ms)
		DisableScriptedObjects (9ms)
		BackupInstance (0ms)
		ReleaseScriptingObjects (0ms)
		CreateAndSetChildDomain (47ms)
	RebuildCommonClasses (32ms)
	RebuildNativeTypeToScriptingClass (10ms)
	initialDomainReloadingComplete (27ms)
	LoadAllAssembliesAndSetupDomain (237ms)
		LoadAssemblies (302ms)
		RebuildTransferFunctionScriptingTraits (0ms)
		AnalyzeDomain (22ms)
			TypeCache.Refresh (8ms)
				TypeCache.ScanAssembly (0ms)
			ScanForSourceGeneratedMonoScriptInfo (7ms)
			ResolveRequiredComponents (5ms)
	FinalizeReload (1018ms)
		ReleaseScriptCaches (0ms)
		RebuildScriptCaches (0ms)
		SetupLoadedEditorAssemblies (578ms)
			LogAssemblyErrors (0ms)
			InitializePlatformSupportModulesInManaged (17ms)
			SetLoadedEditorAssemblies (5ms)
			RefreshPlugins (0ms)
			BeforeProcessingInitializeOnLoad (63ms)
			ProcessInitializeOnLoadAttributes (432ms)
			ProcessInitializeOnLoadMethodAttributes (56ms)
			AfterProcessingInitializeOnLoad (5ms)
			EditorAssembliesLoaded (0ms)
		ExecutionOrderSort2 (0ms)
		AwakeInstancesAfterBackupRestoration (8ms)
Refreshing native plugins compatible for Editor in 3.73 ms, found 6 plugins.
Preloading 0 native plugins for Editor in 0.00 ms.
Release of invalid GC handle. The handle is from a previous domain. The release operation is skipped.
Release of invalid GC handle native callstack: 
0x00007ff60b1b424d (Unity) StackWalker::GetCurrentCallstack
0x00007ff60b1b9329 (Unity) StackWalker::ShowCallstack
0x00007ff60c1adae1 (Unity) GetStacktrace
0x00007ff60b0af20d (Unity) ScriptingGCHandle::ReleaseAndClear
0x00007ff60b67748c (Unity) UploadHandlerRaw::`vector deleting destructor'
0x00007ff60b67803d (Unity) UploadHandler::Release
0x00007ff60b6748dd (Unity) UnityWebRequestProto<UnityWebRequestTransport,AtomicRefCounter,RedirectHelper,ResponseHelper,DownloadHandler,UploadHandler,CertificateHandler,HeaderHelper,AsyncOperation>::~UnityWebRequestProto<UnityWebRequestTransport,AtomicRefCounter,RedirectHelper,ResponseHelper,DownloadHandler,UploadHandler,CertificateHandler,HeaderHelper,AsyncOperation>
0x00007ff60b674bd6 (Unity) UnityWebRequest::`vector deleting destructor'
0x00007ff60a3c4b77 (Unity) UnityWebRequestProto<UnityWebRequestTransport,AtomicRefCounter,RedirectHelper,ResponseHelper,DownloadHandler,UploadHandler,CertificateHandler,HeaderHelper,AsyncOperation>::Release
0x00007ff60b676605 (Unity) UnityWebRequestAsyncOperation::InvokeCoroutine
0x00007ff60b6767e1 (Unity) UnityWebRequestProto<UnityWebRequestTransport,AtomicRefCounter,RedirectHelper,ResponseHelper,DownloadHandler,UploadHandler,CertificateHandler,HeaderHelper,AsyncOperation>::Job_InvokeCoroutine
0x00007ff60acdb54a (Unity) BackgroundJobQueue::ExecuteMainThreadJobs
0x00007ff60ad9005f (Unity) PreloadManager::WaitForAllAsyncOperationsToComplete
0x00007ff60c553af8 (Unity) <lambda_b37b41f03089e3cb3f55061bbc93253d>::operator()
0x00007ff60c58f422 (Unity) asio::detail::completion_handler<core::mutable_function<void __cdecl(void)>,asio::io_context::basic_executor_type<std::allocator<void>,0> >::do_complete
0x00007ff60c57b3ce (Unity) asio::detail::win_iocp_io_context::do_one
0x00007ff60c57d034 (Unity) asio::detail::win_iocp_io_context::run
0x00007ff60c58d7cc (Unity) IOService::Run
0x00007ff60c560c2f (Unity) AssetImportWorkerClient::Run
0x00007ff60c52c3d7 (Unity) RunAssetImportWorkerClientV2
0x00007ff60c52c45b (Unity) RunAssetImporterV2
0x00007ff60bd231de (Unity) Application::InitializeProject
0x00007ff60c1b8795 (Unity) WinMain
0x00007ff60d5835ce (Unity) __scrt_common_main_seh
0x00007ffa8b87e8d7 (KERNEL32) BaseThreadInitThunk
0x00007ffa8c1714fc (ntdll) RtlUserThreadStart
Unloading 3359 Unused Serialized files (Serialized files now loaded: 0)
Unloading 28 unused Assets / (396.9 KB). Loaded Objects now: 3955.
Memory consumption went from 134.3 MB to 133.9 MB.
Total: 4.447100 ms (FindLiveObjects: 0.214300 ms CreateObjectMapping: 0.107200 ms MarkObjects: 3.865000 ms  DeleteObjects: 0.259200 ms)

Prepare: number of updated asset objects reloaded= 0
AssetImportParameters requested are different than current active one (requested -> active):
  custom:container-demuxer-ogg: 62fdf1f143b41e24485cea50d1cbac27 -> 
  custom:video-codec-MediaFoundation-h265: 746d11721c4dcdbdad8f713fa42b33f4 -> 
  custom:video-decoder-ogg-theora: a1e56fd34408186e4bbccfd4996cb3dc -> 
  custom:framework-win-MediaFoundation: 216162199b28c13a410421893ffa2e32 -> 
  custom:CustomObjectIndexerAttribute: 9a22284fe3817be447336de3de66b15e -> 
  custom:container-demuxer-webm: 4f35f7cbe854078d1ac9338744f61a02 -> 
  custom:container-muxer-webm: aa71ff27fc2769a1b78a27578f13a17b -> 
  custom:video-decoder-webm-vp8: 9c59270c3fd7afecdb556c50c9e8de78 -> 
  custom:SearchIndexIgnoredProperties: e643bd26f0fe6173181afceb89e7c659 -> 
  custom:AudioImporter_EditorPlatform: d09bf68614088b80899f8185d706f6e7 -> 
  custom:video-encoder-webm-vp8: eb34c28f22e8b96e1ab97ce403110664 -> 
  custom:audio-decoder-ogg-vorbis: bf7c407c2cedff20999df2af8eb42d56 -> 
  custom:audio-encoder-webm-vorbis: bf7c407c2cedff20999df2af8eb42d56 -> 
  custom:scripting/precompiled-assembly-types:Assembly-CSharp: b8fdb7e526e0f6ec6672fae11c310fc0 -> d0e4d9b8e3191607d5c08abaebdab676
========================================================================
Received Prepare
Caller must complete domain reload
Begin MonoManager ReloadAssembly
- Loaded All Assemblies, in  0.431 seconds
Native extension for WindowsStandalone target not found
Native extension for Android target not found
Native extension for WebGL target not found
[Package Manager] Server::EnsureServerProcessIsRunning -- launch failed, reason: Unity was launched with the -noUpm command-line argument
[Package Manager] UpmClient::Send -- Unable to send message (not connected to UPM process).
[Package Manager] Cannot connect to Unity Package Manager local server
Failed to sync packages list
UnityEngine.StackTraceUtility:ExtractStackTrace ()
UnityEngine.DebugLogHandler:LogFormat (UnityEngine.LogType,UnityEngine.Object,string,object[])
UnityEngine.Logger:Log (UnityEngine.LogType,object)
UnityEngine.Debug:LogWarning (object)
 .  / :MoveNext ()
System.Runtime.CompilerServices.AsyncVoidMethodBuilder:Start< .  / > ( .  / &)
 .  :  ()
 .⁪/ :MoveNext ()
System.Runtime.CompilerServices.AsyncTaskMethodBuilder:Start< .⁪/ > ( .⁪/ &)
 .⁪:  ()
System.Reflection.RuntimeMethodInfo:Invoke (object,System.Reflection.BindingFlags,System.Reflection.Binder,object[],System.Globalization.CultureInfo)
System.Reflection.MethodBase:Invoke (object,object[])
UnityEditor.EditorAssemblies:ProcessInitializeOnLoadMethodAttributes ()

Mono: successfully reloaded assembly
- Finished resetting the current domain, in  0.996 seconds
Domain Reload Profiling: 1426ms
	BeginReloadAssembly (151ms)
		ExecutionOrderSort (0ms)
		DisableScriptedObjects (6ms)
		BackupInstance (0ms)
		ReleaseScriptingObjects (0ms)
		CreateAndSetChildDomain (32ms)
	RebuildCommonClasses (34ms)
	RebuildNativeTypeToScriptingClass (10ms)
	initialDomainReloadingComplete (27ms)
	LoadAllAssembliesAndSetupDomain (208ms)
		LoadAssemblies (275ms)
		RebuildTransferFunctionScriptingTraits (0ms)
		AnalyzeDomain (14ms)
			TypeCache.Refresh (6ms)
				TypeCache.ScanAssembly (0ms)
			ScanForSourceGeneratedMonoScriptInfo (0ms)
			ResolveRequiredComponents (6ms)
	FinalizeReload (996ms)
		ReleaseScriptCaches (0ms)
		RebuildScriptCaches (0ms)
		SetupLoadedEditorAssemblies (555ms)
			LogAssemblyErrors (0ms)
			InitializePlatformSupportModulesInManaged (18ms)
			SetLoadedEditorAssemblies (4ms)
			RefreshPlugins (0ms)
			BeforeProcessingInitializeOnLoad (72ms)
			ProcessInitializeOnLoadAttributes (398ms)
			ProcessInitializeOnLoadMethodAttributes (57ms)
			AfterProcessingInitializeOnLoad (6ms)
			EditorAssembliesLoaded (0ms)
		ExecutionOrderSort2 (0ms)
		AwakeInstancesAfterBackupRestoration (8ms)
Refreshing native plugins compatible for Editor in 5.00 ms, found 6 plugins.
Preloading 0 native plugins for Editor in 0.00 ms.
Release of invalid GC handle. The handle is from a previous domain. The release operation is skipped.
Release of invalid GC handle native callstack: 
0x00007ff60b1b424d (Unity) StackWalker::GetCurrentCallstack
0x00007ff60b1b9329 (Unity) StackWalker::ShowCallstack
0x00007ff60c1adae1 (Unity) GetStacktrace
0x00007ff60b0af20d (Unity) ScriptingGCHandle::ReleaseAndClear
0x00007ff60b67748c (Unity) UploadHandlerRaw::`vector deleting destructor'
0x00007ff60b67803d (Unity) UploadHandler::Release
0x00007ff60b6748dd (Unity) UnityWebRequestProto<UnityWebRequestTransport,AtomicRefCounter,RedirectHelper,ResponseHelper,DownloadHandler,UploadHandler,CertificateHandler,HeaderHelper,AsyncOperation>::~UnityWebRequestProto<UnityWebRequestTransport,AtomicRefCounter,RedirectHelper,ResponseHelper,DownloadHandler,UploadHandler,CertificateHandler,HeaderHelper,AsyncOperation>
0x00007ff60b674bd6 (Unity) UnityWebRequest::`vector deleting destructor'
0x00007ff60a3c4b77 (Unity) UnityWebRequestProto<UnityWebRequestTransport,AtomicRefCounter,RedirectHelper,ResponseHelper,DownloadHandler,UploadHandler,CertificateHandler,HeaderHelper,AsyncOperation>::Release
0x00007ff60b676605 (Unity) UnityWebRequestAsyncOperation::InvokeCoroutine
0x00007ff60b6767e1 (Unity) UnityWebRequestProto<UnityWebRequestTransport,AtomicRefCounter,RedirectHelper,ResponseHelper,DownloadHandler,UploadHandler,CertificateHandler,HeaderHelper,AsyncOperation>::Job_InvokeCoroutine
0x00007ff60acdb54a (Unity) BackgroundJobQueue::ExecuteMainThreadJobs
0x00007ff60ad9005f (Unity) PreloadManager::WaitForAllAsyncOperationsToComplete
0x00007ff60c553af8 (Unity) <lambda_b37b41f03089e3cb3f55061bbc93253d>::operator()
0x00007ff60c58f422 (Unity) asio::detail::completion_handler<core::mutable_function<void __cdecl(void)>,asio::io_context::basic_executor_type<std::allocator<void>,0> >::do_complete
0x00007ff60c57b3ce (Unity) asio::detail::win_iocp_io_context::do_one
0x00007ff60c57d034 (Unity) asio::detail::win_iocp_io_context::run
0x00007ff60c58d7cc (Unity) IOService::Run
0x00007ff60c560c2f (Unity) AssetImportWorkerClient::Run
0x00007ff60c52c3d7 (Unity) RunAssetImportWorkerClientV2
0x00007ff60c52c45b (Unity) RunAssetImporterV2
0x00007ff60bd231de (Unity) Application::InitializeProject
0x00007ff60c1b8795 (Unity) WinMain
0x00007ff60d5835ce (Unity) __scrt_common_main_seh
0x00007ffa8b87e8d7 (KERNEL32) BaseThreadInitThunk
0x00007ffa8c1714fc (ntdll) RtlUserThreadStart
Unloading 3359 Unused Serialized files (Serialized files now loaded: 0)
Unloading 28 unused Assets / (397.0 KB). Loaded Objects now: 3960.
Memory consumption went from 134.5 MB to 134.1 MB.
Total: 4.040400 ms (FindLiveObjects: 0.216200 ms CreateObjectMapping: 0.098700 ms MarkObjects: 3.474300 ms  DeleteObjects: 0.249800 ms)

Prepare: number of updated asset objects reloaded= 0
AssetImportParameters requested are different than current active one (requested -> active):
  custom:container-demuxer-ogg: 62fdf1f143b41e24485cea50d1cbac27 -> 
  custom:video-codec-MediaFoundation-h265: 746d11721c4dcdbdad8f713fa42b33f4 -> 
  custom:video-decoder-ogg-theora: a1e56fd34408186e4bbccfd4996cb3dc -> 
  custom:framework-win-MediaFoundation: 216162199b28c13a410421893ffa2e32 -> 
  custom:CustomObjectIndexerAttribute: 9a22284fe3817be447336de3de66b15e -> 
  custom:container-demuxer-webm: 4f35f7cbe854078d1ac9338744f61a02 -> 
  custom:container-muxer-webm: aa71ff27fc2769a1b78a27578f13a17b -> 
  custom:video-decoder-webm-vp8: 9c59270c3fd7afecdb556c50c9e8de78 -> 
  custom:SearchIndexIgnoredProperties: e643bd26f0fe6173181afceb89e7c659 -> 
  custom:AudioImporter_EditorPlatform: d09bf68614088b80899f8185d706f6e7 -> 
  custom:video-encoder-webm-vp8: eb34c28f22e8b96e1ab97ce403110664 -> 
  custom:audio-decoder-ogg-vorbis: bf7c407c2cedff20999df2af8eb42d56 -> 
  custom:audio-encoder-webm-vorbis: bf7c407c2cedff20999df2af8eb42d56 -> 
  custom:scripting/precompiled-assembly-types:Assembly-CSharp: b8fdb7e526e0f6ec6672fae11c310fc0 -> d0e4d9b8e3191607d5c08abaebdab676
========================================================================
Received Prepare
Caller must complete domain reload
Begin MonoManager ReloadAssembly
- Loaded All Assemblies, in 10.336 seconds
Native extension for WindowsStandalone target not found
Native extension for Android target not found
Native extension for WebGL target not found
[Package Manager] Server::EnsureServerProcessIsRunning -- launch failed, reason: Unity was launched with the -noUpm command-line argument
[Package Manager] UpmClient::Send -- Unable to send message (not connected to UPM process).
[Package Manager] Cannot connect to Unity Package Manager local server
Failed to sync packages list
UnityEngine.StackTraceUtility:ExtractStackTrace ()
UnityEngine.DebugLogHandler:LogFormat (UnityEngine.LogType,UnityEngine.Object,string,object[])
UnityEngine.Logger:Log (UnityEngine.LogType,object)
UnityEngine.Debug:LogWarning (object)
 .  / :MoveNext ()
System.Runtime.CompilerServices.AsyncVoidMethodBuilder:Start< .  / > ( .  / &)
 .  :  ()
 .⁪/ :MoveNext ()
System.Runtime.CompilerServices.AsyncTaskMethodBuilder:Start< .⁪/ > ( .⁪/ &)
 .⁪:  ()
System.Reflection.RuntimeMethodInfo:Invoke (object,System.Reflection.BindingFlags,System.Reflection.Binder,object[],System.Globalization.CultureInfo)
System.Reflection.MethodBase:Invoke (object,object[])
UnityEditor.EditorAssemblies:ProcessInitializeOnLoadMethodAttributes ()

Mono: successfully reloaded assembly
- Finished resetting the current domain, in 33.233 seconds
Domain Reload Profiling: 43568ms
	BeginReloadAssembly (206ms)
		ExecutionOrderSort (0ms)
		DisableScriptedObjects (5ms)
		BackupInstance (0ms)
		ReleaseScriptingObjects (0ms)
		CreateAndSetChildDomain (37ms)
	RebuildCommonClasses (326ms)
	RebuildNativeTypeToScriptingClass (13ms)
	initialDomainReloadingComplete (30ms)
	LoadAllAssembliesAndSetupDomain (9759ms)
		LoadAssemblies (9830ms)
		RebuildTransferFunctionScriptingTraits (0ms)
		AnalyzeDomain (53ms)
			TypeCache.Refresh (18ms)
				TypeCache.ScanAssembly (1ms)
			ScanForSourceGeneratedMonoScriptInfo (15ms)
			ResolveRequiredComponents (11ms)
	FinalizeReload (33233ms)
		ReleaseScriptCaches (0ms)
		RebuildScriptCaches (0ms)
		SetupLoadedEditorAssemblies (611ms)
			LogAssemblyErrors (0ms)
			InitializePlatformSupportModulesInManaged (22ms)
			SetLoadedEditorAssemblies (5ms)
			RefreshPlugins (0ms)
			BeforeProcessingInitializeOnLoad (67ms)
			ProcessInitializeOnLoadAttributes (455ms)
			ProcessInitializeOnLoadMethodAttributes (55ms)
			AfterProcessingInitializeOnLoad (6ms)
			EditorAssembliesLoaded (0ms)
		ExecutionOrderSort2 (0ms)
		AwakeInstancesAfterBackupRestoration (8ms)
Refreshing native plugins compatible for Editor in 5.67 ms, found 6 plugins.
Preloading 0 native plugins for Editor in 0.00 ms.
Release of invalid GC handle. The handle is from a previous domain. The release operation is skipped.
Release of invalid GC handle native callstack: 
0x00007ff60b1b424d (Unity) StackWalker::GetCurrentCallstack
0x00007ff60b1b9329 (Unity) StackWalker::ShowCallstack
0x00007ff60c1adae1 (Unity) GetStacktrace
0x00007ff60b0af20d (Unity) ScriptingGCHandle::ReleaseAndClear
0x00007ff60b67748c (Unity) UploadHandlerRaw::`vector deleting destructor'
0x00007ff60b67803d (Unity) UploadHandler::Release
0x00007ff60b6748dd (Unity) UnityWebRequestProto<UnityWebRequestTransport,AtomicRefCounter,RedirectHelper,ResponseHelper,DownloadHandler,UploadHandler,CertificateHandler,HeaderHelper,AsyncOperation>::~UnityWebRequestProto<UnityWebRequestTransport,AtomicRefCounter,RedirectHelper,ResponseHelper,DownloadHandler,UploadHandler,CertificateHandler,HeaderHelper,AsyncOperation>
0x00007ff60b674bd6 (Unity) UnityWebRequest::`vector deleting destructor'
0x00007ff60a3c4b77 (Unity) UnityWebRequestProto<UnityWebRequestTransport,AtomicRefCounter,RedirectHelper,ResponseHelper,DownloadHandler,UploadHandler,CertificateHandler,HeaderHelper,AsyncOperation>::Release
0x00007ff60b676605 (Unity) UnityWebRequestAsyncOperation::InvokeCoroutine
0x00007ff60b6767e1 (Unity) UnityWebRequestProto<UnityWebRequestTransport,AtomicRefCounter,RedirectHelper,ResponseHelper,DownloadHandler,UploadHandler,CertificateHandler,HeaderHelper,AsyncOperation>::Job_InvokeCoroutine
0x00007ff60acdb54a (Unity) BackgroundJobQueue::ExecuteMainThreadJobs
0x00007ff60ad9005f (Unity) PreloadManager::WaitForAllAsyncOperationsToComplete
0x00007ff60c553af8 (Unity) <lambda_b37b41f03089e3cb3f55061bbc93253d>::operator()
0x00007ff60c58f422 (Unity) asio::detail::completion_handler<core::mutable_function<void __cdecl(void)>,asio::io_context::basic_executor_type<std::allocator<void>,0> >::do_complete
0x00007ff60c57b3ce (Unity) asio::detail::win_iocp_io_context::do_one
0x00007ff60c57d034 (Unity) asio::detail::win_iocp_io_context::run
0x00007ff60c58d7cc (Unity) IOService::Run
0x00007ff60c560c2f (Unity) AssetImportWorkerClient::Run
0x00007ff60c52c3d7 (Unity) RunAssetImportWorkerClientV2
0x00007ff60c52c45b (Unity) RunAssetImporterV2
0x00007ff60bd231de (Unity) Application::InitializeProject
0x00007ff60c1b8795 (Unity) WinMain
0x00007ff60d5835ce (Unity) __scrt_common_main_seh
0x00007ffa8b87e8d7 (KERNEL32) BaseThreadInitThunk
0x00007ffa8c1714fc (ntdll) RtlUserThreadStart
Unloading 3359 Unused Serialized files (Serialized files now loaded: 0)
Unloading 28 unused Assets / (375.6 KB). Loaded Objects now: 3965.
Memory consumption went from 117.4 MB to 117.0 MB.
Total: 4.531800 ms (FindLiveObjects: 0.324100 ms CreateObjectMapping: 0.103700 ms MarkObjects: 3.845200 ms  DeleteObjects: 0.257400 ms)

Prepare: number of updated asset objects reloaded= 0
AssetImportParameters requested are different than current active one (requested -> active):
  custom:container-demuxer-ogg: 62fdf1f143b41e24485cea50d1cbac27 -> 
  custom:video-codec-MediaFoundation-h265: 746d11721c4dcdbdad8f713fa42b33f4 -> 
  custom:video-decoder-ogg-theora: a1e56fd34408186e4bbccfd4996cb3dc -> 
  custom:framework-win-MediaFoundation: 216162199b28c13a410421893ffa2e32 -> 
  custom:CustomObjectIndexerAttribute: 9a22284fe3817be447336de3de66b15e -> 
  custom:container-demuxer-webm: 4f35f7cbe854078d1ac9338744f61a02 -> 
  custom:container-muxer-webm: aa71ff27fc2769a1b78a27578f13a17b -> 
  custom:video-decoder-webm-vp8: 9c59270c3fd7afecdb556c50c9e8de78 -> 
  custom:SearchIndexIgnoredProperties: e643bd26f0fe6173181afceb89e7c659 -> 
  custom:AudioImporter_EditorPlatform: d09bf68614088b80899f8185d706f6e7 -> 
  custom:video-encoder-webm-vp8: eb34c28f22e8b96e1ab97ce403110664 -> 
  custom:audio-decoder-ogg-vorbis: bf7c407c2cedff20999df2af8eb42d56 -> 
  custom:audio-encoder-webm-vorbis: bf7c407c2cedff20999df2af8eb42d56 -> 
  custom:scripting/precompiled-assembly-types:Assembly-CSharp: b8fdb7e526e0f6ec6672fae11c310fc0 -> d0e4d9b8e3191607d5c08abaebdab676
========================================================================
Received Prepare
Caller must complete domain reload
Begin MonoManager ReloadAssembly
Curl error 42: Callback aborted
- Loaded All Assemblies, in  0.469 seconds
Native extension for WindowsStandalone target not found
Native extension for Android target not found
Native extension for WebGL target not found
[Package Manager] Server::EnsureServerProcessIsRunning -- launch failed, reason: Unity was launched with the -noUpm command-line argument
[Package Manager] UpmClient::Send -- Unable to send message (not connected to UPM process).
[Package Manager] Cannot connect to Unity Package Manager local server
Failed to sync packages list
UnityEngine.StackTraceUtility:ExtractStackTrace ()
UnityEngine.DebugLogHandler:LogFormat (UnityEngine.LogType,UnityEngine.Object,string,object[])
UnityEngine.Logger:Log (UnityEngine.LogType,object)
UnityEngine.Debug:LogWarning (object)
 .  / :MoveNext ()
System.Runtime.CompilerServices.AsyncVoidMethodBuilder:Start< .  / > ( .  / &)
 .  :  ()
 .⁪/ :MoveNext ()
System.Runtime.CompilerServices.AsyncTaskMethodBuilder:Start< .⁪/ > ( .⁪/ &)
 .⁪:  ()
System.Reflection.RuntimeMethodInfo:Invoke (object,System.Reflection.BindingFlags,System.Reflection.Binder,object[],System.Globalization.CultureInfo)
System.Reflection.MethodBase:Invoke (object,object[])
UnityEditor.EditorAssemblies:ProcessInitializeOnLoadMethodAttributes ()

Mono: successfully reloaded assembly
- Finished resetting the current domain, in  1.059 seconds
Domain Reload Profiling: 1527ms
	BeginReloadAssembly (162ms)
		ExecutionOrderSort (0ms)
		DisableScriptedObjects (7ms)
		BackupInstance (0ms)
		ReleaseScriptingObjects (0ms)
		CreateAndSetChildDomain (36ms)
	RebuildCommonClasses (36ms)
	RebuildNativeTypeToScriptingClass (10ms)
	initialDomainReloadingComplete (28ms)
	LoadAllAssembliesAndSetupDomain (230ms)
		LoadAssemblies (298ms)
		RebuildTransferFunctionScriptingTraits (0ms)
		AnalyzeDomain (15ms)
			TypeCache.Refresh (6ms)
				TypeCache.ScanAssembly (0ms)
			ScanForSourceGeneratedMonoScriptInfo (0ms)
			ResolveRequiredComponents (7ms)
	FinalizeReload (1059ms)
		ReleaseScriptCaches (0ms)
		RebuildScriptCaches (0ms)
		SetupLoadedEditorAssemblies (560ms)
			LogAssemblyErrors (0ms)
			InitializePlatformSupportModulesInManaged (21ms)
			SetLoadedEditorAssemblies (4ms)
			RefreshPlugins (0ms)
			BeforeProcessingInitializeOnLoad (69ms)
			ProcessInitializeOnLoadAttributes (407ms)
			ProcessInitializeOnLoadMethodAttributes (55ms)
			AfterProcessingInitializeOnLoad (4ms)
			EditorAssembliesLoaded (0ms)
		ExecutionOrderSort2 (0ms)
		AwakeInstancesAfterBackupRestoration (6ms)
Refreshing native plugins compatible for Editor in 3.58 ms, found 6 plugins.
Preloading 0 native plugins for Editor in 0.00 ms.
Release of invalid GC handle. The handle is from a previous domain. The release operation is skipped.
Release of invalid GC handle native callstack: 
0x00007ff60b1b424d (Unity) StackWalker::GetCurrentCallstack
0x00007ff60b1b9329 (Unity) StackWalker::ShowCallstack
0x00007ff60c1adae1 (Unity) GetStacktrace
0x00007ff60b0af20d (Unity) ScriptingGCHandle::ReleaseAndClear
0x00007ff60b67748c (Unity) UploadHandlerRaw::`vector deleting destructor'
0x00007ff60b67803d (Unity) UploadHandler::Release
0x00007ff60b6748dd (Unity) UnityWebRequestProto<UnityWebRequestTransport,AtomicRefCounter,RedirectHelper,ResponseHelper,DownloadHandler,UploadHandler,CertificateHandler,HeaderHelper,AsyncOperation>::~UnityWebRequestProto<UnityWebRequestTransport,AtomicRefCounter,RedirectHelper,ResponseHelper,DownloadHandler,UploadHandler,CertificateHandler,HeaderHelper,AsyncOperation>
0x00007ff60b674bd6 (Unity) UnityWebRequest::`vector deleting destructor'
0x00007ff60a3c4b77 (Unity) UnityWebRequestProto<UnityWebRequestTransport,AtomicRefCounter,RedirectHelper,ResponseHelper,DownloadHandler,UploadHandler,CertificateHandler,HeaderHelper,AsyncOperation>::Release
0x00007ff60b676605 (Unity) UnityWebRequestAsyncOperation::InvokeCoroutine
0x00007ff60b6767e1 (Unity) UnityWebRequestProto<UnityWebRequestTransport,AtomicRefCounter,RedirectHelper,ResponseHelper,DownloadHandler,UploadHandler,CertificateHandler,HeaderHelper,AsyncOperation>::Job_InvokeCoroutine
0x00007ff60acdb54a (Unity) BackgroundJobQueue::ExecuteMainThreadJobs
0x00007ff60ad9005f (Unity) PreloadManager::WaitForAllAsyncOperationsToComplete
0x00007ff60c553af8 (Unity) <lambda_b37b41f03089e3cb3f55061bbc93253d>::operator()
0x00007ff60c58f422 (Unity) asio::detail::completion_handler<core::mutable_function<void __cdecl(void)>,asio::io_context::basic_executor_type<std::allocator<void>,0> >::do_complete
0x00007ff60c57b3ce (Unity) asio::detail::win_iocp_io_context::do_one
0x00007ff60c57d034 (Unity) asio::detail::win_iocp_io_context::run
0x00007ff60c58d7cc (Unity) IOService::Run
0x00007ff60c560c2f (Unity) AssetImportWorkerClient::Run
0x00007ff60c52c3d7 (Unity) RunAssetImportWorkerClientV2
0x00007ff60c52c45b (Unity) RunAssetImporterV2
0x00007ff60bd231de (Unity) Application::InitializeProject
0x00007ff60c1b8795 (Unity) WinMain
0x00007ff60d5835ce (Unity) __scrt_common_main_seh
0x00007ffa8b87e8d7 (KERNEL32) BaseThreadInitThunk
0x00007ffa8c1714fc (ntdll) RtlUserThreadStart
Unloading 3359 Unused Serialized files (Serialized files now loaded: 0)
Unloading 28 unused Assets / (396.8 KB). Loaded Objects now: 3970.
Memory consumption went from 134.8 MB to 134.4 MB.
Total: 5.624700 ms (FindLiveObjects: 0.482100 ms CreateObjectMapping: 0.083600 ms MarkObjects: 4.809600 ms  DeleteObjects: 0.248200 ms)

Prepare: number of updated asset objects reloaded= 0
AssetImportParameters requested are different than current active one (requested -> active):
  custom:container-demuxer-ogg: 62fdf1f143b41e24485cea50d1cbac27 -> 
  custom:video-codec-MediaFoundation-h265: 746d11721c4dcdbdad8f713fa42b33f4 -> 
  custom:video-decoder-ogg-theora: a1e56fd34408186e4bbccfd4996cb3dc -> 
  custom:framework-win-MediaFoundation: 216162199b28c13a410421893ffa2e32 -> 
  custom:CustomObjectIndexerAttribute: 9a22284fe3817be447336de3de66b15e -> 
  custom:container-demuxer-webm: 4f35f7cbe854078d1ac9338744f61a02 -> 
  custom:container-muxer-webm: aa71ff27fc2769a1b78a27578f13a17b -> 
  custom:video-decoder-webm-vp8: 9c59270c3fd7afecdb556c50c9e8de78 -> 
  custom:SearchIndexIgnoredProperties: e643bd26f0fe6173181afceb89e7c659 -> 
  custom:AudioImporter_EditorPlatform: d09bf68614088b80899f8185d706f6e7 -> 
  custom:video-encoder-webm-vp8: eb34c28f22e8b96e1ab97ce403110664 -> 
  custom:audio-decoder-ogg-vorbis: bf7c407c2cedff20999df2af8eb42d56 -> 
  custom:audio-encoder-webm-vorbis: bf7c407c2cedff20999df2af8eb42d56 -> 
  custom:scripting/precompiled-assembly-types:Assembly-CSharp: b8fdb7e526e0f6ec6672fae11c310fc0 -> d0e4d9b8e3191607d5c08abaebdab676
========================================================================
Received Prepare
Caller must complete domain reload
Begin MonoManager ReloadAssembly
- Loaded All Assemblies, in  0.495 seconds
Native extension for WindowsStandalone target not found
Native extension for Android target not found
Native extension for WebGL target not found
[Package Manager] Server::EnsureServerProcessIsRunning -- launch failed, reason: Unity was launched with the -noUpm command-line argument
[Package Manager] UpmClient::Send -- Unable to send message (not connected to UPM process).
[Package Manager] Cannot connect to Unity Package Manager local server
Failed to sync packages list
UnityEngine.StackTraceUtility:ExtractStackTrace ()
UnityEngine.DebugLogHandler:LogFormat (UnityEngine.LogType,UnityEngine.Object,string,object[])
UnityEngine.Logger:Log (UnityEngine.LogType,object)
UnityEngine.Debug:LogWarning (object)
 .  / :MoveNext ()
System.Runtime.CompilerServices.AsyncVoidMethodBuilder:Start< .  / > ( .  / &)
 .  :  ()
 .⁪/ :MoveNext ()
System.Runtime.CompilerServices.AsyncTaskMethodBuilder:Start< .⁪/ > ( .⁪/ &)
 .⁪:  ()
System.Reflection.RuntimeMethodInfo:Invoke (object,System.Reflection.BindingFlags,System.Reflection.Binder,object[],System.Globalization.CultureInfo)
System.Reflection.MethodBase:Invoke (object,object[])
UnityEditor.EditorAssemblies:ProcessInitializeOnLoadMethodAttributes ()

Mono: successfully reloaded assembly
- Finished resetting the current domain, in  1.130 seconds
Domain Reload Profiling: 1623ms
	BeginReloadAssembly (168ms)
		ExecutionOrderSort (0ms)
		DisableScriptedObjects (5ms)
		BackupInstance (0ms)
		ReleaseScriptingObjects (0ms)
		CreateAndSetChildDomain (44ms)
	RebuildCommonClasses (35ms)
	RebuildNativeTypeToScriptingClass (10ms)
	initialDomainReloadingComplete (30ms)
	LoadAllAssembliesAndSetupDomain (250ms)
		LoadAssemblies (304ms)
		RebuildTransferFunctionScriptingTraits (0ms)
		AnalyzeDomain (28ms)
			TypeCache.Refresh (9ms)
				TypeCache.ScanAssembly (0ms)
			ScanForSourceGeneratedMonoScriptInfo (10ms)
			ResolveRequiredComponents (6ms)
	FinalizeReload (1131ms)
		ReleaseScriptCaches (0ms)
		RebuildScriptCaches (0ms)
		SetupLoadedEditorAssemblies (600ms)
			LogAssemblyErrors (0ms)
			InitializePlatformSupportModulesInManaged (24ms)
			SetLoadedEditorAssemblies (5ms)
			RefreshPlugins (0ms)
			BeforeProcessingInitializeOnLoad (72ms)
			ProcessInitializeOnLoadAttributes (440ms)
			ProcessInitializeOnLoadMethodAttributes (55ms)
			AfterProcessingInitializeOnLoad (4ms)
			EditorAssembliesLoaded (0ms)
		ExecutionOrderSort2 (0ms)
		AwakeInstancesAfterBackupRestoration (7ms)
Refreshing native plugins compatible for Editor in 3.88 ms, found 6 plugins.
Preloading 0 native plugins for Editor in 0.00 ms.
Release of invalid GC handle. The handle is from a previous domain. The release operation is skipped.
Release of invalid GC handle native callstack: 
0x00007ff60b1b424d (Unity) StackWalker::GetCurrentCallstack
0x00007ff60b1b9329 (Unity) StackWalker::ShowCallstack
0x00007ff60c1adae1 (Unity) GetStacktrace
0x00007ff60b0af20d (Unity) ScriptingGCHandle::ReleaseAndClear
0x00007ff60b67748c (Unity) UploadHandlerRaw::`vector deleting destructor'
0x00007ff60b67803d (Unity) UploadHandler::Release
0x00007ff60b6748dd (Unity) UnityWebRequestProto<UnityWebRequestTransport,AtomicRefCounter,RedirectHelper,ResponseHelper,DownloadHandler,UploadHandler,CertificateHandler,HeaderHelper,AsyncOperation>::~UnityWebRequestProto<UnityWebRequestTransport,AtomicRefCounter,RedirectHelper,ResponseHelper,DownloadHandler,UploadHandler,CertificateHandler,HeaderHelper,AsyncOperation>
0x00007ff60b674bd6 (Unity) UnityWebRequest::`vector deleting destructor'
0x00007ff60a3c4b77 (Unity) UnityWebRequestProto<UnityWebRequestTransport,AtomicRefCounter,RedirectHelper,ResponseHelper,DownloadHandler,UploadHandler,CertificateHandler,HeaderHelper,AsyncOperation>::Release
0x00007ff60b676605 (Unity) UnityWebRequestAsyncOperation::InvokeCoroutine
0x00007ff60b6767e1 (Unity) UnityWebRequestProto<UnityWebRequestTransport,AtomicRefCounter,RedirectHelper,ResponseHelper,DownloadHandler,UploadHandler,CertificateHandler,HeaderHelper,AsyncOperation>::Job_InvokeCoroutine
0x00007ff60acdb54a (Unity) BackgroundJobQueue::ExecuteMainThreadJobs
0x00007ff60ad9005f (Unity) PreloadManager::WaitForAllAsyncOperationsToComplete
0x00007ff60c553af8 (Unity) <lambda_b37b41f03089e3cb3f55061bbc93253d>::operator()
0x00007ff60c58f422 (Unity) asio::detail::completion_handler<core::mutable_function<void __cdecl(void)>,asio::io_context::basic_executor_type<std::allocator<void>,0> >::do_complete
0x00007ff60c57b3ce (Unity) asio::detail::win_iocp_io_context::do_one
0x00007ff60c57d034 (Unity) asio::detail::win_iocp_io_context::run
0x00007ff60c58d7cc (Unity) IOService::Run
0x00007ff60c560c2f (Unity) AssetImportWorkerClient::Run
0x00007ff60c52c3d7 (Unity) RunAssetImportWorkerClientV2
0x00007ff60c52c45b (Unity) RunAssetImporterV2
0x00007ff60bd231de (Unity) Application::InitializeProject
0x00007ff60c1b8795 (Unity) WinMain
0x00007ff60d5835ce (Unity) __scrt_common_main_seh
0x00007ffa8b87e8d7 (KERNEL32) BaseThreadInitThunk
0x00007ffa8c1714fc (ntdll) RtlUserThreadStart
Unloading 3359 Unused Serialized files (Serialized files now loaded: 0)
Unloading 28 unused Assets / (397.1 KB). Loaded Objects now: 3975.
Memory consumption went from 134.9 MB to 134.5 MB.
Total: 4.077900 ms (FindLiveObjects: 0.217500 ms CreateObjectMapping: 0.099800 ms MarkObjects: 3.515300 ms  DeleteObjects: 0.243900 ms)

Prepare: number of updated asset objects reloaded= 0
AssetImportParameters requested are different than current active one (requested -> active):
  custom:container-demuxer-ogg: 62fdf1f143b41e24485cea50d1cbac27 -> 
  custom:video-codec-MediaFoundation-h265: 746d11721c4dcdbdad8f713fa42b33f4 -> 
  custom:video-decoder-ogg-theora: a1e56fd34408186e4bbccfd4996cb3dc -> 
  custom:framework-win-MediaFoundation: 216162199b28c13a410421893ffa2e32 -> 
  custom:CustomObjectIndexerAttribute: 9a22284fe3817be447336de3de66b15e -> 
  custom:container-demuxer-webm: 4f35f7cbe854078d1ac9338744f61a02 -> 
  custom:container-muxer-webm: aa71ff27fc2769a1b78a27578f13a17b -> 
  custom:video-decoder-webm-vp8: 9c59270c3fd7afecdb556c50c9e8de78 -> 
  custom:SearchIndexIgnoredProperties: e643bd26f0fe6173181afceb89e7c659 -> 
  custom:AudioImporter_EditorPlatform: d09bf68614088b80899f8185d706f6e7 -> 
  custom:video-encoder-webm-vp8: eb34c28f22e8b96e1ab97ce403110664 -> 
  custom:audio-decoder-ogg-vorbis: bf7c407c2cedff20999df2af8eb42d56 -> 
  custom:audio-encoder-webm-vorbis: bf7c407c2cedff20999df2af8eb42d56 -> 
  custom:scripting/precompiled-assembly-types:Assembly-CSharp: b8fdb7e526e0f6ec6672fae11c310fc0 -> d0e4d9b8e3191607d5c08abaebdab676
========================================================================
Received Prepare
Caller must complete domain reload
Begin MonoManager ReloadAssembly
- Loaded All Assemblies, in  0.447 seconds
Native extension for WindowsStandalone target not found
Native extension for Android target not found
Native extension for WebGL target not found
[Package Manager] Server::EnsureServerProcessIsRunning -- launch failed, reason: Unity was launched with the -noUpm command-line argument
[Package Manager] UpmClient::Send -- Unable to send message (not connected to UPM process).
[Package Manager] Cannot connect to Unity Package Manager local server
Failed to sync packages list
UnityEngine.StackTraceUtility:ExtractStackTrace ()
UnityEngine.DebugLogHandler:LogFormat (UnityEngine.LogType,UnityEngine.Object,string,object[])
UnityEngine.Logger:Log (UnityEngine.LogType,object)
UnityEngine.Debug:LogWarning (object)
 .  / :MoveNext ()
System.Runtime.CompilerServices.AsyncVoidMethodBuilder:Start< .  / > ( .  / &)
 .  :  ()
 .⁪/ :MoveNext ()
System.Runtime.CompilerServices.AsyncTaskMethodBuilder:Start< .⁪/ > ( .⁪/ &)
 .⁪:  ()
System.Reflection.RuntimeMethodInfo:Invoke (object,System.Reflection.BindingFlags,System.Reflection.Binder,object[],System.Globalization.CultureInfo)
System.Reflection.MethodBase:Invoke (object,object[])
UnityEditor.EditorAssemblies:ProcessInitializeOnLoadMethodAttributes ()

Mono: successfully reloaded assembly
- Finished resetting the current domain, in  1.000 seconds
Domain Reload Profiling: 1445ms
	BeginReloadAssembly (145ms)
		ExecutionOrderSort (0ms)
		DisableScriptedObjects (6ms)
		BackupInstance (0ms)
		ReleaseScriptingObjects (0ms)
		CreateAndSetChildDomain (30ms)
	RebuildCommonClasses (31ms)
	RebuildNativeTypeToScriptingClass (13ms)
	initialDomainReloadingComplete (34ms)
	LoadAllAssembliesAndSetupDomain (222ms)
		LoadAssemblies (279ms)
		RebuildTransferFunctionScriptingTraits (0ms)
		AnalyzeDomain (17ms)
			TypeCache.Refresh (7ms)
				TypeCache.ScanAssembly (0ms)
			ScanForSourceGeneratedMonoScriptInfo (0ms)
			ResolveRequiredComponents (8ms)
	FinalizeReload (1000ms)
		ReleaseScriptCaches (0ms)
		RebuildScriptCaches (0ms)
		SetupLoadedEditorAssemblies (583ms)
			LogAssemblyErrors (0ms)
			InitializePlatformSupportModulesInManaged (20ms)
			SetLoadedEditorAssemblies (4ms)
			RefreshPlugins (0ms)
			BeforeProcessingInitializeOnLoad (64ms)
			ProcessInitializeOnLoadAttributes (436ms)
			ProcessInitializeOnLoadMethodAttributes (53ms)
			AfterProcessingInitializeOnLoad (6ms)
			EditorAssembliesLoaded (0ms)
		ExecutionOrderSort2 (0ms)
		AwakeInstancesAfterBackupRestoration (7ms)
Refreshing native plugins compatible for Editor in 6.19 ms, found 6 plugins.
Preloading 0 native plugins for Editor in 0.00 ms.
Release of invalid GC handle. The handle is from a previous domain. The release operation is skipped.
Release of invalid GC handle native callstack: 
0x00007ff60b1b424d (Unity) StackWalker::GetCurrentCallstack
0x00007ff60b1b9329 (Unity) StackWalker::ShowCallstack
0x00007ff60c1adae1 (Unity) GetStacktrace
0x00007ff60b0af20d (Unity) ScriptingGCHandle::ReleaseAndClear
0x00007ff60b67748c (Unity) UploadHandlerRaw::`vector deleting destructor'
0x00007ff60b67803d (Unity) UploadHandler::Release
0x00007ff60b6748dd (Unity) UnityWebRequestProto<UnityWebRequestTransport,AtomicRefCounter,RedirectHelper,ResponseHelper,DownloadHandler,UploadHandler,CertificateHandler,HeaderHelper,AsyncOperation>::~UnityWebRequestProto<UnityWebRequestTransport,AtomicRefCounter,RedirectHelper,ResponseHelper,DownloadHandler,UploadHandler,CertificateHandler,HeaderHelper,AsyncOperation>
0x00007ff60b674bd6 (Unity) UnityWebRequest::`vector deleting destructor'
0x00007ff60a3c4b77 (Unity) UnityWebRequestProto<UnityWebRequestTransport,AtomicRefCounter,RedirectHelper,ResponseHelper,DownloadHandler,UploadHandler,CertificateHandler,HeaderHelper,AsyncOperation>::Release
0x00007ff60b676605 (Unity) UnityWebRequestAsyncOperation::InvokeCoroutine
0x00007ff60b6767e1 (Unity) UnityWebRequestProto<UnityWebRequestTransport,AtomicRefCounter,RedirectHelper,ResponseHelper,DownloadHandler,UploadHandler,CertificateHandler,HeaderHelper,AsyncOperation>::Job_InvokeCoroutine
0x00007ff60acdb54a (Unity) BackgroundJobQueue::ExecuteMainThreadJobs
0x00007ff60ad9005f (Unity) PreloadManager::WaitForAllAsyncOperationsToComplete
0x00007ff60c553af8 (Unity) <lambda_b37b41f03089e3cb3f55061bbc93253d>::operator()
0x00007ff60c58f422 (Unity) asio::detail::completion_handler<core::mutable_function<void __cdecl(void)>,asio::io_context::basic_executor_type<std::allocator<void>,0> >::do_complete
0x00007ff60c57b3ce (Unity) asio::detail::win_iocp_io_context::do_one
0x00007ff60c57d034 (Unity) asio::detail::win_iocp_io_context::run
0x00007ff60c58d7cc (Unity) IOService::Run
0x00007ff60c560c2f (Unity) AssetImportWorkerClient::Run
0x00007ff60c52c3d7 (Unity) RunAssetImportWorkerClientV2
0x00007ff60c52c45b (Unity) RunAssetImporterV2
0x00007ff60bd231de (Unity) Application::InitializeProject
0x00007ff60c1b8795 (Unity) WinMain
0x00007ff60d5835ce (Unity) __scrt_common_main_seh
0x00007ffa8b87e8d7 (KERNEL32) BaseThreadInitThunk
0x00007ffa8c1714fc (ntdll) RtlUserThreadStart
Unloading 3359 Unused Serialized files (Serialized files now loaded: 0)
Unloading 28 unused Assets / (396.5 KB). Loaded Objects now: 3980.
Memory consumption went from 135.1 MB to 134.7 MB.
Total: 4.784600 ms (FindLiveObjects: 0.244500 ms CreateObjectMapping: 0.151300 ms MarkObjects: 4.088500 ms  DeleteObjects: 0.298600 ms)

Prepare: number of updated asset objects reloaded= 0
AssetImportParameters requested are different than current active one (requested -> active):
  custom:container-demuxer-ogg: 62fdf1f143b41e24485cea50d1cbac27 -> 
  custom:video-codec-MediaFoundation-h265: 746d11721c4dcdbdad8f713fa42b33f4 -> 
  custom:video-decoder-ogg-theora: a1e56fd34408186e4bbccfd4996cb3dc -> 
  custom:framework-win-MediaFoundation: 216162199b28c13a410421893ffa2e32 -> 
  custom:CustomObjectIndexerAttribute: 9a22284fe3817be447336de3de66b15e -> 
  custom:container-demuxer-webm: 4f35f7cbe854078d1ac9338744f61a02 -> 
  custom:container-muxer-webm: aa71ff27fc2769a1b78a27578f13a17b -> 
  custom:video-decoder-webm-vp8: 9c59270c3fd7afecdb556c50c9e8de78 -> 
  custom:SearchIndexIgnoredProperties: e643bd26f0fe6173181afceb89e7c659 -> 
  custom:AudioImporter_EditorPlatform: d09bf68614088b80899f8185d706f6e7 -> 
  custom:video-encoder-webm-vp8: eb34c28f22e8b96e1ab97ce403110664 -> 
  custom:audio-decoder-ogg-vorbis: bf7c407c2cedff20999df2af8eb42d56 -> 
  custom:audio-encoder-webm-vorbis: bf7c407c2cedff20999df2af8eb42d56 -> 
  custom:scripting/precompiled-assembly-types:Assembly-CSharp: b8fdb7e526e0f6ec6672fae11c310fc0 -> d0e4d9b8e3191607d5c08abaebdab676
========================================================================
Received Prepare
Caller must complete domain reload
Begin MonoManager ReloadAssembly
- Loaded All Assemblies, in  0.520 seconds
Native extension for WindowsStandalone target not found
Native extension for Android target not found
Native extension for WebGL target not found
[Package Manager] Server::EnsureServerProcessIsRunning -- launch failed, reason: Unity was launched with the -noUpm command-line argument
[Package Manager] UpmClient::Send -- Unable to send message (not connected to UPM process).
[Package Manager] Cannot connect to Unity Package Manager local server
Failed to sync packages list
UnityEngine.StackTraceUtility:ExtractStackTrace ()
UnityEngine.DebugLogHandler:LogFormat (UnityEngine.LogType,UnityEngine.Object,string,object[])
UnityEngine.Logger:Log (UnityEngine.LogType,object)
UnityEngine.Debug:LogWarning (object)
 .  / :MoveNext ()
System.Runtime.CompilerServices.AsyncVoidMethodBuilder:Start< .  / > ( .  / &)
 .  :  ()
 .⁪/ :MoveNext ()
System.Runtime.CompilerServices.AsyncTaskMethodBuilder:Start< .⁪/ > ( .⁪/ &)
 .⁪:  ()
System.Reflection.RuntimeMethodInfo:Invoke (object,System.Reflection.BindingFlags,System.Reflection.Binder,object[],System.Globalization.CultureInfo)
System.Reflection.MethodBase:Invoke (object,object[])
UnityEditor.EditorAssemblies:ProcessInitializeOnLoadMethodAttributes ()

Mono: successfully reloaded assembly
- Finished resetting the current domain, in  1.042 seconds
Domain Reload Profiling: 1561ms
	BeginReloadAssembly (193ms)
		ExecutionOrderSort (0ms)
		DisableScriptedObjects (5ms)
		BackupInstance (0ms)
		ReleaseScriptingObjects (0ms)
		CreateAndSetChildDomain (39ms)
	RebuildCommonClasses (42ms)
	RebuildNativeTypeToScriptingClass (10ms)
	initialDomainReloadingComplete (33ms)
	LoadAllAssembliesAndSetupDomain (239ms)
		LoadAssemblies (319ms)
		RebuildTransferFunctionScriptingTraits (0ms)
		AnalyzeDomain (27ms)
			TypeCache.Refresh (12ms)
				TypeCache.ScanAssembly (0ms)
			ScanForSourceGeneratedMonoScriptInfo (7ms)
			ResolveRequiredComponents (6ms)
	FinalizeReload (1043ms)
		ReleaseScriptCaches (0ms)
		RebuildScriptCaches (0ms)
		SetupLoadedEditorAssemblies (611ms)
			LogAssemblyErrors (0ms)
			InitializePlatformSupportModulesInManaged (22ms)
			SetLoadedEditorAssemblies (5ms)
			RefreshPlugins (0ms)
			BeforeProcessingInitializeOnLoad (67ms)
			ProcessInitializeOnLoadAttributes (450ms)
			ProcessInitializeOnLoadMethodAttributes (60ms)
			AfterProcessingInitializeOnLoad (7ms)
			EditorAssembliesLoaded (0ms)
		ExecutionOrderSort2 (0ms)
		AwakeInstancesAfterBackupRestoration (10ms)
Refreshing native plugins compatible for Editor in 5.37 ms, found 6 plugins.
Preloading 0 native plugins for Editor in 0.00 ms.
Release of invalid GC handle. The handle is from a previous domain. The release operation is skipped.
Release of invalid GC handle native callstack: 
0x00007ff60b1b424d (Unity) StackWalker::GetCurrentCallstack
0x00007ff60b1b9329 (Unity) StackWalker::ShowCallstack
0x00007ff60c1adae1 (Unity) GetStacktrace
0x00007ff60b0af20d (Unity) ScriptingGCHandle::ReleaseAndClear
0x00007ff60b67748c (Unity) UploadHandlerRaw::`vector deleting destructor'
0x00007ff60b67803d (Unity) UploadHandler::Release
0x00007ff60b6748dd (Unity) UnityWebRequestProto<UnityWebRequestTransport,AtomicRefCounter,RedirectHelper,ResponseHelper,DownloadHandler,UploadHandler,CertificateHandler,HeaderHelper,AsyncOperation>::~UnityWebRequestProto<UnityWebRequestTransport,AtomicRefCounter,RedirectHelper,ResponseHelper,DownloadHandler,UploadHandler,CertificateHandler,HeaderHelper,AsyncOperation>
0x00007ff60b674bd6 (Unity) UnityWebRequest::`vector deleting destructor'
0x00007ff60a3c4b77 (Unity) UnityWebRequestProto<UnityWebRequestTransport,AtomicRefCounter,RedirectHelper,ResponseHelper,DownloadHandler,UploadHandler,CertificateHandler,HeaderHelper,AsyncOperation>::Release
0x00007ff60b676605 (Unity) UnityWebRequestAsyncOperation::InvokeCoroutine
0x00007ff60b6767e1 (Unity) UnityWebRequestProto<UnityWebRequestTransport,AtomicRefCounter,RedirectHelper,ResponseHelper,DownloadHandler,UploadHandler,CertificateHandler,HeaderHelper,AsyncOperation>::Job_InvokeCoroutine
0x00007ff60acdb54a (Unity) BackgroundJobQueue::ExecuteMainThreadJobs
0x00007ff60ad9005f (Unity) PreloadManager::WaitForAllAsyncOperationsToComplete
0x00007ff60c553af8 (Unity) <lambda_b37b41f03089e3cb3f55061bbc93253d>::operator()
0x00007ff60c58f422 (Unity) asio::detail::completion_handler<core::mutable_function<void __cdecl(void)>,asio::io_context::basic_executor_type<std::allocator<void>,0> >::do_complete
0x00007ff60c57b3ce (Unity) asio::detail::win_iocp_io_context::do_one
0x00007ff60c57d034 (Unity) asio::detail::win_iocp_io_context::run
0x00007ff60c58d7cc (Unity) IOService::Run
0x00007ff60c560c2f (Unity) AssetImportWorkerClient::Run
0x00007ff60c52c3d7 (Unity) RunAssetImportWorkerClientV2
0x00007ff60c52c45b (Unity) RunAssetImporterV2
0x00007ff60bd231de (Unity) Application::InitializeProject
0x00007ff60c1b8795 (Unity) WinMain
0x00007ff60d5835ce (Unity) __scrt_common_main_seh
0x00007ffa8b87e8d7 (KERNEL32) BaseThreadInitThunk
0x00007ffa8c1714fc (ntdll) RtlUserThreadStart
Unloading 3359 Unused Serialized files (Serialized files now loaded: 0)
Unloading 28 unused Assets / (396.9 KB). Loaded Objects now: 3985.
Memory consumption went from 135.2 MB to 134.8 MB.
Total: 3.911800 ms (FindLiveObjects: 0.309100 ms CreateObjectMapping: 0.090200 ms MarkObjects: 3.247100 ms  DeleteObjects: 0.264400 ms)

Prepare: number of updated asset objects reloaded= 0
AssetImportParameters requested are different than current active one (requested -> active):
  custom:container-demuxer-ogg: 62fdf1f143b41e24485cea50d1cbac27 -> 
  custom:video-codec-MediaFoundation-h265: 746d11721c4dcdbdad8f713fa42b33f4 -> 
  custom:video-decoder-ogg-theora: a1e56fd34408186e4bbccfd4996cb3dc -> 
  custom:framework-win-MediaFoundation: 216162199b28c13a410421893ffa2e32 -> 
  custom:CustomObjectIndexerAttribute: 9a22284fe3817be447336de3de66b15e -> 
  custom:container-demuxer-webm: 4f35f7cbe854078d1ac9338744f61a02 -> 
  custom:container-muxer-webm: aa71ff27fc2769a1b78a27578f13a17b -> 
  custom:video-decoder-webm-vp8: 9c59270c3fd7afecdb556c50c9e8de78 -> 
  custom:SearchIndexIgnoredProperties: e643bd26f0fe6173181afceb89e7c659 -> 
  custom:AudioImporter_EditorPlatform: d09bf68614088b80899f8185d706f6e7 -> 
  custom:video-encoder-webm-vp8: eb34c28f22e8b96e1ab97ce403110664 -> 
  custom:audio-decoder-ogg-vorbis: bf7c407c2cedff20999df2af8eb42d56 -> 
  custom:audio-encoder-webm-vorbis: bf7c407c2cedff20999df2af8eb42d56 -> 
  custom:scripting/precompiled-assembly-types:Assembly-CSharp: b8fdb7e526e0f6ec6672fae11c310fc0 -> d0e4d9b8e3191607d5c08abaebdab676
========================================================================
Received Prepare
Caller must complete domain reload
Begin MonoManager ReloadAssembly
- Loaded All Assemblies, in  0.429 seconds
Native extension for WindowsStandalone target not found
Native extension for Android target not found
Native extension for WebGL target not found
[Package Manager] Server::EnsureServerProcessIsRunning -- launch failed, reason: Unity was launched with the -noUpm command-line argument
[Package Manager] UpmClient::Send -- Unable to send message (not connected to UPM process).
[Package Manager] Cannot connect to Unity Package Manager local server
Failed to sync packages list
UnityEngine.StackTraceUtility:ExtractStackTrace ()
UnityEngine.DebugLogHandler:LogFormat (UnityEngine.LogType,UnityEngine.Object,string,object[])
UnityEngine.Logger:Log (UnityEngine.LogType,object)
UnityEngine.Debug:LogWarning (object)
 .  / :MoveNext ()
System.Runtime.CompilerServices.AsyncVoidMethodBuilder:Start< .  / > ( .  / &)
 .  :  ()
 .⁪/ :MoveNext ()
System.Runtime.CompilerServices.AsyncTaskMethodBuilder:Start< .⁪/ > ( .⁪/ &)
 .⁪:  ()
System.Reflection.RuntimeMethodInfo:Invoke (object,System.Reflection.BindingFlags,System.Reflection.Binder,object[],System.Globalization.CultureInfo)
System.Reflection.MethodBase:Invoke (object,object[])
UnityEditor.EditorAssemblies:ProcessInitializeOnLoadMethodAttributes ()

Mono: successfully reloaded assembly
- Finished resetting the current domain, in  1.017 seconds
Domain Reload Profiling: 1445ms
	BeginReloadAssembly (146ms)
		ExecutionOrderSort (0ms)
		DisableScriptedObjects (5ms)
		BackupInstance (0ms)
		ReleaseScriptingObjects (0ms)
		CreateAndSetChildDomain (30ms)
	RebuildCommonClasses (32ms)
	RebuildNativeTypeToScriptingClass (10ms)
	initialDomainReloadingComplete (26ms)
	LoadAllAssembliesAndSetupDomain (213ms)
		LoadAssemblies (278ms)
		RebuildTransferFunctionScriptingTraits (0ms)
		AnalyzeDomain (14ms)
			TypeCache.Refresh (6ms)
				TypeCache.ScanAssembly (0ms)
			ScanForSourceGeneratedMonoScriptInfo (0ms)
			ResolveRequiredComponents (6ms)
	FinalizeReload (1017ms)
		ReleaseScriptCaches (0ms)
		RebuildScriptCaches (0ms)
		SetupLoadedEditorAssemblies (583ms)
			LogAssemblyErrors (0ms)
			InitializePlatformSupportModulesInManaged (22ms)
			SetLoadedEditorAssemblies (5ms)
			RefreshPlugins (0ms)
			BeforeProcessingInitializeOnLoad (66ms)
			ProcessInitializeOnLoadAttributes (428ms)
			ProcessInitializeOnLoadMethodAttributes (57ms)
			AfterProcessingInitializeOnLoad (5ms)
			EditorAssembliesLoaded (0ms)
		ExecutionOrderSort2 (0ms)
		AwakeInstancesAfterBackupRestoration (8ms)
Refreshing native plugins compatible for Editor in 4.98 ms, found 6 plugins.
Preloading 0 native plugins for Editor in 0.00 ms.
Release of invalid GC handle. The handle is from a previous domain. The release operation is skipped.
Release of invalid GC handle native callstack: 
0x00007ff60b1b424d (Unity) StackWalker::GetCurrentCallstack
0x00007ff60b1b9329 (Unity) StackWalker::ShowCallstack
0x00007ff60c1adae1 (Unity) GetStacktrace
0x00007ff60b0af20d (Unity) ScriptingGCHandle::ReleaseAndClear
0x00007ff60b67748c (Unity) UploadHandlerRaw::`vector deleting destructor'
0x00007ff60b67803d (Unity) UploadHandler::Release
0x00007ff60b6748dd (Unity) UnityWebRequestProto<UnityWebRequestTransport,AtomicRefCounter,RedirectHelper,ResponseHelper,DownloadHandler,UploadHandler,CertificateHandler,HeaderHelper,AsyncOperation>::~UnityWebRequestProto<UnityWebRequestTransport,AtomicRefCounter,RedirectHelper,ResponseHelper,DownloadHandler,UploadHandler,CertificateHandler,HeaderHelper,AsyncOperation>
0x00007ff60b674bd6 (Unity) UnityWebRequest::`vector deleting destructor'
0x00007ff60a3c4b77 (Unity) UnityWebRequestProto<UnityWebRequestTransport,AtomicRefCounter,RedirectHelper,ResponseHelper,DownloadHandler,UploadHandler,CertificateHandler,HeaderHelper,AsyncOperation>::Release
0x00007ff60b676605 (Unity) UnityWebRequestAsyncOperation::InvokeCoroutine
0x00007ff60b6767e1 (Unity) UnityWebRequestProto<UnityWebRequestTransport,AtomicRefCounter,RedirectHelper,ResponseHelper,DownloadHandler,UploadHandler,CertificateHandler,HeaderHelper,AsyncOperation>::Job_InvokeCoroutine
0x00007ff60acdb54a (Unity) BackgroundJobQueue::ExecuteMainThreadJobs
0x00007ff60ad9005f (Unity) PreloadManager::WaitForAllAsyncOperationsToComplete
0x00007ff60c553af8 (Unity) <lambda_b37b41f03089e3cb3f55061bbc93253d>::operator()
0x00007ff60c58f422 (Unity) asio::detail::completion_handler<core::mutable_function<void __cdecl(void)>,asio::io_context::basic_executor_type<std::allocator<void>,0> >::do_complete
0x00007ff60c57b3ce (Unity) asio::detail::win_iocp_io_context::do_one
0x00007ff60c57d034 (Unity) asio::detail::win_iocp_io_context::run
0x00007ff60c58d7cc (Unity) IOService::Run
0x00007ff60c560c2f (Unity) AssetImportWorkerClient::Run
0x00007ff60c52c3d7 (Unity) RunAssetImportWorkerClientV2
0x00007ff60c52c45b (Unity) RunAssetImporterV2
0x00007ff60bd231de (Unity) Application::InitializeProject
0x00007ff60c1b8795 (Unity) WinMain
0x00007ff60d5835ce (Unity) __scrt_common_main_seh
0x00007ffa8b87e8d7 (KERNEL32) BaseThreadInitThunk
0x00007ffa8c1714fc (ntdll) RtlUserThreadStart
Unloading 3359 Unused Serialized files (Serialized files now loaded: 0)
Unloading 28 unused Assets / (397.0 KB). Loaded Objects now: 3990.
Memory consumption went from 135.4 MB to 135.0 MB.
Total: 4.682900 ms (FindLiveObjects: 0.554500 ms CreateObjectMapping: 0.181300 ms MarkObjects: 3.621800 ms  DeleteObjects: 0.323700 ms)

Prepare: number of updated asset objects reloaded= 0
AssetImportParameters requested are different than current active one (requested -> active):
  custom:container-demuxer-ogg: 62fdf1f143b41e24485cea50d1cbac27 -> 
  custom:video-codec-MediaFoundation-h265: 746d11721c4dcdbdad8f713fa42b33f4 -> 
  custom:video-decoder-ogg-theora: a1e56fd34408186e4bbccfd4996cb3dc -> 
  custom:framework-win-MediaFoundation: 216162199b28c13a410421893ffa2e32 -> 
  custom:CustomObjectIndexerAttribute: 9a22284fe3817be447336de3de66b15e -> 
  custom:container-demuxer-webm: 4f35f7cbe854078d1ac9338744f61a02 -> 
  custom:container-muxer-webm: aa71ff27fc2769a1b78a27578f13a17b -> 
  custom:video-decoder-webm-vp8: 9c59270c3fd7afecdb556c50c9e8de78 -> 
  custom:SearchIndexIgnoredProperties: e643bd26f0fe6173181afceb89e7c659 -> 
  custom:AudioImporter_EditorPlatform: d09bf68614088b80899f8185d706f6e7 -> 
  custom:video-encoder-webm-vp8: eb34c28f22e8b96e1ab97ce403110664 -> 
  custom:audio-decoder-ogg-vorbis: bf7c407c2cedff20999df2af8eb42d56 -> 
  custom:audio-encoder-webm-vorbis: bf7c407c2cedff20999df2af8eb42d56 -> 
  custom:scripting/precompiled-assembly-types:Assembly-CSharp: b8fdb7e526e0f6ec6672fae11c310fc0 -> d0e4d9b8e3191607d5c08abaebdab676
========================================================================
Received Prepare
Caller must complete domain reload
Begin MonoManager ReloadAssembly
- Loaded All Assemblies, in  0.484 seconds
Native extension for WindowsStandalone target not found
Native extension for Android target not found
Native extension for WebGL target not found
[Package Manager] Server::EnsureServerProcessIsRunning -- launch failed, reason: Unity was launched with the -noUpm command-line argument
[Package Manager] UpmClient::Send -- Unable to send message (not connected to UPM process).
[Package Manager] Cannot connect to Unity Package Manager local server
Failed to sync packages list
UnityEngine.StackTraceUtility:ExtractStackTrace ()
UnityEngine.DebugLogHandler:LogFormat (UnityEngine.LogType,UnityEngine.Object,string,object[])
UnityEngine.Logger:Log (UnityEngine.LogType,object)
UnityEngine.Debug:LogWarning (object)
 .  / :MoveNext ()
System.Runtime.CompilerServices.AsyncVoidMethodBuilder:Start< .  / > ( .  / &)
 .  :  ()
 .⁪/ :MoveNext ()
System.Runtime.CompilerServices.AsyncTaskMethodBuilder:Start< .⁪/ > ( .⁪/ &)
 .⁪:  ()
System.Reflection.RuntimeMethodInfo:Invoke (object,System.Reflection.BindingFlags,System.Reflection.Binder,object[],System.Globalization.CultureInfo)
System.Reflection.MethodBase:Invoke (object,object[])
UnityEditor.EditorAssemblies:ProcessInitializeOnLoadMethodAttributes ()

Mono: successfully reloaded assembly
- Finished resetting the current domain, in  1.012 seconds
Domain Reload Profiling: 1494ms
	BeginReloadAssembly (158ms)
		ExecutionOrderSort (0ms)
		DisableScriptedObjects (6ms)
		BackupInstance (0ms)
		ReleaseScriptingObjects (0ms)
		CreateAndSetChildDomain (32ms)
	RebuildCommonClasses (34ms)
	RebuildNativeTypeToScriptingClass (14ms)
	initialDomainReloadingComplete (31ms)
	LoadAllAssembliesAndSetupDomain (245ms)
		LoadAssemblies (296ms)
		RebuildTransferFunctionScriptingTraits (0ms)
		AnalyzeDomain (29ms)
			TypeCache.Refresh (11ms)
				TypeCache.ScanAssembly (0ms)
			ScanForSourceGeneratedMonoScriptInfo (9ms)
			ResolveRequiredComponents (6ms)
	FinalizeReload (1012ms)
		ReleaseScriptCaches (0ms)
		RebuildScriptCaches (0ms)
		SetupLoadedEditorAssemblies (575ms)
			LogAssemblyErrors (0ms)
			InitializePlatformSupportModulesInManaged (22ms)
			SetLoadedEditorAssemblies (4ms)
			RefreshPlugins (0ms)
			BeforeProcessingInitializeOnLoad (65ms)
			ProcessInitializeOnLoadAttributes (425ms)
			ProcessInitializeOnLoadMethodAttributes (55ms)
			AfterProcessingInitializeOnLoad (4ms)
			EditorAssembliesLoaded (0ms)
		ExecutionOrderSort2 (0ms)
		AwakeInstancesAfterBackupRestoration (7ms)
Refreshing native plugins compatible for Editor in 3.84 ms, found 6 plugins.
Preloading 0 native plugins for Editor in 0.00 ms.
Release of invalid GC handle. The handle is from a previous domain. The release operation is skipped.
Release of invalid GC handle native callstack: 
0x00007ff60b1b424d (Unity) StackWalker::GetCurrentCallstack
0x00007ff60b1b9329 (Unity) StackWalker::ShowCallstack
0x00007ff60c1adae1 (Unity) GetStacktrace
0x00007ff60b0af20d (Unity) ScriptingGCHandle::ReleaseAndClear
0x00007ff60b67748c (Unity) UploadHandlerRaw::`vector deleting destructor'
0x00007ff60b67803d (Unity) UploadHandler::Release
0x00007ff60b6748dd (Unity) UnityWebRequestProto<UnityWebRequestTransport,AtomicRefCounter,RedirectHelper,ResponseHelper,DownloadHandler,UploadHandler,CertificateHandler,HeaderHelper,AsyncOperation>::~UnityWebRequestProto<UnityWebRequestTransport,AtomicRefCounter,RedirectHelper,ResponseHelper,DownloadHandler,UploadHandler,CertificateHandler,HeaderHelper,AsyncOperation>
0x00007ff60b674bd6 (Unity) UnityWebRequest::`vector deleting destructor'
0x00007ff60a3c4b77 (Unity) UnityWebRequestProto<UnityWebRequestTransport,AtomicRefCounter,RedirectHelper,ResponseHelper,DownloadHandler,UploadHandler,CertificateHandler,HeaderHelper,AsyncOperation>::Release
0x00007ff60b676605 (Unity) UnityWebRequestAsyncOperation::InvokeCoroutine
0x00007ff60b6767e1 (Unity) UnityWebRequestProto<UnityWebRequestTransport,AtomicRefCounter,RedirectHelper,ResponseHelper,DownloadHandler,UploadHandler,CertificateHandler,HeaderHelper,AsyncOperation>::Job_InvokeCoroutine
0x00007ff60acdb54a (Unity) BackgroundJobQueue::ExecuteMainThreadJobs
0x00007ff60ad9005f (Unity) PreloadManager::WaitForAllAsyncOperationsToComplete
0x00007ff60c553af8 (Unity) <lambda_b37b41f03089e3cb3f55061bbc93253d>::operator()
0x00007ff60c58f422 (Unity) asio::detail::completion_handler<core::mutable_function<void __cdecl(void)>,asio::io_context::basic_executor_type<std::allocator<void>,0> >::do_complete
0x00007ff60c57b3ce (Unity) asio::detail::win_iocp_io_context::do_one
0x00007ff60c57d034 (Unity) asio::detail::win_iocp_io_context::run
0x00007ff60c58d7cc (Unity) IOService::Run
0x00007ff60c560c2f (Unity) AssetImportWorkerClient::Run
0x00007ff60c52c3d7 (Unity) RunAssetImportWorkerClientV2
0x00007ff60c52c45b (Unity) RunAssetImporterV2
0x00007ff60bd231de (Unity) Application::InitializeProject
0x00007ff60c1b8795 (Unity) WinMain
0x00007ff60d5835ce (Unity) __scrt_common_main_seh
0x00007ffa8b87e8d7 (KERNEL32) BaseThreadInitThunk
0x00007ffa8c1714fc (ntdll) RtlUserThreadStart
Unloading 3359 Unused Serialized files (Serialized files now loaded: 0)
Unloading 28 unused Assets / (396.6 KB). Loaded Objects now: 3995.
Memory consumption went from 135.5 MB to 135.2 MB.
Total: 3.956100 ms (FindLiveObjects: 0.216600 ms CreateObjectMapping: 0.094500 ms MarkObjects: 3.300900 ms  DeleteObjects: 0.342800 ms)

Prepare: number of updated asset objects reloaded= 0
AssetImportParameters requested are different than current active one (requested -> active):
  custom:container-demuxer-ogg: 62fdf1f143b41e24485cea50d1cbac27 -> 
  custom:video-codec-MediaFoundation-h265: 746d11721c4dcdbdad8f713fa42b33f4 -> 
  custom:video-decoder-ogg-theora: a1e56fd34408186e4bbccfd4996cb3dc -> 
  custom:framework-win-MediaFoundation: 216162199b28c13a410421893ffa2e32 -> 
  custom:CustomObjectIndexerAttribute: 9a22284fe3817be447336de3de66b15e -> 
  custom:container-demuxer-webm: 4f35f7cbe854078d1ac9338744f61a02 -> 
  custom:container-muxer-webm: aa71ff27fc2769a1b78a27578f13a17b -> 
  custom:video-decoder-webm-vp8: 9c59270c3fd7afecdb556c50c9e8de78 -> 
  custom:SearchIndexIgnoredProperties: e643bd26f0fe6173181afceb89e7c659 -> 
  custom:AudioImporter_EditorPlatform: d09bf68614088b80899f8185d706f6e7 -> 
  custom:video-encoder-webm-vp8: eb34c28f22e8b96e1ab97ce403110664 -> 
  custom:audio-decoder-ogg-vorbis: bf7c407c2cedff20999df2af8eb42d56 -> 
  custom:audio-encoder-webm-vorbis: bf7c407c2cedff20999df2af8eb42d56 -> 
  custom:scripting/precompiled-assembly-types:Assembly-CSharp: b8fdb7e526e0f6ec6672fae11c310fc0 -> d0e4d9b8e3191607d5c08abaebdab676
========================================================================
Received Prepare
Caller must complete domain reload
Begin MonoManager ReloadAssembly
- Loaded All Assemblies, in  0.464 seconds
Native extension for WindowsStandalone target not found
Native extension for Android target not found
Native extension for WebGL target not found
[Package Manager] Server::EnsureServerProcessIsRunning -- launch failed, reason: Unity was launched with the -noUpm command-line argument
[Package Manager] UpmClient::Send -- Unable to send message (not connected to UPM process).
[Package Manager] Cannot connect to Unity Package Manager local server
Failed to sync packages list
UnityEngine.StackTraceUtility:ExtractStackTrace ()
UnityEngine.DebugLogHandler:LogFormat (UnityEngine.LogType,UnityEngine.Object,string,object[])
UnityEngine.Logger:Log (UnityEngine.LogType,object)
UnityEngine.Debug:LogWarning (object)
 .  / :MoveNext ()
System.Runtime.CompilerServices.AsyncVoidMethodBuilder:Start< .  / > ( .  / &)
 .  :  ()
 .⁪/ :MoveNext ()
System.Runtime.CompilerServices.AsyncTaskMethodBuilder:Start< .⁪/ > ( .⁪/ &)
 .⁪:  ()
System.Reflection.RuntimeMethodInfo:Invoke (object,System.Reflection.BindingFlags,System.Reflection.Binder,object[],System.Globalization.CultureInfo)
System.Reflection.MethodBase:Invoke (object,object[])
UnityEditor.EditorAssemblies:ProcessInitializeOnLoadMethodAttributes ()

Mono: successfully reloaded assembly
- Finished resetting the current domain, in  0.993 seconds
Domain Reload Profiling: 1456ms
	BeginReloadAssembly (171ms)
		ExecutionOrderSort (0ms)
		DisableScriptedObjects (6ms)
		BackupInstance (0ms)
		ReleaseScriptingObjects (0ms)
		CreateAndSetChildDomain (34ms)
	RebuildCommonClasses (33ms)
	RebuildNativeTypeToScriptingClass (10ms)
	initialDomainReloadingComplete (33ms)
	LoadAllAssembliesAndSetupDomain (216ms)
		LoadAssemblies (292ms)
		RebuildTransferFunctionScriptingTraits (0ms)
		AnalyzeDomain (15ms)
			TypeCache.Refresh (6ms)
				TypeCache.ScanAssembly (0ms)
			ScanForSourceGeneratedMonoScriptInfo (0ms)
			ResolveRequiredComponents (7ms)
	FinalizeReload (994ms)
		ReleaseScriptCaches (0ms)
		RebuildScriptCaches (0ms)
		SetupLoadedEditorAssemblies (566ms)
			LogAssemblyErrors (0ms)
			InitializePlatformSupportModulesInManaged (19ms)
			SetLoadedEditorAssemblies (5ms)
			RefreshPlugins (0ms)
			BeforeProcessingInitializeOnLoad (71ms)
			ProcessInitializeOnLoadAttributes (413ms)
			ProcessInitializeOnLoadMethodAttributes (52ms)
			AfterProcessingInitializeOnLoad (5ms)
			EditorAssembliesLoaded (0ms)
		ExecutionOrderSort2 (0ms)
		AwakeInstancesAfterBackupRestoration (9ms)
Refreshing native plugins compatible for Editor in 5.67 ms, found 6 plugins.
Preloading 0 native plugins for Editor in 0.00 ms.
Release of invalid GC handle. The handle is from a previous domain. The release operation is skipped.
Release of invalid GC handle native callstack: 
0x00007ff60b1b424d (Unity) StackWalker::GetCurrentCallstack
0x00007ff60b1b9329 (Unity) StackWalker::ShowCallstack
0x00007ff60c1adae1 (Unity) GetStacktrace
0x00007ff60b0af20d (Unity) ScriptingGCHandle::ReleaseAndClear
0x00007ff60b67748c (Unity) UploadHandlerRaw::`vector deleting destructor'
0x00007ff60b67803d (Unity) UploadHandler::Release
0x00007ff60b6748dd (Unity) UnityWebRequestProto<UnityWebRequestTransport,AtomicRefCounter,RedirectHelper,ResponseHelper,DownloadHandler,UploadHandler,CertificateHandler,HeaderHelper,AsyncOperation>::~UnityWebRequestProto<UnityWebRequestTransport,AtomicRefCounter,RedirectHelper,ResponseHelper,DownloadHandler,UploadHandler,CertificateHandler,HeaderHelper,AsyncOperation>
0x00007ff60b674bd6 (Unity) UnityWebRequest::`vector deleting destructor'
0x00007ff60a3c4b77 (Unity) UnityWebRequestProto<UnityWebRequestTransport,AtomicRefCounter,RedirectHelper,ResponseHelper,DownloadHandler,UploadHandler,CertificateHandler,HeaderHelper,AsyncOperation>::Release
0x00007ff60b676605 (Unity) UnityWebRequestAsyncOperation::InvokeCoroutine
0x00007ff60b6767e1 (Unity) UnityWebRequestProto<UnityWebRequestTransport,AtomicRefCounter,RedirectHelper,ResponseHelper,DownloadHandler,UploadHandler,CertificateHandler,HeaderHelper,AsyncOperation>::Job_InvokeCoroutine
0x00007ff60acdb54a (Unity) BackgroundJobQueue::ExecuteMainThreadJobs
0x00007ff60ad9005f (Unity) PreloadManager::WaitForAllAsyncOperationsToComplete
0x00007ff60c553af8 (Unity) <lambda_b37b41f03089e3cb3f55061bbc93253d>::operator()
0x00007ff60c58f422 (Unity) asio::detail::completion_handler<core::mutable_function<void __cdecl(void)>,asio::io_context::basic_executor_type<std::allocator<void>,0> >::do_complete
0x00007ff60c57b3ce (Unity) asio::detail::win_iocp_io_context::do_one
0x00007ff60c57d034 (Unity) asio::detail::win_iocp_io_context::run
0x00007ff60c58d7cc (Unity) IOService::Run
0x00007ff60c560c2f (Unity) AssetImportWorkerClient::Run
0x00007ff60c52c3d7 (Unity) RunAssetImportWorkerClientV2
0x00007ff60c52c45b (Unity) RunAssetImporterV2
0x00007ff60bd231de (Unity) Application::InitializeProject
0x00007ff60c1b8795 (Unity) WinMain
0x00007ff60d5835ce (Unity) __scrt_common_main_seh
0x00007ffa8b87e8d7 (KERNEL32) BaseThreadInitThunk
0x00007ffa8c1714fc (ntdll) RtlUserThreadStart
Unloading 3359 Unused Serialized files (Serialized files now loaded: 0)
Unloading 28 unused Assets / (398.3 KB). Loaded Objects now: 4000.
Memory consumption went from 135.7 MB to 135.3 MB.
Total: 4.102900 ms (FindLiveObjects: 0.217800 ms CreateObjectMapping: 0.196400 ms MarkObjects: 3.442700 ms  DeleteObjects: 0.244800 ms)

Prepare: number of updated asset objects reloaded= 0
AssetImportParameters requested are different than current active one (requested -> active):
  custom:container-demuxer-ogg: 62fdf1f143b41e24485cea50d1cbac27 -> 
  custom:video-codec-MediaFoundation-h265: 746d11721c4dcdbdad8f713fa42b33f4 -> 
  custom:video-decoder-ogg-theora: a1e56fd34408186e4bbccfd4996cb3dc -> 
  custom:framework-win-MediaFoundation: 216162199b28c13a410421893ffa2e32 -> 
  custom:CustomObjectIndexerAttribute: 9a22284fe3817be447336de3de66b15e -> 
  custom:container-demuxer-webm: 4f35f7cbe854078d1ac9338744f61a02 -> 
  custom:container-muxer-webm: aa71ff27fc2769a1b78a27578f13a17b -> 
  custom:video-decoder-webm-vp8: 9c59270c3fd7afecdb556c50c9e8de78 -> 
  custom:SearchIndexIgnoredProperties: e643bd26f0fe6173181afceb89e7c659 -> 
  custom:AudioImporter_EditorPlatform: d09bf68614088b80899f8185d706f6e7 -> 
  custom:video-encoder-webm-vp8: eb34c28f22e8b96e1ab97ce403110664 -> 
  custom:audio-decoder-ogg-vorbis: bf7c407c2cedff20999df2af8eb42d56 -> 
  custom:audio-encoder-webm-vorbis: bf7c407c2cedff20999df2af8eb42d56 -> 
  custom:scripting/precompiled-assembly-types:Assembly-CSharp: b8fdb7e526e0f6ec6672fae11c310fc0 -> d0e4d9b8e3191607d5c08abaebdab676
========================================================================
Received Prepare
Caller must complete domain reload
Begin MonoManager ReloadAssembly
- Loaded All Assemblies, in  0.440 seconds
Native extension for WindowsStandalone target not found
Native extension for Android target not found
Native extension for WebGL target not found
[Package Manager] Server::EnsureServerProcessIsRunning -- launch failed, reason: Unity was launched with the -noUpm command-line argument
[Package Manager] UpmClient::Send -- Unable to send message (not connected to UPM process).
[Package Manager] Cannot connect to Unity Package Manager local server
Failed to sync packages list
UnityEngine.StackTraceUtility:ExtractStackTrace ()
UnityEngine.DebugLogHandler:LogFormat (UnityEngine.LogType,UnityEngine.Object,string,object[])
UnityEngine.Logger:Log (UnityEngine.LogType,object)
UnityEngine.Debug:LogWarning (object)
 .  / :MoveNext ()
System.Runtime.CompilerServices.AsyncVoidMethodBuilder:Start< .  / > ( .  / &)
 .  :  ()
 .⁪/ :MoveNext ()
System.Runtime.CompilerServices.AsyncTaskMethodBuilder:Start< .⁪/ > ( .⁪/ &)
 .⁪:  ()
System.Reflection.RuntimeMethodInfo:Invoke (object,System.Reflection.BindingFlags,System.Reflection.Binder,object[],System.Globalization.CultureInfo)
System.Reflection.MethodBase:Invoke (object,object[])
UnityEditor.EditorAssemblies:ProcessInitializeOnLoadMethodAttributes ()

Mono: successfully reloaded assembly
- Finished resetting the current domain, in  1.034 seconds
Domain Reload Profiling: 1472ms
	BeginReloadAssembly (147ms)
		ExecutionOrderSort (0ms)
		DisableScriptedObjects (5ms)
		BackupInstance (0ms)
		ReleaseScriptingObjects (0ms)
		CreateAndSetChildDomain (29ms)
	RebuildCommonClasses (34ms)
	RebuildNativeTypeToScriptingClass (10ms)
	initialDomainReloadingComplete (27ms)
	LoadAllAssembliesAndSetupDomain (220ms)
		LoadAssemblies (282ms)
		RebuildTransferFunctionScriptingTraits (0ms)
		AnalyzeDomain (16ms)
			TypeCache.Refresh (6ms)
				TypeCache.ScanAssembly (0ms)
			ScanForSourceGeneratedMonoScriptInfo (0ms)
			ResolveRequiredComponents (7ms)
	FinalizeReload (1034ms)
		ReleaseScriptCaches (0ms)
		RebuildScriptCaches (0ms)
		SetupLoadedEditorAssemblies (594ms)
			LogAssemblyErrors (0ms)
			InitializePlatformSupportModulesInManaged (17ms)
			SetLoadedEditorAssemblies (5ms)
			RefreshPlugins (0ms)
			BeforeProcessingInitializeOnLoad (62ms)
			ProcessInitializeOnLoadAttributes (429ms)
			ProcessInitializeOnLoadMethodAttributes (69ms)
			AfterProcessingInitializeOnLoad (10ms)
			EditorAssembliesLoaded (0ms)
		ExecutionOrderSort2 (0ms)
		AwakeInstancesAfterBackupRestoration (11ms)
Refreshing native plugins compatible for Editor in 4.58 ms, found 6 plugins.
Preloading 0 native plugins for Editor in 0.00 ms.
Release of invalid GC handle. The handle is from a previous domain. The release operation is skipped.
Release of invalid GC handle native callstack: 
0x00007ff60b1b424d (Unity) StackWalker::GetCurrentCallstack
0x00007ff60b1b9329 (Unity) StackWalker::ShowCallstack
0x00007ff60c1adae1 (Unity) GetStacktrace
0x00007ff60b0af20d (Unity) ScriptingGCHandle::ReleaseAndClear
0x00007ff60b67748c (Unity) UploadHandlerRaw::`vector deleting destructor'
0x00007ff60b67803d (Unity) UploadHandler::Release
0x00007ff60b6748dd (Unity) UnityWebRequestProto<UnityWebRequestTransport,AtomicRefCounter,RedirectHelper,ResponseHelper,DownloadHandler,UploadHandler,CertificateHandler,HeaderHelper,AsyncOperation>::~UnityWebRequestProto<UnityWebRequestTransport,AtomicRefCounter,RedirectHelper,ResponseHelper,DownloadHandler,UploadHandler,CertificateHandler,HeaderHelper,AsyncOperation>
0x00007ff60b674bd6 (Unity) UnityWebRequest::`vector deleting destructor'
0x00007ff60a3c4b77 (Unity) UnityWebRequestProto<UnityWebRequestTransport,AtomicRefCounter,RedirectHelper,ResponseHelper,DownloadHandler,UploadHandler,CertificateHandler,HeaderHelper,AsyncOperation>::Release
0x00007ff60b676605 (Unity) UnityWebRequestAsyncOperation::InvokeCoroutine
0x00007ff60b6767e1 (Unity) UnityWebRequestProto<UnityWebRequestTransport,AtomicRefCounter,RedirectHelper,ResponseHelper,DownloadHandler,UploadHandler,CertificateHandler,HeaderHelper,AsyncOperation>::Job_InvokeCoroutine
0x00007ff60acdb54a (Unity) BackgroundJobQueue::ExecuteMainThreadJobs
0x00007ff60ad9005f (Unity) PreloadManager::WaitForAllAsyncOperationsToComplete
0x00007ff60c553af8 (Unity) <lambda_b37b41f03089e3cb3f55061bbc93253d>::operator()
0x00007ff60c58f422 (Unity) asio::detail::completion_handler<core::mutable_function<void __cdecl(void)>,asio::io_context::basic_executor_type<std::allocator<void>,0> >::do_complete
0x00007ff60c57b3ce (Unity) asio::detail::win_iocp_io_context::do_one
0x00007ff60c57d034 (Unity) asio::detail::win_iocp_io_context::run
0x00007ff60c58d7cc (Unity) IOService::Run
0x00007ff60c560c2f (Unity) AssetImportWorkerClient::Run
0x00007ff60c52c3d7 (Unity) RunAssetImportWorkerClientV2
0x00007ff60c52c45b (Unity) RunAssetImporterV2
0x00007ff60bd231de (Unity) Application::InitializeProject
0x00007ff60c1b8795 (Unity) WinMain
0x00007ff60d5835ce (Unity) __scrt_common_main_seh
0x00007ffa8b87e8d7 (KERNEL32) BaseThreadInitThunk
0x00007ffa8c1714fc (ntdll) RtlUserThreadStart
Unloading 3359 Unused Serialized files (Serialized files now loaded: 0)
Unloading 28 unused Assets / (396.8 KB). Loaded Objects now: 4005.
Memory consumption went from 135.8 MB to 135.5 MB.
Total: 4.227000 ms (FindLiveObjects: 0.234800 ms CreateObjectMapping: 0.099900 ms MarkObjects: 3.644500 ms  DeleteObjects: 0.246200 ms)

Prepare: number of updated asset objects reloaded= 0
AssetImportParameters requested are different than current active one (requested -> active):
  custom:container-demuxer-ogg: 62fdf1f143b41e24485cea50d1cbac27 -> 
  custom:video-codec-MediaFoundation-h265: 746d11721c4dcdbdad8f713fa42b33f4 -> 
  custom:video-decoder-ogg-theora: a1e56fd34408186e4bbccfd4996cb3dc -> 
  custom:framework-win-MediaFoundation: 216162199b28c13a410421893ffa2e32 -> 
  custom:CustomObjectIndexerAttribute: 9a22284fe3817be447336de3de66b15e -> 
  custom:container-demuxer-webm: 4f35f7cbe854078d1ac9338744f61a02 -> 
  custom:container-muxer-webm: aa71ff27fc2769a1b78a27578f13a17b -> 
  custom:video-decoder-webm-vp8: 9c59270c3fd7afecdb556c50c9e8de78 -> 
  custom:SearchIndexIgnoredProperties: e643bd26f0fe6173181afceb89e7c659 -> 
  custom:AudioImporter_EditorPlatform: d09bf68614088b80899f8185d706f6e7 -> 
  custom:video-encoder-webm-vp8: eb34c28f22e8b96e1ab97ce403110664 -> 
  custom:audio-decoder-ogg-vorbis: bf7c407c2cedff20999df2af8eb42d56 -> 
  custom:audio-encoder-webm-vorbis: bf7c407c2cedff20999df2af8eb42d56 -> 
  custom:scripting/precompiled-assembly-types:Assembly-CSharp: b8fdb7e526e0f6ec6672fae11c310fc0 -> d0e4d9b8e3191607d5c08abaebdab676
========================================================================
Received Prepare
Caller must complete domain reload
Begin MonoManager ReloadAssembly
- Loaded All Assemblies, in  0.491 seconds
Native extension for WindowsStandalone target not found
Native extension for Android target not found
Native extension for WebGL target not found
[Package Manager] Server::EnsureServerProcessIsRunning -- launch failed, reason: Unity was launched with the -noUpm command-line argument
[Package Manager] UpmClient::Send -- Unable to send message (not connected to UPM process).
[Package Manager] Cannot connect to Unity Package Manager local server
Failed to sync packages list
UnityEngine.StackTraceUtility:ExtractStackTrace ()
UnityEngine.DebugLogHandler:LogFormat (UnityEngine.LogType,UnityEngine.Object,string,object[])
UnityEngine.Logger:Log (UnityEngine.LogType,object)
UnityEngine.Debug:LogWarning (object)
 .  / :MoveNext ()
System.Runtime.CompilerServices.AsyncVoidMethodBuilder:Start< .  / > ( .  / &)
 .  :  ()
 .⁪/ :MoveNext ()
System.Runtime.CompilerServices.AsyncTaskMethodBuilder:Start< .⁪/ > ( .⁪/ &)
 .⁪:  ()
System.Reflection.RuntimeMethodInfo:Invoke (object,System.Reflection.BindingFlags,System.Reflection.Binder,object[],System.Globalization.CultureInfo)
System.Reflection.MethodBase:Invoke (object,object[])
UnityEditor.EditorAssemblies:ProcessInitializeOnLoadMethodAttributes ()

Mono: successfully reloaded assembly
- Finished resetting the current domain, in  0.950 seconds
Domain Reload Profiling: 1438ms
	BeginReloadAssembly (156ms)
		ExecutionOrderSort (0ms)
		DisableScriptedObjects (7ms)
		BackupInstance (0ms)
		ReleaseScriptingObjects (0ms)
		CreateAndSetChildDomain (36ms)
	RebuildCommonClasses (43ms)
	RebuildNativeTypeToScriptingClass (14ms)
	initialDomainReloadingComplete (34ms)
	LoadAllAssembliesAndSetupDomain (240ms)
		LoadAssemblies (289ms)
		RebuildTransferFunctionScriptingTraits (0ms)
		AnalyzeDomain (30ms)
			TypeCache.Refresh (12ms)
				TypeCache.ScanAssembly (1ms)
			ScanForSourceGeneratedMonoScriptInfo (9ms)
			ResolveRequiredComponents (6ms)
	FinalizeReload (950ms)
		ReleaseScriptCaches (0ms)
		RebuildScriptCaches (0ms)
		SetupLoadedEditorAssemblies (534ms)
			LogAssemblyErrors (0ms)
			InitializePlatformSupportModulesInManaged (20ms)
			SetLoadedEditorAssemblies (4ms)
			RefreshPlugins (0ms)
			BeforeProcessingInitializeOnLoad (60ms)
			ProcessInitializeOnLoadAttributes (402ms)
			ProcessInitializeOnLoadMethodAttributes (43ms)
			AfterProcessingInitializeOnLoad (4ms)
			EditorAssembliesLoaded (0ms)
		ExecutionOrderSort2 (0ms)
		AwakeInstancesAfterBackupRestoration (7ms)
Refreshing native plugins compatible for Editor in 3.56 ms, found 6 plugins.
Preloading 0 native plugins for Editor in 0.00 ms.
Release of invalid GC handle. The handle is from a previous domain. The release operation is skipped.
Release of invalid GC handle native callstack: 
0x00007ff60b1b424d (Unity) StackWalker::GetCurrentCallstack
0x00007ff60b1b9329 (Unity) StackWalker::ShowCallstack
0x00007ff60c1adae1 (Unity) GetStacktrace
0x00007ff60b0af20d (Unity) ScriptingGCHandle::ReleaseAndClear
0x00007ff60b67748c (Unity) UploadHandlerRaw::`vector deleting destructor'
0x00007ff60b67803d (Unity) UploadHandler::Release
0x00007ff60b6748dd (Unity) UnityWebRequestProto<UnityWebRequestTransport,AtomicRefCounter,RedirectHelper,ResponseHelper,DownloadHandler,UploadHandler,CertificateHandler,HeaderHelper,AsyncOperation>::~UnityWebRequestProto<UnityWebRequestTransport,AtomicRefCounter,RedirectHelper,ResponseHelper,DownloadHandler,UploadHandler,CertificateHandler,HeaderHelper,AsyncOperation>
0x00007ff60b674bd6 (Unity) UnityWebRequest::`vector deleting destructor'
0x00007ff60a3c4b77 (Unity) UnityWebRequestProto<UnityWebRequestTransport,AtomicRefCounter,RedirectHelper,ResponseHelper,DownloadHandler,UploadHandler,CertificateHandler,HeaderHelper,AsyncOperation>::Release
0x00007ff60b676605 (Unity) UnityWebRequestAsyncOperation::InvokeCoroutine
0x00007ff60b6767e1 (Unity) UnityWebRequestProto<UnityWebRequestTransport,AtomicRefCounter,RedirectHelper,ResponseHelper,DownloadHandler,UploadHandler,CertificateHandler,HeaderHelper,AsyncOperation>::Job_InvokeCoroutine
0x00007ff60acdb54a (Unity) BackgroundJobQueue::ExecuteMainThreadJobs
0x00007ff60ad9005f (Unity) PreloadManager::WaitForAllAsyncOperationsToComplete
0x00007ff60c553af8 (Unity) <lambda_b37b41f03089e3cb3f55061bbc93253d>::operator()
0x00007ff60c58f422 (Unity) asio::detail::completion_handler<core::mutable_function<void __cdecl(void)>,asio::io_context::basic_executor_type<std::allocator<void>,0> >::do_complete
0x00007ff60c57b3ce (Unity) asio::detail::win_iocp_io_context::do_one
0x00007ff60c57d034 (Unity) asio::detail::win_iocp_io_context::run
0x00007ff60c58d7cc (Unity) IOService::Run
0x00007ff60c560c2f (Unity) AssetImportWorkerClient::Run
0x00007ff60c52c3d7 (Unity) RunAssetImportWorkerClientV2
0x00007ff60c52c45b (Unity) RunAssetImporterV2
0x00007ff60bd231de (Unity) Application::InitializeProject
0x00007ff60c1b8795 (Unity) WinMain
0x00007ff60d5835ce (Unity) __scrt_common_main_seh
0x00007ffa8b87e8d7 (KERNEL32) BaseThreadInitThunk
0x00007ffa8c1714fc (ntdll) RtlUserThreadStart
Unloading 3359 Unused Serialized files (Serialized files now loaded: 0)
Unloading 28 unused Assets / (396.8 KB). Loaded Objects now: 4010.
Memory consumption went from 136.0 MB to 135.6 MB.
Total: 5.537100 ms (FindLiveObjects: 0.221600 ms CreateObjectMapping: 0.094100 ms MarkObjects: 4.699100 ms  DeleteObjects: 0.521200 ms)

Prepare: number of updated asset objects reloaded= 0
AssetImportParameters requested are different than current active one (requested -> active):
  custom:container-demuxer-ogg: 62fdf1f143b41e24485cea50d1cbac27 -> 
  custom:video-codec-MediaFoundation-h265: 746d11721c4dcdbdad8f713fa42b33f4 -> 
  custom:video-decoder-ogg-theora: a1e56fd34408186e4bbccfd4996cb3dc -> 
  custom:framework-win-MediaFoundation: 216162199b28c13a410421893ffa2e32 -> 
  custom:CustomObjectIndexerAttribute: 9a22284fe3817be447336de3de66b15e -> 
  custom:container-demuxer-webm: 4f35f7cbe854078d1ac9338744f61a02 -> 
  custom:container-muxer-webm: aa71ff27fc2769a1b78a27578f13a17b -> 
  custom:video-decoder-webm-vp8: 9c59270c3fd7afecdb556c50c9e8de78 -> 
  custom:SearchIndexIgnoredProperties: e643bd26f0fe6173181afceb89e7c659 -> 
  custom:AudioImporter_EditorPlatform: d09bf68614088b80899f8185d706f6e7 -> 
  custom:video-encoder-webm-vp8: eb34c28f22e8b96e1ab97ce403110664 -> 
  custom:audio-decoder-ogg-vorbis: bf7c407c2cedff20999df2af8eb42d56 -> 
  custom:audio-encoder-webm-vorbis: bf7c407c2cedff20999df2af8eb42d56 -> 
  custom:scripting/precompiled-assembly-types:Assembly-CSharp: b8fdb7e526e0f6ec6672fae11c310fc0 -> d0e4d9b8e3191607d5c08abaebdab676
========================================================================
Received Prepare
Caller must complete domain reload
Begin MonoManager ReloadAssembly
- Loaded All Assemblies, in  0.433 seconds
Native extension for WindowsStandalone target not found
Native extension for Android target not found
Native extension for WebGL target not found
[Package Manager] Server::EnsureServerProcessIsRunning -- launch failed, reason: Unity was launched with the -noUpm command-line argument
[Package Manager] UpmClient::Send -- Unable to send message (not connected to UPM process).
[Package Manager] Cannot connect to Unity Package Manager local server
Failed to sync packages list
UnityEngine.StackTraceUtility:ExtractStackTrace ()
UnityEngine.DebugLogHandler:LogFormat (UnityEngine.LogType,UnityEngine.Object,string,object[])
UnityEngine.Logger:Log (UnityEngine.LogType,object)
UnityEngine.Debug:LogWarning (object)
 .  / :MoveNext ()
System.Runtime.CompilerServices.AsyncVoidMethodBuilder:Start< .  / > ( .  / &)
 .  :  ()
 .⁪/ :MoveNext ()
System.Runtime.CompilerServices.AsyncTaskMethodBuilder:Start< .⁪/ > ( .⁪/ &)
 .⁪:  ()
System.Reflection.RuntimeMethodInfo:Invoke (object,System.Reflection.BindingFlags,System.Reflection.Binder,object[],System.Globalization.CultureInfo)
System.Reflection.MethodBase:Invoke (object,object[])
UnityEditor.EditorAssemblies:ProcessInitializeOnLoadMethodAttributes ()

Mono: successfully reloaded assembly
- Finished resetting the current domain, in  1.007 seconds
Domain Reload Profiling: 1438ms
	BeginReloadAssembly (147ms)
		ExecutionOrderSort (0ms)
		DisableScriptedObjects (5ms)
		BackupInstance (0ms)
		ReleaseScriptingObjects (0ms)
		CreateAndSetChildDomain (30ms)
	RebuildCommonClasses (37ms)
	RebuildNativeTypeToScriptingClass (10ms)
	initialDomainReloadingComplete (27ms)
	LoadAllAssembliesAndSetupDomain (210ms)
		LoadAssemblies (270ms)
		RebuildTransferFunctionScriptingTraits (0ms)
		AnalyzeDomain (17ms)
			TypeCache.Refresh (8ms)
				TypeCache.ScanAssembly (0ms)
			ScanForSourceGeneratedMonoScriptInfo (0ms)
			ResolveRequiredComponents (6ms)
	FinalizeReload (1007ms)
		ReleaseScriptCaches (0ms)
		RebuildScriptCaches (0ms)
		SetupLoadedEditorAssemblies (555ms)
			LogAssemblyErrors (0ms)
			InitializePlatformSupportModulesInManaged (20ms)
			SetLoadedEditorAssemblies (4ms)
			RefreshPlugins (0ms)
			BeforeProcessingInitializeOnLoad (66ms)
			ProcessInitializeOnLoadAttributes (406ms)
			ProcessInitializeOnLoadMethodAttributes (54ms)
			AfterProcessingInitializeOnLoad (4ms)
			EditorAssembliesLoaded (0ms)
		ExecutionOrderSort2 (0ms)
		AwakeInstancesAfterBackupRestoration (7ms)
Refreshing native plugins compatible for Editor in 6.50 ms, found 6 plugins.
Preloading 0 native plugins for Editor in 0.00 ms.
Release of invalid GC handle. The handle is from a previous domain. The release operation is skipped.
Release of invalid GC handle native callstack: 
0x00007ff60b1b424d (Unity) StackWalker::GetCurrentCallstack
0x00007ff60b1b9329 (Unity) StackWalker::ShowCallstack
0x00007ff60c1adae1 (Unity) GetStacktrace
0x00007ff60b0af20d (Unity) ScriptingGCHandle::ReleaseAndClear
0x00007ff60b67748c (Unity) UploadHandlerRaw::`vector deleting destructor'
0x00007ff60b67803d (Unity) UploadHandler::Release
0x00007ff60b6748dd (Unity) UnityWebRequestProto<UnityWebRequestTransport,AtomicRefCounter,RedirectHelper,ResponseHelper,DownloadHandler,UploadHandler,CertificateHandler,HeaderHelper,AsyncOperation>::~UnityWebRequestProto<UnityWebRequestTransport,AtomicRefCounter,RedirectHelper,ResponseHelper,DownloadHandler,UploadHandler,CertificateHandler,HeaderHelper,AsyncOperation>
0x00007ff60b674bd6 (Unity) UnityWebRequest::`vector deleting destructor'
0x00007ff60a3c4b77 (Unity) UnityWebRequestProto<UnityWebRequestTransport,AtomicRefCounter,RedirectHelper,ResponseHelper,DownloadHandler,UploadHandler,CertificateHandler,HeaderHelper,AsyncOperation>::Release
0x00007ff60b676605 (Unity) UnityWebRequestAsyncOperation::InvokeCoroutine
0x00007ff60b6767e1 (Unity) UnityWebRequestProto<UnityWebRequestTransport,AtomicRefCounter,RedirectHelper,ResponseHelper,DownloadHandler,UploadHandler,CertificateHandler,HeaderHelper,AsyncOperation>::Job_InvokeCoroutine
0x00007ff60acdb54a (Unity) BackgroundJobQueue::ExecuteMainThreadJobs
0x00007ff60ad9005f (Unity) PreloadManager::WaitForAllAsyncOperationsToComplete
0x00007ff60c553af8 (Unity) <lambda_b37b41f03089e3cb3f55061bbc93253d>::operator()
0x00007ff60c58f422 (Unity) asio::detail::completion_handler<core::mutable_function<void __cdecl(void)>,asio::io_context::basic_executor_type<std::allocator<void>,0> >::do_complete
0x00007ff60c57b3ce (Unity) asio::detail::win_iocp_io_context::do_one
0x00007ff60c57d034 (Unity) asio::detail::win_iocp_io_context::run
0x00007ff60c58d7cc (Unity) IOService::Run
0x00007ff60c560c2f (Unity) AssetImportWorkerClient::Run
0x00007ff60c52c3d7 (Unity) RunAssetImportWorkerClientV2
0x00007ff60c52c45b (Unity) RunAssetImporterV2
0x00007ff60bd231de (Unity) Application::InitializeProject
0x00007ff60c1b8795 (Unity) WinMain
0x00007ff60d5835ce (Unity) __scrt_common_main_seh
0x00007ffa8b87e8d7 (KERNEL32) BaseThreadInitThunk
0x00007ffa8c1714fc (ntdll) RtlUserThreadStart
Unloading 3359 Unused Serialized files (Serialized files now loaded: 0)
Unloading 28 unused Assets / (396.8 KB). Loaded Objects now: 4015.
Memory consumption went from 136.2 MB to 135.8 MB.
Total: 3.976800 ms (FindLiveObjects: 0.214200 ms CreateObjectMapping: 0.099000 ms MarkObjects: 3.414200 ms  DeleteObjects: 0.248000 ms)

Prepare: number of updated asset objects reloaded= 0
AssetImportParameters requested are different than current active one (requested -> active):
  custom:container-demuxer-ogg: 62fdf1f143b41e24485cea50d1cbac27 -> 
  custom:video-codec-MediaFoundation-h265: 746d11721c4dcdbdad8f713fa42b33f4 -> 
  custom:video-decoder-ogg-theora: a1e56fd34408186e4bbccfd4996cb3dc -> 
  custom:framework-win-MediaFoundation: 216162199b28c13a410421893ffa2e32 -> 
  custom:CustomObjectIndexerAttribute: 9a22284fe3817be447336de3de66b15e -> 
  custom:container-demuxer-webm: 4f35f7cbe854078d1ac9338744f61a02 -> 
  custom:container-muxer-webm: aa71ff27fc2769a1b78a27578f13a17b -> 
  custom:video-decoder-webm-vp8: 9c59270c3fd7afecdb556c50c9e8de78 -> 
  custom:SearchIndexIgnoredProperties: e643bd26f0fe6173181afceb89e7c659 -> 
  custom:AudioImporter_EditorPlatform: d09bf68614088b80899f8185d706f6e7 -> 
  custom:video-encoder-webm-vp8: eb34c28f22e8b96e1ab97ce403110664 -> 
  custom:audio-decoder-ogg-vorbis: bf7c407c2cedff20999df2af8eb42d56 -> 
  custom:audio-encoder-webm-vorbis: bf7c407c2cedff20999df2af8eb42d56 -> 
  custom:scripting/precompiled-assembly-types:Assembly-CSharp: b8fdb7e526e0f6ec6672fae11c310fc0 -> d0e4d9b8e3191607d5c08abaebdab676
========================================================================
Received Prepare
Caller must complete domain reload
Begin MonoManager ReloadAssembly
- Loaded All Assemblies, in  0.449 seconds
Native extension for WindowsStandalone target not found
Native extension for Android target not found
Native extension for WebGL target not found
[Package Manager] Server::EnsureServerProcessIsRunning -- launch failed, reason: Unity was launched with the -noUpm command-line argument
[Package Manager] UpmClient::Send -- Unable to send message (not connected to UPM process).
[Package Manager] Cannot connect to Unity Package Manager local server
Failed to sync packages list
UnityEngine.StackTraceUtility:ExtractStackTrace ()
UnityEngine.DebugLogHandler:LogFormat (UnityEngine.LogType,UnityEngine.Object,string,object[])
UnityEngine.Logger:Log (UnityEngine.LogType,object)
UnityEngine.Debug:LogWarning (object)
 .  / :MoveNext ()
System.Runtime.CompilerServices.AsyncVoidMethodBuilder:Start< .  / > ( .  / &)
 .  :  ()
 .⁪/ :MoveNext ()
System.Runtime.CompilerServices.AsyncTaskMethodBuilder:Start< .⁪/ > ( .⁪/ &)
 .⁪:  ()
System.Reflection.RuntimeMethodInfo:Invoke (object,System.Reflection.BindingFlags,System.Reflection.Binder,object[],System.Globalization.CultureInfo)
System.Reflection.MethodBase:Invoke (object,object[])
UnityEditor.EditorAssemblies:ProcessInitializeOnLoadMethodAttributes ()

Mono: successfully reloaded assembly
- Finished resetting the current domain, in  1.066 seconds
Domain Reload Profiling: 1514ms
	BeginReloadAssembly (156ms)
		ExecutionOrderSort (0ms)
		DisableScriptedObjects (5ms)
		BackupInstance (0ms)
		ReleaseScriptingObjects (0ms)
		CreateAndSetChildDomain (32ms)
	RebuildCommonClasses (31ms)
	RebuildNativeTypeToScriptingClass (10ms)
	initialDomainReloadingComplete (28ms)
	LoadAllAssembliesAndSetupDomain (222ms)
		LoadAssemblies (291ms)
		RebuildTransferFunctionScriptingTraits (0ms)
		AnalyzeDomain (16ms)
			TypeCache.Refresh (6ms)
				TypeCache.ScanAssembly (0ms)
			ScanForSourceGeneratedMonoScriptInfo (0ms)
			ResolveRequiredComponents (7ms)
	FinalizeReload (1067ms)
		ReleaseScriptCaches (0ms)
		RebuildScriptCaches (0ms)
		SetupLoadedEditorAssemblies (625ms)
			LogAssemblyErrors (0ms)
			InitializePlatformSupportModulesInManaged (20ms)
			SetLoadedEditorAssemblies (4ms)
			RefreshPlugins (0ms)
			BeforeProcessingInitializeOnLoad (66ms)
			ProcessInitializeOnLoadAttributes (467ms)
			ProcessInitializeOnLoadMethodAttributes (61ms)
			AfterProcessingInitializeOnLoad (6ms)
			EditorAssembliesLoaded (0ms)
		ExecutionOrderSort2 (0ms)
		AwakeInstancesAfterBackupRestoration (7ms)
Refreshing native plugins compatible for Editor in 5.14 ms, found 6 plugins.
Preloading 0 native plugins for Editor in 0.00 ms.
Release of invalid GC handle. The handle is from a previous domain. The release operation is skipped.
Release of invalid GC handle native callstack: 
0x00007ff60b1b424d (Unity) StackWalker::GetCurrentCallstack
0x00007ff60b1b9329 (Unity) StackWalker::ShowCallstack
0x00007ff60c1adae1 (Unity) GetStacktrace
0x00007ff60b0af20d (Unity) ScriptingGCHandle::ReleaseAndClear
0x00007ff60b67748c (Unity) UploadHandlerRaw::`vector deleting destructor'
0x00007ff60b67803d (Unity) UploadHandler::Release
0x00007ff60b6748dd (Unity) UnityWebRequestProto<UnityWebRequestTransport,AtomicRefCounter,RedirectHelper,ResponseHelper,DownloadHandler,UploadHandler,CertificateHandler,HeaderHelper,AsyncOperation>::~UnityWebRequestProto<UnityWebRequestTransport,AtomicRefCounter,RedirectHelper,ResponseHelper,DownloadHandler,UploadHandler,CertificateHandler,HeaderHelper,AsyncOperation>
0x00007ff60b674bd6 (Unity) UnityWebRequest::`vector deleting destructor'
0x00007ff60a3c4b77 (Unity) UnityWebRequestProto<UnityWebRequestTransport,AtomicRefCounter,RedirectHelper,ResponseHelper,DownloadHandler,UploadHandler,CertificateHandler,HeaderHelper,AsyncOperation>::Release
0x00007ff60b676605 (Unity) UnityWebRequestAsyncOperation::InvokeCoroutine
0x00007ff60b6767e1 (Unity) UnityWebRequestProto<UnityWebRequestTransport,AtomicRefCounter,RedirectHelper,ResponseHelper,DownloadHandler,UploadHandler,CertificateHandler,HeaderHelper,AsyncOperation>::Job_InvokeCoroutine
0x00007ff60acdb54a (Unity) BackgroundJobQueue::ExecuteMainThreadJobs
0x00007ff60ad9005f (Unity) PreloadManager::WaitForAllAsyncOperationsToComplete
0x00007ff60c553af8 (Unity) <lambda_b37b41f03089e3cb3f55061bbc93253d>::operator()
0x00007ff60c58f422 (Unity) asio::detail::completion_handler<core::mutable_function<void __cdecl(void)>,asio::io_context::basic_executor_type<std::allocator<void>,0> >::do_complete
0x00007ff60c57b3ce (Unity) asio::detail::win_iocp_io_context::do_one
0x00007ff60c57d034 (Unity) asio::detail::win_iocp_io_context::run
0x00007ff60c58d7cc (Unity) IOService::Run
0x00007ff60c560c2f (Unity) AssetImportWorkerClient::Run
0x00007ff60c52c3d7 (Unity) RunAssetImportWorkerClientV2
0x00007ff60c52c45b (Unity) RunAssetImporterV2
0x00007ff60bd231de (Unity) Application::InitializeProject
0x00007ff60c1b8795 (Unity) WinMain
0x00007ff60d5835ce (Unity) __scrt_common_main_seh
0x00007ffa8b87e8d7 (KERNEL32) BaseThreadInitThunk
0x00007ffa8c1714fc (ntdll) RtlUserThreadStart
Unloading 3359 Unused Serialized files (Serialized files now loaded: 0)
Unloading 28 unused Assets / (396.8 KB). Loaded Objects now: 4020.
Memory consumption went from 136.3 MB to 135.9 MB.
Total: 4.992700 ms (FindLiveObjects: 0.290400 ms CreateObjectMapping: 0.110300 ms MarkObjects: 4.325700 ms  DeleteObjects: 0.265200 ms)

Prepare: number of updated asset objects reloaded= 0
AssetImportParameters requested are different than current active one (requested -> active):
  custom:container-demuxer-ogg: 62fdf1f143b41e24485cea50d1cbac27 -> 
  custom:video-codec-MediaFoundation-h265: 746d11721c4dcdbdad8f713fa42b33f4 -> 
  custom:video-decoder-ogg-theora: a1e56fd34408186e4bbccfd4996cb3dc -> 
  custom:framework-win-MediaFoundation: 216162199b28c13a410421893ffa2e32 -> 
  custom:CustomObjectIndexerAttribute: 9a22284fe3817be447336de3de66b15e -> 
  custom:container-demuxer-webm: 4f35f7cbe854078d1ac9338744f61a02 -> 
  custom:container-muxer-webm: aa71ff27fc2769a1b78a27578f13a17b -> 
  custom:video-decoder-webm-vp8: 9c59270c3fd7afecdb556c50c9e8de78 -> 
  custom:SearchIndexIgnoredProperties: e643bd26f0fe6173181afceb89e7c659 -> 
  custom:AudioImporter_EditorPlatform: d09bf68614088b80899f8185d706f6e7 -> 
  custom:video-encoder-webm-vp8: eb34c28f22e8b96e1ab97ce403110664 -> 
  custom:audio-decoder-ogg-vorbis: bf7c407c2cedff20999df2af8eb42d56 -> 
  custom:audio-encoder-webm-vorbis: bf7c407c2cedff20999df2af8eb42d56 -> 
  custom:scripting/precompiled-assembly-types:Assembly-CSharp: b8fdb7e526e0f6ec6672fae11c310fc0 -> d0e4d9b8e3191607d5c08abaebdab676
========================================================================
Received Prepare
Caller must complete domain reload
Begin MonoManager ReloadAssembly
- Loaded All Assemblies, in  0.452 seconds
Native extension for WindowsStandalone target not found
Native extension for Android target not found
Native extension for WebGL target not found
[Package Manager] Server::EnsureServerProcessIsRunning -- launch failed, reason: Unity was launched with the -noUpm command-line argument
[Package Manager] UpmClient::Send -- Unable to send message (not connected to UPM process).
[Package Manager] Cannot connect to Unity Package Manager local server
Failed to sync packages list
UnityEngine.StackTraceUtility:ExtractStackTrace ()
UnityEngine.DebugLogHandler:LogFormat (UnityEngine.LogType,UnityEngine.Object,string,object[])
UnityEngine.Logger:Log (UnityEngine.LogType,object)
UnityEngine.Debug:LogWarning (object)
 .  / :MoveNext ()
System.Runtime.CompilerServices.AsyncVoidMethodBuilder:Start< .  / > ( .  / &)
 .  :  ()
 .⁪/ :MoveNext ()
System.Runtime.CompilerServices.AsyncTaskMethodBuilder:Start< .⁪/ > ( .⁪/ &)
 .⁪:  ()
System.Reflection.RuntimeMethodInfo:Invoke (object,System.Reflection.BindingFlags,System.Reflection.Binder,object[],System.Globalization.CultureInfo)
System.Reflection.MethodBase:Invoke (object,object[])
UnityEditor.EditorAssemblies:ProcessInitializeOnLoadMethodAttributes ()

Mono: successfully reloaded assembly
- Finished resetting the current domain, in  0.987 seconds
Domain Reload Profiling: 1437ms
	BeginReloadAssembly (150ms)
		ExecutionOrderSort (0ms)
		DisableScriptedObjects (5ms)
		BackupInstance (0ms)
		ReleaseScriptingObjects (0ms)
		CreateAndSetChildDomain (32ms)
	RebuildCommonClasses (33ms)
	RebuildNativeTypeToScriptingClass (11ms)
	initialDomainReloadingComplete (28ms)
	LoadAllAssembliesAndSetupDomain (227ms)
		LoadAssemblies (283ms)
		RebuildTransferFunctionScriptingTraits (0ms)
		AnalyzeDomain (23ms)
			TypeCache.Refresh (9ms)
				TypeCache.ScanAssembly (1ms)
			ScanForSourceGeneratedMonoScriptInfo (7ms)
			ResolveRequiredComponents (6ms)
	FinalizeReload (987ms)
		ReleaseScriptCaches (0ms)
		RebuildScriptCaches (0ms)
		SetupLoadedEditorAssemblies (569ms)
			LogAssemblyErrors (0ms)
			InitializePlatformSupportModulesInManaged (19ms)
			SetLoadedEditorAssemblies (7ms)
			RefreshPlugins (0ms)
			BeforeProcessingInitializeOnLoad (60ms)
			ProcessInitializeOnLoadAttributes (428ms)
			ProcessInitializeOnLoadMethodAttributes (48ms)
			AfterProcessingInitializeOnLoad (7ms)
			EditorAssembliesLoaded (0ms)
		ExecutionOrderSort2 (0ms)
		AwakeInstancesAfterBackupRestoration (7ms)
Refreshing native plugins compatible for Editor in 4.21 ms, found 6 plugins.
Preloading 0 native plugins for Editor in 0.00 ms.
Release of invalid GC handle. The handle is from a previous domain. The release operation is skipped.
Release of invalid GC handle native callstack: 
0x00007ff60b1b424d (Unity) StackWalker::GetCurrentCallstack
0x00007ff60b1b9329 (Unity) StackWalker::ShowCallstack
0x00007ff60c1adae1 (Unity) GetStacktrace
0x00007ff60b0af20d (Unity) ScriptingGCHandle::ReleaseAndClear
0x00007ff60b67748c (Unity) UploadHandlerRaw::`vector deleting destructor'
0x00007ff60b67803d (Unity) UploadHandler::Release
0x00007ff60b6748dd (Unity) UnityWebRequestProto<UnityWebRequestTransport,AtomicRefCounter,RedirectHelper,ResponseHelper,DownloadHandler,UploadHandler,CertificateHandler,HeaderHelper,AsyncOperation>::~UnityWebRequestProto<UnityWebRequestTransport,AtomicRefCounter,RedirectHelper,ResponseHelper,DownloadHandler,UploadHandler,CertificateHandler,HeaderHelper,AsyncOperation>
0x00007ff60b674bd6 (Unity) UnityWebRequest::`vector deleting destructor'
0x00007ff60a3c4b77 (Unity) UnityWebRequestProto<UnityWebRequestTransport,AtomicRefCounter,RedirectHelper,ResponseHelper,DownloadHandler,UploadHandler,CertificateHandler,HeaderHelper,AsyncOperation>::Release
0x00007ff60b676605 (Unity) UnityWebRequestAsyncOperation::InvokeCoroutine
0x00007ff60b6767e1 (Unity) UnityWebRequestProto<UnityWebRequestTransport,AtomicRefCounter,RedirectHelper,ResponseHelper,DownloadHandler,UploadHandler,CertificateHandler,HeaderHelper,AsyncOperation>::Job_InvokeCoroutine
0x00007ff60acdb54a (Unity) BackgroundJobQueue::ExecuteMainThreadJobs
0x00007ff60ad9005f (Unity) PreloadManager::WaitForAllAsyncOperationsToComplete
0x00007ff60c553af8 (Unity) <lambda_b37b41f03089e3cb3f55061bbc93253d>::operator()
0x00007ff60c58f422 (Unity) asio::detail::completion_handler<core::mutable_function<void __cdecl(void)>,asio::io_context::basic_executor_type<std::allocator<void>,0> >::do_complete
0x00007ff60c57b3ce (Unity) asio::detail::win_iocp_io_context::do_one
0x00007ff60c57d034 (Unity) asio::detail::win_iocp_io_context::run
0x00007ff60c58d7cc (Unity) IOService::Run
0x00007ff60c560c2f (Unity) AssetImportWorkerClient::Run
0x00007ff60c52c3d7 (Unity) RunAssetImportWorkerClientV2
0x00007ff60c52c45b (Unity) RunAssetImporterV2
0x00007ff60bd231de (Unity) Application::InitializeProject
0x00007ff60c1b8795 (Unity) WinMain
0x00007ff60d5835ce (Unity) __scrt_common_main_seh
0x00007ffa8b87e8d7 (KERNEL32) BaseThreadInitThunk
0x00007ffa8c1714fc (ntdll) RtlUserThreadStart
Unloading 3359 Unused Serialized files (Serialized files now loaded: 0)
Unloading 28 unused Assets / (396.9 KB). Loaded Objects now: 4025.
Memory consumption went from 136.5 MB to 136.1 MB.
Total: 4.100900 ms (FindLiveObjects: 0.266800 ms CreateObjectMapping: 0.117900 ms MarkObjects: 3.473700 ms  DeleteObjects: 0.240900 ms)

Prepare: number of updated asset objects reloaded= 0
AssetImportParameters requested are different than current active one (requested -> active):
  custom:container-demuxer-ogg: 62fdf1f143b41e24485cea50d1cbac27 -> 
  custom:video-codec-MediaFoundation-h265: 746d11721c4dcdbdad8f713fa42b33f4 -> 
  custom:video-decoder-ogg-theora: a1e56fd34408186e4bbccfd4996cb3dc -> 
  custom:framework-win-MediaFoundation: 216162199b28c13a410421893ffa2e32 -> 
  custom:CustomObjectIndexerAttribute: 9a22284fe3817be447336de3de66b15e -> 
  custom:container-demuxer-webm: 4f35f7cbe854078d1ac9338744f61a02 -> 
  custom:container-muxer-webm: aa71ff27fc2769a1b78a27578f13a17b -> 
  custom:video-decoder-webm-vp8: 9c59270c3fd7afecdb556c50c9e8de78 -> 
  custom:SearchIndexIgnoredProperties: e643bd26f0fe6173181afceb89e7c659 -> 
  custom:AudioImporter_EditorPlatform: d09bf68614088b80899f8185d706f6e7 -> 
  custom:video-encoder-webm-vp8: eb34c28f22e8b96e1ab97ce403110664 -> 
  custom:audio-decoder-ogg-vorbis: bf7c407c2cedff20999df2af8eb42d56 -> 
  custom:audio-encoder-webm-vorbis: bf7c407c2cedff20999df2af8eb42d56 -> 
  custom:scripting/precompiled-assembly-types:Assembly-CSharp: b8fdb7e526e0f6ec6672fae11c310fc0 -> d0e4d9b8e3191607d5c08abaebdab676
========================================================================
Received Prepare
Caller must complete domain reload
Begin MonoManager ReloadAssembly
- Loaded All Assemblies, in  0.482 seconds
Native extension for WindowsStandalone target not found
Native extension for Android target not found
Native extension for WebGL target not found
[Package Manager] Server::EnsureServerProcessIsRunning -- launch failed, reason: Unity was launched with the -noUpm command-line argument
[Package Manager] UpmClient::Send -- Unable to send message (not connected to UPM process).
[Package Manager] Cannot connect to Unity Package Manager local server
Failed to sync packages list
UnityEngine.StackTraceUtility:ExtractStackTrace ()
UnityEngine.DebugLogHandler:LogFormat (UnityEngine.LogType,UnityEngine.Object,string,object[])
UnityEngine.Logger:Log (UnityEngine.LogType,object)
UnityEngine.Debug:LogWarning (object)
 .  / :MoveNext ()
System.Runtime.CompilerServices.AsyncVoidMethodBuilder:Start< .  / > ( .  / &)
 .  :  ()
 .⁪/ :MoveNext ()
System.Runtime.CompilerServices.AsyncTaskMethodBuilder:Start< .⁪/ > ( .⁪/ &)
 .⁪:  ()
System.Reflection.RuntimeMethodInfo:Invoke (object,System.Reflection.BindingFlags,System.Reflection.Binder,object[],System.Globalization.CultureInfo)
System.Reflection.MethodBase:Invoke (object,object[])
UnityEditor.EditorAssemblies:ProcessInitializeOnLoadMethodAttributes ()

Mono: successfully reloaded assembly
- Finished resetting the current domain, in  1.019 seconds
Domain Reload Profiling: 1499ms
	BeginReloadAssembly (173ms)
		ExecutionOrderSort (0ms)
		DisableScriptedObjects (6ms)
		BackupInstance (0ms)
		ReleaseScriptingObjects (0ms)
		CreateAndSetChildDomain (35ms)
	RebuildCommonClasses (31ms)
	RebuildNativeTypeToScriptingClass (10ms)
	initialDomainReloadingComplete (26ms)
	LoadAllAssembliesAndSetupDomain (240ms)
		LoadAssemblies (322ms)
		RebuildTransferFunctionScriptingTraits (0ms)
		AnalyzeDomain (16ms)
			TypeCache.Refresh (6ms)
				TypeCache.ScanAssembly (0ms)
			ScanForSourceGeneratedMonoScriptInfo (0ms)
			ResolveRequiredComponents (8ms)
	FinalizeReload (1019ms)
		ReleaseScriptCaches (0ms)
		RebuildScriptCaches (0ms)
		SetupLoadedEditorAssemblies (580ms)
			LogAssemblyErrors (0ms)
			InitializePlatformSupportModulesInManaged (22ms)
			SetLoadedEditorAssemblies (4ms)
			RefreshPlugins (0ms)
			BeforeProcessingInitializeOnLoad (65ms)
			ProcessInitializeOnLoadAttributes (429ms)
			ProcessInitializeOnLoadMethodAttributes (55ms)
			AfterProcessingInitializeOnLoad (5ms)
			EditorAssembliesLoaded (0ms)
		ExecutionOrderSort2 (0ms)
		AwakeInstancesAfterBackupRestoration (7ms)
Refreshing native plugins compatible for Editor in 3.40 ms, found 6 plugins.
Preloading 0 native plugins for Editor in 0.00 ms.
Release of invalid GC handle. The handle is from a previous domain. The release operation is skipped.
Release of invalid GC handle native callstack: 
0x00007ff60b1b424d (Unity) StackWalker::GetCurrentCallstack
0x00007ff60b1b9329 (Unity) StackWalker::ShowCallstack
0x00007ff60c1adae1 (Unity) GetStacktrace
0x00007ff60b0af20d (Unity) ScriptingGCHandle::ReleaseAndClear
0x00007ff60b67748c (Unity) UploadHandlerRaw::`vector deleting destructor'
0x00007ff60b67803d (Unity) UploadHandler::Release
0x00007ff60b6748dd (Unity) UnityWebRequestProto<UnityWebRequestTransport,AtomicRefCounter,RedirectHelper,ResponseHelper,DownloadHandler,UploadHandler,CertificateHandler,HeaderHelper,AsyncOperation>::~UnityWebRequestProto<UnityWebRequestTransport,AtomicRefCounter,RedirectHelper,ResponseHelper,DownloadHandler,UploadHandler,CertificateHandler,HeaderHelper,AsyncOperation>
0x00007ff60b674bd6 (Unity) UnityWebRequest::`vector deleting destructor'
0x00007ff60a3c4b77 (Unity) UnityWebRequestProto<UnityWebRequestTransport,AtomicRefCounter,RedirectHelper,ResponseHelper,DownloadHandler,UploadHandler,CertificateHandler,HeaderHelper,AsyncOperation>::Release
0x00007ff60b676605 (Unity) UnityWebRequestAsyncOperation::InvokeCoroutine
0x00007ff60b6767e1 (Unity) UnityWebRequestProto<UnityWebRequestTransport,AtomicRefCounter,RedirectHelper,ResponseHelper,DownloadHandler,UploadHandler,CertificateHandler,HeaderHelper,AsyncOperation>::Job_InvokeCoroutine
0x00007ff60acdb54a (Unity) BackgroundJobQueue::ExecuteMainThreadJobs
0x00007ff60ad9005f (Unity) PreloadManager::WaitForAllAsyncOperationsToComplete
0x00007ff60c553af8 (Unity) <lambda_b37b41f03089e3cb3f55061bbc93253d>::operator()
0x00007ff60c58f422 (Unity) asio::detail::completion_handler<core::mutable_function<void __cdecl(void)>,asio::io_context::basic_executor_type<std::allocator<void>,0> >::do_complete
0x00007ff60c57b3ce (Unity) asio::detail::win_iocp_io_context::do_one
0x00007ff60c57d034 (Unity) asio::detail::win_iocp_io_context::run
0x00007ff60c58d7cc (Unity) IOService::Run
0x00007ff60c560c2f (Unity) AssetImportWorkerClient::Run
0x00007ff60c52c3d7 (Unity) RunAssetImportWorkerClientV2
0x00007ff60c52c45b (Unity) RunAssetImporterV2
0x00007ff60bd231de (Unity) Application::InitializeProject
0x00007ff60c1b8795 (Unity) WinMain
0x00007ff60d5835ce (Unity) __scrt_common_main_seh
0x00007ffa8b87e8d7 (KERNEL32) BaseThreadInitThunk
0x00007ffa8c1714fc (ntdll) RtlUserThreadStart
Unloading 3359 Unused Serialized files (Serialized files now loaded: 0)
Unloading 28 unused Assets / (396.9 KB). Loaded Objects now: 4030.
Memory consumption went from 136.6 MB to 136.2 MB.
Total: 3.801200 ms (FindLiveObjects: 0.215800 ms CreateObjectMapping: 0.097000 ms MarkObjects: 3.246400 ms  DeleteObjects: 0.240900 ms)

Prepare: number of updated asset objects reloaded= 0
AssetImportParameters requested are different than current active one (requested -> active):
  custom:container-demuxer-ogg: 62fdf1f143b41e24485cea50d1cbac27 -> 
  custom:video-codec-MediaFoundation-h265: 746d11721c4dcdbdad8f713fa42b33f4 -> 
  custom:video-decoder-ogg-theora: a1e56fd34408186e4bbccfd4996cb3dc -> 
  custom:framework-win-MediaFoundation: 216162199b28c13a410421893ffa2e32 -> 
  custom:CustomObjectIndexerAttribute: 9a22284fe3817be447336de3de66b15e -> 
  custom:container-demuxer-webm: 4f35f7cbe854078d1ac9338744f61a02 -> 
  custom:container-muxer-webm: aa71ff27fc2769a1b78a27578f13a17b -> 
  custom:video-decoder-webm-vp8: 9c59270c3fd7afecdb556c50c9e8de78 -> 
  custom:SearchIndexIgnoredProperties: e643bd26f0fe6173181afceb89e7c659 -> 
  custom:AudioImporter_EditorPlatform: d09bf68614088b80899f8185d706f6e7 -> 
  custom:video-encoder-webm-vp8: eb34c28f22e8b96e1ab97ce403110664 -> 
  custom:audio-decoder-ogg-vorbis: bf7c407c2cedff20999df2af8eb42d56 -> 
  custom:audio-encoder-webm-vorbis: bf7c407c2cedff20999df2af8eb42d56 -> 
  custom:scripting/precompiled-assembly-types:Assembly-CSharp: b8fdb7e526e0f6ec6672fae11c310fc0 -> d0e4d9b8e3191607d5c08abaebdab676
========================================================================
Received Prepare
Caller must complete domain reload
Begin MonoManager ReloadAssembly
- Loaded All Assemblies, in  0.434 seconds
Native extension for WindowsStandalone target not found
Native extension for Android target not found
Native extension for WebGL target not found
[Package Manager] Server::EnsureServerProcessIsRunning -- launch failed, reason: Unity was launched with the -noUpm command-line argument
[Package Manager] UpmClient::Send -- Unable to send message (not connected to UPM process).
[Package Manager] Cannot connect to Unity Package Manager local server
Failed to sync packages list
UnityEngine.StackTraceUtility:ExtractStackTrace ()
UnityEngine.DebugLogHandler:LogFormat (UnityEngine.LogType,UnityEngine.Object,string,object[])
UnityEngine.Logger:Log (UnityEngine.LogType,object)
UnityEngine.Debug:LogWarning (object)
 .  / :MoveNext ()
System.Runtime.CompilerServices.AsyncVoidMethodBuilder:Start< .  / > ( .  / &)
 .  :  ()
 .⁪/ :MoveNext ()
System.Runtime.CompilerServices.AsyncTaskMethodBuilder:Start< .⁪/ > ( .⁪/ &)
 .⁪:  ()
System.Reflection.RuntimeMethodInfo:Invoke (object,System.Reflection.BindingFlags,System.Reflection.Binder,object[],System.Globalization.CultureInfo)
System.Reflection.MethodBase:Invoke (object,object[])
UnityEditor.EditorAssemblies:ProcessInitializeOnLoadMethodAttributes ()

Mono: successfully reloaded assembly
- Finished resetting the current domain, in  0.991 seconds
Domain Reload Profiling: 1424ms
	BeginReloadAssembly (148ms)
		ExecutionOrderSort (0ms)
		DisableScriptedObjects (5ms)
		BackupInstance (0ms)
		ReleaseScriptingObjects (0ms)
		CreateAndSetChildDomain (31ms)
	RebuildCommonClasses (30ms)
	RebuildNativeTypeToScriptingClass (10ms)
	initialDomainReloadingComplete (25ms)
	LoadAllAssembliesAndSetupDomain (219ms)
		LoadAssemblies (282ms)
		RebuildTransferFunctionScriptingTraits (0ms)
		AnalyzeDomain (15ms)
			TypeCache.Refresh (6ms)
				TypeCache.ScanAssembly (0ms)
			ScanForSourceGeneratedMonoScriptInfo (0ms)
			ResolveRequiredComponents (6ms)
	FinalizeReload (992ms)
		ReleaseScriptCaches (0ms)
		RebuildScriptCaches (0ms)
		SetupLoadedEditorAssemblies (550ms)
			LogAssemblyErrors (0ms)
			InitializePlatformSupportModulesInManaged (19ms)
			SetLoadedEditorAssemblies (3ms)
			RefreshPlugins (0ms)
			BeforeProcessingInitializeOnLoad (62ms)
			ProcessInitializeOnLoadAttributes (405ms)
			ProcessInitializeOnLoadMethodAttributes (55ms)
			AfterProcessingInitializeOnLoad (5ms)
			EditorAssembliesLoaded (0ms)
		ExecutionOrderSort2 (0ms)
		AwakeInstancesAfterBackupRestoration (8ms)
Refreshing native plugins compatible for Editor in 5.01 ms, found 6 plugins.
Preloading 0 native plugins for Editor in 0.00 ms.
Release of invalid GC handle. The handle is from a previous domain. The release operation is skipped.
Release of invalid GC handle native callstack: 
0x00007ff60b1b424d (Unity) StackWalker::GetCurrentCallstack
0x00007ff60b1b9329 (Unity) StackWalker::ShowCallstack
0x00007ff60c1adae1 (Unity) GetStacktrace
0x00007ff60b0af20d (Unity) ScriptingGCHandle::ReleaseAndClear
0x00007ff60b67748c (Unity) UploadHandlerRaw::`vector deleting destructor'
0x00007ff60b67803d (Unity) UploadHandler::Release
0x00007ff60b6748dd (Unity) UnityWebRequestProto<UnityWebRequestTransport,AtomicRefCounter,RedirectHelper,ResponseHelper,DownloadHandler,UploadHandler,CertificateHandler,HeaderHelper,AsyncOperation>::~UnityWebRequestProto<UnityWebRequestTransport,AtomicRefCounter,RedirectHelper,ResponseHelper,DownloadHandler,UploadHandler,CertificateHandler,HeaderHelper,AsyncOperation>
0x00007ff60b674bd6 (Unity) UnityWebRequest::`vector deleting destructor'
0x00007ff60a3c4b77 (Unity) UnityWebRequestProto<UnityWebRequestTransport,AtomicRefCounter,RedirectHelper,ResponseHelper,DownloadHandler,UploadHandler,CertificateHandler,HeaderHelper,AsyncOperation>::Release
0x00007ff60b676605 (Unity) UnityWebRequestAsyncOperation::InvokeCoroutine
0x00007ff60b6767e1 (Unity) UnityWebRequestProto<UnityWebRequestTransport,AtomicRefCounter,RedirectHelper,ResponseHelper,DownloadHandler,UploadHandler,CertificateHandler,HeaderHelper,AsyncOperation>::Job_InvokeCoroutine
0x00007ff60acdb54a (Unity) BackgroundJobQueue::ExecuteMainThreadJobs
0x00007ff60ad9005f (Unity) PreloadManager::WaitForAllAsyncOperationsToComplete
0x00007ff60c553af8 (Unity) <lambda_b37b41f03089e3cb3f55061bbc93253d>::operator()
0x00007ff60c58f422 (Unity) asio::detail::completion_handler<core::mutable_function<void __cdecl(void)>,asio::io_context::basic_executor_type<std::allocator<void>,0> >::do_complete
0x00007ff60c57b3ce (Unity) asio::detail::win_iocp_io_context::do_one
0x00007ff60c57d034 (Unity) asio::detail::win_iocp_io_context::run
0x00007ff60c58d7cc (Unity) IOService::Run
0x00007ff60c560c2f (Unity) AssetImportWorkerClient::Run
0x00007ff60c52c3d7 (Unity) RunAssetImportWorkerClientV2
0x00007ff60c52c45b (Unity) RunAssetImporterV2
0x00007ff60bd231de (Unity) Application::InitializeProject
0x00007ff60c1b8795 (Unity) WinMain
0x00007ff60d5835ce (Unity) __scrt_common_main_seh
0x00007ffa8b87e8d7 (KERNEL32) BaseThreadInitThunk
0x00007ffa8c1714fc (ntdll) RtlUserThreadStart
Unloading 3359 Unused Serialized files (Serialized files now loaded: 0)
Unloading 28 unused Assets / (396.9 KB). Loaded Objects now: 4035.
Memory consumption went from 136.8 MB to 136.4 MB.
Total: 4.969900 ms (FindLiveObjects: 0.273400 ms CreateObjectMapping: 0.098700 ms MarkObjects: 4.284400 ms  DeleteObjects: 0.312200 ms)

Prepare: number of updated asset objects reloaded= 0
AssetImportParameters requested are different than current active one (requested -> active):
  custom:container-demuxer-ogg: 62fdf1f143b41e24485cea50d1cbac27 -> 
  custom:video-codec-MediaFoundation-h265: 746d11721c4dcdbdad8f713fa42b33f4 -> 
  custom:video-decoder-ogg-theora: a1e56fd34408186e4bbccfd4996cb3dc -> 
  custom:framework-win-MediaFoundation: 216162199b28c13a410421893ffa2e32 -> 
  custom:CustomObjectIndexerAttribute: 9a22284fe3817be447336de3de66b15e -> 
  custom:container-demuxer-webm: 4f35f7cbe854078d1ac9338744f61a02 -> 
  custom:container-muxer-webm: aa71ff27fc2769a1b78a27578f13a17b -> 
  custom:video-decoder-webm-vp8: 9c59270c3fd7afecdb556c50c9e8de78 -> 
  custom:SearchIndexIgnoredProperties: e643bd26f0fe6173181afceb89e7c659 -> 
  custom:AudioImporter_EditorPlatform: d09bf68614088b80899f8185d706f6e7 -> 
  custom:video-encoder-webm-vp8: eb34c28f22e8b96e1ab97ce403110664 -> 
  custom:audio-decoder-ogg-vorbis: bf7c407c2cedff20999df2af8eb42d56 -> 
  custom:audio-encoder-webm-vorbis: bf7c407c2cedff20999df2af8eb42d56 -> 
  custom:scripting/precompiled-assembly-types:Assembly-CSharp: b8fdb7e526e0f6ec6672fae11c310fc0 -> d0e4d9b8e3191607d5c08abaebdab676
========================================================================
Received Prepare
Caller must complete domain reload
Begin MonoManager ReloadAssembly
- Loaded All Assemblies, in  0.510 seconds
Native extension for WindowsStandalone target not found
Native extension for Android target not found
Native extension for WebGL target not found
[Package Manager] Server::EnsureServerProcessIsRunning -- launch failed, reason: Unity was launched with the -noUpm command-line argument
[Package Manager] UpmClient::Send -- Unable to send message (not connected to UPM process).
[Package Manager] Cannot connect to Unity Package Manager local server
Failed to sync packages list
UnityEngine.StackTraceUtility:ExtractStackTrace ()
UnityEngine.DebugLogHandler:LogFormat (UnityEngine.LogType,UnityEngine.Object,string,object[])
UnityEngine.Logger:Log (UnityEngine.LogType,object)
UnityEngine.Debug:LogWarning (object)
 .  / :MoveNext ()
System.Runtime.CompilerServices.AsyncVoidMethodBuilder:Start< .  / > ( .  / &)
 .  :  ()
 .⁪/ :MoveNext ()
System.Runtime.CompilerServices.AsyncTaskMethodBuilder:Start< .⁪/ > ( .⁪/ &)
 .⁪:  ()
System.Reflection.RuntimeMethodInfo:Invoke (object,System.Reflection.BindingFlags,System.Reflection.Binder,object[],System.Globalization.CultureInfo)
System.Reflection.MethodBase:Invoke (object,object[])
UnityEditor.EditorAssemblies:ProcessInitializeOnLoadMethodAttributes ()

Mono: successfully reloaded assembly
- Finished resetting the current domain, in  0.993 seconds
Domain Reload Profiling: 1502ms
	BeginReloadAssembly (183ms)
		ExecutionOrderSort (0ms)
		DisableScriptedObjects (5ms)
		BackupInstance (0ms)
		ReleaseScriptingObjects (0ms)
		CreateAndSetChildDomain (46ms)
	RebuildCommonClasses (43ms)
	RebuildNativeTypeToScriptingClass (13ms)
	initialDomainReloadingComplete (28ms)
	LoadAllAssembliesAndSetupDomain (240ms)
		LoadAssemblies (311ms)
		RebuildTransferFunctionScriptingTraits (0ms)
		AnalyzeDomain (25ms)
			TypeCache.Refresh (10ms)
				TypeCache.ScanAssembly (1ms)
			ScanForSourceGeneratedMonoScriptInfo (7ms)
			ResolveRequiredComponents (6ms)
	FinalizeReload (994ms)
		ReleaseScriptCaches (0ms)
		RebuildScriptCaches (0ms)
		SetupLoadedEditorAssemblies (567ms)
			LogAssemblyErrors (0ms)
			InitializePlatformSupportModulesInManaged (19ms)
			SetLoadedEditorAssemblies (4ms)
			RefreshPlugins (0ms)
			BeforeProcessingInitializeOnLoad (69ms)
			ProcessInitializeOnLoadAttributes (422ms)
			ProcessInitializeOnLoadMethodAttributes (49ms)
			AfterProcessingInitializeOnLoad (4ms)
			EditorAssembliesLoaded (0ms)
		ExecutionOrderSort2 (0ms)
		AwakeInstancesAfterBackupRestoration (6ms)
Refreshing native plugins compatible for Editor in 3.80 ms, found 6 plugins.
Preloading 0 native plugins for Editor in 0.00 ms.
Release of invalid GC handle. The handle is from a previous domain. The release operation is skipped.
Release of invalid GC handle native callstack: 
0x00007ff60b1b424d (Unity) StackWalker::GetCurrentCallstack
0x00007ff60b1b9329 (Unity) StackWalker::ShowCallstack
0x00007ff60c1adae1 (Unity) GetStacktrace
0x00007ff60b0af20d (Unity) ScriptingGCHandle::ReleaseAndClear
0x00007ff60b67748c (Unity) UploadHandlerRaw::`vector deleting destructor'
0x00007ff60b67803d (Unity) UploadHandler::Release
0x00007ff60b6748dd (Unity) UnityWebRequestProto<UnityWebRequestTransport,AtomicRefCounter,RedirectHelper,ResponseHelper,DownloadHandler,UploadHandler,CertificateHandler,HeaderHelper,AsyncOperation>::~UnityWebRequestProto<UnityWebRequestTransport,AtomicRefCounter,RedirectHelper,ResponseHelper,DownloadHandler,UploadHandler,CertificateHandler,HeaderHelper,AsyncOperation>
0x00007ff60b674bd6 (Unity) UnityWebRequest::`vector deleting destructor'
0x00007ff60a3c4b77 (Unity) UnityWebRequestProto<UnityWebRequestTransport,AtomicRefCounter,RedirectHelper,ResponseHelper,DownloadHandler,UploadHandler,CertificateHandler,HeaderHelper,AsyncOperation>::Release
0x00007ff60b676605 (Unity) UnityWebRequestAsyncOperation::InvokeCoroutine
0x00007ff60b6767e1 (Unity) UnityWebRequestProto<UnityWebRequestTransport,AtomicRefCounter,RedirectHelper,ResponseHelper,DownloadHandler,UploadHandler,CertificateHandler,HeaderHelper,AsyncOperation>::Job_InvokeCoroutine
0x00007ff60acdb54a (Unity) BackgroundJobQueue::ExecuteMainThreadJobs
0x00007ff60ad9005f (Unity) PreloadManager::WaitForAllAsyncOperationsToComplete
0x00007ff60c553af8 (Unity) <lambda_b37b41f03089e3cb3f55061bbc93253d>::operator()
0x00007ff60c58f422 (Unity) asio::detail::completion_handler<core::mutable_function<void __cdecl(void)>,asio::io_context::basic_executor_type<std::allocator<void>,0> >::do_complete
0x00007ff60c57b3ce (Unity) asio::detail::win_iocp_io_context::do_one
0x00007ff60c57d034 (Unity) asio::detail::win_iocp_io_context::run
0x00007ff60c58d7cc (Unity) IOService::Run
0x00007ff60c560c2f (Unity) AssetImportWorkerClient::Run
0x00007ff60c52c3d7 (Unity) RunAssetImportWorkerClientV2
0x00007ff60c52c45b (Unity) RunAssetImporterV2
0x00007ff60bd231de (Unity) Application::InitializeProject
0x00007ff60c1b8795 (Unity) WinMain
0x00007ff60d5835ce (Unity) __scrt_common_main_seh
0x00007ffa8b87e8d7 (KERNEL32) BaseThreadInitThunk
0x00007ffa8c1714fc (ntdll) RtlUserThreadStart
Unloading 3359 Unused Serialized files (Serialized files now loaded: 0)
Unloading 28 unused Assets / (396.9 KB). Loaded Objects now: 4040.
Memory consumption went from 136.9 MB to 136.5 MB.
Total: 4.093600 ms (FindLiveObjects: 0.228700 ms CreateObjectMapping: 0.092200 ms MarkObjects: 3.520700 ms  DeleteObjects: 0.249900 ms)

Prepare: number of updated asset objects reloaded= 0
AssetImportParameters requested are different than current active one (requested -> active):
  custom:container-demuxer-ogg: 62fdf1f143b41e24485cea50d1cbac27 -> 
  custom:video-codec-MediaFoundation-h265: 746d11721c4dcdbdad8f713fa42b33f4 -> 
  custom:video-decoder-ogg-theora: a1e56fd34408186e4bbccfd4996cb3dc -> 
  custom:framework-win-MediaFoundation: 216162199b28c13a410421893ffa2e32 -> 
  custom:CustomObjectIndexerAttribute: 9a22284fe3817be447336de3de66b15e -> 
  custom:container-demuxer-webm: 4f35f7cbe854078d1ac9338744f61a02 -> 
  custom:container-muxer-webm: aa71ff27fc2769a1b78a27578f13a17b -> 
  custom:video-decoder-webm-vp8: 9c59270c3fd7afecdb556c50c9e8de78 -> 
  custom:SearchIndexIgnoredProperties: e643bd26f0fe6173181afceb89e7c659 -> 
  custom:AudioImporter_EditorPlatform: d09bf68614088b80899f8185d706f6e7 -> 
  custom:video-encoder-webm-vp8: eb34c28f22e8b96e1ab97ce403110664 -> 
  custom:audio-decoder-ogg-vorbis: bf7c407c2cedff20999df2af8eb42d56 -> 
  custom:audio-encoder-webm-vorbis: bf7c407c2cedff20999df2af8eb42d56 -> 
  custom:scripting/precompiled-assembly-types:Assembly-CSharp: b8fdb7e526e0f6ec6672fae11c310fc0 -> d0e4d9b8e3191607d5c08abaebdab676
========================================================================
Received Prepare
Caller must complete domain reload
Begin MonoManager ReloadAssembly
- Loaded All Assemblies, in  0.434 seconds
Native extension for WindowsStandalone target not found
Native extension for Android target not found
Native extension for WebGL target not found
[Package Manager] Server::EnsureServerProcessIsRunning -- launch failed, reason: Unity was launched with the -noUpm command-line argument
[Package Manager] UpmClient::Send -- Unable to send message (not connected to UPM process).
[Package Manager] Cannot connect to Unity Package Manager local server
Failed to sync packages list
UnityEngine.StackTraceUtility:ExtractStackTrace ()
UnityEngine.DebugLogHandler:LogFormat (UnityEngine.LogType,UnityEngine.Object,string,object[])
UnityEngine.Logger:Log (UnityEngine.LogType,object)
UnityEngine.Debug:LogWarning (object)
 .  / :MoveNext ()
System.Runtime.CompilerServices.AsyncVoidMethodBuilder:Start< .  / > ( .  / &)
 .  :  ()
 .⁪/ :MoveNext ()
System.Runtime.CompilerServices.AsyncTaskMethodBuilder:Start< .⁪/ > ( .⁪/ &)
 .⁪:  ()
System.Reflection.RuntimeMethodInfo:Invoke (object,System.Reflection.BindingFlags,System.Reflection.Binder,object[],System.Globalization.CultureInfo)
System.Reflection.MethodBase:Invoke (object,object[])
UnityEditor.EditorAssemblies:ProcessInitializeOnLoadMethodAttributes ()

Mono: successfully reloaded assembly
- Finished resetting the current domain, in  1.014 seconds
Domain Reload Profiling: 1448ms
	BeginReloadAssembly (144ms)
		ExecutionOrderSort (0ms)
		DisableScriptedObjects (6ms)
		BackupInstance (0ms)
		ReleaseScriptingObjects (0ms)
		CreateAndSetChildDomain (31ms)
	RebuildCommonClasses (30ms)
	RebuildNativeTypeToScriptingClass (12ms)
	initialDomainReloadingComplete (26ms)
	LoadAllAssembliesAndSetupDomain (220ms)
		LoadAssemblies (279ms)
		RebuildTransferFunctionScriptingTraits (0ms)
		AnalyzeDomain (15ms)
			TypeCache.Refresh (6ms)
				TypeCache.ScanAssembly (0ms)
			ScanForSourceGeneratedMonoScriptInfo (0ms)
			ResolveRequiredComponents (6ms)
	FinalizeReload (1015ms)
		ReleaseScriptCaches (0ms)
		RebuildScriptCaches (0ms)
		SetupLoadedEditorAssemblies (584ms)
			LogAssemblyErrors (0ms)
			InitializePlatformSupportModulesInManaged (20ms)
			SetLoadedEditorAssemblies (3ms)
			RefreshPlugins (0ms)
			BeforeProcessingInitializeOnLoad (67ms)
			ProcessInitializeOnLoadAttributes (434ms)
			ProcessInitializeOnLoadMethodAttributes (54ms)
			AfterProcessingInitializeOnLoad (5ms)
			EditorAssembliesLoaded (0ms)
		ExecutionOrderSort2 (0ms)
		AwakeInstancesAfterBackupRestoration (8ms)
Refreshing native plugins compatible for Editor in 4.83 ms, found 6 plugins.
Preloading 0 native plugins for Editor in 0.00 ms.
Release of invalid GC handle. The handle is from a previous domain. The release operation is skipped.
Release of invalid GC handle native callstack: 
0x00007ff60b1b424d (Unity) StackWalker::GetCurrentCallstack
0x00007ff60b1b9329 (Unity) StackWalker::ShowCallstack
0x00007ff60c1adae1 (Unity) GetStacktrace
0x00007ff60b0af20d (Unity) ScriptingGCHandle::ReleaseAndClear
0x00007ff60b67748c (Unity) UploadHandlerRaw::`vector deleting destructor'
0x00007ff60b67803d (Unity) UploadHandler::Release
0x00007ff60b6748dd (Unity) UnityWebRequestProto<UnityWebRequestTransport,AtomicRefCounter,RedirectHelper,ResponseHelper,DownloadHandler,UploadHandler,CertificateHandler,HeaderHelper,AsyncOperation>::~UnityWebRequestProto<UnityWebRequestTransport,AtomicRefCounter,RedirectHelper,ResponseHelper,DownloadHandler,UploadHandler,CertificateHandler,HeaderHelper,AsyncOperation>
0x00007ff60b674bd6 (Unity) UnityWebRequest::`vector deleting destructor'
0x00007ff60a3c4b77 (Unity) UnityWebRequestProto<UnityWebRequestTransport,AtomicRefCounter,RedirectHelper,ResponseHelper,DownloadHandler,UploadHandler,CertificateHandler,HeaderHelper,AsyncOperation>::Release
0x00007ff60b676605 (Unity) UnityWebRequestAsyncOperation::InvokeCoroutine
0x00007ff60b6767e1 (Unity) UnityWebRequestProto<UnityWebRequestTransport,AtomicRefCounter,RedirectHelper,ResponseHelper,DownloadHandler,UploadHandler,CertificateHandler,HeaderHelper,AsyncOperation>::Job_InvokeCoroutine
0x00007ff60acdb54a (Unity) BackgroundJobQueue::ExecuteMainThreadJobs
0x00007ff60ad9005f (Unity) PreloadManager::WaitForAllAsyncOperationsToComplete
0x00007ff60c553af8 (Unity) <lambda_b37b41f03089e3cb3f55061bbc93253d>::operator()
0x00007ff60c58f422 (Unity) asio::detail::completion_handler<core::mutable_function<void __cdecl(void)>,asio::io_context::basic_executor_type<std::allocator<void>,0> >::do_complete
0x00007ff60c57b3ce (Unity) asio::detail::win_iocp_io_context::do_one
0x00007ff60c57d034 (Unity) asio::detail::win_iocp_io_context::run
0x00007ff60c58d7cc (Unity) IOService::Run
0x00007ff60c560c2f (Unity) AssetImportWorkerClient::Run
0x00007ff60c52c3d7 (Unity) RunAssetImportWorkerClientV2
0x00007ff60c52c45b (Unity) RunAssetImporterV2
0x00007ff60bd231de (Unity) Application::InitializeProject
0x00007ff60c1b8795 (Unity) WinMain
0x00007ff60d5835ce (Unity) __scrt_common_main_seh
0x00007ffa8b87e8d7 (KERNEL32) BaseThreadInitThunk
0x00007ffa8c1714fc (ntdll) RtlUserThreadStart
Unloading 3359 Unused Serialized files (Serialized files now loaded: 0)
Unloading 28 unused Assets / (396.9 KB). Loaded Objects now: 4045.
Memory consumption went from 137.1 MB to 136.7 MB.
Total: 4.463700 ms (FindLiveObjects: 0.287600 ms CreateObjectMapping: 0.141700 ms MarkObjects: 3.760100 ms  DeleteObjects: 0.273000 ms)

Prepare: number of updated asset objects reloaded= 0
AssetImportParameters requested are different than current active one (requested -> active):
  custom:container-demuxer-ogg: 62fdf1f143b41e24485cea50d1cbac27 -> 
  custom:video-codec-MediaFoundation-h265: 746d11721c4dcdbdad8f713fa42b33f4 -> 
  custom:video-decoder-ogg-theora: a1e56fd34408186e4bbccfd4996cb3dc -> 
  custom:framework-win-MediaFoundation: 216162199b28c13a410421893ffa2e32 -> 
  custom:CustomObjectIndexerAttribute: 9a22284fe3817be447336de3de66b15e -> 
  custom:container-demuxer-webm: 4f35f7cbe854078d1ac9338744f61a02 -> 
  custom:container-muxer-webm: aa71ff27fc2769a1b78a27578f13a17b -> 
  custom:video-decoder-webm-vp8: 9c59270c3fd7afecdb556c50c9e8de78 -> 
  custom:SearchIndexIgnoredProperties: e643bd26f0fe6173181afceb89e7c659 -> 
  custom:AudioImporter_EditorPlatform: d09bf68614088b80899f8185d706f6e7 -> 
  custom:video-encoder-webm-vp8: eb34c28f22e8b96e1ab97ce403110664 -> 
  custom:audio-decoder-ogg-vorbis: bf7c407c2cedff20999df2af8eb42d56 -> 
  custom:audio-encoder-webm-vorbis: bf7c407c2cedff20999df2af8eb42d56 -> 
  custom:scripting/precompiled-assembly-types:Assembly-CSharp: b8fdb7e526e0f6ec6672fae11c310fc0 -> d0e4d9b8e3191607d5c08abaebdab676
========================================================================
Received Prepare
Caller must complete domain reload
Begin MonoManager ReloadAssembly
- Loaded All Assemblies, in  0.920 seconds
Native extension for WindowsStandalone target not found
Native extension for Android target not found
Native extension for WebGL target not found
[Package Manager] Server::EnsureServerProcessIsRunning -- launch failed, reason: Unity was launched with the -noUpm command-line argument
[Package Manager] UpmClient::Send -- Unable to send message (not connected to UPM process).
[Package Manager] Cannot connect to Unity Package Manager local server
Failed to sync packages list
UnityEngine.StackTraceUtility:ExtractStackTrace ()
UnityEngine.DebugLogHandler:LogFormat (UnityEngine.LogType,UnityEngine.Object,string,object[])
UnityEngine.Logger:Log (UnityEngine.LogType,object)
UnityEngine.Debug:LogWarning (object)
 .  / :MoveNext ()
System.Runtime.CompilerServices.AsyncVoidMethodBuilder:Start< .  / > ( .  / &)
 .  :  ()
 .⁪/ :MoveNext ()
System.Runtime.CompilerServices.AsyncTaskMethodBuilder:Start< .⁪/ > ( .⁪/ &)
 .⁪:  ()
System.Reflection.RuntimeMethodInfo:Invoke (object,System.Reflection.BindingFlags,System.Reflection.Binder,object[],System.Globalization.CultureInfo)
System.Reflection.MethodBase:Invoke (object,object[])
UnityEditor.EditorAssemblies:ProcessInitializeOnLoadMethodAttributes ()

Mono: successfully reloaded assembly
- Finished resetting the current domain, in  1.387 seconds
Domain Reload Profiling: 2303ms
	BeginReloadAssembly (302ms)
		ExecutionOrderSort (0ms)
		DisableScriptedObjects (11ms)
		BackupInstance (0ms)
		ReleaseScriptingObjects (0ms)
		CreateAndSetChildDomain (54ms)
	RebuildCommonClasses (61ms)
	RebuildNativeTypeToScriptingClass (20ms)
	initialDomainReloadingComplete (73ms)
	LoadAllAssembliesAndSetupDomain (460ms)
		LoadAssemblies (589ms)
		RebuildTransferFunctionScriptingTraits (0ms)
		AnalyzeDomain (45ms)
			TypeCache.Refresh (16ms)
				TypeCache.ScanAssembly (1ms)
			ScanForSourceGeneratedMonoScriptInfo (13ms)
			ResolveRequiredComponents (12ms)
	FinalizeReload (1388ms)
		ReleaseScriptCaches (0ms)
		RebuildScriptCaches (0ms)
		SetupLoadedEditorAssemblies (544ms)
			LogAssemblyErrors (0ms)
			InitializePlatformSupportModulesInManaged (19ms)
			SetLoadedEditorAssemblies (4ms)
			RefreshPlugins (0ms)
			BeforeProcessingInitializeOnLoad (63ms)
			ProcessInitializeOnLoadAttributes (404ms)
			ProcessInitializeOnLoadMethodAttributes (50ms)
			AfterProcessingInitializeOnLoad (4ms)
			EditorAssembliesLoaded (0ms)
		ExecutionOrderSort2 (0ms)
		AwakeInstancesAfterBackupRestoration (7ms)
Refreshing native plugins compatible for Editor in 3.99 ms, found 6 plugins.
Preloading 0 native plugins for Editor in 0.00 ms.
Release of invalid GC handle. The handle is from a previous domain. The release operation is skipped.
Release of invalid GC handle native callstack: 
0x00007ff60b1b424d (Unity) StackWalker::GetCurrentCallstack
0x00007ff60b1b9329 (Unity) StackWalker::ShowCallstack
0x00007ff60c1adae1 (Unity) GetStacktrace
0x00007ff60b0af20d (Unity) ScriptingGCHandle::ReleaseAndClear
0x00007ff60b67748c (Unity) UploadHandlerRaw::`vector deleting destructor'
0x00007ff60b67803d (Unity) UploadHandler::Release
0x00007ff60b6748dd (Unity) UnityWebRequestProto<UnityWebRequestTransport,AtomicRefCounter,RedirectHelper,ResponseHelper,DownloadHandler,UploadHandler,CertificateHandler,HeaderHelper,AsyncOperation>::~UnityWebRequestProto<UnityWebRequestTransport,AtomicRefCounter,RedirectHelper,ResponseHelper,DownloadHandler,UploadHandler,CertificateHandler,HeaderHelper,AsyncOperation>
0x00007ff60b674bd6 (Unity) UnityWebRequest::`vector deleting destructor'
0x00007ff60a3c4b77 (Unity) UnityWebRequestProto<UnityWebRequestTransport,AtomicRefCounter,RedirectHelper,ResponseHelper,DownloadHandler,UploadHandler,CertificateHandler,HeaderHelper,AsyncOperation>::Release
0x00007ff60b676605 (Unity) UnityWebRequestAsyncOperation::InvokeCoroutine
0x00007ff60b6767e1 (Unity) UnityWebRequestProto<UnityWebRequestTransport,AtomicRefCounter,RedirectHelper,ResponseHelper,DownloadHandler,UploadHandler,CertificateHandler,HeaderHelper,AsyncOperation>::Job_InvokeCoroutine
0x00007ff60acdb54a (Unity) BackgroundJobQueue::ExecuteMainThreadJobs
0x00007ff60ad9005f (Unity) PreloadManager::WaitForAllAsyncOperationsToComplete
0x00007ff60c553af8 (Unity) <lambda_b37b41f03089e3cb3f55061bbc93253d>::operator()
0x00007ff60c58f422 (Unity) asio::detail::completion_handler<core::mutable_function<void __cdecl(void)>,asio::io_context::basic_executor_type<std::allocator<void>,0> >::do_complete
0x00007ff60c57b3ce (Unity) asio::detail::win_iocp_io_context::do_one
0x00007ff60c57d034 (Unity) asio::detail::win_iocp_io_context::run
0x00007ff60c58d7cc (Unity) IOService::Run
0x00007ff60c560c2f (Unity) AssetImportWorkerClient::Run
0x00007ff60c52c3d7 (Unity) RunAssetImportWorkerClientV2
0x00007ff60c52c45b (Unity) RunAssetImporterV2
0x00007ff60bd231de (Unity) Application::InitializeProject
0x00007ff60c1b8795 (Unity) WinMain
0x00007ff60d5835ce (Unity) __scrt_common_main_seh
0x00007ffa8b87e8d7 (KERNEL32) BaseThreadInitThunk
0x00007ffa8c1714fc (ntdll) RtlUserThreadStart
Unloading 3359 Unused Serialized files (Serialized files now loaded: 0)
Unloading 28 unused Assets / (396.8 KB). Loaded Objects now: 4050.
Memory consumption went from 137.2 MB to 136.8 MB.
Total: 3.703100 ms (FindLiveObjects: 0.211900 ms CreateObjectMapping: 0.080200 ms MarkObjects: 3.180700 ms  DeleteObjects: 0.228900 ms)

Prepare: number of updated asset objects reloaded= 0
AssetImportParameters requested are different than current active one (requested -> active):
  custom:container-demuxer-ogg: 62fdf1f143b41e24485cea50d1cbac27 -> 
  custom:video-codec-MediaFoundation-h265: 746d11721c4dcdbdad8f713fa42b33f4 -> 
  custom:video-decoder-ogg-theora: a1e56fd34408186e4bbccfd4996cb3dc -> 
  custom:framework-win-MediaFoundation: 216162199b28c13a410421893ffa2e32 -> 
  custom:CustomObjectIndexerAttribute: 9a22284fe3817be447336de3de66b15e -> 
  custom:container-demuxer-webm: 4f35f7cbe854078d1ac9338744f61a02 -> 
  custom:container-muxer-webm: aa71ff27fc2769a1b78a27578f13a17b -> 
  custom:video-decoder-webm-vp8: 9c59270c3fd7afecdb556c50c9e8de78 -> 
  custom:SearchIndexIgnoredProperties: e643bd26f0fe6173181afceb89e7c659 -> 
  custom:AudioImporter_EditorPlatform: d09bf68614088b80899f8185d706f6e7 -> 
  custom:video-encoder-webm-vp8: eb34c28f22e8b96e1ab97ce403110664 -> 
  custom:audio-decoder-ogg-vorbis: bf7c407c2cedff20999df2af8eb42d56 -> 
  custom:audio-encoder-webm-vorbis: bf7c407c2cedff20999df2af8eb42d56 -> 
  custom:scripting/precompiled-assembly-types:Assembly-CSharp: b8fdb7e526e0f6ec6672fae11c310fc0 -> d0e4d9b8e3191607d5c08abaebdab676
========================================================================
Received Prepare
Caller must complete domain reload
Begin MonoManager ReloadAssembly
- Loaded All Assemblies, in  0.436 seconds
Native extension for WindowsStandalone target not found
Native extension for Android target not found
Native extension for WebGL target not found
[Package Manager] Server::EnsureServerProcessIsRunning -- launch failed, reason: Unity was launched with the -noUpm command-line argument
[Package Manager] UpmClient::Send -- Unable to send message (not connected to UPM process).
[Package Manager] Cannot connect to Unity Package Manager local server
Failed to sync packages list
UnityEngine.StackTraceUtility:ExtractStackTrace ()
UnityEngine.DebugLogHandler:LogFormat (UnityEngine.LogType,UnityEngine.Object,string,object[])
UnityEngine.Logger:Log (UnityEngine.LogType,object)
UnityEngine.Debug:LogWarning (object)
 .  / :MoveNext ()
System.Runtime.CompilerServices.AsyncVoidMethodBuilder:Start< .  / > ( .  / &)
 .  :  ()
 .⁪/ :MoveNext ()
System.Runtime.CompilerServices.AsyncTaskMethodBuilder:Start< .⁪/ > ( .⁪/ &)
 .⁪:  ()
System.Reflection.RuntimeMethodInfo:Invoke (object,System.Reflection.BindingFlags,System.Reflection.Binder,object[],System.Globalization.CultureInfo)
System.Reflection.MethodBase:Invoke (object,object[])
UnityEditor.EditorAssemblies:ProcessInitializeOnLoadMethodAttributes ()

Mono: successfully reloaded assembly
- Finished resetting the current domain, in  1.018 seconds
Domain Reload Profiling: 1452ms
	BeginReloadAssembly (146ms)
		ExecutionOrderSort (0ms)
		DisableScriptedObjects (5ms)
		BackupInstance (0ms)
		ReleaseScriptingObjects (0ms)
		CreateAndSetChildDomain (31ms)
	RebuildCommonClasses (30ms)
	RebuildNativeTypeToScriptingClass (10ms)
	initialDomainReloadingComplete (27ms)
	LoadAllAssembliesAndSetupDomain (221ms)
		LoadAssemblies (281ms)
		RebuildTransferFunctionScriptingTraits (0ms)
		AnalyzeDomain (16ms)
			TypeCache.Refresh (6ms)
				TypeCache.ScanAssembly (0ms)
			ScanForSourceGeneratedMonoScriptInfo (0ms)
			ResolveRequiredComponents (6ms)
	FinalizeReload (1018ms)
		ReleaseScriptCaches (0ms)
		RebuildScriptCaches (0ms)
		SetupLoadedEditorAssemblies (589ms)
			LogAssemblyErrors (0ms)
			InitializePlatformSupportModulesInManaged (19ms)
			SetLoadedEditorAssemblies (5ms)
			RefreshPlugins (0ms)
			BeforeProcessingInitializeOnLoad (76ms)
			ProcessInitializeOnLoadAttributes (409ms)
			ProcessInitializeOnLoadMethodAttributes (72ms)
			AfterProcessingInitializeOnLoad (7ms)
			EditorAssembliesLoaded (0ms)
		ExecutionOrderSort2 (0ms)
		AwakeInstancesAfterBackupRestoration (9ms)
Refreshing native plugins compatible for Editor in 4.33 ms, found 6 plugins.
Preloading 0 native plugins for Editor in 0.00 ms.
Release of invalid GC handle. The handle is from a previous domain. The release operation is skipped.
Release of invalid GC handle native callstack: 
0x00007ff60b1b424d (Unity) StackWalker::GetCurrentCallstack
0x00007ff60b1b9329 (Unity) StackWalker::ShowCallstack
0x00007ff60c1adae1 (Unity) GetStacktrace
0x00007ff60b0af20d (Unity) ScriptingGCHandle::ReleaseAndClear
0x00007ff60b67748c (Unity) UploadHandlerRaw::`vector deleting destructor'
0x00007ff60b67803d (Unity) UploadHandler::Release
0x00007ff60b6748dd (Unity) UnityWebRequestProto<UnityWebRequestTransport,AtomicRefCounter,RedirectHelper,ResponseHelper,DownloadHandler,UploadHandler,CertificateHandler,HeaderHelper,AsyncOperation>::~UnityWebRequestProto<UnityWebRequestTransport,AtomicRefCounter,RedirectHelper,ResponseHelper,DownloadHandler,UploadHandler,CertificateHandler,HeaderHelper,AsyncOperation>
0x00007ff60b674bd6 (Unity) UnityWebRequest::`vector deleting destructor'
0x00007ff60a3c4b77 (Unity) UnityWebRequestProto<UnityWebRequestTransport,AtomicRefCounter,RedirectHelper,ResponseHelper,DownloadHandler,UploadHandler,CertificateHandler,HeaderHelper,AsyncOperation>::Release
0x00007ff60b676605 (Unity) UnityWebRequestAsyncOperation::InvokeCoroutine
0x00007ff60b6767e1 (Unity) UnityWebRequestProto<UnityWebRequestTransport,AtomicRefCounter,RedirectHelper,ResponseHelper,DownloadHandler,UploadHandler,CertificateHandler,HeaderHelper,AsyncOperation>::Job_InvokeCoroutine
0x00007ff60acdb54a (Unity) BackgroundJobQueue::ExecuteMainThreadJobs
0x00007ff60ad9005f (Unity) PreloadManager::WaitForAllAsyncOperationsToComplete
0x00007ff60c553af8 (Unity) <lambda_b37b41f03089e3cb3f55061bbc93253d>::operator()
0x00007ff60c58f422 (Unity) asio::detail::completion_handler<core::mutable_function<void __cdecl(void)>,asio::io_context::basic_executor_type<std::allocator<void>,0> >::do_complete
0x00007ff60c57b3ce (Unity) asio::detail::win_iocp_io_context::do_one
0x00007ff60c57d034 (Unity) asio::detail::win_iocp_io_context::run
0x00007ff60c58d7cc (Unity) IOService::Run
0x00007ff60c560c2f (Unity) AssetImportWorkerClient::Run
0x00007ff60c52c3d7 (Unity) RunAssetImportWorkerClientV2
0x00007ff60c52c45b (Unity) RunAssetImporterV2
0x00007ff60bd231de (Unity) Application::InitializeProject
0x00007ff60c1b8795 (Unity) WinMain
0x00007ff60d5835ce (Unity) __scrt_common_main_seh
0x00007ffa8b87e8d7 (KERNEL32) BaseThreadInitThunk
0x00007ffa8c1714fc (ntdll) RtlUserThreadStart
Unloading 3359 Unused Serialized files (Serialized files now loaded: 0)
Unloading 28 unused Assets / (396.9 KB). Loaded Objects now: 4055.
Memory consumption went from 137.4 MB to 137.0 MB.
Total: 4.152300 ms (FindLiveObjects: 0.230400 ms CreateObjectMapping: 0.092900 ms MarkObjects: 3.578000 ms  DeleteObjects: 0.249800 ms)

Prepare: number of updated asset objects reloaded= 0
AssetImportParameters requested are different than current active one (requested -> active):
  custom:container-demuxer-ogg: 62fdf1f143b41e24485cea50d1cbac27 -> 
  custom:video-codec-MediaFoundation-h265: 746d11721c4dcdbdad8f713fa42b33f4 -> 
  custom:video-decoder-ogg-theora: a1e56fd34408186e4bbccfd4996cb3dc -> 
  custom:framework-win-MediaFoundation: 216162199b28c13a410421893ffa2e32 -> 
  custom:CustomObjectIndexerAttribute: 9a22284fe3817be447336de3de66b15e -> 
  custom:container-demuxer-webm: 4f35f7cbe854078d1ac9338744f61a02 -> 
  custom:container-muxer-webm: aa71ff27fc2769a1b78a27578f13a17b -> 
  custom:video-decoder-webm-vp8: 9c59270c3fd7afecdb556c50c9e8de78 -> 
  custom:SearchIndexIgnoredProperties: e643bd26f0fe6173181afceb89e7c659 -> 
  custom:AudioImporter_EditorPlatform: d09bf68614088b80899f8185d706f6e7 -> 
  custom:video-encoder-webm-vp8: eb34c28f22e8b96e1ab97ce403110664 -> 
  custom:audio-decoder-ogg-vorbis: bf7c407c2cedff20999df2af8eb42d56 -> 
  custom:audio-encoder-webm-vorbis: bf7c407c2cedff20999df2af8eb42d56 -> 
  custom:scripting/precompiled-assembly-types:Assembly-CSharp: b8fdb7e526e0f6ec6672fae11c310fc0 -> d0e4d9b8e3191607d5c08abaebdab676
========================================================================
Received Prepare
Caller must complete domain reload
Begin MonoManager ReloadAssembly
- Loaded All Assemblies, in  0.916 seconds
Native extension for WindowsStandalone target not found
Native extension for Android target not found
Native extension for WebGL target not found
[Package Manager] Server::EnsureServerProcessIsRunning -- launch failed, reason: Unity was launched with the -noUpm command-line argument
[Package Manager] UpmClient::Send -- Unable to send message (not connected to UPM process).
[Package Manager] Cannot connect to Unity Package Manager local server
Failed to sync packages list
UnityEngine.StackTraceUtility:ExtractStackTrace ()
UnityEngine.DebugLogHandler:LogFormat (UnityEngine.LogType,UnityEngine.Object,string,object[])
UnityEngine.Logger:Log (UnityEngine.LogType,object)
UnityEngine.Debug:LogWarning (object)
 .  / :MoveNext ()
System.Runtime.CompilerServices.AsyncVoidMethodBuilder:Start< .  / > ( .  / &)
 .  :  ()
 .⁪/ :MoveNext ()
System.Runtime.CompilerServices.AsyncTaskMethodBuilder:Start< .⁪/ > ( .⁪/ &)
 .⁪:  ()
System.Reflection.RuntimeMethodInfo:Invoke (object,System.Reflection.BindingFlags,System.Reflection.Binder,object[],System.Globalization.CultureInfo)
System.Reflection.MethodBase:Invoke (object,object[])
UnityEditor.EditorAssemblies:ProcessInitializeOnLoadMethodAttributes ()

Mono: successfully reloaded assembly
- Finished resetting the current domain, in  1.501 seconds
Domain Reload Profiling: 2408ms
	BeginReloadAssembly (291ms)
		ExecutionOrderSort (0ms)
		DisableScriptedObjects (14ms)
		BackupInstance (0ms)
		ReleaseScriptingObjects (0ms)
		CreateAndSetChildDomain (67ms)
	RebuildCommonClasses (59ms)
	RebuildNativeTypeToScriptingClass (24ms)
	initialDomainReloadingComplete (63ms)
	LoadAllAssembliesAndSetupDomain (471ms)
		LoadAssemblies (580ms)
		RebuildTransferFunctionScriptingTraits (0ms)
		AnalyzeDomain (42ms)
			TypeCache.Refresh (14ms)
				TypeCache.ScanAssembly (1ms)
			ScanForSourceGeneratedMonoScriptInfo (12ms)
			ResolveRequiredComponents (12ms)
	FinalizeReload (1501ms)
		ReleaseScriptCaches (0ms)
		RebuildScriptCaches (0ms)
		SetupLoadedEditorAssemblies (539ms)
			LogAssemblyErrors (0ms)
			InitializePlatformSupportModulesInManaged (20ms)
			SetLoadedEditorAssemblies (4ms)
			RefreshPlugins (0ms)
			BeforeProcessingInitializeOnLoad (68ms)
			ProcessInitializeOnLoadAttributes (395ms)
			ProcessInitializeOnLoadMethodAttributes (49ms)
			AfterProcessingInitializeOnLoad (4ms)
			EditorAssembliesLoaded (0ms)
		ExecutionOrderSort2 (0ms)
		AwakeInstancesAfterBackupRestoration (6ms)
Refreshing native plugins compatible for Editor in 3.34 ms, found 6 plugins.
Preloading 0 native plugins for Editor in 0.00 ms.
Release of invalid GC handle. The handle is from a previous domain. The release operation is skipped.
Release of invalid GC handle native callstack: 
0x00007ff60b1b424d (Unity) StackWalker::GetCurrentCallstack
0x00007ff60b1b9329 (Unity) StackWalker::ShowCallstack
0x00007ff60c1adae1 (Unity) GetStacktrace
0x00007ff60b0af20d (Unity) ScriptingGCHandle::ReleaseAndClear
0x00007ff60b67748c (Unity) UploadHandlerRaw::`vector deleting destructor'
0x00007ff60b67803d (Unity) UploadHandler::Release
0x00007ff60b6748dd (Unity) UnityWebRequestProto<UnityWebRequestTransport,AtomicRefCounter,RedirectHelper,ResponseHelper,DownloadHandler,UploadHandler,CertificateHandler,HeaderHelper,AsyncOperation>::~UnityWebRequestProto<UnityWebRequestTransport,AtomicRefCounter,RedirectHelper,ResponseHelper,DownloadHandler,UploadHandler,CertificateHandler,HeaderHelper,AsyncOperation>
0x00007ff60b674bd6 (Unity) UnityWebRequest::`vector deleting destructor'
0x00007ff60a3c4b77 (Unity) UnityWebRequestProto<UnityWebRequestTransport,AtomicRefCounter,RedirectHelper,ResponseHelper,DownloadHandler,UploadHandler,CertificateHandler,HeaderHelper,AsyncOperation>::Release
0x00007ff60b676605 (Unity) UnityWebRequestAsyncOperation::InvokeCoroutine
0x00007ff60b6767e1 (Unity) UnityWebRequestProto<UnityWebRequestTransport,AtomicRefCounter,RedirectHelper,ResponseHelper,DownloadHandler,UploadHandler,CertificateHandler,HeaderHelper,AsyncOperation>::Job_InvokeCoroutine
0x00007ff60acdb54a (Unity) BackgroundJobQueue::ExecuteMainThreadJobs
0x00007ff60ad9005f (Unity) PreloadManager::WaitForAllAsyncOperationsToComplete
0x00007ff60c553af8 (Unity) <lambda_b37b41f03089e3cb3f55061bbc93253d>::operator()
0x00007ff60c58f422 (Unity) asio::detail::completion_handler<core::mutable_function<void __cdecl(void)>,asio::io_context::basic_executor_type<std::allocator<void>,0> >::do_complete
0x00007ff60c57b3ce (Unity) asio::detail::win_iocp_io_context::do_one
0x00007ff60c57d034 (Unity) asio::detail::win_iocp_io_context::run
0x00007ff60c58d7cc (Unity) IOService::Run
0x00007ff60c560c2f (Unity) AssetImportWorkerClient::Run
0x00007ff60c52c3d7 (Unity) RunAssetImportWorkerClientV2
0x00007ff60c52c45b (Unity) RunAssetImporterV2
0x00007ff60bd231de (Unity) Application::InitializeProject
0x00007ff60c1b8795 (Unity) WinMain
0x00007ff60d5835ce (Unity) __scrt_common_main_seh
0x00007ffa8b87e8d7 (KERNEL32) BaseThreadInitThunk
0x00007ffa8c1714fc (ntdll) RtlUserThreadStart
Unloading 3359 Unused Serialized files (Serialized files now loaded: 0)
Unloading 28 unused Assets / (396.5 KB). Loaded Objects now: 4060.
Memory consumption went from 137.5 MB to 137.1 MB.
Total: 3.560300 ms (FindLiveObjects: 0.225700 ms CreateObjectMapping: 0.095300 ms MarkObjects: 3.008400 ms  DeleteObjects: 0.229500 ms)

Prepare: number of updated asset objects reloaded= 0
AssetImportParameters requested are different than current active one (requested -> active):
  custom:container-demuxer-ogg: 62fdf1f143b41e24485cea50d1cbac27 -> 
  custom:video-codec-MediaFoundation-h265: 746d11721c4dcdbdad8f713fa42b33f4 -> 
  custom:video-decoder-ogg-theora: a1e56fd34408186e4bbccfd4996cb3dc -> 
  custom:framework-win-MediaFoundation: 216162199b28c13a410421893ffa2e32 -> 
  custom:CustomObjectIndexerAttribute: 9a22284fe3817be447336de3de66b15e -> 
  custom:container-demuxer-webm: 4f35f7cbe854078d1ac9338744f61a02 -> 
  custom:container-muxer-webm: aa71ff27fc2769a1b78a27578f13a17b -> 
  custom:video-decoder-webm-vp8: 9c59270c3fd7afecdb556c50c9e8de78 -> 
  custom:SearchIndexIgnoredProperties: e643bd26f0fe6173181afceb89e7c659 -> 
  custom:AudioImporter_EditorPlatform: d09bf68614088b80899f8185d706f6e7 -> 
  custom:video-encoder-webm-vp8: eb34c28f22e8b96e1ab97ce403110664 -> 
  custom:audio-decoder-ogg-vorbis: bf7c407c2cedff20999df2af8eb42d56 -> 
  custom:audio-encoder-webm-vorbis: bf7c407c2cedff20999df2af8eb42d56 -> 
  custom:scripting/precompiled-assembly-types:Assembly-CSharp: b8fdb7e526e0f6ec6672fae11c310fc0 -> d0e4d9b8e3191607d5c08abaebdab676
========================================================================
Received Prepare
Caller must complete domain reload
Begin MonoManager ReloadAssembly
- Loaded All Assemblies, in  0.449 seconds
Native extension for WindowsStandalone target not found
Native extension for Android target not found
Native extension for WebGL target not found
[Package Manager] Server::EnsureServerProcessIsRunning -- launch failed, reason: Unity was launched with the -noUpm command-line argument
[Package Manager] UpmClient::Send -- Unable to send message (not connected to UPM process).
[Package Manager] Cannot connect to Unity Package Manager local server
Failed to sync packages list
UnityEngine.StackTraceUtility:ExtractStackTrace ()
UnityEngine.DebugLogHandler:LogFormat (UnityEngine.LogType,UnityEngine.Object,string,object[])
UnityEngine.Logger:Log (UnityEngine.LogType,object)
UnityEngine.Debug:LogWarning (object)
 .  / :MoveNext ()
System.Runtime.CompilerServices.AsyncVoidMethodBuilder:Start< .  / > ( .  / &)
 .  :  ()
 .⁪/ :MoveNext ()
System.Runtime.CompilerServices.AsyncTaskMethodBuilder:Start< .⁪/ > ( .⁪/ &)
 .⁪:  ()
System.Reflection.RuntimeMethodInfo:Invoke (object,System.Reflection.BindingFlags,System.Reflection.Binder,object[],System.Globalization.CultureInfo)
System.Reflection.MethodBase:Invoke (object,object[])
UnityEditor.EditorAssemblies:ProcessInitializeOnLoadMethodAttributes ()

Mono: successfully reloaded assembly
- Finished resetting the current domain, in  0.958 seconds
Domain Reload Profiling: 1405ms
	BeginReloadAssembly (149ms)
		ExecutionOrderSort (0ms)
		DisableScriptedObjects (5ms)
		BackupInstance (0ms)
		ReleaseScriptingObjects (0ms)
		CreateAndSetChildDomain (31ms)
	RebuildCommonClasses (33ms)
	RebuildNativeTypeToScriptingClass (10ms)
	initialDomainReloadingComplete (26ms)
	LoadAllAssembliesAndSetupDomain (229ms)
		LoadAssemblies (295ms)
		RebuildTransferFunctionScriptingTraits (0ms)
		AnalyzeDomain (14ms)
			TypeCache.Refresh (6ms)
				TypeCache.ScanAssembly (0ms)
			ScanForSourceGeneratedMonoScriptInfo (0ms)
			ResolveRequiredComponents (6ms)
	FinalizeReload (958ms)
		ReleaseScriptCaches (0ms)
		RebuildScriptCaches (0ms)
		SetupLoadedEditorAssemblies (537ms)
			LogAssemblyErrors (0ms)
			InitializePlatformSupportModulesInManaged (20ms)
			SetLoadedEditorAssemblies (4ms)
			RefreshPlugins (0ms)
			BeforeProcessingInitializeOnLoad (67ms)
			ProcessInitializeOnLoadAttributes (395ms)
			ProcessInitializeOnLoadMethodAttributes (47ms)
			AfterProcessingInitializeOnLoad (5ms)
			EditorAssembliesLoaded (0ms)
		ExecutionOrderSort2 (0ms)
		AwakeInstancesAfterBackupRestoration (9ms)
Refreshing native plugins compatible for Editor in 7.49 ms, found 6 plugins.
Preloading 0 native plugins for Editor in 0.00 ms.
Release of invalid GC handle. The handle is from a previous domain. The release operation is skipped.
Release of invalid GC handle native callstack: 
0x00007ff60b1b424d (Unity) StackWalker::GetCurrentCallstack
0x00007ff60b1b9329 (Unity) StackWalker::ShowCallstack
0x00007ff60c1adae1 (Unity) GetStacktrace
0x00007ff60b0af20d (Unity) ScriptingGCHandle::ReleaseAndClear
0x00007ff60b67748c (Unity) UploadHandlerRaw::`vector deleting destructor'
0x00007ff60b67803d (Unity) UploadHandler::Release
0x00007ff60b6748dd (Unity) UnityWebRequestProto<UnityWebRequestTransport,AtomicRefCounter,RedirectHelper,ResponseHelper,DownloadHandler,UploadHandler,CertificateHandler,HeaderHelper,AsyncOperation>::~UnityWebRequestProto<UnityWebRequestTransport,AtomicRefCounter,RedirectHelper,ResponseHelper,DownloadHandler,UploadHandler,CertificateHandler,HeaderHelper,AsyncOperation>
0x00007ff60b674bd6 (Unity) UnityWebRequest::`vector deleting destructor'
0x00007ff60a3c4b77 (Unity) UnityWebRequestProto<UnityWebRequestTransport,AtomicRefCounter,RedirectHelper,ResponseHelper,DownloadHandler,UploadHandler,CertificateHandler,HeaderHelper,AsyncOperation>::Release
0x00007ff60b676605 (Unity) UnityWebRequestAsyncOperation::InvokeCoroutine
0x00007ff60b6767e1 (Unity) UnityWebRequestProto<UnityWebRequestTransport,AtomicRefCounter,RedirectHelper,ResponseHelper,DownloadHandler,UploadHandler,CertificateHandler,HeaderHelper,AsyncOperation>::Job_InvokeCoroutine
0x00007ff60acdb54a (Unity) BackgroundJobQueue::ExecuteMainThreadJobs
0x00007ff60ad9005f (Unity) PreloadManager::WaitForAllAsyncOperationsToComplete
0x00007ff60c553af8 (Unity) <lambda_b37b41f03089e3cb3f55061bbc93253d>::operator()
0x00007ff60c58f422 (Unity) asio::detail::completion_handler<core::mutable_function<void __cdecl(void)>,asio::io_context::basic_executor_type<std::allocator<void>,0> >::do_complete
0x00007ff60c57b3ce (Unity) asio::detail::win_iocp_io_context::do_one
0x00007ff60c57d034 (Unity) asio::detail::win_iocp_io_context::run
0x00007ff60c58d7cc (Unity) IOService::Run
0x00007ff60c560c2f (Unity) AssetImportWorkerClient::Run
0x00007ff60c52c3d7 (Unity) RunAssetImportWorkerClientV2
0x00007ff60c52c45b (Unity) RunAssetImporterV2
0x00007ff60bd231de (Unity) Application::InitializeProject
0x00007ff60c1b8795 (Unity) WinMain
0x00007ff60d5835ce (Unity) __scrt_common_main_seh
0x00007ffa8b87e8d7 (KERNEL32) BaseThreadInitThunk
0x00007ffa8c1714fc (ntdll) RtlUserThreadStart
Unloading 3359 Unused Serialized files (Serialized files now loaded: 0)
Unloading 28 unused Assets / (396.8 KB). Loaded Objects now: 4065.
Memory consumption went from 137.7 MB to 137.3 MB.
Total: 5.389500 ms (FindLiveObjects: 0.437900 ms CreateObjectMapping: 0.096800 ms MarkObjects: 4.607200 ms  DeleteObjects: 0.245800 ms)

Prepare: number of updated asset objects reloaded= 0
AssetImportParameters requested are different than current active one (requested -> active):
  custom:container-demuxer-ogg: 62fdf1f143b41e24485cea50d1cbac27 -> 
  custom:video-codec-MediaFoundation-h265: 746d11721c4dcdbdad8f713fa42b33f4 -> 
  custom:video-decoder-ogg-theora: a1e56fd34408186e4bbccfd4996cb3dc -> 
  custom:framework-win-MediaFoundation: 216162199b28c13a410421893ffa2e32 -> 
  custom:CustomObjectIndexerAttribute: 9a22284fe3817be447336de3de66b15e -> 
  custom:container-demuxer-webm: 4f35f7cbe854078d1ac9338744f61a02 -> 
  custom:container-muxer-webm: aa71ff27fc2769a1b78a27578f13a17b -> 
  custom:video-decoder-webm-vp8: 9c59270c3fd7afecdb556c50c9e8de78 -> 
  custom:SearchIndexIgnoredProperties: e643bd26f0fe6173181afceb89e7c659 -> 
  custom:AudioImporter_EditorPlatform: d09bf68614088b80899f8185d706f6e7 -> 
  custom:video-encoder-webm-vp8: eb34c28f22e8b96e1ab97ce403110664 -> 
  custom:audio-decoder-ogg-vorbis: bf7c407c2cedff20999df2af8eb42d56 -> 
  custom:audio-encoder-webm-vorbis: bf7c407c2cedff20999df2af8eb42d56 -> 
  custom:scripting/precompiled-assembly-types:Assembly-CSharp: b8fdb7e526e0f6ec6672fae11c310fc0 -> d0e4d9b8e3191607d5c08abaebdab676
========================================================================
Received Prepare
Caller must complete domain reload
Begin MonoManager ReloadAssembly
- Loaded All Assemblies, in  0.982 seconds
Native extension for WindowsStandalone target not found
Native extension for Android target not found
Native extension for WebGL target not found
[Package Manager] Server::EnsureServerProcessIsRunning -- launch failed, reason: Unity was launched with the -noUpm command-line argument
[Package Manager] UpmClient::Send -- Unable to send message (not connected to UPM process).
[Package Manager] Cannot connect to Unity Package Manager local server
Failed to sync packages list
UnityEngine.StackTraceUtility:ExtractStackTrace ()
UnityEngine.DebugLogHandler:LogFormat (UnityEngine.LogType,UnityEngine.Object,string,object[])
UnityEngine.Logger:Log (UnityEngine.LogType,object)
UnityEngine.Debug:LogWarning (object)
 .  / :MoveNext ()
System.Runtime.CompilerServices.AsyncVoidMethodBuilder:Start< .  / > ( .  / &)
 .  :  ()
 .⁪/ :MoveNext ()
System.Runtime.CompilerServices.AsyncTaskMethodBuilder:Start< .⁪/ > ( .⁪/ &)
 .⁪:  ()
System.Reflection.RuntimeMethodInfo:Invoke (object,System.Reflection.BindingFlags,System.Reflection.Binder,object[],System.Globalization.CultureInfo)
System.Reflection.MethodBase:Invoke (object,object[])
UnityEditor.EditorAssemblies:ProcessInitializeOnLoadMethodAttributes ()

Mono: successfully reloaded assembly
- Finished resetting the current domain, in  1.351 seconds
Domain Reload Profiling: 2327ms
	BeginReloadAssembly (313ms)
		ExecutionOrderSort (0ms)
		DisableScriptedObjects (10ms)
		BackupInstance (0ms)
		ReleaseScriptingObjects (0ms)
		CreateAndSetChildDomain (58ms)
	RebuildCommonClasses (79ms)
	RebuildNativeTypeToScriptingClass (23ms)
	initialDomainReloadingComplete (61ms)
	LoadAllAssembliesAndSetupDomain (500ms)
		LoadAssemblies (644ms)
		RebuildTransferFunctionScriptingTraits (0ms)
		AnalyzeDomain (45ms)
			TypeCache.Refresh (17ms)
				TypeCache.ScanAssembly (1ms)
			ScanForSourceGeneratedMonoScriptInfo (13ms)
			ResolveRequiredComponents (13ms)
	FinalizeReload (1351ms)
		ReleaseScriptCaches (0ms)
		RebuildScriptCaches (0ms)
		SetupLoadedEditorAssemblies (516ms)
			LogAssemblyErrors (0ms)
			InitializePlatformSupportModulesInManaged (22ms)
			SetLoadedEditorAssemblies (5ms)
			RefreshPlugins (0ms)
			BeforeProcessingInitializeOnLoad (65ms)
			ProcessInitializeOnLoadAttributes (372ms)
			ProcessInitializeOnLoadMethodAttributes (48ms)
			AfterProcessingInitializeOnLoad (5ms)
			EditorAssembliesLoaded (0ms)
		ExecutionOrderSort2 (0ms)
		AwakeInstancesAfterBackupRestoration (6ms)
Refreshing native plugins compatible for Editor in 4.39 ms, found 6 plugins.
Preloading 0 native plugins for Editor in 0.00 ms.
Release of invalid GC handle. The handle is from a previous domain. The release operation is skipped.
Release of invalid GC handle native callstack: 
0x00007ff60b1b424d (Unity) StackWalker::GetCurrentCallstack
0x00007ff60b1b9329 (Unity) StackWalker::ShowCallstack
0x00007ff60c1adae1 (Unity) GetStacktrace
0x00007ff60b0af20d (Unity) ScriptingGCHandle::ReleaseAndClear
0x00007ff60b67748c (Unity) UploadHandlerRaw::`vector deleting destructor'
0x00007ff60b67803d (Unity) UploadHandler::Release
0x00007ff60b6748dd (Unity) UnityWebRequestProto<UnityWebRequestTransport,AtomicRefCounter,RedirectHelper,ResponseHelper,DownloadHandler,UploadHandler,CertificateHandler,HeaderHelper,AsyncOperation>::~UnityWebRequestProto<UnityWebRequestTransport,AtomicRefCounter,RedirectHelper,ResponseHelper,DownloadHandler,UploadHandler,CertificateHandler,HeaderHelper,AsyncOperation>
0x00007ff60b674bd6 (Unity) UnityWebRequest::`vector deleting destructor'
0x00007ff60a3c4b77 (Unity) UnityWebRequestProto<UnityWebRequestTransport,AtomicRefCounter,RedirectHelper,ResponseHelper,DownloadHandler,UploadHandler,CertificateHandler,HeaderHelper,AsyncOperation>::Release
0x00007ff60b676605 (Unity) UnityWebRequestAsyncOperation::InvokeCoroutine
0x00007ff60b6767e1 (Unity) UnityWebRequestProto<UnityWebRequestTransport,AtomicRefCounter,RedirectHelper,ResponseHelper,DownloadHandler,UploadHandler,CertificateHandler,HeaderHelper,AsyncOperation>::Job_InvokeCoroutine
0x00007ff60acdb54a (Unity) BackgroundJobQueue::ExecuteMainThreadJobs
0x00007ff60ad9005f (Unity) PreloadManager::WaitForAllAsyncOperationsToComplete
0x00007ff60c553af8 (Unity) <lambda_b37b41f03089e3cb3f55061bbc93253d>::operator()
0x00007ff60c58f422 (Unity) asio::detail::completion_handler<core::mutable_function<void __cdecl(void)>,asio::io_context::basic_executor_type<std::allocator<void>,0> >::do_complete
0x00007ff60c57b3ce (Unity) asio::detail::win_iocp_io_context::do_one
0x00007ff60c57d034 (Unity) asio::detail::win_iocp_io_context::run
0x00007ff60c58d7cc (Unity) IOService::Run
0x00007ff60c560c2f (Unity) AssetImportWorkerClient::Run
0x00007ff60c52c3d7 (Unity) RunAssetImportWorkerClientV2
0x00007ff60c52c45b (Unity) RunAssetImporterV2
0x00007ff60bd231de (Unity) Application::InitializeProject
0x00007ff60c1b8795 (Unity) WinMain
0x00007ff60d5835ce (Unity) __scrt_common_main_seh
0x00007ffa8b87e8d7 (KERNEL32) BaseThreadInitThunk
0x00007ffa8c1714fc (ntdll) RtlUserThreadStart
Unloading 3359 Unused Serialized files (Serialized files now loaded: 0)
Unloading 28 unused Assets / (396.8 KB). Loaded Objects now: 4070.
Memory consumption went from 137.8 MB to 137.4 MB.
Total: 4.160800 ms (FindLiveObjects: 0.219300 ms CreateObjectMapping: 0.099900 ms MarkObjects: 3.597000 ms  DeleteObjects: 0.242900 ms)

Prepare: number of updated asset objects reloaded= 0
AssetImportParameters requested are different than current active one (requested -> active):
  custom:container-demuxer-ogg: 62fdf1f143b41e24485cea50d1cbac27 -> 
  custom:video-codec-MediaFoundation-h265: 746d11721c4dcdbdad8f713fa42b33f4 -> 
  custom:video-decoder-ogg-theora: a1e56fd34408186e4bbccfd4996cb3dc -> 
  custom:framework-win-MediaFoundation: 216162199b28c13a410421893ffa2e32 -> 
  custom:CustomObjectIndexerAttribute: 9a22284fe3817be447336de3de66b15e -> 
  custom:container-demuxer-webm: 4f35f7cbe854078d1ac9338744f61a02 -> 
  custom:container-muxer-webm: aa71ff27fc2769a1b78a27578f13a17b -> 
  custom:video-decoder-webm-vp8: 9c59270c3fd7afecdb556c50c9e8de78 -> 
  custom:SearchIndexIgnoredProperties: e643bd26f0fe6173181afceb89e7c659 -> 
  custom:AudioImporter_EditorPlatform: d09bf68614088b80899f8185d706f6e7 -> 
  custom:video-encoder-webm-vp8: eb34c28f22e8b96e1ab97ce403110664 -> 
  custom:audio-decoder-ogg-vorbis: bf7c407c2cedff20999df2af8eb42d56 -> 
  custom:audio-encoder-webm-vorbis: bf7c407c2cedff20999df2af8eb42d56 -> 
  custom:scripting/precompiled-assembly-types:Assembly-CSharp: b8fdb7e526e0f6ec6672fae11c310fc0 -> d0e4d9b8e3191607d5c08abaebdab676
========================================================================
Received Prepare
Caller must complete domain reload
Begin MonoManager ReloadAssembly
- Loaded All Assemblies, in  0.430 seconds
Native extension for WindowsStandalone target not found
Native extension for Android target not found
Native extension for WebGL target not found
[Package Manager] Server::EnsureServerProcessIsRunning -- launch failed, reason: Unity was launched with the -noUpm command-line argument
[Package Manager] UpmClient::Send -- Unable to send message (not connected to UPM process).
[Package Manager] Cannot connect to Unity Package Manager local server
Failed to sync packages list
UnityEngine.StackTraceUtility:ExtractStackTrace ()
UnityEngine.DebugLogHandler:LogFormat (UnityEngine.LogType,UnityEngine.Object,string,object[])
UnityEngine.Logger:Log (UnityEngine.LogType,object)
UnityEngine.Debug:LogWarning (object)
 .  / :MoveNext ()
System.Runtime.CompilerServices.AsyncVoidMethodBuilder:Start< .  / > ( .  / &)
 .  :  ()
 .⁪/ :MoveNext ()
System.Runtime.CompilerServices.AsyncTaskMethodBuilder:Start< .⁪/ > ( .⁪/ &)
 .⁪:  ()
System.Reflection.RuntimeMethodInfo:Invoke (object,System.Reflection.BindingFlags,System.Reflection.Binder,object[],System.Globalization.CultureInfo)
System.Reflection.MethodBase:Invoke (object,object[])
UnityEditor.EditorAssemblies:ProcessInitializeOnLoadMethodAttributes ()

Mono: successfully reloaded assembly
- Finished resetting the current domain, in  1.011 seconds
Domain Reload Profiling: 1439ms
	BeginReloadAssembly (144ms)
		ExecutionOrderSort (0ms)
		DisableScriptedObjects (6ms)
		BackupInstance (0ms)
		ReleaseScriptingObjects (0ms)
		CreateAndSetChildDomain (30ms)
	RebuildCommonClasses (31ms)
	RebuildNativeTypeToScriptingClass (10ms)
	initialDomainReloadingComplete (27ms)
	LoadAllAssembliesAndSetupDomain (216ms)
		LoadAssemblies (271ms)
		RebuildTransferFunctionScriptingTraits (0ms)
		AnalyzeDomain (18ms)
			TypeCache.Refresh (7ms)
				TypeCache.ScanAssembly (0ms)
			ScanForSourceGeneratedMonoScriptInfo (0ms)
			ResolveRequiredComponents (9ms)
	FinalizeReload (1011ms)
		ReleaseScriptCaches (0ms)
		RebuildScriptCaches (0ms)
		SetupLoadedEditorAssemblies (580ms)
			LogAssemblyErrors (0ms)
			InitializePlatformSupportModulesInManaged (19ms)
			SetLoadedEditorAssemblies (4ms)
			RefreshPlugins (0ms)
			BeforeProcessingInitializeOnLoad (73ms)
			ProcessInitializeOnLoadAttributes (424ms)
			ProcessInitializeOnLoadMethodAttributes (55ms)
			AfterProcessingInitializeOnLoad (5ms)
			EditorAssembliesLoaded (0ms)
		ExecutionOrderSort2 (0ms)
		AwakeInstancesAfterBackupRestoration (8ms)
Refreshing native plugins compatible for Editor in 4.25 ms, found 6 plugins.
Preloading 0 native plugins for Editor in 0.00 ms.
Release of invalid GC handle. The handle is from a previous domain. The release operation is skipped.
Release of invalid GC handle native callstack: 
0x00007ff60b1b424d (Unity) StackWalker::GetCurrentCallstack
0x00007ff60b1b9329 (Unity) StackWalker::ShowCallstack
0x00007ff60c1adae1 (Unity) GetStacktrace
0x00007ff60b0af20d (Unity) ScriptingGCHandle::ReleaseAndClear
0x00007ff60b67748c (Unity) UploadHandlerRaw::`vector deleting destructor'
0x00007ff60b67803d (Unity) UploadHandler::Release
0x00007ff60b6748dd (Unity) UnityWebRequestProto<UnityWebRequestTransport,AtomicRefCounter,RedirectHelper,ResponseHelper,DownloadHandler,UploadHandler,CertificateHandler,HeaderHelper,AsyncOperation>::~UnityWebRequestProto<UnityWebRequestTransport,AtomicRefCounter,RedirectHelper,ResponseHelper,DownloadHandler,UploadHandler,CertificateHandler,HeaderHelper,AsyncOperation>
0x00007ff60b674bd6 (Unity) UnityWebRequest::`vector deleting destructor'
0x00007ff60a3c4b77 (Unity) UnityWebRequestProto<UnityWebRequestTransport,AtomicRefCounter,RedirectHelper,ResponseHelper,DownloadHandler,UploadHandler,CertificateHandler,HeaderHelper,AsyncOperation>::Release
0x00007ff60b676605 (Unity) UnityWebRequestAsyncOperation::InvokeCoroutine
0x00007ff60b6767e1 (Unity) UnityWebRequestProto<UnityWebRequestTransport,AtomicRefCounter,RedirectHelper,ResponseHelper,DownloadHandler,UploadHandler,CertificateHandler,HeaderHelper,AsyncOperation>::Job_InvokeCoroutine
0x00007ff60acdb54a (Unity) BackgroundJobQueue::ExecuteMainThreadJobs
0x00007ff60ad9005f (Unity) PreloadManager::WaitForAllAsyncOperationsToComplete
0x00007ff60c553af8 (Unity) <lambda_b37b41f03089e3cb3f55061bbc93253d>::operator()
0x00007ff60c58f422 (Unity) asio::detail::completion_handler<core::mutable_function<void __cdecl(void)>,asio::io_context::basic_executor_type<std::allocator<void>,0> >::do_complete
0x00007ff60c57b3ce (Unity) asio::detail::win_iocp_io_context::do_one
0x00007ff60c57d034 (Unity) asio::detail::win_iocp_io_context::run
0x00007ff60c58d7cc (Unity) IOService::Run
0x00007ff60c560c2f (Unity) AssetImportWorkerClient::Run
0x00007ff60c52c3d7 (Unity) RunAssetImportWorkerClientV2
0x00007ff60c52c45b (Unity) RunAssetImporterV2
0x00007ff60bd231de (Unity) Application::InitializeProject
0x00007ff60c1b8795 (Unity) WinMain
0x00007ff60d5835ce (Unity) __scrt_common_main_seh
0x00007ffa8b87e8d7 (KERNEL32) BaseThreadInitThunk
0x00007ffa8c1714fc (ntdll) RtlUserThreadStart
Unloading 3359 Unused Serialized files (Serialized files now loaded: 0)
Unloading 28 unused Assets / (397.1 KB). Loaded Objects now: 4075.
Memory consumption went from 138.0 MB to 137.6 MB.
Total: 5.004600 ms (FindLiveObjects: 0.244200 ms CreateObjectMapping: 0.103700 ms MarkObjects: 4.309800 ms  DeleteObjects: 0.345700 ms)

Prepare: number of updated asset objects reloaded= 0
AssetImportParameters requested are different than current active one (requested -> active):
  custom:container-demuxer-ogg: 62fdf1f143b41e24485cea50d1cbac27 -> 
  custom:video-codec-MediaFoundation-h265: 746d11721c4dcdbdad8f713fa42b33f4 -> 
  custom:video-decoder-ogg-theora: a1e56fd34408186e4bbccfd4996cb3dc -> 
  custom:framework-win-MediaFoundation: 216162199b28c13a410421893ffa2e32 -> 
  custom:CustomObjectIndexerAttribute: 9a22284fe3817be447336de3de66b15e -> 
  custom:container-demuxer-webm: 4f35f7cbe854078d1ac9338744f61a02 -> 
  custom:container-muxer-webm: aa71ff27fc2769a1b78a27578f13a17b -> 
  custom:video-decoder-webm-vp8: 9c59270c3fd7afecdb556c50c9e8de78 -> 
  custom:SearchIndexIgnoredProperties: e643bd26f0fe6173181afceb89e7c659 -> 
  custom:AudioImporter_EditorPlatform: d09bf68614088b80899f8185d706f6e7 -> 
  custom:video-encoder-webm-vp8: eb34c28f22e8b96e1ab97ce403110664 -> 
  custom:audio-decoder-ogg-vorbis: bf7c407c2cedff20999df2af8eb42d56 -> 
  custom:audio-encoder-webm-vorbis: bf7c407c2cedff20999df2af8eb42d56 -> 
  custom:scripting/precompiled-assembly-types:Assembly-CSharp: b8fdb7e526e0f6ec6672fae11c310fc0 -> d0e4d9b8e3191607d5c08abaebdab676
========================================================================
Received Prepare
Caller must complete domain reload
Begin MonoManager ReloadAssembly
- Loaded All Assemblies, in  0.536 seconds
Native extension for WindowsStandalone target not found
Native extension for Android target not found
Native extension for WebGL target not found
[Package Manager] Server::EnsureServerProcessIsRunning -- launch failed, reason: Unity was launched with the -noUpm command-line argument
[Package Manager] UpmClient::Send -- Unable to send message (not connected to UPM process).
[Package Manager] Cannot connect to Unity Package Manager local server
Failed to sync packages list
UnityEngine.StackTraceUtility:ExtractStackTrace ()
UnityEngine.DebugLogHandler:LogFormat (UnityEngine.LogType,UnityEngine.Object,string,object[])
UnityEngine.Logger:Log (UnityEngine.LogType,object)
UnityEngine.Debug:LogWarning (object)
 .  / :MoveNext ()
System.Runtime.CompilerServices.AsyncVoidMethodBuilder:Start< .  / > ( .  / &)
 .  :  ()
 .⁪/ :MoveNext ()
System.Runtime.CompilerServices.AsyncTaskMethodBuilder:Start< .⁪/ > ( .⁪/ &)
 .⁪:  ()
System.Reflection.RuntimeMethodInfo:Invoke (object,System.Reflection.BindingFlags,System.Reflection.Binder,object[],System.Globalization.CultureInfo)
System.Reflection.MethodBase:Invoke (object,object[])
UnityEditor.EditorAssemblies:ProcessInitializeOnLoadMethodAttributes ()

Mono: successfully reloaded assembly
- Finished resetting the current domain, in  1.837 seconds
Domain Reload Profiling: 2372ms
	BeginReloadAssembly (181ms)
		ExecutionOrderSort (0ms)
		DisableScriptedObjects (5ms)
		BackupInstance (0ms)
		ReleaseScriptingObjects (0ms)
		CreateAndSetChildDomain (36ms)
	RebuildCommonClasses (39ms)
	RebuildNativeTypeToScriptingClass (11ms)
	initialDomainReloadingComplete (36ms)
	LoadAllAssembliesAndSetupDomain (267ms)
		LoadAssemblies (357ms)
		RebuildTransferFunctionScriptingTraits (0ms)
		AnalyzeDomain (15ms)
			TypeCache.Refresh (6ms)
				TypeCache.ScanAssembly (0ms)
			ScanForSourceGeneratedMonoScriptInfo (0ms)
			ResolveRequiredComponents (7ms)
	FinalizeReload (1838ms)
		ReleaseScriptCaches (0ms)
		RebuildScriptCaches (0ms)
		SetupLoadedEditorAssemblies (624ms)
			LogAssemblyErrors (0ms)
			InitializePlatformSupportModulesInManaged (24ms)
			SetLoadedEditorAssemblies (5ms)
			RefreshPlugins (0ms)
			BeforeProcessingInitializeOnLoad (74ms)
			ProcessInitializeOnLoadAttributes (457ms)
			ProcessInitializeOnLoadMethodAttributes (59ms)
			AfterProcessingInitializeOnLoad (5ms)
			EditorAssembliesLoaded (0ms)
		ExecutionOrderSort2 (0ms)
		AwakeInstancesAfterBackupRestoration (8ms)
Refreshing native plugins compatible for Editor in 4.82 ms, found 6 plugins.
Preloading 0 native plugins for Editor in 0.00 ms.
Release of invalid GC handle. The handle is from a previous domain. The release operation is skipped.
Release of invalid GC handle native callstack: 
0x00007ff60b1b424d (Unity) StackWalker::GetCurrentCallstack
0x00007ff60b1b9329 (Unity) StackWalker::ShowCallstack
0x00007ff60c1adae1 (Unity) GetStacktrace
0x00007ff60b0af20d (Unity) ScriptingGCHandle::ReleaseAndClear
0x00007ff60b67748c (Unity) UploadHandlerRaw::`vector deleting destructor'
0x00007ff60b67803d (Unity) UploadHandler::Release
0x00007ff60b6748dd (Unity) UnityWebRequestProto<UnityWebRequestTransport,AtomicRefCounter,RedirectHelper,ResponseHelper,DownloadHandler,UploadHandler,CertificateHandler,HeaderHelper,AsyncOperation>::~UnityWebRequestProto<UnityWebRequestTransport,AtomicRefCounter,RedirectHelper,ResponseHelper,DownloadHandler,UploadHandler,CertificateHandler,HeaderHelper,AsyncOperation>
0x00007ff60b674bd6 (Unity) UnityWebRequest::`vector deleting destructor'
0x00007ff60a3c4b77 (Unity) UnityWebRequestProto<UnityWebRequestTransport,AtomicRefCounter,RedirectHelper,ResponseHelper,DownloadHandler,UploadHandler,CertificateHandler,HeaderHelper,AsyncOperation>::Release
0x00007ff60b676605 (Unity) UnityWebRequestAsyncOperation::InvokeCoroutine
0x00007ff60b6767e1 (Unity) UnityWebRequestProto<UnityWebRequestTransport,AtomicRefCounter,RedirectHelper,ResponseHelper,DownloadHandler,UploadHandler,CertificateHandler,HeaderHelper,AsyncOperation>::Job_InvokeCoroutine
0x00007ff60acdb54a (Unity) BackgroundJobQueue::ExecuteMainThreadJobs
0x00007ff60ad9005f (Unity) PreloadManager::WaitForAllAsyncOperationsToComplete
0x00007ff60c553af8 (Unity) <lambda_b37b41f03089e3cb3f55061bbc93253d>::operator()
0x00007ff60c58f422 (Unity) asio::detail::completion_handler<core::mutable_function<void __cdecl(void)>,asio::io_context::basic_executor_type<std::allocator<void>,0> >::do_complete
0x00007ff60c57b3ce (Unity) asio::detail::win_iocp_io_context::do_one
0x00007ff60c57d034 (Unity) asio::detail::win_iocp_io_context::run
0x00007ff60c58d7cc (Unity) IOService::Run
0x00007ff60c560c2f (Unity) AssetImportWorkerClient::Run
0x00007ff60c52c3d7 (Unity) RunAssetImportWorkerClientV2
0x00007ff60c52c45b (Unity) RunAssetImporterV2
0x00007ff60bd231de (Unity) Application::InitializeProject
0x00007ff60c1b8795 (Unity) WinMain
0x00007ff60d5835ce (Unity) __scrt_common_main_seh
0x00007ffa8b87e8d7 (KERNEL32) BaseThreadInitThunk
0x00007ffa8c1714fc (ntdll) RtlUserThreadStart
Unloading 3359 Unused Serialized files (Serialized files now loaded: 0)
Unloading 28 unused Assets / (375.3 KB). Loaded Objects now: 4080.
Memory consumption went from 126.1 MB to 125.7 MB.
Total: 4.949100 ms (FindLiveObjects: 0.370800 ms CreateObjectMapping: 0.098500 ms MarkObjects: 4.192500 ms  DeleteObjects: 0.285700 ms)

Prepare: number of updated asset objects reloaded= 0
AssetImportParameters requested are different than current active one (requested -> active):
  custom:container-demuxer-ogg: 62fdf1f143b41e24485cea50d1cbac27 -> 
  custom:video-codec-MediaFoundation-h265: 746d11721c4dcdbdad8f713fa42b33f4 -> 
  custom:video-decoder-ogg-theora: a1e56fd34408186e4bbccfd4996cb3dc -> 
  custom:framework-win-MediaFoundation: 216162199b28c13a410421893ffa2e32 -> 
  custom:CustomObjectIndexerAttribute: 9a22284fe3817be447336de3de66b15e -> 
  custom:container-demuxer-webm: 4f35f7cbe854078d1ac9338744f61a02 -> 
  custom:container-muxer-webm: aa71ff27fc2769a1b78a27578f13a17b -> 
  custom:video-decoder-webm-vp8: 9c59270c3fd7afecdb556c50c9e8de78 -> 
  custom:SearchIndexIgnoredProperties: e643bd26f0fe6173181afceb89e7c659 -> 
  custom:AudioImporter_EditorPlatform: d09bf68614088b80899f8185d706f6e7 -> 
  custom:video-encoder-webm-vp8: eb34c28f22e8b96e1ab97ce403110664 -> 
  custom:audio-decoder-ogg-vorbis: bf7c407c2cedff20999df2af8eb42d56 -> 
  custom:audio-encoder-webm-vorbis: bf7c407c2cedff20999df2af8eb42d56 -> 
  custom:scripting/precompiled-assembly-types:Assembly-CSharp: b8fdb7e526e0f6ec6672fae11c310fc0 -> d0e4d9b8e3191607d5c08abaebdab676
========================================================================
Received Prepare
Caller must complete domain reload
Begin MonoManager ReloadAssembly
- Loaded All Assemblies, in  0.490 seconds
Native extension for WindowsStandalone target not found
Native extension for Android target not found
Native extension for WebGL target not found
[Package Manager] Server::EnsureServerProcessIsRunning -- launch failed, reason: Unity was launched with the -noUpm command-line argument
[Package Manager] UpmClient::Send -- Unable to send message (not connected to UPM process).
[Package Manager] Cannot connect to Unity Package Manager local server
Failed to sync packages list
UnityEngine.StackTraceUtility:ExtractStackTrace ()
UnityEngine.DebugLogHandler:LogFormat (UnityEngine.LogType,UnityEngine.Object,string,object[])
UnityEngine.Logger:Log (UnityEngine.LogType,object)
UnityEngine.Debug:LogWarning (object)
 .  / :MoveNext ()
System.Runtime.CompilerServices.AsyncVoidMethodBuilder:Start< .  / > ( .  / &)
 .  :  ()
 .⁪/ :MoveNext ()
System.Runtime.CompilerServices.AsyncTaskMethodBuilder:Start< .⁪/ > ( .⁪/ &)
 .⁪:  ()
System.Reflection.RuntimeMethodInfo:Invoke (object,System.Reflection.BindingFlags,System.Reflection.Binder,object[],System.Globalization.CultureInfo)
System.Reflection.MethodBase:Invoke (object,object[])
UnityEditor.EditorAssemblies:ProcessInitializeOnLoadMethodAttributes ()

Mono: successfully reloaded assembly
- Finished resetting the current domain, in  1.030 seconds
Domain Reload Profiling: 1518ms
	BeginReloadAssembly (175ms)
		ExecutionOrderSort (0ms)
		DisableScriptedObjects (6ms)
		BackupInstance (0ms)
		ReleaseScriptingObjects (0ms)
		CreateAndSetChildDomain (43ms)
	RebuildCommonClasses (31ms)
	RebuildNativeTypeToScriptingClass (11ms)
	initialDomainReloadingComplete (27ms)
	LoadAllAssembliesAndSetupDomain (242ms)
		LoadAssemblies (317ms)
		RebuildTransferFunctionScriptingTraits (0ms)
		AnalyzeDomain (14ms)
			TypeCache.Refresh (6ms)
				TypeCache.ScanAssembly (0ms)
			ScanForSourceGeneratedMonoScriptInfo (0ms)
			ResolveRequiredComponents (6ms)
	FinalizeReload (1031ms)
		ReleaseScriptCaches (0ms)
		RebuildScriptCaches (0ms)
		SetupLoadedEditorAssemblies (611ms)
			LogAssemblyErrors (0ms)
			InitializePlatformSupportModulesInManaged (22ms)
			SetLoadedEditorAssemblies (4ms)
			RefreshPlugins (0ms)
			BeforeProcessingInitializeOnLoad (73ms)
			ProcessInitializeOnLoadAttributes (447ms)
			ProcessInitializeOnLoadMethodAttributes (60ms)
			AfterProcessingInitializeOnLoad (5ms)
			EditorAssembliesLoaded (0ms)
		ExecutionOrderSort2 (0ms)
		AwakeInstancesAfterBackupRestoration (8ms)
Refreshing native plugins compatible for Editor in 4.60 ms, found 6 plugins.
Preloading 0 native plugins for Editor in 0.00 ms.
Release of invalid GC handle. The handle is from a previous domain. The release operation is skipped.
Release of invalid GC handle native callstack: 
0x00007ff60b1b424d (Unity) StackWalker::GetCurrentCallstack
0x00007ff60b1b9329 (Unity) StackWalker::ShowCallstack
0x00007ff60c1adae1 (Unity) GetStacktrace
0x00007ff60b0af20d (Unity) ScriptingGCHandle::ReleaseAndClear
0x00007ff60b67748c (Unity) UploadHandlerRaw::`vector deleting destructor'
0x00007ff60b67803d (Unity) UploadHandler::Release
0x00007ff60b6748dd (Unity) UnityWebRequestProto<UnityWebRequestTransport,AtomicRefCounter,RedirectHelper,ResponseHelper,DownloadHandler,UploadHandler,CertificateHandler,HeaderHelper,AsyncOperation>::~UnityWebRequestProto<UnityWebRequestTransport,AtomicRefCounter,RedirectHelper,ResponseHelper,DownloadHandler,UploadHandler,CertificateHandler,HeaderHelper,AsyncOperation>
0x00007ff60b674bd6 (Unity) UnityWebRequest::`vector deleting destructor'
0x00007ff60a3c4b77 (Unity) UnityWebRequestProto<UnityWebRequestTransport,AtomicRefCounter,RedirectHelper,ResponseHelper,DownloadHandler,UploadHandler,CertificateHandler,HeaderHelper,AsyncOperation>::Release
0x00007ff60b676605 (Unity) UnityWebRequestAsyncOperation::InvokeCoroutine
0x00007ff60b6767e1 (Unity) UnityWebRequestProto<UnityWebRequestTransport,AtomicRefCounter,RedirectHelper,ResponseHelper,DownloadHandler,UploadHandler,CertificateHandler,HeaderHelper,AsyncOperation>::Job_InvokeCoroutine
0x00007ff60acdb54a (Unity) BackgroundJobQueue::ExecuteMainThreadJobs
0x00007ff60ad9005f (Unity) PreloadManager::WaitForAllAsyncOperationsToComplete
0x00007ff60c553af8 (Unity) <lambda_b37b41f03089e3cb3f55061bbc93253d>::operator()
0x00007ff60c58f422 (Unity) asio::detail::completion_handler<core::mutable_function<void __cdecl(void)>,asio::io_context::basic_executor_type<std::allocator<void>,0> >::do_complete
0x00007ff60c57b3ce (Unity) asio::detail::win_iocp_io_context::do_one
0x00007ff60c57d034 (Unity) asio::detail::win_iocp_io_context::run
0x00007ff60c58d7cc (Unity) IOService::Run
0x00007ff60c560c2f (Unity) AssetImportWorkerClient::Run
0x00007ff60c52c3d7 (Unity) RunAssetImportWorkerClientV2
0x00007ff60c52c45b (Unity) RunAssetImporterV2
0x00007ff60bd231de (Unity) Application::InitializeProject
0x00007ff60c1b8795 (Unity) WinMain
0x00007ff60d5835ce (Unity) __scrt_common_main_seh
0x00007ffa8b87e8d7 (KERNEL32) BaseThreadInitThunk
0x00007ffa8c1714fc (ntdll) RtlUserThreadStart
Unloading 3359 Unused Serialized files (Serialized files now loaded: 0)
Unloading 28 unused Assets / (396.8 KB). Loaded Objects now: 4085.
Memory consumption went from 138.3 MB to 137.9 MB.
Total: 4.094100 ms (FindLiveObjects: 0.242400 ms CreateObjectMapping: 0.122900 ms MarkObjects: 3.483900 ms  DeleteObjects: 0.243600 ms)

Prepare: number of updated asset objects reloaded= 0
AssetImportParameters requested are different than current active one (requested -> active):
  custom:container-demuxer-ogg: 62fdf1f143b41e24485cea50d1cbac27 -> 
  custom:video-codec-MediaFoundation-h265: 746d11721c4dcdbdad8f713fa42b33f4 -> 
  custom:video-decoder-ogg-theora: a1e56fd34408186e4bbccfd4996cb3dc -> 
  custom:framework-win-MediaFoundation: 216162199b28c13a410421893ffa2e32 -> 
  custom:CustomObjectIndexerAttribute: 9a22284fe3817be447336de3de66b15e -> 
  custom:container-demuxer-webm: 4f35f7cbe854078d1ac9338744f61a02 -> 
  custom:container-muxer-webm: aa71ff27fc2769a1b78a27578f13a17b -> 
  custom:video-decoder-webm-vp8: 9c59270c3fd7afecdb556c50c9e8de78 -> 
  custom:SearchIndexIgnoredProperties: e643bd26f0fe6173181afceb89e7c659 -> 
  custom:AudioImporter_EditorPlatform: d09bf68614088b80899f8185d706f6e7 -> 
  custom:video-encoder-webm-vp8: eb34c28f22e8b96e1ab97ce403110664 -> 
  custom:audio-decoder-ogg-vorbis: bf7c407c2cedff20999df2af8eb42d56 -> 
  custom:audio-encoder-webm-vorbis: bf7c407c2cedff20999df2af8eb42d56 -> 
  custom:scripting/precompiled-assembly-types:Assembly-CSharp: b8fdb7e526e0f6ec6672fae11c310fc0 -> d0e4d9b8e3191607d5c08abaebdab676
========================================================================
Received Import Request.
  Time since last request: 481966.321401 seconds.
  path: Assets/Resources/Controls/Joystick.prefab
  artifactKey: Guid(e0815e227ed46e445b99930271e8942c) Importer(815301076,1909f56bfc062723c751e8b465ee728b)
Start importing Assets/Resources/Controls/Joystick.prefab using Guid(e0815e227ed46e445b99930271e8942c) Importer(815301076,1909f56bfc062723c751e8b465ee728b) [PhysX] Initialized MultithreadedTaskDispatcher with 12 workers.
 -> (artifact id: '3a5ffca8f3057ae5d36af2a274c47438') in 0.086404 seconds
Number of updated asset objects reloaded before import = 0
Number of asset objects unloaded after import = 13
========================================================================
Received Prepare
Caller must complete domain reload
Begin MonoManager ReloadAssembly
- Loaded All Assemblies, in  0.460 seconds
Native extension for WindowsStandalone target not found
Native extension for Android target not found
Native extension for WebGL target not found
[Package Manager] Server::EnsureServerProcessIsRunning -- launch failed, reason: Unity was launched with the -noUpm command-line argument
[Package Manager] UpmClient::Send -- Unable to send message (not connected to UPM process).
[Package Manager] Cannot connect to Unity Package Manager local server
Failed to sync packages list
UnityEngine.StackTraceUtility:ExtractStackTrace ()
UnityEngine.DebugLogHandler:LogFormat (UnityEngine.LogType,UnityEngine.Object,string,object[])
UnityEngine.Logger:Log (UnityEngine.LogType,object)
UnityEngine.Debug:LogWarning (object)
 .  / :MoveNext ()
System.Runtime.CompilerServices.AsyncVoidMethodBuilder:Start< .  / > ( .  / &)
 .  :  ()
 .⁪/ :MoveNext ()
System.Runtime.CompilerServices.AsyncTaskMethodBuilder:Start< .⁪/ > ( .⁪/ &)
 .⁪:  ()
System.Reflection.RuntimeMethodInfo:Invoke (object,System.Reflection.BindingFlags,System.Reflection.Binder,object[],System.Globalization.CultureInfo)
System.Reflection.MethodBase:Invoke (object,object[])
UnityEditor.EditorAssemblies:ProcessInitializeOnLoadMethodAttributes ()

Mono: successfully reloaded assembly
- Finished resetting the current domain, in  1.073 seconds
Domain Reload Profiling: 1532ms
	BeginReloadAssembly (160ms)
		ExecutionOrderSort (0ms)
		DisableScriptedObjects (5ms)
		BackupInstance (0ms)
		ReleaseScriptingObjects (0ms)
		CreateAndSetChildDomain (40ms)
	RebuildCommonClasses (37ms)
	RebuildNativeTypeToScriptingClass (11ms)
	initialDomainReloadingComplete (27ms)
	LoadAllAssembliesAndSetupDomain (224ms)
		LoadAssemblies (288ms)
		RebuildTransferFunctionScriptingTraits (0ms)
		AnalyzeDomain (15ms)
			TypeCache.Refresh (6ms)
				TypeCache.ScanAssembly (0ms)
			ScanForSourceGeneratedMonoScriptInfo (0ms)
			ResolveRequiredComponents (6ms)
	FinalizeReload (1074ms)
		ReleaseScriptCaches (0ms)
		RebuildScriptCaches (0ms)
		SetupLoadedEditorAssemblies (636ms)
			LogAssemblyErrors (0ms)
			InitializePlatformSupportModulesInManaged (24ms)
			SetLoadedEditorAssemblies (3ms)
			RefreshPlugins (0ms)
			BeforeProcessingInitializeOnLoad (66ms)
			ProcessInitializeOnLoadAttributes (477ms)
			ProcessInitializeOnLoadMethodAttributes (59ms)
			AfterProcessingInitializeOnLoad (6ms)
			EditorAssembliesLoaded (0ms)
		ExecutionOrderSort2 (0ms)
		AwakeInstancesAfterBackupRestoration (11ms)
Refreshing native plugins compatible for Editor in 4.58 ms, found 6 plugins.
Preloading 0 native plugins for Editor in 0.00 ms.
Release of invalid GC handle. The handle is from a previous domain. The release operation is skipped.
Release of invalid GC handle native callstack: 
0x00007ff60b1b424d (Unity) StackWalker::GetCurrentCallstack
0x00007ff60b1b9329 (Unity) StackWalker::ShowCallstack
0x00007ff60c1adae1 (Unity) GetStacktrace
0x00007ff60b0af20d (Unity) ScriptingGCHandle::ReleaseAndClear
0x00007ff60b67748c (Unity) UploadHandlerRaw::`vector deleting destructor'
0x00007ff60b67803d (Unity) UploadHandler::Release
0x00007ff60b6748dd (Unity) UnityWebRequestProto<UnityWebRequestTransport,AtomicRefCounter,RedirectHelper,ResponseHelper,DownloadHandler,UploadHandler,CertificateHandler,HeaderHelper,AsyncOperation>::~UnityWebRequestProto<UnityWebRequestTransport,AtomicRefCounter,RedirectHelper,ResponseHelper,DownloadHandler,UploadHandler,CertificateHandler,HeaderHelper,AsyncOperation>
0x00007ff60b674bd6 (Unity) UnityWebRequest::`vector deleting destructor'
0x00007ff60a3c4b77 (Unity) UnityWebRequestProto<UnityWebRequestTransport,AtomicRefCounter,RedirectHelper,ResponseHelper,DownloadHandler,UploadHandler,CertificateHandler,HeaderHelper,AsyncOperation>::Release
0x00007ff60b676605 (Unity) UnityWebRequestAsyncOperation::InvokeCoroutine
0x00007ff60b6767e1 (Unity) UnityWebRequestProto<UnityWebRequestTransport,AtomicRefCounter,RedirectHelper,ResponseHelper,DownloadHandler,UploadHandler,CertificateHandler,HeaderHelper,AsyncOperation>::Job_InvokeCoroutine
0x00007ff60acdb54a (Unity) BackgroundJobQueue::ExecuteMainThreadJobs
0x00007ff60ad9005f (Unity) PreloadManager::WaitForAllAsyncOperationsToComplete
0x00007ff60c553af8 (Unity) <lambda_b37b41f03089e3cb3f55061bbc93253d>::operator()
0x00007ff60c58f422 (Unity) asio::detail::completion_handler<core::mutable_function<void __cdecl(void)>,asio::io_context::basic_executor_type<std::allocator<void>,0> >::do_complete
0x00007ff60c57b3ce (Unity) asio::detail::win_iocp_io_context::do_one
0x00007ff60c57d034 (Unity) asio::detail::win_iocp_io_context::run
0x00007ff60c58d7cc (Unity) IOService::Run
0x00007ff60c560c2f (Unity) AssetImportWorkerClient::Run
0x00007ff60c52c3d7 (Unity) RunAssetImportWorkerClientV2
0x00007ff60c52c45b (Unity) RunAssetImporterV2
0x00007ff60bd231de (Unity) Application::InitializeProject
0x00007ff60c1b8795 (Unity) WinMain
0x00007ff60d5835ce (Unity) __scrt_common_main_seh
0x00007ffa8b87e8d7 (KERNEL32) BaseThreadInitThunk
0x00007ffa8c1714fc (ntdll) RtlUserThreadStart
Unloading 3358 Unused Serialized files (Serialized files now loaded: 0)
Unloading 28 unused Assets / (397.0 KB). Loaded Objects now: 4091.
Memory consumption went from 138.3 MB to 137.9 MB.
Total: 4.914300 ms (FindLiveObjects: 0.440300 ms CreateObjectMapping: 0.155700 ms MarkObjects: 3.988700 ms  DeleteObjects: 0.328100 ms)

Prepare: number of updated asset objects reloaded= 0
AssetImportParameters requested are different than current active one (requested -> active):
  custom:container-demuxer-ogg: 62fdf1f143b41e24485cea50d1cbac27 -> 
  custom:video-codec-MediaFoundation-h265: 746d11721c4dcdbdad8f713fa42b33f4 -> 
  custom:video-decoder-ogg-theora: a1e56fd34408186e4bbccfd4996cb3dc -> 
  custom:framework-win-MediaFoundation: 216162199b28c13a410421893ffa2e32 -> 
  custom:CustomObjectIndexerAttribute: 9a22284fe3817be447336de3de66b15e -> 
  custom:container-demuxer-webm: 4f35f7cbe854078d1ac9338744f61a02 -> 
  custom:container-muxer-webm: aa71ff27fc2769a1b78a27578f13a17b -> 
  custom:video-decoder-webm-vp8: 9c59270c3fd7afecdb556c50c9e8de78 -> 
  custom:SearchIndexIgnoredProperties: e643bd26f0fe6173181afceb89e7c659 -> 
  custom:AudioImporter_EditorPlatform: d09bf68614088b80899f8185d706f6e7 -> 
  custom:video-encoder-webm-vp8: eb34c28f22e8b96e1ab97ce403110664 -> 
  custom:audio-decoder-ogg-vorbis: bf7c407c2cedff20999df2af8eb42d56 -> 
  custom:audio-encoder-webm-vorbis: bf7c407c2cedff20999df2af8eb42d56 -> 
  custom:scripting/precompiled-assembly-types:Assembly-CSharp: b8fdb7e526e0f6ec6672fae11c310fc0 -> d0e4d9b8e3191607d5c08abaebdab676
========================================================================
Received Prepare
Caller must complete domain reload
Begin MonoManager ReloadAssembly
- Loaded All Assemblies, in  0.454 seconds
Native extension for WindowsStandalone target not found
Native extension for Android target not found
Native extension for WebGL target not found
[Package Manager] Server::EnsureServerProcessIsRunning -- launch failed, reason: Unity was launched with the -noUpm command-line argument
[Package Manager] UpmClient::Send -- Unable to send message (not connected to UPM process).
[Package Manager] Cannot connect to Unity Package Manager local server
Failed to sync packages list
UnityEngine.StackTraceUtility:ExtractStackTrace ()
UnityEngine.DebugLogHandler:LogFormat (UnityEngine.LogType,UnityEngine.Object,string,object[])
UnityEngine.Logger:Log (UnityEngine.LogType,object)
UnityEngine.Debug:LogWarning (object)
 .  / :MoveNext ()
System.Runtime.CompilerServices.AsyncVoidMethodBuilder:Start< .  / > ( .  / &)
 .  :  ()
 .⁪/ :MoveNext ()
System.Runtime.CompilerServices.AsyncTaskMethodBuilder:Start< .⁪/ > ( .⁪/ &)
 .⁪:  ()
System.Reflection.RuntimeMethodInfo:Invoke (object,System.Reflection.BindingFlags,System.Reflection.Binder,object[],System.Globalization.CultureInfo)
System.Reflection.MethodBase:Invoke (object,object[])
UnityEditor.EditorAssemblies:ProcessInitializeOnLoadMethodAttributes ()

Mono: successfully reloaded assembly
- Finished resetting the current domain, in  0.984 seconds
Domain Reload Profiling: 1437ms
	BeginReloadAssembly (163ms)
		ExecutionOrderSort (0ms)
		DisableScriptedObjects (5ms)
		BackupInstance (0ms)
		ReleaseScriptingObjects (0ms)
		CreateAndSetChildDomain (36ms)
	RebuildCommonClasses (32ms)
	RebuildNativeTypeToScriptingClass (10ms)
	initialDomainReloadingComplete (28ms)
	LoadAllAssembliesAndSetupDomain (219ms)
		LoadAssemblies (293ms)
		RebuildTransferFunctionScriptingTraits (0ms)
		AnalyzeDomain (14ms)
			TypeCache.Refresh (6ms)
				TypeCache.ScanAssembly (0ms)
			ScanForSourceGeneratedMonoScriptInfo (0ms)
			ResolveRequiredComponents (6ms)
	FinalizeReload (985ms)
		ReleaseScriptCaches (0ms)
		RebuildScriptCaches (0ms)
		SetupLoadedEditorAssemblies (588ms)
			LogAssemblyErrors (0ms)
			InitializePlatformSupportModulesInManaged (23ms)
			SetLoadedEditorAssemblies (3ms)
			RefreshPlugins (0ms)
			BeforeProcessingInitializeOnLoad (66ms)
			ProcessInitializeOnLoadAttributes (431ms)
			ProcessInitializeOnLoadMethodAttributes (57ms)
			AfterProcessingInitializeOnLoad (7ms)
			EditorAssembliesLoaded (0ms)
		ExecutionOrderSort2 (0ms)
		AwakeInstancesAfterBackupRestoration (7ms)
Refreshing native plugins compatible for Editor in 4.66 ms, found 6 plugins.
Preloading 0 native plugins for Editor in 0.00 ms.
Release of invalid GC handle. The handle is from a previous domain. The release operation is skipped.
Release of invalid GC handle native callstack: 
0x00007ff60b1b424d (Unity) StackWalker::GetCurrentCallstack
0x00007ff60b1b9329 (Unity) StackWalker::ShowCallstack
0x00007ff60c1adae1 (Unity) GetStacktrace
0x00007ff60b0af20d (Unity) ScriptingGCHandle::ReleaseAndClear
0x00007ff60b67748c (Unity) UploadHandlerRaw::`vector deleting destructor'
0x00007ff60b67803d (Unity) UploadHandler::Release
0x00007ff60b6748dd (Unity) UnityWebRequestProto<UnityWebRequestTransport,AtomicRefCounter,RedirectHelper,ResponseHelper,DownloadHandler,UploadHandler,CertificateHandler,HeaderHelper,AsyncOperation>::~UnityWebRequestProto<UnityWebRequestTransport,AtomicRefCounter,RedirectHelper,ResponseHelper,DownloadHandler,UploadHandler,CertificateHandler,HeaderHelper,AsyncOperation>
0x00007ff60b674bd6 (Unity) UnityWebRequest::`vector deleting destructor'
0x00007ff60a3c4b77 (Unity) UnityWebRequestProto<UnityWebRequestTransport,AtomicRefCounter,RedirectHelper,ResponseHelper,DownloadHandler,UploadHandler,CertificateHandler,HeaderHelper,AsyncOperation>::Release
0x00007ff60b676605 (Unity) UnityWebRequestAsyncOperation::InvokeCoroutine
0x00007ff60b6767e1 (Unity) UnityWebRequestProto<UnityWebRequestTransport,AtomicRefCounter,RedirectHelper,ResponseHelper,DownloadHandler,UploadHandler,CertificateHandler,HeaderHelper,AsyncOperation>::Job_InvokeCoroutine
0x00007ff60acdb54a (Unity) BackgroundJobQueue::ExecuteMainThreadJobs
0x00007ff60ad9005f (Unity) PreloadManager::WaitForAllAsyncOperationsToComplete
0x00007ff60c553af8 (Unity) <lambda_b37b41f03089e3cb3f55061bbc93253d>::operator()
0x00007ff60c58f422 (Unity) asio::detail::completion_handler<core::mutable_function<void __cdecl(void)>,asio::io_context::basic_executor_type<std::allocator<void>,0> >::do_complete
0x00007ff60c57b3ce (Unity) asio::detail::win_iocp_io_context::do_one
0x00007ff60c57d034 (Unity) asio::detail::win_iocp_io_context::run
0x00007ff60c58d7cc (Unity) IOService::Run
0x00007ff60c560c2f (Unity) AssetImportWorkerClient::Run
0x00007ff60c52c3d7 (Unity) RunAssetImportWorkerClientV2
0x00007ff60c52c45b (Unity) RunAssetImporterV2
0x00007ff60bd231de (Unity) Application::InitializeProject
0x00007ff60c1b8795 (Unity) WinMain
0x00007ff60d5835ce (Unity) __scrt_common_main_seh
0x00007ffa8b87e8d7 (KERNEL32) BaseThreadInitThunk
0x00007ffa8c1714fc (ntdll) RtlUserThreadStart
Unloading 3359 Unused Serialized files (Serialized files now loaded: 0)
Unloading 28 unused Assets / (396.8 KB). Loaded Objects now: 4096.
Memory consumption went from 138.7 MB to 138.3 MB.
Total: 4.655500 ms (FindLiveObjects: 0.236800 ms CreateObjectMapping: 0.100700 ms MarkObjects: 4.078400 ms  DeleteObjects: 0.238400 ms)

Prepare: number of updated asset objects reloaded= 0
AssetImportParameters requested are different than current active one (requested -> active):
  custom:container-demuxer-ogg: 62fdf1f143b41e24485cea50d1cbac27 -> 
  custom:video-codec-MediaFoundation-h265: 746d11721c4dcdbdad8f713fa42b33f4 -> 
  custom:video-decoder-ogg-theora: a1e56fd34408186e4bbccfd4996cb3dc -> 
  custom:framework-win-MediaFoundation: 216162199b28c13a410421893ffa2e32 -> 
  custom:CustomObjectIndexerAttribute: 9a22284fe3817be447336de3de66b15e -> 
  custom:container-demuxer-webm: 4f35f7cbe854078d1ac9338744f61a02 -> 
  custom:container-muxer-webm: aa71ff27fc2769a1b78a27578f13a17b -> 
  custom:video-decoder-webm-vp8: 9c59270c3fd7afecdb556c50c9e8de78 -> 
  custom:SearchIndexIgnoredProperties: e643bd26f0fe6173181afceb89e7c659 -> 
  custom:AudioImporter_EditorPlatform: d09bf68614088b80899f8185d706f6e7 -> 
  custom:video-encoder-webm-vp8: eb34c28f22e8b96e1ab97ce403110664 -> 
  custom:audio-decoder-ogg-vorbis: bf7c407c2cedff20999df2af8eb42d56 -> 
  custom:audio-encoder-webm-vorbis: bf7c407c2cedff20999df2af8eb42d56 -> 
  custom:scripting/precompiled-assembly-types:Assembly-CSharp: b8fdb7e526e0f6ec6672fae11c310fc0 -> d0e4d9b8e3191607d5c08abaebdab676
========================================================================
Received Import Request.
  Time since last request: 349.917864 seconds.
  path: Assets/Resources/Level/log-raw-and-pleed.fbx
  artifactKey: Guid(f0b15ef9936b92341b87c4b98e335c5a) Importer(815301076,1909f56bfc062723c751e8b465ee728b)
Start importing Assets/Resources/Level/log-raw-and-pleed.fbx using Guid(f0b15ef9936b92341b87c4b98e335c5a) Importer(815301076,1909f56bfc062723c751e8b465ee728b) [PhysX] Initialized MultithreadedTaskDispatcher with 12 workers.
[PhysX] Initialized MultithreadedTaskDispatcher with 12 workers.
[PhysX] Initialized MultithreadedTaskDispatcher with 12 workers.
 -> (artifact id: '9b0633b68c0814359f1c66fe96c05d9d') in 0.297545 seconds
Number of updated asset objects reloaded before import = 0
Number of asset objects unloaded after import = 9
========================================================================
Received Import Request.
  Time since last request: 878.023449 seconds.
  path: Assets/Resources/Forklift/Forklift.mat
  artifactKey: Guid(4d517f02c83f7c44f9c6936c9425e729) Importer(815301076,1909f56bfc062723c751e8b465ee728b)
Start importing Assets/Resources/Forklift/Forklift.mat using Guid(4d517f02c83f7c44f9c6936c9425e729) Importer(815301076,1909f56bfc062723c751e8b465ee728b) [PhysX] Initialized MultithreadedTaskDispatcher with 12 workers.
[PhysX] Initialized MultithreadedTaskDispatcher with 12 workers.
 -> (artifact id: 'd62c31b42d3d4e2626318d958053e597') in 0.106682 seconds
Number of updated asset objects reloaded before import = 0
Number of asset objects unloaded after import = 2
========================================================================
Received Prepare
Caller must complete domain reload
Begin MonoManager ReloadAssembly
- Loaded All Assemblies, in  0.470 seconds
Native extension for WindowsStandalone target not found
Native extension for Android target not found
Native extension for WebGL target not found
[Package Manager] Server::EnsureServerProcessIsRunning -- launch failed, reason: Unity was launched with the -noUpm command-line argument
[Package Manager] UpmClient::Send -- Unable to send message (not connected to UPM process).
[Package Manager] Cannot connect to Unity Package Manager local server
Failed to sync packages list
UnityEngine.StackTraceUtility:ExtractStackTrace ()
UnityEngine.DebugLogHandler:LogFormat (UnityEngine.LogType,UnityEngine.Object,string,object[])
UnityEngine.Logger:Log (UnityEngine.LogType,object)
UnityEngine.Debug:LogWarning (object)
 .  / :MoveNext ()
System.Runtime.CompilerServices.AsyncVoidMethodBuilder:Start< .  / > ( .  / &)
 .  :  ()
 .⁪/ :MoveNext ()
System.Runtime.CompilerServices.AsyncTaskMethodBuilder:Start< .⁪/ > ( .⁪/ &)
 .⁪:  ()
System.Reflection.RuntimeMethodInfo:Invoke (object,System.Reflection.BindingFlags,System.Reflection.Binder,object[],System.Globalization.CultureInfo)
System.Reflection.MethodBase:Invoke (object,object[])
UnityEditor.EditorAssemblies:ProcessInitializeOnLoadMethodAttributes ()

Mono: successfully reloaded assembly
- Finished resetting the current domain, in  1.122 seconds
Domain Reload Profiling: 1592ms
	BeginReloadAssembly (161ms)
		ExecutionOrderSort (0ms)
		DisableScriptedObjects (4ms)
		BackupInstance (0ms)
		ReleaseScriptingObjects (0ms)
		CreateAndSetChildDomain (36ms)
	RebuildCommonClasses (33ms)
	RebuildNativeTypeToScriptingClass (10ms)
	initialDomainReloadingComplete (27ms)
	LoadAllAssembliesAndSetupDomain (237ms)
		LoadAssemblies (307ms)
		RebuildTransferFunctionScriptingTraits (0ms)
		AnalyzeDomain (18ms)
			TypeCache.Refresh (8ms)
				TypeCache.ScanAssembly (0ms)
			ScanForSourceGeneratedMonoScriptInfo (0ms)
			ResolveRequiredComponents (6ms)
	FinalizeReload (1123ms)
		ReleaseScriptCaches (0ms)
		RebuildScriptCaches (0ms)
		SetupLoadedEditorAssemblies (649ms)
			LogAssemblyErrors (0ms)
			InitializePlatformSupportModulesInManaged (21ms)
			SetLoadedEditorAssemblies (4ms)
			RefreshPlugins (0ms)
			BeforeProcessingInitializeOnLoad (63ms)
			ProcessInitializeOnLoadAttributes (483ms)
			ProcessInitializeOnLoadMethodAttributes (70ms)
			AfterProcessingInitializeOnLoad (7ms)
			EditorAssembliesLoaded (0ms)
		ExecutionOrderSort2 (0ms)
		AwakeInstancesAfterBackupRestoration (10ms)
Refreshing native plugins compatible for Editor in 4.87 ms, found 6 plugins.
Preloading 0 native plugins for Editor in 0.00 ms.
Release of invalid GC handle. The handle is from a previous domain. The release operation is skipped.
Release of invalid GC handle native callstack: 
0x00007ff60b1b424d (Unity) StackWalker::GetCurrentCallstack
0x00007ff60b1b9329 (Unity) StackWalker::ShowCallstack
0x00007ff60c1adae1 (Unity) GetStacktrace
0x00007ff60b0af20d (Unity) ScriptingGCHandle::ReleaseAndClear
0x00007ff60b67748c (Unity) UploadHandlerRaw::`vector deleting destructor'
0x00007ff60b67803d (Unity) UploadHandler::Release
0x00007ff60b6748dd (Unity) UnityWebRequestProto<UnityWebRequestTransport,AtomicRefCounter,RedirectHelper,ResponseHelper,DownloadHandler,UploadHandler,CertificateHandler,HeaderHelper,AsyncOperation>::~UnityWebRequestProto<UnityWebRequestTransport,AtomicRefCounter,RedirectHelper,ResponseHelper,DownloadHandler,UploadHandler,CertificateHandler,HeaderHelper,AsyncOperation>
0x00007ff60b674bd6 (Unity) UnityWebRequest::`vector deleting destructor'
0x00007ff60a3c4b77 (Unity) UnityWebRequestProto<UnityWebRequestTransport,AtomicRefCounter,RedirectHelper,ResponseHelper,DownloadHandler,UploadHandler,CertificateHandler,HeaderHelper,AsyncOperation>::Release
0x00007ff60b676605 (Unity) UnityWebRequestAsyncOperation::InvokeCoroutine
0x00007ff60b6767e1 (Unity) UnityWebRequestProto<UnityWebRequestTransport,AtomicRefCounter,RedirectHelper,ResponseHelper,DownloadHandler,UploadHandler,CertificateHandler,HeaderHelper,AsyncOperation>::Job_InvokeCoroutine
0x00007ff60acdb54a (Unity) BackgroundJobQueue::ExecuteMainThreadJobs
0x00007ff60ad9005f (Unity) PreloadManager::WaitForAllAsyncOperationsToComplete
0x00007ff60c553af8 (Unity) <lambda_b37b41f03089e3cb3f55061bbc93253d>::operator()
0x00007ff60c58f422 (Unity) asio::detail::completion_handler<core::mutable_function<void __cdecl(void)>,asio::io_context::basic_executor_type<std::allocator<void>,0> >::do_complete
0x00007ff60c57b3ce (Unity) asio::detail::win_iocp_io_context::do_one
0x00007ff60c57d034 (Unity) asio::detail::win_iocp_io_context::run
0x00007ff60c58d7cc (Unity) IOService::Run
0x00007ff60c560c2f (Unity) AssetImportWorkerClient::Run
0x00007ff60c52c3d7 (Unity) RunAssetImportWorkerClientV2
0x00007ff60c52c45b (Unity) RunAssetImporterV2
0x00007ff60bd231de (Unity) Application::InitializeProject
0x00007ff60c1b8795 (Unity) WinMain
0x00007ff60d5835ce (Unity) __scrt_common_main_seh
0x00007ffa8b87e8d7 (KERNEL32) BaseThreadInitThunk
0x00007ffa8c1714fc (ntdll) RtlUserThreadStart
Unloading 3358 Unused Serialized files (Serialized files now loaded: 0)
Unloading 28 unused Assets / (396.7 KB). Loaded Objects now: 4143.
Memory consumption went from 139.1 MB to 138.7 MB.
Total: 4.237400 ms (FindLiveObjects: 0.291600 ms CreateObjectMapping: 0.105000 ms MarkObjects: 3.598700 ms  DeleteObjects: 0.240200 ms)

Prepare: number of updated asset objects reloaded= 0
AssetImportParameters requested are different than current active one (requested -> active):
  custom:container-demuxer-ogg: 62fdf1f143b41e24485cea50d1cbac27 -> 
  custom:video-codec-MediaFoundation-h265: 746d11721c4dcdbdad8f713fa42b33f4 -> 
  custom:video-decoder-ogg-theora: a1e56fd34408186e4bbccfd4996cb3dc -> 
  custom:framework-win-MediaFoundation: 216162199b28c13a410421893ffa2e32 -> 
  custom:CustomObjectIndexerAttribute: 9a22284fe3817be447336de3de66b15e -> 
  custom:container-demuxer-webm: 4f35f7cbe854078d1ac9338744f61a02 -> 
  custom:container-muxer-webm: aa71ff27fc2769a1b78a27578f13a17b -> 
  custom:video-decoder-webm-vp8: 9c59270c3fd7afecdb556c50c9e8de78 -> 
  custom:SearchIndexIgnoredProperties: e643bd26f0fe6173181afceb89e7c659 -> 
  custom:AudioImporter_EditorPlatform: d09bf68614088b80899f8185d706f6e7 -> 
  custom:video-encoder-webm-vp8: eb34c28f22e8b96e1ab97ce403110664 -> 
  custom:audio-decoder-ogg-vorbis: bf7c407c2cedff20999df2af8eb42d56 -> 
  custom:audio-encoder-webm-vorbis: bf7c407c2cedff20999df2af8eb42d56 -> 
  custom:scripting/precompiled-assembly-types:Assembly-CSharp: b8fdb7e526e0f6ec6672fae11c310fc0 -> d0e4d9b8e3191607d5c08abaebdab676
========================================================================
Received Prepare
Caller must complete domain reload
Begin MonoManager ReloadAssembly
- Loaded All Assemblies, in  0.545 seconds
Native extension for WindowsStandalone target not found
Native extension for Android target not found
Native extension for WebGL target not found
[Package Manager] Server::EnsureServerProcessIsRunning -- launch failed, reason: Unity was launched with the -noUpm command-line argument
[Package Manager] UpmClient::Send -- Unable to send message (not connected to UPM process).
[Package Manager] Cannot connect to Unity Package Manager local server
Failed to sync packages list
UnityEngine.StackTraceUtility:ExtractStackTrace ()
UnityEngine.DebugLogHandler:LogFormat (UnityEngine.LogType,UnityEngine.Object,string,object[])
UnityEngine.Logger:Log (UnityEngine.LogType,object)
UnityEngine.Debug:LogWarning (object)
 .  / :MoveNext ()
System.Runtime.CompilerServices.AsyncVoidMethodBuilder:Start< .  / > ( .  / &)
 .  :  ()
 .⁪/ :MoveNext ()
System.Runtime.CompilerServices.AsyncTaskMethodBuilder:Start< .⁪/ > ( .⁪/ &)
 .⁪:  ()
System.Reflection.RuntimeMethodInfo:Invoke (object,System.Reflection.BindingFlags,System.Reflection.Binder,object[],System.Globalization.CultureInfo)
System.Reflection.MethodBase:Invoke (object,object[])
UnityEditor.EditorAssemblies:ProcessInitializeOnLoadMethodAttributes ()

Mono: successfully reloaded assembly
- Finished resetting the current domain, in  1.875 seconds
Domain Reload Profiling: 2419ms
	BeginReloadAssembly (167ms)
		ExecutionOrderSort (0ms)
		DisableScriptedObjects (6ms)
		BackupInstance (0ms)
		ReleaseScriptingObjects (0ms)
		CreateAndSetChildDomain (35ms)
	RebuildCommonClasses (40ms)
	RebuildNativeTypeToScriptingClass (17ms)
	initialDomainReloadingComplete (29ms)
	LoadAllAssembliesAndSetupDomain (289ms)
		LoadAssemblies (361ms)
		RebuildTransferFunctionScriptingTraits (0ms)
		AnalyzeDomain (18ms)
			TypeCache.Refresh (6ms)
				TypeCache.ScanAssembly (0ms)
			ScanForSourceGeneratedMonoScriptInfo (0ms)
			ResolveRequiredComponents (9ms)
	FinalizeReload (1876ms)
		ReleaseScriptCaches (0ms)
		RebuildScriptCaches (0ms)
		SetupLoadedEditorAssemblies (620ms)
			LogAssemblyErrors (0ms)
			InitializePlatformSupportModulesInManaged (24ms)
			SetLoadedEditorAssemblies (6ms)
			RefreshPlugins (0ms)
			BeforeProcessingInitializeOnLoad (73ms)
			ProcessInitializeOnLoadAttributes (456ms)
			ProcessInitializeOnLoadMethodAttributes (56ms)
			AfterProcessingInitializeOnLoad (5ms)
			EditorAssembliesLoaded (0ms)
		ExecutionOrderSort2 (0ms)
		AwakeInstancesAfterBackupRestoration (8ms)
Refreshing native plugins compatible for Editor in 4.84 ms, found 6 plugins.
Preloading 0 native plugins for Editor in 0.00 ms.
Release of invalid GC handle. The handle is from a previous domain. The release operation is skipped.
Release of invalid GC handle native callstack: 
0x00007ff60b1b424d (Unity) StackWalker::GetCurrentCallstack
0x00007ff60b1b9329 (Unity) StackWalker::ShowCallstack
0x00007ff60c1adae1 (Unity) GetStacktrace
0x00007ff60b0af20d (Unity) ScriptingGCHandle::ReleaseAndClear
0x00007ff60b67748c (Unity) UploadHandlerRaw::`vector deleting destructor'
0x00007ff60b67803d (Unity) UploadHandler::Release
0x00007ff60b6748dd (Unity) UnityWebRequestProto<UnityWebRequestTransport,AtomicRefCounter,RedirectHelper,ResponseHelper,DownloadHandler,UploadHandler,CertificateHandler,HeaderHelper,AsyncOperation>::~UnityWebRequestProto<UnityWebRequestTransport,AtomicRefCounter,RedirectHelper,ResponseHelper,DownloadHandler,UploadHandler,CertificateHandler,HeaderHelper,AsyncOperation>
0x00007ff60b674bd6 (Unity) UnityWebRequest::`vector deleting destructor'
0x00007ff60a3c4b77 (Unity) UnityWebRequestProto<UnityWebRequestTransport,AtomicRefCounter,RedirectHelper,ResponseHelper,DownloadHandler,UploadHandler,CertificateHandler,HeaderHelper,AsyncOperation>::Release
0x00007ff60b676605 (Unity) UnityWebRequestAsyncOperation::InvokeCoroutine
0x00007ff60b6767e1 (Unity) UnityWebRequestProto<UnityWebRequestTransport,AtomicRefCounter,RedirectHelper,ResponseHelper,DownloadHandler,UploadHandler,CertificateHandler,HeaderHelper,AsyncOperation>::Job_InvokeCoroutine
0x00007ff60acdb54a (Unity) BackgroundJobQueue::ExecuteMainThreadJobs
0x00007ff60ad9005f (Unity) PreloadManager::WaitForAllAsyncOperationsToComplete
0x00007ff60c553af8 (Unity) <lambda_b37b41f03089e3cb3f55061bbc93253d>::operator()
0x00007ff60c58f422 (Unity) asio::detail::completion_handler<core::mutable_function<void __cdecl(void)>,asio::io_context::basic_executor_type<std::allocator<void>,0> >::do_complete
0x00007ff60c57b3ce (Unity) asio::detail::win_iocp_io_context::do_one
0x00007ff60c57d034 (Unity) asio::detail::win_iocp_io_context::run
0x00007ff60c58d7cc (Unity) IOService::Run
0x00007ff60c560c2f (Unity) AssetImportWorkerClient::Run
0x00007ff60c52c3d7 (Unity) RunAssetImportWorkerClientV2
0x00007ff60c52c45b (Unity) RunAssetImporterV2
0x00007ff60bd231de (Unity) Application::InitializeProject
0x00007ff60c1b8795 (Unity) WinMain
0x00007ff60d5835ce (Unity) __scrt_common_main_seh
0x00007ffa8b87e8d7 (KERNEL32) BaseThreadInitThunk
0x00007ffa8c1714fc (ntdll) RtlUserThreadStart
Unloading 3359 Unused Serialized files (Serialized files now loaded: 0)
Unloading 28 unused Assets / (375.4 KB). Loaded Objects now: 4148.
Memory consumption went from 126.0 MB to 125.6 MB.
Total: 4.521200 ms (FindLiveObjects: 0.233700 ms CreateObjectMapping: 0.103900 ms MarkObjects: 3.906300 ms  DeleteObjects: 0.275900 ms)

Prepare: number of updated asset objects reloaded= 0
AssetImportParameters requested are different than current active one (requested -> active):
  custom:container-demuxer-ogg: 62fdf1f143b41e24485cea50d1cbac27 -> 
  custom:video-codec-MediaFoundation-h265: 746d11721c4dcdbdad8f713fa42b33f4 -> 
  custom:video-decoder-ogg-theora: a1e56fd34408186e4bbccfd4996cb3dc -> 
  custom:framework-win-MediaFoundation: 216162199b28c13a410421893ffa2e32 -> 
  custom:CustomObjectIndexerAttribute: 9a22284fe3817be447336de3de66b15e -> 
  custom:container-demuxer-webm: 4f35f7cbe854078d1ac9338744f61a02 -> 
  custom:container-muxer-webm: aa71ff27fc2769a1b78a27578f13a17b -> 
  custom:video-decoder-webm-vp8: 9c59270c3fd7afecdb556c50c9e8de78 -> 
  custom:SearchIndexIgnoredProperties: e643bd26f0fe6173181afceb89e7c659 -> 
  custom:AudioImporter_EditorPlatform: d09bf68614088b80899f8185d706f6e7 -> 
  custom:video-encoder-webm-vp8: eb34c28f22e8b96e1ab97ce403110664 -> 
  custom:audio-decoder-ogg-vorbis: bf7c407c2cedff20999df2af8eb42d56 -> 
  custom:audio-encoder-webm-vorbis: bf7c407c2cedff20999df2af8eb42d56 -> 
  custom:scripting/precompiled-assembly-types:Assembly-CSharp: b8fdb7e526e0f6ec6672fae11c310fc0 -> d0e4d9b8e3191607d5c08abaebdab676
========================================================================
Received Prepare
Caller must complete domain reload
Begin MonoManager ReloadAssembly
- Loaded All Assemblies, in  0.447 seconds
Native extension for WindowsStandalone target not found
Native extension for Android target not found
Native extension for WebGL target not found
[Package Manager] Server::EnsureServerProcessIsRunning -- launch failed, reason: Unity was launched with the -noUpm command-line argument
[Package Manager] UpmClient::Send -- Unable to send message (not connected to UPM process).
[Package Manager] Cannot connect to Unity Package Manager local server
Failed to sync packages list
UnityEngine.StackTraceUtility:ExtractStackTrace ()
UnityEngine.DebugLogHandler:LogFormat (UnityEngine.LogType,UnityEngine.Object,string,object[])
UnityEngine.Logger:Log (UnityEngine.LogType,object)
UnityEngine.Debug:LogWarning (object)
 .  / :MoveNext ()
System.Runtime.CompilerServices.AsyncVoidMethodBuilder:Start< .  / > ( .  / &)
 .  :  ()
 .⁪/ :MoveNext ()
System.Runtime.CompilerServices.AsyncTaskMethodBuilder:Start< .⁪/ > ( .⁪/ &)
 .⁪:  ()
System.Reflection.RuntimeMethodInfo:Invoke (object,System.Reflection.BindingFlags,System.Reflection.Binder,object[],System.Globalization.CultureInfo)
System.Reflection.MethodBase:Invoke (object,object[])
UnityEditor.EditorAssemblies:ProcessInitializeOnLoadMethodAttributes ()

Mono: successfully reloaded assembly
- Finished resetting the current domain, in  1.022 seconds
Domain Reload Profiling: 1467ms
	BeginReloadAssembly (152ms)
		ExecutionOrderSort (0ms)
		DisableScriptedObjects (5ms)
		BackupInstance (0ms)
		ReleaseScriptingObjects (0ms)
		CreateAndSetChildDomain (32ms)
	RebuildCommonClasses (39ms)
	RebuildNativeTypeToScriptingClass (12ms)
	initialDomainReloadingComplete (27ms)
	LoadAllAssembliesAndSetupDomain (214ms)
		LoadAssemblies (280ms)
		RebuildTransferFunctionScriptingTraits (0ms)
		AnalyzeDomain (15ms)
			TypeCache.Refresh (6ms)
				TypeCache.ScanAssembly (0ms)
			ScanForSourceGeneratedMonoScriptInfo (0ms)
			ResolveRequiredComponents (6ms)
	FinalizeReload (1022ms)
		ReleaseScriptCaches (0ms)
		RebuildScriptCaches (0ms)
		SetupLoadedEditorAssemblies (612ms)
			LogAssemblyErrors (0ms)
			InitializePlatformSupportModulesInManaged (30ms)
			SetLoadedEditorAssemblies (5ms)
			RefreshPlugins (0ms)
			BeforeProcessingInitializeOnLoad (65ms)
			ProcessInitializeOnLoadAttributes (451ms)
			ProcessInitializeOnLoadMethodAttributes (57ms)
			AfterProcessingInitializeOnLoad (5ms)
			EditorAssembliesLoaded (0ms)
		ExecutionOrderSort2 (0ms)
		AwakeInstancesAfterBackupRestoration (9ms)
Refreshing native plugins compatible for Editor in 4.84 ms, found 6 plugins.
Preloading 0 native plugins for Editor in 0.00 ms.
Release of invalid GC handle. The handle is from a previous domain. The release operation is skipped.
Release of invalid GC handle native callstack: 
0x00007ff60b1b424d (Unity) StackWalker::GetCurrentCallstack
0x00007ff60b1b9329 (Unity) StackWalker::ShowCallstack
0x00007ff60c1adae1 (Unity) GetStacktrace
0x00007ff60b0af20d (Unity) ScriptingGCHandle::ReleaseAndClear
0x00007ff60b67748c (Unity) UploadHandlerRaw::`vector deleting destructor'
0x00007ff60b67803d (Unity) UploadHandler::Release
0x00007ff60b6748dd (Unity) UnityWebRequestProto<UnityWebRequestTransport,AtomicRefCounter,RedirectHelper,ResponseHelper,DownloadHandler,UploadHandler,CertificateHandler,HeaderHelper,AsyncOperation>::~UnityWebRequestProto<UnityWebRequestTransport,AtomicRefCounter,RedirectHelper,ResponseHelper,DownloadHandler,UploadHandler,CertificateHandler,HeaderHelper,AsyncOperation>
0x00007ff60b674bd6 (Unity) UnityWebRequest::`vector deleting destructor'
0x00007ff60a3c4b77 (Unity) UnityWebRequestProto<UnityWebRequestTransport,AtomicRefCounter,RedirectHelper,ResponseHelper,DownloadHandler,UploadHandler,CertificateHandler,HeaderHelper,AsyncOperation>::Release
0x00007ff60b676605 (Unity) UnityWebRequestAsyncOperation::InvokeCoroutine
0x00007ff60b6767e1 (Unity) UnityWebRequestProto<UnityWebRequestTransport,AtomicRefCounter,RedirectHelper,ResponseHelper,DownloadHandler,UploadHandler,CertificateHandler,HeaderHelper,AsyncOperation>::Job_InvokeCoroutine
0x00007ff60acdb54a (Unity) BackgroundJobQueue::ExecuteMainThreadJobs
0x00007ff60ad9005f (Unity) PreloadManager::WaitForAllAsyncOperationsToComplete
0x00007ff60c553af8 (Unity) <lambda_b37b41f03089e3cb3f55061bbc93253d>::operator()
0x00007ff60c58f422 (Unity) asio::detail::completion_handler<core::mutable_function<void __cdecl(void)>,asio::io_context::basic_executor_type<std::allocator<void>,0> >::do_complete
0x00007ff60c57b3ce (Unity) asio::detail::win_iocp_io_context::do_one
0x00007ff60c57d034 (Unity) asio::detail::win_iocp_io_context::run
0x00007ff60c58d7cc (Unity) IOService::Run
0x00007ff60c560c2f (Unity) AssetImportWorkerClient::Run
0x00007ff60c52c3d7 (Unity) RunAssetImportWorkerClientV2
0x00007ff60c52c45b (Unity) RunAssetImporterV2
0x00007ff60bd231de (Unity) Application::InitializeProject
0x00007ff60c1b8795 (Unity) WinMain
0x00007ff60d5835ce (Unity) __scrt_common_main_seh
0x00007ffa8b87e8d7 (KERNEL32) BaseThreadInitThunk
0x00007ffa8c1714fc (ntdll) RtlUserThreadStart
Unloading 3359 Unused Serialized files (Serialized files now loaded: 0)
Unloading 28 unused Assets / (397.0 KB). Loaded Objects now: 4153.
Memory consumption went from 139.6 MB to 139.3 MB.
Total: 4.705400 ms (FindLiveObjects: 0.237000 ms CreateObjectMapping: 0.106700 ms MarkObjects: 4.103800 ms  DeleteObjects: 0.256500 ms)

Prepare: number of updated asset objects reloaded= 0
AssetImportParameters requested are different than current active one (requested -> active):
  custom:container-demuxer-ogg: 62fdf1f143b41e24485cea50d1cbac27 -> 
  custom:video-codec-MediaFoundation-h265: 746d11721c4dcdbdad8f713fa42b33f4 -> 
  custom:video-decoder-ogg-theora: a1e56fd34408186e4bbccfd4996cb3dc -> 
  custom:framework-win-MediaFoundation: 216162199b28c13a410421893ffa2e32 -> 
  custom:CustomObjectIndexerAttribute: 9a22284fe3817be447336de3de66b15e -> 
  custom:container-demuxer-webm: 4f35f7cbe854078d1ac9338744f61a02 -> 
  custom:container-muxer-webm: aa71ff27fc2769a1b78a27578f13a17b -> 
  custom:video-decoder-webm-vp8: 9c59270c3fd7afecdb556c50c9e8de78 -> 
  custom:SearchIndexIgnoredProperties: e643bd26f0fe6173181afceb89e7c659 -> 
  custom:AudioImporter_EditorPlatform: d09bf68614088b80899f8185d706f6e7 -> 
  custom:video-encoder-webm-vp8: eb34c28f22e8b96e1ab97ce403110664 -> 
  custom:audio-decoder-ogg-vorbis: bf7c407c2cedff20999df2af8eb42d56 -> 
  custom:audio-encoder-webm-vorbis: bf7c407c2cedff20999df2af8eb42d56 -> 
  custom:scripting/precompiled-assembly-types:Assembly-CSharp: b8fdb7e526e0f6ec6672fae11c310fc0 -> d0e4d9b8e3191607d5c08abaebdab676
========================================================================
Received Prepare
Caller must complete domain reload
Begin MonoManager ReloadAssembly
- Loaded All Assemblies, in  0.492 seconds
Native extension for WindowsStandalone target not found
Native extension for Android target not found
Native extension for WebGL target not found
[Package Manager] Server::EnsureServerProcessIsRunning -- launch failed, reason: Unity was launched with the -noUpm command-line argument
[Package Manager] UpmClient::Send -- Unable to send message (not connected to UPM process).
[Package Manager] Cannot connect to Unity Package Manager local server
Failed to sync packages list
UnityEngine.StackTraceUtility:ExtractStackTrace ()
UnityEngine.DebugLogHandler:LogFormat (UnityEngine.LogType,UnityEngine.Object,string,object[])
UnityEngine.Logger:Log (UnityEngine.LogType,object)
UnityEngine.Debug:LogWarning (object)
 .  / :MoveNext ()
System.Runtime.CompilerServices.AsyncVoidMethodBuilder:Start< .  / > ( .  / &)
 .  :  ()
 .⁪/ :MoveNext ()
System.Runtime.CompilerServices.AsyncTaskMethodBuilder:Start< .⁪/ > ( .⁪/ &)
 .⁪:  ()
System.Reflection.RuntimeMethodInfo:Invoke (object,System.Reflection.BindingFlags,System.Reflection.Binder,object[],System.Globalization.CultureInfo)
System.Reflection.MethodBase:Invoke (object,object[])
UnityEditor.EditorAssemblies:ProcessInitializeOnLoadMethodAttributes ()

Mono: successfully reloaded assembly
- Finished resetting the current domain, in  1.065 seconds
Domain Reload Profiling: 1556ms
	BeginReloadAssembly (160ms)
		ExecutionOrderSort (0ms)
		DisableScriptedObjects (5ms)
		BackupInstance (0ms)
		ReleaseScriptingObjects (0ms)
		CreateAndSetChildDomain (34ms)
	RebuildCommonClasses (32ms)
	RebuildNativeTypeToScriptingClass (10ms)
	initialDomainReloadingComplete (29ms)
	LoadAllAssembliesAndSetupDomain (260ms)
		LoadAssemblies (329ms)
		RebuildTransferFunctionScriptingTraits (0ms)
		AnalyzeDomain (15ms)
			TypeCache.Refresh (6ms)
				TypeCache.ScanAssembly (0ms)
			ScanForSourceGeneratedMonoScriptInfo (0ms)
			ResolveRequiredComponents (6ms)
	FinalizeReload (1065ms)
		ReleaseScriptCaches (0ms)
		RebuildScriptCaches (0ms)
		SetupLoadedEditorAssemblies (612ms)
			LogAssemblyErrors (0ms)
			InitializePlatformSupportModulesInManaged (18ms)
			SetLoadedEditorAssemblies (4ms)
			RefreshPlugins (0ms)
			BeforeProcessingInitializeOnLoad (60ms)
			ProcessInitializeOnLoadAttributes (468ms)
			ProcessInitializeOnLoadMethodAttributes (57ms)
			AfterProcessingInitializeOnLoad (5ms)
			EditorAssembliesLoaded (0ms)
		ExecutionOrderSort2 (0ms)
		AwakeInstancesAfterBackupRestoration (7ms)
Refreshing native plugins compatible for Editor in 5.66 ms, found 6 plugins.
Preloading 0 native plugins for Editor in 0.00 ms.
Release of invalid GC handle. The handle is from a previous domain. The release operation is skipped.
Release of invalid GC handle native callstack: 
0x00007ff60b1b424d (Unity) StackWalker::GetCurrentCallstack
0x00007ff60b1b9329 (Unity) StackWalker::ShowCallstack
0x00007ff60c1adae1 (Unity) GetStacktrace
0x00007ff60b0af20d (Unity) ScriptingGCHandle::ReleaseAndClear
0x00007ff60b67748c (Unity) UploadHandlerRaw::`vector deleting destructor'
0x00007ff60b67803d (Unity) UploadHandler::Release
0x00007ff60b6748dd (Unity) UnityWebRequestProto<UnityWebRequestTransport,AtomicRefCounter,RedirectHelper,ResponseHelper,DownloadHandler,UploadHandler,CertificateHandler,HeaderHelper,AsyncOperation>::~UnityWebRequestProto<UnityWebRequestTransport,AtomicRefCounter,RedirectHelper,ResponseHelper,DownloadHandler,UploadHandler,CertificateHandler,HeaderHelper,AsyncOperation>
0x00007ff60b674bd6 (Unity) UnityWebRequest::`vector deleting destructor'
0x00007ff60a3c4b77 (Unity) UnityWebRequestProto<UnityWebRequestTransport,AtomicRefCounter,RedirectHelper,ResponseHelper,DownloadHandler,UploadHandler,CertificateHandler,HeaderHelper,AsyncOperation>::Release
0x00007ff60b676605 (Unity) UnityWebRequestAsyncOperation::InvokeCoroutine
0x00007ff60b6767e1 (Unity) UnityWebRequestProto<UnityWebRequestTransport,AtomicRefCounter,RedirectHelper,ResponseHelper,DownloadHandler,UploadHandler,CertificateHandler,HeaderHelper,AsyncOperation>::Job_InvokeCoroutine
0x00007ff60acdb54a (Unity) BackgroundJobQueue::ExecuteMainThreadJobs
0x00007ff60ad9005f (Unity) PreloadManager::WaitForAllAsyncOperationsToComplete
0x00007ff60c553af8 (Unity) <lambda_b37b41f03089e3cb3f55061bbc93253d>::operator()
0x00007ff60c58f422 (Unity) asio::detail::completion_handler<core::mutable_function<void __cdecl(void)>,asio::io_context::basic_executor_type<std::allocator<void>,0> >::do_complete
0x00007ff60c57b3ce (Unity) asio::detail::win_iocp_io_context::do_one
0x00007ff60c57d034 (Unity) asio::detail::win_iocp_io_context::run
0x00007ff60c58d7cc (Unity) IOService::Run
0x00007ff60c560c2f (Unity) AssetImportWorkerClient::Run
0x00007ff60c52c3d7 (Unity) RunAssetImportWorkerClientV2
0x00007ff60c52c45b (Unity) RunAssetImporterV2
0x00007ff60bd231de (Unity) Application::InitializeProject
0x00007ff60c1b8795 (Unity) WinMain
0x00007ff60d5835ce (Unity) __scrt_common_main_seh
0x00007ffa8b87e8d7 (KERNEL32) BaseThreadInitThunk
0x00007ffa8c1714fc (ntdll) RtlUserThreadStart
Unloading 3359 Unused Serialized files (Serialized files now loaded: 0)
Unloading 28 unused Assets / (396.7 KB). Loaded Objects now: 4158.
Memory consumption went from 139.8 MB to 139.4 MB.
Total: 5.103900 ms (FindLiveObjects: 0.348400 ms CreateObjectMapping: 0.163300 ms MarkObjects: 4.191600 ms  DeleteObjects: 0.398700 ms)

Prepare: number of updated asset objects reloaded= 1
AssetImportParameters requested are different than current active one (requested -> active):
  custom:container-demuxer-ogg: 62fdf1f143b41e24485cea50d1cbac27 -> 
  custom:video-codec-MediaFoundation-h265: 746d11721c4dcdbdad8f713fa42b33f4 -> 
  custom:video-decoder-ogg-theora: a1e56fd34408186e4bbccfd4996cb3dc -> 
  custom:framework-win-MediaFoundation: 216162199b28c13a410421893ffa2e32 -> 
  custom:CustomObjectIndexerAttribute: 9a22284fe3817be447336de3de66b15e -> 
  custom:container-demuxer-webm: 4f35f7cbe854078d1ac9338744f61a02 -> 
  custom:container-muxer-webm: aa71ff27fc2769a1b78a27578f13a17b -> 
  custom:video-decoder-webm-vp8: 9c59270c3fd7afecdb556c50c9e8de78 -> 
  custom:SearchIndexIgnoredProperties: e643bd26f0fe6173181afceb89e7c659 -> 
  custom:AudioImporter_EditorPlatform: d09bf68614088b80899f8185d706f6e7 -> 
  custom:video-encoder-webm-vp8: eb34c28f22e8b96e1ab97ce403110664 -> 
  custom:audio-decoder-ogg-vorbis: bf7c407c2cedff20999df2af8eb42d56 -> 
  custom:audio-encoder-webm-vorbis: bf7c407c2cedff20999df2af8eb42d56 -> 
  custom:scripting/precompiled-assembly-types:Assembly-CSharp: b8fdb7e526e0f6ec6672fae11c310fc0 -> d0e4d9b8e3191607d5c08abaebdab676
========================================================================
Received Import Request.
  Time since last request: 3455.860907 seconds.
  path: Assets/Resources/Truck/Truck.mat
  artifactKey: Guid(0d5a4695fff9c834ea2b761287d3c6c2) Importer(815301076,1909f56bfc062723c751e8b465ee728b)
Start importing Assets/Resources/Truck/Truck.mat using Guid(0d5a4695fff9c834ea2b761287d3c6c2) Importer(815301076,1909f56bfc062723c751e8b465ee728b) [PhysX] Initialized MultithreadedTaskDispatcher with 12 workers.
[PhysX] Initialized MultithreadedTaskDispatcher with 12 workers.
 -> (artifact id: '5f203e63e6024a573195cc4edbd7d2db') in 0.314779 seconds
Number of updated asset objects reloaded before import = 0
Number of asset objects unloaded after import = 1
========================================================================
Received Prepare
Caller must complete domain reload
Begin MonoManager ReloadAssembly
- Loaded All Assemblies, in  0.470 seconds
Native extension for WindowsStandalone target not found
Native extension for Android target not found
Native extension for WebGL target not found
[Package Manager] Server::EnsureServerProcessIsRunning -- launch failed, reason: Unity was launched with the -noUpm command-line argument
[Package Manager] UpmClient::Send -- Unable to send message (not connected to UPM process).
[Package Manager] Cannot connect to Unity Package Manager local server
Failed to sync packages list
UnityEngine.StackTraceUtility:ExtractStackTrace ()
UnityEngine.DebugLogHandler:LogFormat (UnityEngine.LogType,UnityEngine.Object,string,object[])
UnityEngine.Logger:Log (UnityEngine.LogType,object)
UnityEngine.Debug:LogWarning (object)
 .  / :MoveNext ()
System.Runtime.CompilerServices.AsyncVoidMethodBuilder:Start< .  / > ( .  / &)
 .  :  ()
 .⁪/ :MoveNext ()
System.Runtime.CompilerServices.AsyncTaskMethodBuilder:Start< .⁪/ > ( .⁪/ &)
 .⁪:  ()
System.Reflection.RuntimeMethodInfo:Invoke (object,System.Reflection.BindingFlags,System.Reflection.Binder,object[],System.Globalization.CultureInfo)
System.Reflection.MethodBase:Invoke (object,object[])
UnityEditor.EditorAssemblies:ProcessInitializeOnLoadMethodAttributes ()

Mono: successfully reloaded assembly
- Finished resetting the current domain, in  0.999 seconds
Domain Reload Profiling: 1467ms
	BeginReloadAssembly (161ms)
		ExecutionOrderSort (0ms)
		DisableScriptedObjects (5ms)
		BackupInstance (0ms)
		ReleaseScriptingObjects (0ms)
		CreateAndSetChildDomain (40ms)
	RebuildCommonClasses (39ms)
	RebuildNativeTypeToScriptingClass (10ms)
	initialDomainReloadingComplete (30ms)
	LoadAllAssembliesAndSetupDomain (229ms)
		LoadAssemblies (295ms)
		RebuildTransferFunctionScriptingTraits (0ms)
		AnalyzeDomain (16ms)
			TypeCache.Refresh (6ms)
				TypeCache.ScanAssembly (0ms)
			ScanForSourceGeneratedMonoScriptInfo (0ms)
			ResolveRequiredComponents (6ms)
	FinalizeReload (999ms)
		ReleaseScriptCaches (0ms)
		RebuildScriptCaches (0ms)
		SetupLoadedEditorAssemblies (574ms)
			LogAssemblyErrors (0ms)
			InitializePlatformSupportModulesInManaged (20ms)
			SetLoadedEditorAssemblies (6ms)
			RefreshPlugins (0ms)
			BeforeProcessingInitializeOnLoad (65ms)
			ProcessInitializeOnLoadAttributes (428ms)
			ProcessInitializeOnLoadMethodAttributes (51ms)
			AfterProcessingInitializeOnLoad (4ms)
			EditorAssembliesLoaded (0ms)
		ExecutionOrderSort2 (0ms)
		AwakeInstancesAfterBackupRestoration (6ms)
Refreshing native plugins compatible for Editor in 5.20 ms, found 6 plugins.
Preloading 0 native plugins for Editor in 0.00 ms.
Release of invalid GC handle. The handle is from a previous domain. The release operation is skipped.
Release of invalid GC handle native callstack: 
0x00007ff60b1b424d (Unity) StackWalker::GetCurrentCallstack
0x00007ff60b1b9329 (Unity) StackWalker::ShowCallstack
0x00007ff60c1adae1 (Unity) GetStacktrace
0x00007ff60b0af20d (Unity) ScriptingGCHandle::ReleaseAndClear
0x00007ff60b67748c (Unity) UploadHandlerRaw::`vector deleting destructor'
0x00007ff60b67803d (Unity) UploadHandler::Release
0x00007ff60b6748dd (Unity) UnityWebRequestProto<UnityWebRequestTransport,AtomicRefCounter,RedirectHelper,ResponseHelper,DownloadHandler,UploadHandler,CertificateHandler,HeaderHelper,AsyncOperation>::~UnityWebRequestProto<UnityWebRequestTransport,AtomicRefCounter,RedirectHelper,ResponseHelper,DownloadHandler,UploadHandler,CertificateHandler,HeaderHelper,AsyncOperation>
0x00007ff60b674bd6 (Unity) UnityWebRequest::`vector deleting destructor'
0x00007ff60a3c4b77 (Unity) UnityWebRequestProto<UnityWebRequestTransport,AtomicRefCounter,RedirectHelper,ResponseHelper,DownloadHandler,UploadHandler,CertificateHandler,HeaderHelper,AsyncOperation>::Release
0x00007ff60b676605 (Unity) UnityWebRequestAsyncOperation::InvokeCoroutine
0x00007ff60b6767e1 (Unity) UnityWebRequestProto<UnityWebRequestTransport,AtomicRefCounter,RedirectHelper,ResponseHelper,DownloadHandler,UploadHandler,CertificateHandler,HeaderHelper,AsyncOperation>::Job_InvokeCoroutine
0x00007ff60acdb54a (Unity) BackgroundJobQueue::ExecuteMainThreadJobs
0x00007ff60ad9005f (Unity) PreloadManager::WaitForAllAsyncOperationsToComplete
0x00007ff60c553af8 (Unity) <lambda_b37b41f03089e3cb3f55061bbc93253d>::operator()
0x00007ff60c58f422 (Unity) asio::detail::completion_handler<core::mutable_function<void __cdecl(void)>,asio::io_context::basic_executor_type<std::allocator<void>,0> >::do_complete
0x00007ff60c57b3ce (Unity) asio::detail::win_iocp_io_context::do_one
0x00007ff60c57d034 (Unity) asio::detail::win_iocp_io_context::run
0x00007ff60c58d7cc (Unity) IOService::Run
0x00007ff60c560c2f (Unity) AssetImportWorkerClient::Run
0x00007ff60c52c3d7 (Unity) RunAssetImportWorkerClientV2
0x00007ff60c52c45b (Unity) RunAssetImporterV2
0x00007ff60bd231de (Unity) Application::InitializeProject
0x00007ff60c1b8795 (Unity) WinMain
0x00007ff60d5835ce (Unity) __scrt_common_main_seh
0x00007ffa8b87e8d7 (KERNEL32) BaseThreadInitThunk
0x00007ffa8c1714fc (ntdll) RtlUserThreadStart
Unloading 3358 Unused Serialized files (Serialized files now loaded: 0)
Unloading 28 unused Assets / (397.0 KB). Loaded Objects now: 4163.
Memory consumption went from 139.7 MB to 139.3 MB.
Total: 4.388600 ms (FindLiveObjects: 0.235200 ms CreateObjectMapping: 0.165300 ms MarkObjects: 3.646600 ms  DeleteObjects: 0.340300 ms)

Prepare: number of updated asset objects reloaded= 0
AssetImportParameters requested are different than current active one (requested -> active):
  custom:container-demuxer-ogg: 62fdf1f143b41e24485cea50d1cbac27 -> 
  custom:video-codec-MediaFoundation-h265: 746d11721c4dcdbdad8f713fa42b33f4 -> 
  custom:video-decoder-ogg-theora: a1e56fd34408186e4bbccfd4996cb3dc -> 
  custom:framework-win-MediaFoundation: 216162199b28c13a410421893ffa2e32 -> 
  custom:CustomObjectIndexerAttribute: 9a22284fe3817be447336de3de66b15e -> 
  custom:container-demuxer-webm: 4f35f7cbe854078d1ac9338744f61a02 -> 
  custom:container-muxer-webm: aa71ff27fc2769a1b78a27578f13a17b -> 
  custom:video-decoder-webm-vp8: 9c59270c3fd7afecdb556c50c9e8de78 -> 
  custom:SearchIndexIgnoredProperties: e643bd26f0fe6173181afceb89e7c659 -> 
  custom:AudioImporter_EditorPlatform: d09bf68614088b80899f8185d706f6e7 -> 
  custom:video-encoder-webm-vp8: eb34c28f22e8b96e1ab97ce403110664 -> 
  custom:audio-decoder-ogg-vorbis: bf7c407c2cedff20999df2af8eb42d56 -> 
  custom:audio-encoder-webm-vorbis: bf7c407c2cedff20999df2af8eb42d56 -> 
  custom:scripting/precompiled-assembly-types:Assembly-CSharp: b8fdb7e526e0f6ec6672fae11c310fc0 -> d0e4d9b8e3191607d5c08abaebdab676
========================================================================
Received Prepare
Caller must complete domain reload
Begin MonoManager ReloadAssembly
- Loaded All Assemblies, in  0.471 seconds
Native extension for WindowsStandalone target not found
Native extension for Android target not found
Native extension for WebGL target not found
[Package Manager] Server::EnsureServerProcessIsRunning -- launch failed, reason: Unity was launched with the -noUpm command-line argument
[Package Manager] UpmClient::Send -- Unable to send message (not connected to UPM process).
[Package Manager] Cannot connect to Unity Package Manager local server
Failed to sync packages list
UnityEngine.StackTraceUtility:ExtractStackTrace ()
UnityEngine.DebugLogHandler:LogFormat (UnityEngine.LogType,UnityEngine.Object,string,object[])
UnityEngine.Logger:Log (UnityEngine.LogType,object)
UnityEngine.Debug:LogWarning (object)
 .  / :MoveNext ()
System.Runtime.CompilerServices.AsyncVoidMethodBuilder:Start< .  / > ( .  / &)
 .  :  ()
 .⁪/ :MoveNext ()
System.Runtime.CompilerServices.AsyncTaskMethodBuilder:Start< .⁪/ > ( .⁪/ &)
 .⁪:  ()
System.Reflection.RuntimeMethodInfo:Invoke (object,System.Reflection.BindingFlags,System.Reflection.Binder,object[],System.Globalization.CultureInfo)
System.Reflection.MethodBase:Invoke (object,object[])
UnityEditor.EditorAssemblies:ProcessInitializeOnLoadMethodAttributes ()

Mono: successfully reloaded assembly
- Finished resetting the current domain, in  1.046 seconds
Domain Reload Profiling: 1515ms
	BeginReloadAssembly (156ms)
		ExecutionOrderSort (0ms)
		DisableScriptedObjects (5ms)
		BackupInstance (0ms)
		ReleaseScriptingObjects (0ms)
		CreateAndSetChildDomain (35ms)
	RebuildCommonClasses (41ms)
	RebuildNativeTypeToScriptingClass (12ms)
	initialDomainReloadingComplete (30ms)
	LoadAllAssembliesAndSetupDomain (231ms)
		LoadAssemblies (296ms)
		RebuildTransferFunctionScriptingTraits (0ms)
		AnalyzeDomain (14ms)
			TypeCache.Refresh (6ms)
				TypeCache.ScanAssembly (0ms)
			ScanForSourceGeneratedMonoScriptInfo (0ms)
			ResolveRequiredComponents (6ms)
	FinalizeReload (1046ms)
		ReleaseScriptCaches (0ms)
		RebuildScriptCaches (0ms)
		SetupLoadedEditorAssemblies (624ms)
			LogAssemblyErrors (0ms)
			InitializePlatformSupportModulesInManaged (18ms)
			SetLoadedEditorAssemblies (6ms)
			RefreshPlugins (0ms)
			BeforeProcessingInitializeOnLoad (73ms)
			ProcessInitializeOnLoadAttributes (462ms)
			ProcessInitializeOnLoadMethodAttributes (57ms)
			AfterProcessingInitializeOnLoad (7ms)
			EditorAssembliesLoaded (0ms)
		ExecutionOrderSort2 (0ms)
		AwakeInstancesAfterBackupRestoration (11ms)
Refreshing native plugins compatible for Editor in 5.20 ms, found 6 plugins.
Preloading 0 native plugins for Editor in 0.00 ms.
Release of invalid GC handle. The handle is from a previous domain. The release operation is skipped.
Release of invalid GC handle native callstack: 
0x00007ff60b1b424d (Unity) StackWalker::GetCurrentCallstack
0x00007ff60b1b9329 (Unity) StackWalker::ShowCallstack
0x00007ff60c1adae1 (Unity) GetStacktrace
0x00007ff60b0af20d (Unity) ScriptingGCHandle::ReleaseAndClear
0x00007ff60b67748c (Unity) UploadHandlerRaw::`vector deleting destructor'
0x00007ff60b67803d (Unity) UploadHandler::Release
0x00007ff60b6748dd (Unity) UnityWebRequestProto<UnityWebRequestTransport,AtomicRefCounter,RedirectHelper,ResponseHelper,DownloadHandler,UploadHandler,CertificateHandler,HeaderHelper,AsyncOperation>::~UnityWebRequestProto<UnityWebRequestTransport,AtomicRefCounter,RedirectHelper,ResponseHelper,DownloadHandler,UploadHandler,CertificateHandler,HeaderHelper,AsyncOperation>
0x00007ff60b674bd6 (Unity) UnityWebRequest::`vector deleting destructor'
0x00007ff60a3c4b77 (Unity) UnityWebRequestProto<UnityWebRequestTransport,AtomicRefCounter,RedirectHelper,ResponseHelper,DownloadHandler,UploadHandler,CertificateHandler,HeaderHelper,AsyncOperation>::Release
0x00007ff60b676605 (Unity) UnityWebRequestAsyncOperation::InvokeCoroutine
0x00007ff60b6767e1 (Unity) UnityWebRequestProto<UnityWebRequestTransport,AtomicRefCounter,RedirectHelper,ResponseHelper,DownloadHandler,UploadHandler,CertificateHandler,HeaderHelper,AsyncOperation>::Job_InvokeCoroutine
0x00007ff60acdb54a (Unity) BackgroundJobQueue::ExecuteMainThreadJobs
0x00007ff60ad9005f (Unity) PreloadManager::WaitForAllAsyncOperationsToComplete
0x00007ff60c553af8 (Unity) <lambda_b37b41f03089e3cb3f55061bbc93253d>::operator()
0x00007ff60c58f422 (Unity) asio::detail::completion_handler<core::mutable_function<void __cdecl(void)>,asio::io_context::basic_executor_type<std::allocator<void>,0> >::do_complete
0x00007ff60c57b3ce (Unity) asio::detail::win_iocp_io_context::do_one
0x00007ff60c57d034 (Unity) asio::detail::win_iocp_io_context::run
0x00007ff60c58d7cc (Unity) IOService::Run
0x00007ff60c560c2f (Unity) AssetImportWorkerClient::Run
0x00007ff60c52c3d7 (Unity) RunAssetImportWorkerClientV2
0x00007ff60c52c45b (Unity) RunAssetImporterV2
0x00007ff60bd231de (Unity) Application::InitializeProject
0x00007ff60c1b8795 (Unity) WinMain
0x00007ff60d5835ce (Unity) __scrt_common_main_seh
0x00007ffa8b87e8d7 (KERNEL32) BaseThreadInitThunk
0x00007ffa8c1714fc (ntdll) RtlUserThreadStart
Unloading 3359 Unused Serialized files (Serialized files now loaded: 0)
Unloading 28 unused Assets / (396.8 KB). Loaded Objects now: 4168.
Memory consumption went from 140.1 MB to 139.7 MB.
Total: 5.184400 ms (FindLiveObjects: 0.275800 ms CreateObjectMapping: 0.109700 ms MarkObjects: 4.360200 ms  DeleteObjects: 0.437000 ms)

Prepare: number of updated asset objects reloaded= 0
AssetImportParameters requested are different than current active one (requested -> active):
  custom:container-demuxer-ogg: 62fdf1f143b41e24485cea50d1cbac27 -> 
  custom:video-codec-MediaFoundation-h265: 746d11721c4dcdbdad8f713fa42b33f4 -> 
  custom:video-decoder-ogg-theora: a1e56fd34408186e4bbccfd4996cb3dc -> 
  custom:framework-win-MediaFoundation: 216162199b28c13a410421893ffa2e32 -> 
  custom:CustomObjectIndexerAttribute: 9a22284fe3817be447336de3de66b15e -> 
  custom:container-demuxer-webm: 4f35f7cbe854078d1ac9338744f61a02 -> 
  custom:container-muxer-webm: aa71ff27fc2769a1b78a27578f13a17b -> 
  custom:video-decoder-webm-vp8: 9c59270c3fd7afecdb556c50c9e8de78 -> 
  custom:SearchIndexIgnoredProperties: e643bd26f0fe6173181afceb89e7c659 -> 
  custom:AudioImporter_EditorPlatform: d09bf68614088b80899f8185d706f6e7 -> 
  custom:video-encoder-webm-vp8: eb34c28f22e8b96e1ab97ce403110664 -> 
  custom:audio-decoder-ogg-vorbis: bf7c407c2cedff20999df2af8eb42d56 -> 
  custom:audio-encoder-webm-vorbis: bf7c407c2cedff20999df2af8eb42d56 -> 
  custom:scripting/precompiled-assembly-types:Assembly-CSharp: b8fdb7e526e0f6ec6672fae11c310fc0 -> d0e4d9b8e3191607d5c08abaebdab676
========================================================================
Received Prepare
Caller must complete domain reload
Begin MonoManager ReloadAssembly
- Loaded All Assemblies, in  0.577 seconds
Native extension for WindowsStandalone target not found
Native extension for Android target not found
Native extension for WebGL target not found
[Package Manager] Server::EnsureServerProcessIsRunning -- launch failed, reason: Unity was launched with the -noUpm command-line argument
[Package Manager] UpmClient::Send -- Unable to send message (not connected to UPM process).
[Package Manager] Cannot connect to Unity Package Manager local server
Failed to sync packages list
UnityEngine.StackTraceUtility:ExtractStackTrace ()
UnityEngine.DebugLogHandler:LogFormat (UnityEngine.LogType,UnityEngine.Object,string,object[])
UnityEngine.Logger:Log (UnityEngine.LogType,object)
UnityEngine.Debug:LogWarning (object)
 .  / :MoveNext ()
System.Runtime.CompilerServices.AsyncVoidMethodBuilder:Start< .  / > ( .  / &)
 .  :  ()
 .⁪/ :MoveNext ()
System.Runtime.CompilerServices.AsyncTaskMethodBuilder:Start< .⁪/ > ( .⁪/ &)
 .⁪:  ()
System.Reflection.RuntimeMethodInfo:Invoke (object,System.Reflection.BindingFlags,System.Reflection.Binder,object[],System.Globalization.CultureInfo)
System.Reflection.MethodBase:Invoke (object,object[])
UnityEditor.EditorAssemblies:ProcessInitializeOnLoadMethodAttributes ()

Mono: successfully reloaded assembly
- Finished resetting the current domain, in  1.010 seconds
Domain Reload Profiling: 1585ms
	BeginReloadAssembly (233ms)
		ExecutionOrderSort (0ms)
		DisableScriptedObjects (10ms)
		BackupInstance (0ms)
		ReleaseScriptingObjects (0ms)
		CreateAndSetChildDomain (48ms)
	RebuildCommonClasses (38ms)
	RebuildNativeTypeToScriptingClass (17ms)
	initialDomainReloadingComplete (29ms)
	LoadAllAssembliesAndSetupDomain (257ms)
		LoadAssemblies (359ms)
		RebuildTransferFunctionScriptingTraits (0ms)
		AnalyzeDomain (26ms)
			TypeCache.Refresh (9ms)
				TypeCache.ScanAssembly (0ms)
			ScanForSourceGeneratedMonoScriptInfo (9ms)
			ResolveRequiredComponents (6ms)
	FinalizeReload (1010ms)
		ReleaseScriptCaches (0ms)
		RebuildScriptCaches (0ms)
		SetupLoadedEditorAssemblies (573ms)
			LogAssemblyErrors (0ms)
			InitializePlatformSupportModulesInManaged (20ms)
			SetLoadedEditorAssemblies (8ms)
			RefreshPlugins (0ms)
			BeforeProcessingInitializeOnLoad (63ms)
			ProcessInitializeOnLoadAttributes (425ms)
			ProcessInitializeOnLoadMethodAttributes (52ms)
			AfterProcessingInitializeOnLoad (5ms)
			EditorAssembliesLoaded (0ms)
		ExecutionOrderSort2 (0ms)
		AwakeInstancesAfterBackupRestoration (7ms)
Refreshing native plugins compatible for Editor in 3.67 ms, found 6 plugins.
Preloading 0 native plugins for Editor in 0.00 ms.
Release of invalid GC handle. The handle is from a previous domain. The release operation is skipped.
Release of invalid GC handle native callstack: 
0x00007ff60b1b424d (Unity) StackWalker::GetCurrentCallstack
0x00007ff60b1b9329 (Unity) StackWalker::ShowCallstack
0x00007ff60c1adae1 (Unity) GetStacktrace
0x00007ff60b0af20d (Unity) ScriptingGCHandle::ReleaseAndClear
0x00007ff60b67748c (Unity) UploadHandlerRaw::`vector deleting destructor'
0x00007ff60b67803d (Unity) UploadHandler::Release
0x00007ff60b6748dd (Unity) UnityWebRequestProto<UnityWebRequestTransport,AtomicRefCounter,RedirectHelper,ResponseHelper,DownloadHandler,UploadHandler,CertificateHandler,HeaderHelper,AsyncOperation>::~UnityWebRequestProto<UnityWebRequestTransport,AtomicRefCounter,RedirectHelper,ResponseHelper,DownloadHandler,UploadHandler,CertificateHandler,HeaderHelper,AsyncOperation>
0x00007ff60b674bd6 (Unity) UnityWebRequest::`vector deleting destructor'
0x00007ff60a3c4b77 (Unity) UnityWebRequestProto<UnityWebRequestTransport,AtomicRefCounter,RedirectHelper,ResponseHelper,DownloadHandler,UploadHandler,CertificateHandler,HeaderHelper,AsyncOperation>::Release
0x00007ff60b676605 (Unity) UnityWebRequestAsyncOperation::InvokeCoroutine
0x00007ff60b6767e1 (Unity) UnityWebRequestProto<UnityWebRequestTransport,AtomicRefCounter,RedirectHelper,ResponseHelper,DownloadHandler,UploadHandler,CertificateHandler,HeaderHelper,AsyncOperation>::Job_InvokeCoroutine
0x00007ff60acdb54a (Unity) BackgroundJobQueue::ExecuteMainThreadJobs
0x00007ff60ad9005f (Unity) PreloadManager::WaitForAllAsyncOperationsToComplete
0x00007ff60c553af8 (Unity) <lambda_b37b41f03089e3cb3f55061bbc93253d>::operator()
0x00007ff60c58f422 (Unity) asio::detail::completion_handler<core::mutable_function<void __cdecl(void)>,asio::io_context::basic_executor_type<std::allocator<void>,0> >::do_complete
0x00007ff60c57b3ce (Unity) asio::detail::win_iocp_io_context::do_one
0x00007ff60c57d034 (Unity) asio::detail::win_iocp_io_context::run
0x00007ff60c58d7cc (Unity) IOService::Run
0x00007ff60c560c2f (Unity) AssetImportWorkerClient::Run
0x00007ff60c52c3d7 (Unity) RunAssetImportWorkerClientV2
0x00007ff60c52c45b (Unity) RunAssetImporterV2
0x00007ff60bd231de (Unity) Application::InitializeProject
0x00007ff60c1b8795 (Unity) WinMain
0x00007ff60d5835ce (Unity) __scrt_common_main_seh
0x00007ffa8b87e8d7 (KERNEL32) BaseThreadInitThunk
0x00007ffa8c1714fc (ntdll) RtlUserThreadStart
Unloading 3360 Unused Serialized files (Serialized files now loaded: 0)
Unloading 28 unused Assets / (396.8 KB). Loaded Objects now: 4174.
Memory consumption went from 140.3 MB to 139.9 MB.
Total: 4.160400 ms (FindLiveObjects: 0.279500 ms CreateObjectMapping: 0.093100 ms MarkObjects: 3.539100 ms  DeleteObjects: 0.246900 ms)

Prepare: number of updated asset objects reloaded= 0
AssetImportParameters requested are different than current active one (requested -> active):
  custom:container-demuxer-ogg: 62fdf1f143b41e24485cea50d1cbac27 -> 
  custom:video-codec-MediaFoundation-h265: 746d11721c4dcdbdad8f713fa42b33f4 -> 
  custom:video-decoder-ogg-theora: a1e56fd34408186e4bbccfd4996cb3dc -> 
  custom:framework-win-MediaFoundation: 216162199b28c13a410421893ffa2e32 -> 
  custom:CustomObjectIndexerAttribute: 9a22284fe3817be447336de3de66b15e -> 
  custom:container-demuxer-webm: 4f35f7cbe854078d1ac9338744f61a02 -> 
  custom:container-muxer-webm: aa71ff27fc2769a1b78a27578f13a17b -> 
  custom:video-decoder-webm-vp8: 9c59270c3fd7afecdb556c50c9e8de78 -> 
  custom:SearchIndexIgnoredProperties: e643bd26f0fe6173181afceb89e7c659 -> 
  custom:AudioImporter_EditorPlatform: d09bf68614088b80899f8185d706f6e7 -> 
  custom:video-encoder-webm-vp8: eb34c28f22e8b96e1ab97ce403110664 -> 
  custom:scripting/monoscript/fileName/TextureAnimator.cs: 4ff9f3da57bffade570aa3cdb1c96685 -> 
  custom:audio-decoder-ogg-vorbis: bf7c407c2cedff20999df2af8eb42d56 -> 
  custom:audio-encoder-webm-vorbis: bf7c407c2cedff20999df2af8eb42d56 -> 
  custom:scripting/precompiled-assembly-types:Assembly-CSharp: 36d289a2072fff615a3e377c6f30ddd1 -> d0e4d9b8e3191607d5c08abaebdab676
========================================================================
Received Prepare
Caller must complete domain reload
Begin MonoManager ReloadAssembly
- Loaded All Assemblies, in  0.480 seconds
Native extension for WindowsStandalone target not found
Native extension for Android target not found
Native extension for WebGL target not found
[Package Manager] Server::EnsureServerProcessIsRunning -- launch failed, reason: Unity was launched with the -noUpm command-line argument
[Package Manager] UpmClient::Send -- Unable to send message (not connected to UPM process).
[Package Manager] Cannot connect to Unity Package Manager local server
Failed to sync packages list
UnityEngine.StackTraceUtility:ExtractStackTrace ()
UnityEngine.DebugLogHandler:LogFormat (UnityEngine.LogType,UnityEngine.Object,string,object[])
UnityEngine.Logger:Log (UnityEngine.LogType,object)
UnityEngine.Debug:LogWarning (object)
 .  / :MoveNext ()
System.Runtime.CompilerServices.AsyncVoidMethodBuilder:Start< .  / > ( .  / &)
 .  :  ()
 .⁪/ :MoveNext ()
System.Runtime.CompilerServices.AsyncTaskMethodBuilder:Start< .⁪/ > ( .⁪/ &)
 .⁪:  ()
System.Reflection.RuntimeMethodInfo:Invoke (object,System.Reflection.BindingFlags,System.Reflection.Binder,object[],System.Globalization.CultureInfo)
System.Reflection.MethodBase:Invoke (object,object[])
UnityEditor.EditorAssemblies:ProcessInitializeOnLoadMethodAttributes ()

Mono: successfully reloaded assembly
- Finished resetting the current domain, in  0.969 seconds
Domain Reload Profiling: 1448ms
	BeginReloadAssembly (162ms)
		ExecutionOrderSort (0ms)
		DisableScriptedObjects (5ms)
		BackupInstance (0ms)
		ReleaseScriptingObjects (0ms)
		CreateAndSetChildDomain (37ms)
	RebuildCommonClasses (36ms)
	RebuildNativeTypeToScriptingClass (13ms)
	initialDomainReloadingComplete (30ms)
	LoadAllAssembliesAndSetupDomain (238ms)
		LoadAssemblies (290ms)
		RebuildTransferFunctionScriptingTraits (0ms)
		AnalyzeDomain (27ms)
			TypeCache.Refresh (9ms)
				TypeCache.ScanAssembly (0ms)
			ScanForSourceGeneratedMonoScriptInfo (7ms)
			ResolveRequiredComponents (8ms)
	FinalizeReload (970ms)
		ReleaseScriptCaches (0ms)
		RebuildScriptCaches (0ms)
		SetupLoadedEditorAssemblies (547ms)
			LogAssemblyErrors (0ms)
			InitializePlatformSupportModulesInManaged (21ms)
			SetLoadedEditorAssemblies (5ms)
			RefreshPlugins (0ms)
			BeforeProcessingInitializeOnLoad (64ms)
			ProcessInitializeOnLoadAttributes (406ms)
			ProcessInitializeOnLoadMethodAttributes (46ms)
			AfterProcessingInitializeOnLoad (4ms)
			EditorAssembliesLoaded (0ms)
		ExecutionOrderSort2 (0ms)
		AwakeInstancesAfterBackupRestoration (6ms)
Refreshing native plugins compatible for Editor in 3.43 ms, found 6 plugins.
Preloading 0 native plugins for Editor in 0.00 ms.
Release of invalid GC handle. The handle is from a previous domain. The release operation is skipped.
Release of invalid GC handle native callstack: 
0x00007ff60b1b424d (Unity) StackWalker::GetCurrentCallstack
0x00007ff60b1b9329 (Unity) StackWalker::ShowCallstack
0x00007ff60c1adae1 (Unity) GetStacktrace
0x00007ff60b0af20d (Unity) ScriptingGCHandle::ReleaseAndClear
0x00007ff60b67748c (Unity) UploadHandlerRaw::`vector deleting destructor'
0x00007ff60b67803d (Unity) UploadHandler::Release
0x00007ff60b6748dd (Unity) UnityWebRequestProto<UnityWebRequestTransport,AtomicRefCounter,RedirectHelper,ResponseHelper,DownloadHandler,UploadHandler,CertificateHandler,HeaderHelper,AsyncOperation>::~UnityWebRequestProto<UnityWebRequestTransport,AtomicRefCounter,RedirectHelper,ResponseHelper,DownloadHandler,UploadHandler,CertificateHandler,HeaderHelper,AsyncOperation>
0x00007ff60b674bd6 (Unity) UnityWebRequest::`vector deleting destructor'
0x00007ff60a3c4b77 (Unity) UnityWebRequestProto<UnityWebRequestTransport,AtomicRefCounter,RedirectHelper,ResponseHelper,DownloadHandler,UploadHandler,CertificateHandler,HeaderHelper,AsyncOperation>::Release
0x00007ff60b676605 (Unity) UnityWebRequestAsyncOperation::InvokeCoroutine
0x00007ff60b6767e1 (Unity) UnityWebRequestProto<UnityWebRequestTransport,AtomicRefCounter,RedirectHelper,ResponseHelper,DownloadHandler,UploadHandler,CertificateHandler,HeaderHelper,AsyncOperation>::Job_InvokeCoroutine
0x00007ff60acdb54a (Unity) BackgroundJobQueue::ExecuteMainThreadJobs
0x00007ff60ad9005f (Unity) PreloadManager::WaitForAllAsyncOperationsToComplete
0x00007ff60c553af8 (Unity) <lambda_b37b41f03089e3cb3f55061bbc93253d>::operator()
0x00007ff60c58f422 (Unity) asio::detail::completion_handler<core::mutable_function<void __cdecl(void)>,asio::io_context::basic_executor_type<std::allocator<void>,0> >::do_complete
0x00007ff60c57b3ce (Unity) asio::detail::win_iocp_io_context::do_one
0x00007ff60c57d034 (Unity) asio::detail::win_iocp_io_context::run
0x00007ff60c58d7cc (Unity) IOService::Run
0x00007ff60c560c2f (Unity) AssetImportWorkerClient::Run
0x00007ff60c52c3d7 (Unity) RunAssetImportWorkerClientV2
0x00007ff60c52c45b (Unity) RunAssetImporterV2
0x00007ff60bd231de (Unity) Application::InitializeProject
0x00007ff60c1b8795 (Unity) WinMain
0x00007ff60d5835ce (Unity) __scrt_common_main_seh
0x00007ffa8b87e8d7 (KERNEL32) BaseThreadInitThunk
0x00007ffa8c1714fc (ntdll) RtlUserThreadStart
Unloading 3360 Unused Serialized files (Serialized files now loaded: 0)
Unloading 28 unused Assets / (396.9 KB). Loaded Objects now: 4179.
Memory consumption went from 140.4 MB to 140.0 MB.
Total: 3.706600 ms (FindLiveObjects: 0.231600 ms CreateObjectMapping: 0.097700 ms MarkObjects: 3.142200 ms  DeleteObjects: 0.233400 ms)

Prepare: number of updated asset objects reloaded= 0
AssetImportParameters requested are different than current active one (requested -> active):
  custom:container-demuxer-ogg: 62fdf1f143b41e24485cea50d1cbac27 -> 
  custom:video-codec-MediaFoundation-h265: 746d11721c4dcdbdad8f713fa42b33f4 -> 
  custom:video-decoder-ogg-theora: a1e56fd34408186e4bbccfd4996cb3dc -> 
  custom:framework-win-MediaFoundation: 216162199b28c13a410421893ffa2e32 -> 
  custom:CustomObjectIndexerAttribute: 9a22284fe3817be447336de3de66b15e -> 
  custom:container-demuxer-webm: 4f35f7cbe854078d1ac9338744f61a02 -> 
  custom:container-muxer-webm: aa71ff27fc2769a1b78a27578f13a17b -> 
  custom:video-decoder-webm-vp8: 9c59270c3fd7afecdb556c50c9e8de78 -> 
  custom:SearchIndexIgnoredProperties: e643bd26f0fe6173181afceb89e7c659 -> 
  custom:AudioImporter_EditorPlatform: d09bf68614088b80899f8185d706f6e7 -> 
  custom:video-encoder-webm-vp8: eb34c28f22e8b96e1ab97ce403110664 -> 
  custom:scripting/monoscript/fileName/TextureAnimator.cs: 4ff9f3da57bffade570aa3cdb1c96685 -> 
  custom:audio-decoder-ogg-vorbis: bf7c407c2cedff20999df2af8eb42d56 -> 
  custom:audio-encoder-webm-vorbis: bf7c407c2cedff20999df2af8eb42d56 -> 
  custom:scripting/precompiled-assembly-types:Assembly-CSharp: 36d289a2072fff615a3e377c6f30ddd1 -> d0e4d9b8e3191607d5c08abaebdab676
========================================================================
Received Prepare
Caller must complete domain reload
Begin MonoManager ReloadAssembly
- Loaded All Assemblies, in  0.463 seconds
Native extension for WindowsStandalone target not found
Native extension for Android target not found
Native extension for WebGL target not found
[Package Manager] Server::EnsureServerProcessIsRunning -- launch failed, reason: Unity was launched with the -noUpm command-line argument
[Package Manager] UpmClient::Send -- Unable to send message (not connected to UPM process).
[Package Manager] Cannot connect to Unity Package Manager local server
Failed to sync packages list
UnityEngine.StackTraceUtility:ExtractStackTrace ()
UnityEngine.DebugLogHandler:LogFormat (UnityEngine.LogType,UnityEngine.Object,string,object[])
UnityEngine.Logger:Log (UnityEngine.LogType,object)
UnityEngine.Debug:LogWarning (object)
 .  / :MoveNext ()
System.Runtime.CompilerServices.AsyncVoidMethodBuilder:Start< .  / > ( .  / &)
 .  :  ()
 .⁪/ :MoveNext ()
System.Runtime.CompilerServices.AsyncTaskMethodBuilder:Start< .⁪/ > ( .⁪/ &)
 .⁪:  ()
System.Reflection.RuntimeMethodInfo:Invoke (object,System.Reflection.BindingFlags,System.Reflection.Binder,object[],System.Globalization.CultureInfo)
System.Reflection.MethodBase:Invoke (object,object[])
UnityEditor.EditorAssemblies:ProcessInitializeOnLoadMethodAttributes ()

Mono: successfully reloaded assembly
- Finished resetting the current domain, in  1.100 seconds
Domain Reload Profiling: 1561ms
	BeginReloadAssembly (155ms)
		ExecutionOrderSort (0ms)
		DisableScriptedObjects (5ms)
		BackupInstance (0ms)
		ReleaseScriptingObjects (0ms)
		CreateAndSetChildDomain (34ms)
	RebuildCommonClasses (33ms)
	RebuildNativeTypeToScriptingClass (15ms)
	initialDomainReloadingComplete (30ms)
	LoadAllAssembliesAndSetupDomain (228ms)
		LoadAssemblies (295ms)
		RebuildTransferFunctionScriptingTraits (0ms)
		AnalyzeDomain (15ms)
			TypeCache.Refresh (6ms)
				TypeCache.ScanAssembly (0ms)
			ScanForSourceGeneratedMonoScriptInfo (0ms)
			ResolveRequiredComponents (6ms)
	FinalizeReload (1100ms)
		ReleaseScriptCaches (0ms)
		RebuildScriptCaches (0ms)
		SetupLoadedEditorAssemblies (547ms)
			LogAssemblyErrors (0ms)
			InitializePlatformSupportModulesInManaged (19ms)
			SetLoadedEditorAssemblies (4ms)
			RefreshPlugins (0ms)
			BeforeProcessingInitializeOnLoad (66ms)
			ProcessInitializeOnLoadAttributes (404ms)
			ProcessInitializeOnLoadMethodAttributes (49ms)
			AfterProcessingInitializeOnLoad (5ms)
			EditorAssembliesLoaded (0ms)
		ExecutionOrderSort2 (0ms)
		AwakeInstancesAfterBackupRestoration (6ms)
Refreshing native plugins compatible for Editor in 3.35 ms, found 6 plugins.
Preloading 0 native plugins for Editor in 0.00 ms.
Release of invalid GC handle. The handle is from a previous domain. The release operation is skipped.
Release of invalid GC handle native callstack: 
0x00007ff60b1b424d (Unity) StackWalker::GetCurrentCallstack
0x00007ff60b1b9329 (Unity) StackWalker::ShowCallstack
0x00007ff60c1adae1 (Unity) GetStacktrace
0x00007ff60b0af20d (Unity) ScriptingGCHandle::ReleaseAndClear
0x00007ff60b67748c (Unity) UploadHandlerRaw::`vector deleting destructor'
0x00007ff60b67803d (Unity) UploadHandler::Release
0x00007ff60b6748dd (Unity) UnityWebRequestProto<UnityWebRequestTransport,AtomicRefCounter,RedirectHelper,ResponseHelper,DownloadHandler,UploadHandler,CertificateHandler,HeaderHelper,AsyncOperation>::~UnityWebRequestProto<UnityWebRequestTransport,AtomicRefCounter,RedirectHelper,ResponseHelper,DownloadHandler,UploadHandler,CertificateHandler,HeaderHelper,AsyncOperation>
0x00007ff60b674bd6 (Unity) UnityWebRequest::`vector deleting destructor'
0x00007ff60a3c4b77 (Unity) UnityWebRequestProto<UnityWebRequestTransport,AtomicRefCounter,RedirectHelper,ResponseHelper,DownloadHandler,UploadHandler,CertificateHandler,HeaderHelper,AsyncOperation>::Release
0x00007ff60b676605 (Unity) UnityWebRequestAsyncOperation::InvokeCoroutine
0x00007ff60b6767e1 (Unity) UnityWebRequestProto<UnityWebRequestTransport,AtomicRefCounter,RedirectHelper,ResponseHelper,DownloadHandler,UploadHandler,CertificateHandler,HeaderHelper,AsyncOperation>::Job_InvokeCoroutine
0x00007ff60acdb54a (Unity) BackgroundJobQueue::ExecuteMainThreadJobs
0x00007ff60ad9005f (Unity) PreloadManager::WaitForAllAsyncOperationsToComplete
0x00007ff60c553af8 (Unity) <lambda_b37b41f03089e3cb3f55061bbc93253d>::operator()
0x00007ff60c58f422 (Unity) asio::detail::completion_handler<core::mutable_function<void __cdecl(void)>,asio::io_context::basic_executor_type<std::allocator<void>,0> >::do_complete
0x00007ff60c57b3ce (Unity) asio::detail::win_iocp_io_context::do_one
0x00007ff60c57d034 (Unity) asio::detail::win_iocp_io_context::run
0x00007ff60c58d7cc (Unity) IOService::Run
0x00007ff60c560c2f (Unity) AssetImportWorkerClient::Run
0x00007ff60c52c3d7 (Unity) RunAssetImportWorkerClientV2
0x00007ff60c52c45b (Unity) RunAssetImporterV2
0x00007ff60bd231de (Unity) Application::InitializeProject
0x00007ff60c1b8795 (Unity) WinMain
0x00007ff60d5835ce (Unity) __scrt_common_main_seh
0x00007ffa8b87e8d7 (KERNEL32) BaseThreadInitThunk
0x00007ffa8c1714fc (ntdll) RtlUserThreadStart
Unloading 3360 Unused Serialized files (Serialized files now loaded: 0)
Unloading 28 unused Assets / (396.3 KB). Loaded Objects now: 4184.
Memory consumption went from 140.6 MB to 140.2 MB.
Total: 4.734800 ms (FindLiveObjects: 0.306600 ms CreateObjectMapping: 0.111200 ms MarkObjects: 4.048100 ms  DeleteObjects: 0.267400 ms)

Prepare: number of updated asset objects reloaded= 0
AssetImportParameters requested are different than current active one (requested -> active):
  custom:container-demuxer-ogg: 62fdf1f143b41e24485cea50d1cbac27 -> 
  custom:video-codec-MediaFoundation-h265: 746d11721c4dcdbdad8f713fa42b33f4 -> 
  custom:video-decoder-ogg-theora: a1e56fd34408186e4bbccfd4996cb3dc -> 
  custom:framework-win-MediaFoundation: 216162199b28c13a410421893ffa2e32 -> 
  custom:CustomObjectIndexerAttribute: 9a22284fe3817be447336de3de66b15e -> 
  custom:container-demuxer-webm: 4f35f7cbe854078d1ac9338744f61a02 -> 
  custom:container-muxer-webm: aa71ff27fc2769a1b78a27578f13a17b -> 
  custom:video-decoder-webm-vp8: 9c59270c3fd7afecdb556c50c9e8de78 -> 
  custom:SearchIndexIgnoredProperties: e643bd26f0fe6173181afceb89e7c659 -> 
  custom:AudioImporter_EditorPlatform: d09bf68614088b80899f8185d706f6e7 -> 
  custom:video-encoder-webm-vp8: eb34c28f22e8b96e1ab97ce403110664 -> 
  custom:scripting/monoscript/fileName/TextureAnimator.cs: 4ff9f3da57bffade570aa3cdb1c96685 -> 
  custom:audio-decoder-ogg-vorbis: bf7c407c2cedff20999df2af8eb42d56 -> 
  custom:audio-encoder-webm-vorbis: bf7c407c2cedff20999df2af8eb42d56 -> 
  custom:scripting/precompiled-assembly-types:Assembly-CSharp: 36d289a2072fff615a3e377c6f30ddd1 -> d0e4d9b8e3191607d5c08abaebdab676
========================================================================
Received Prepare
Caller must complete domain reload
Begin MonoManager ReloadAssembly
- Loaded All Assemblies, in  0.472 seconds
Native extension for WindowsStandalone target not found
Native extension for Android target not found
Native extension for WebGL target not found
[Package Manager] Server::EnsureServerProcessIsRunning -- launch failed, reason: Unity was launched with the -noUpm command-line argument
[Package Manager] UpmClient::Send -- Unable to send message (not connected to UPM process).
[Package Manager] Cannot connect to Unity Package Manager local server
Failed to sync packages list
UnityEngine.StackTraceUtility:ExtractStackTrace ()
UnityEngine.DebugLogHandler:LogFormat (UnityEngine.LogType,UnityEngine.Object,string,object[])
UnityEngine.Logger:Log (UnityEngine.LogType,object)
UnityEngine.Debug:LogWarning (object)
 .  / :MoveNext ()
System.Runtime.CompilerServices.AsyncVoidMethodBuilder:Start< .  / > ( .  / &)
 .  :  ()
 .⁪/ :MoveNext ()
System.Runtime.CompilerServices.AsyncTaskMethodBuilder:Start< .⁪/ > ( .⁪/ &)
 .⁪:  ()
System.Reflection.RuntimeMethodInfo:Invoke (object,System.Reflection.BindingFlags,System.Reflection.Binder,object[],System.Globalization.CultureInfo)
System.Reflection.MethodBase:Invoke (object,object[])
UnityEditor.EditorAssemblies:ProcessInitializeOnLoadMethodAttributes ()

Mono: successfully reloaded assembly
- Finished resetting the current domain, in  1.029 seconds
Domain Reload Profiling: 1499ms
	BeginReloadAssembly (168ms)
		ExecutionOrderSort (0ms)
		DisableScriptedObjects (5ms)
		BackupInstance (0ms)
		ReleaseScriptingObjects (0ms)
		CreateAndSetChildDomain (40ms)
	RebuildCommonClasses (32ms)
	RebuildNativeTypeToScriptingClass (10ms)
	initialDomainReloadingComplete (30ms)
	LoadAllAssembliesAndSetupDomain (229ms)
		LoadAssemblies (291ms)
		RebuildTransferFunctionScriptingTraits (0ms)
		AnalyzeDomain (25ms)
			TypeCache.Refresh (8ms)
				TypeCache.ScanAssembly (0ms)
			ScanForSourceGeneratedMonoScriptInfo (8ms)
			ResolveRequiredComponents (6ms)
	FinalizeReload (1030ms)
		ReleaseScriptCaches (0ms)
		RebuildScriptCaches (0ms)
		SetupLoadedEditorAssemblies (571ms)
			LogAssemblyErrors (0ms)
			InitializePlatformSupportModulesInManaged (18ms)
			SetLoadedEditorAssemblies (4ms)
			RefreshPlugins (0ms)
			BeforeProcessingInitializeOnLoad (65ms)
			ProcessInitializeOnLoadAttributes (430ms)
			ProcessInitializeOnLoadMethodAttributes (49ms)
			AfterProcessingInitializeOnLoad (4ms)
			EditorAssembliesLoaded (0ms)
		ExecutionOrderSort2 (0ms)
		AwakeInstancesAfterBackupRestoration (7ms)
Refreshing native plugins compatible for Editor in 4.22 ms, found 6 plugins.
Preloading 0 native plugins for Editor in 0.00 ms.
Release of invalid GC handle. The handle is from a previous domain. The release operation is skipped.
Release of invalid GC handle native callstack: 
0x00007ff60b1b424d (Unity) StackWalker::GetCurrentCallstack
0x00007ff60b1b9329 (Unity) StackWalker::ShowCallstack
0x00007ff60c1adae1 (Unity) GetStacktrace
0x00007ff60b0af20d (Unity) ScriptingGCHandle::ReleaseAndClear
0x00007ff60b67748c (Unity) UploadHandlerRaw::`vector deleting destructor'
0x00007ff60b67803d (Unity) UploadHandler::Release
0x00007ff60b6748dd (Unity) UnityWebRequestProto<UnityWebRequestTransport,AtomicRefCounter,RedirectHelper,ResponseHelper,DownloadHandler,UploadHandler,CertificateHandler,HeaderHelper,AsyncOperation>::~UnityWebRequestProto<UnityWebRequestTransport,AtomicRefCounter,RedirectHelper,ResponseHelper,DownloadHandler,UploadHandler,CertificateHandler,HeaderHelper,AsyncOperation>
0x00007ff60b674bd6 (Unity) UnityWebRequest::`vector deleting destructor'
0x00007ff60a3c4b77 (Unity) UnityWebRequestProto<UnityWebRequestTransport,AtomicRefCounter,RedirectHelper,ResponseHelper,DownloadHandler,UploadHandler,CertificateHandler,HeaderHelper,AsyncOperation>::Release
0x00007ff60b676605 (Unity) UnityWebRequestAsyncOperation::InvokeCoroutine
0x00007ff60b6767e1 (Unity) UnityWebRequestProto<UnityWebRequestTransport,AtomicRefCounter,RedirectHelper,ResponseHelper,DownloadHandler,UploadHandler,CertificateHandler,HeaderHelper,AsyncOperation>::Job_InvokeCoroutine
0x00007ff60acdb54a (Unity) BackgroundJobQueue::ExecuteMainThreadJobs
0x00007ff60ad9005f (Unity) PreloadManager::WaitForAllAsyncOperationsToComplete
0x00007ff60c553af8 (Unity) <lambda_b37b41f03089e3cb3f55061bbc93253d>::operator()
0x00007ff60c58f422 (Unity) asio::detail::completion_handler<core::mutable_function<void __cdecl(void)>,asio::io_context::basic_executor_type<std::allocator<void>,0> >::do_complete
0x00007ff60c57b3ce (Unity) asio::detail::win_iocp_io_context::do_one
0x00007ff60c57d034 (Unity) asio::detail::win_iocp_io_context::run
0x00007ff60c58d7cc (Unity) IOService::Run
0x00007ff60c560c2f (Unity) AssetImportWorkerClient::Run
0x00007ff60c52c3d7 (Unity) RunAssetImportWorkerClientV2
0x00007ff60c52c45b (Unity) RunAssetImporterV2
0x00007ff60bd231de (Unity) Application::InitializeProject
0x00007ff60c1b8795 (Unity) WinMain
0x00007ff60d5835ce (Unity) __scrt_common_main_seh
0x00007ffa8b87e8d7 (KERNEL32) BaseThreadInitThunk
0x00007ffa8c1714fc (ntdll) RtlUserThreadStart
Unloading 3360 Unused Serialized files (Serialized files now loaded: 0)
Unloading 28 unused Assets / (397.1 KB). Loaded Objects now: 4189.
Memory consumption went from 140.7 MB to 140.3 MB.
Total: 3.746300 ms (FindLiveObjects: 0.232300 ms CreateObjectMapping: 0.092300 ms MarkObjects: 3.176800 ms  DeleteObjects: 0.243600 ms)

Prepare: number of updated asset objects reloaded= 0
AssetImportParameters requested are different than current active one (requested -> active):
  custom:container-demuxer-ogg: 62fdf1f143b41e24485cea50d1cbac27 -> 
  custom:video-codec-MediaFoundation-h265: 746d11721c4dcdbdad8f713fa42b33f4 -> 
  custom:video-decoder-ogg-theora: a1e56fd34408186e4bbccfd4996cb3dc -> 
  custom:framework-win-MediaFoundation: 216162199b28c13a410421893ffa2e32 -> 
  custom:CustomObjectIndexerAttribute: 9a22284fe3817be447336de3de66b15e -> 
  custom:container-demuxer-webm: 4f35f7cbe854078d1ac9338744f61a02 -> 
  custom:container-muxer-webm: aa71ff27fc2769a1b78a27578f13a17b -> 
  custom:video-decoder-webm-vp8: 9c59270c3fd7afecdb556c50c9e8de78 -> 
  custom:SearchIndexIgnoredProperties: e643bd26f0fe6173181afceb89e7c659 -> 
  custom:AudioImporter_EditorPlatform: d09bf68614088b80899f8185d706f6e7 -> 
  custom:video-encoder-webm-vp8: eb34c28f22e8b96e1ab97ce403110664 -> 
  custom:scripting/monoscript/fileName/TextureAnimator.cs: 4ff9f3da57bffade570aa3cdb1c96685 -> 
  custom:audio-decoder-ogg-vorbis: bf7c407c2cedff20999df2af8eb42d56 -> 
  custom:audio-encoder-webm-vorbis: bf7c407c2cedff20999df2af8eb42d56 -> 
  custom:scripting/precompiled-assembly-types:Assembly-CSharp: 36d289a2072fff615a3e377c6f30ddd1 -> d0e4d9b8e3191607d5c08abaebdab676
========================================================================
Received Prepare
Caller must complete domain reload
Begin MonoManager ReloadAssembly
- Loaded All Assemblies, in  0.416 seconds
Native extension for WindowsStandalone target not found
Native extension for Android target not found
Native extension for WebGL target not found
[Package Manager] Server::EnsureServerProcessIsRunning -- launch failed, reason: Unity was launched with the -noUpm command-line argument
[Package Manager] UpmClient::Send -- Unable to send message (not connected to UPM process).
[Package Manager] Cannot connect to Unity Package Manager local server
Failed to sync packages list
UnityEngine.StackTraceUtility:ExtractStackTrace ()
UnityEngine.DebugLogHandler:LogFormat (UnityEngine.LogType,UnityEngine.Object,string,object[])
UnityEngine.Logger:Log (UnityEngine.LogType,object)
UnityEngine.Debug:LogWarning (object)
 .  / :MoveNext ()
System.Runtime.CompilerServices.AsyncVoidMethodBuilder:Start< .  / > ( .  / &)
 .  :  ()
 .⁪/ :MoveNext ()
System.Runtime.CompilerServices.AsyncTaskMethodBuilder:Start< .⁪/ > ( .⁪/ &)
 .⁪:  ()
System.Reflection.RuntimeMethodInfo:Invoke (object,System.Reflection.BindingFlags,System.Reflection.Binder,object[],System.Globalization.CultureInfo)
System.Reflection.MethodBase:Invoke (object,object[])
UnityEditor.EditorAssemblies:ProcessInitializeOnLoadMethodAttributes ()

Mono: successfully reloaded assembly
- Finished resetting the current domain, in  1.036 seconds
Domain Reload Profiling: 1451ms
	BeginReloadAssembly (127ms)
		ExecutionOrderSort (0ms)
		DisableScriptedObjects (4ms)
		BackupInstance (0ms)
		ReleaseScriptingObjects (0ms)
		CreateAndSetChildDomain (27ms)
	RebuildCommonClasses (26ms)
	RebuildNativeTypeToScriptingClass (9ms)
	initialDomainReloadingComplete (29ms)
	LoadAllAssembliesAndSetupDomain (224ms)
		LoadAssemblies (273ms)
		RebuildTransferFunctionScriptingTraits (0ms)
		AnalyzeDomain (15ms)
			TypeCache.Refresh (6ms)
				TypeCache.ScanAssembly (0ms)
			ScanForSourceGeneratedMonoScriptInfo (0ms)
			ResolveRequiredComponents (6ms)
	FinalizeReload (1036ms)
		ReleaseScriptCaches (0ms)
		RebuildScriptCaches (0ms)
		SetupLoadedEditorAssemblies (598ms)
			LogAssemblyErrors (0ms)
			InitializePlatformSupportModulesInManaged (18ms)
			SetLoadedEditorAssemblies (5ms)
			RefreshPlugins (0ms)
			BeforeProcessingInitializeOnLoad (63ms)
			ProcessInitializeOnLoadAttributes (449ms)
			ProcessInitializeOnLoadMethodAttributes (58ms)
			AfterProcessingInitializeOnLoad (5ms)
			EditorAssembliesLoaded (0ms)
		ExecutionOrderSort2 (0ms)
		AwakeInstancesAfterBackupRestoration (8ms)
Refreshing native plugins compatible for Editor in 4.86 ms, found 6 plugins.
Preloading 0 native plugins for Editor in 0.00 ms.
Release of invalid GC handle. The handle is from a previous domain. The release operation is skipped.
Release of invalid GC handle native callstack: 
0x00007ff60b1b424d (Unity) StackWalker::GetCurrentCallstack
0x00007ff60b1b9329 (Unity) StackWalker::ShowCallstack
0x00007ff60c1adae1 (Unity) GetStacktrace
0x00007ff60b0af20d (Unity) ScriptingGCHandle::ReleaseAndClear
0x00007ff60b67748c (Unity) UploadHandlerRaw::`vector deleting destructor'
0x00007ff60b67803d (Unity) UploadHandler::Release
0x00007ff60b6748dd (Unity) UnityWebRequestProto<UnityWebRequestTransport,AtomicRefCounter,RedirectHelper,ResponseHelper,DownloadHandler,UploadHandler,CertificateHandler,HeaderHelper,AsyncOperation>::~UnityWebRequestProto<UnityWebRequestTransport,AtomicRefCounter,RedirectHelper,ResponseHelper,DownloadHandler,UploadHandler,CertificateHandler,HeaderHelper,AsyncOperation>
0x00007ff60b674bd6 (Unity) UnityWebRequest::`vector deleting destructor'
0x00007ff60a3c4b77 (Unity) UnityWebRequestProto<UnityWebRequestTransport,AtomicRefCounter,RedirectHelper,ResponseHelper,DownloadHandler,UploadHandler,CertificateHandler,HeaderHelper,AsyncOperation>::Release
0x00007ff60b676605 (Unity) UnityWebRequestAsyncOperation::InvokeCoroutine
0x00007ff60b6767e1 (Unity) UnityWebRequestProto<UnityWebRequestTransport,AtomicRefCounter,RedirectHelper,ResponseHelper,DownloadHandler,UploadHandler,CertificateHandler,HeaderHelper,AsyncOperation>::Job_InvokeCoroutine
0x00007ff60acdb54a (Unity) BackgroundJobQueue::ExecuteMainThreadJobs
0x00007ff60ad9005f (Unity) PreloadManager::WaitForAllAsyncOperationsToComplete
0x00007ff60c553af8 (Unity) <lambda_b37b41f03089e3cb3f55061bbc93253d>::operator()
0x00007ff60c58f422 (Unity) asio::detail::completion_handler<core::mutable_function<void __cdecl(void)>,asio::io_context::basic_executor_type<std::allocator<void>,0> >::do_complete
0x00007ff60c57b3ce (Unity) asio::detail::win_iocp_io_context::do_one
0x00007ff60c57d034 (Unity) asio::detail::win_iocp_io_context::run
0x00007ff60c58d7cc (Unity) IOService::Run
0x00007ff60c560c2f (Unity) AssetImportWorkerClient::Run
0x00007ff60c52c3d7 (Unity) RunAssetImportWorkerClientV2
0x00007ff60c52c45b (Unity) RunAssetImporterV2
0x00007ff60bd231de (Unity) Application::InitializeProject
0x00007ff60c1b8795 (Unity) WinMain
0x00007ff60d5835ce (Unity) __scrt_common_main_seh
0x00007ffa8b87e8d7 (KERNEL32) BaseThreadInitThunk
0x00007ffa8c1714fc (ntdll) RtlUserThreadStart
Unloading 3360 Unused Serialized files (Serialized files now loaded: 0)
Unloading 28 unused Assets / (397.1 KB). Loaded Objects now: 4194.
Memory consumption went from 140.9 MB to 140.5 MB.
Total: 5.003300 ms (FindLiveObjects: 0.268100 ms CreateObjectMapping: 0.111500 ms MarkObjects: 4.172600 ms  DeleteObjects: 0.449600 ms)

Prepare: number of updated asset objects reloaded= 0
AssetImportParameters requested are different than current active one (requested -> active):
  custom:container-demuxer-ogg: 62fdf1f143b41e24485cea50d1cbac27 -> 
  custom:video-codec-MediaFoundation-h265: 746d11721c4dcdbdad8f713fa42b33f4 -> 
  custom:video-decoder-ogg-theora: a1e56fd34408186e4bbccfd4996cb3dc -> 
  custom:framework-win-MediaFoundation: 216162199b28c13a410421893ffa2e32 -> 
  custom:CustomObjectIndexerAttribute: 9a22284fe3817be447336de3de66b15e -> 
  custom:container-demuxer-webm: 4f35f7cbe854078d1ac9338744f61a02 -> 
  custom:container-muxer-webm: aa71ff27fc2769a1b78a27578f13a17b -> 
  custom:video-decoder-webm-vp8: 9c59270c3fd7afecdb556c50c9e8de78 -> 
  custom:SearchIndexIgnoredProperties: e643bd26f0fe6173181afceb89e7c659 -> 
  custom:AudioImporter_EditorPlatform: d09bf68614088b80899f8185d706f6e7 -> 
  custom:video-encoder-webm-vp8: eb34c28f22e8b96e1ab97ce403110664 -> 
  custom:scripting/monoscript/fileName/TextureAnimator.cs: 4ff9f3da57bffade570aa3cdb1c96685 -> 
  custom:audio-decoder-ogg-vorbis: bf7c407c2cedff20999df2af8eb42d56 -> 
  custom:audio-encoder-webm-vorbis: bf7c407c2cedff20999df2af8eb42d56 -> 
  custom:scripting/precompiled-assembly-types:Assembly-CSharp: 36d289a2072fff615a3e377c6f30ddd1 -> d0e4d9b8e3191607d5c08abaebdab676
========================================================================
Received Prepare
Caller must complete domain reload
Begin MonoManager ReloadAssembly
- Loaded All Assemblies, in  0.447 seconds
Native extension for WindowsStandalone target not found
Native extension for Android target not found
Native extension for WebGL target not found
[Package Manager] Server::EnsureServerProcessIsRunning -- launch failed, reason: Unity was launched with the -noUpm command-line argument
[Package Manager] UpmClient::Send -- Unable to send message (not connected to UPM process).
[Package Manager] Cannot connect to Unity Package Manager local server
Failed to sync packages list
UnityEngine.StackTraceUtility:ExtractStackTrace ()
UnityEngine.DebugLogHandler:LogFormat (UnityEngine.LogType,UnityEngine.Object,string,object[])
UnityEngine.Logger:Log (UnityEngine.LogType,object)
UnityEngine.Debug:LogWarning (object)
 .  / :MoveNext ()
System.Runtime.CompilerServices.AsyncVoidMethodBuilder:Start< .  / > ( .  / &)
 .  :  ()
 .⁪/ :MoveNext ()
System.Runtime.CompilerServices.AsyncTaskMethodBuilder:Start< .⁪/ > ( .⁪/ &)
 .⁪:  ()
System.Reflection.RuntimeMethodInfo:Invoke (object,System.Reflection.BindingFlags,System.Reflection.Binder,object[],System.Globalization.CultureInfo)
System.Reflection.MethodBase:Invoke (object,object[])
UnityEditor.EditorAssemblies:ProcessInitializeOnLoadMethodAttributes ()

Mono: successfully reloaded assembly
- Finished resetting the current domain, in  1.015 seconds
Domain Reload Profiling: 1461ms
	BeginReloadAssembly (155ms)
		ExecutionOrderSort (0ms)
		DisableScriptedObjects (5ms)
		BackupInstance (0ms)
		ReleaseScriptingObjects (0ms)
		CreateAndSetChildDomain (35ms)
	RebuildCommonClasses (31ms)
	RebuildNativeTypeToScriptingClass (11ms)
	initialDomainReloadingComplete (27ms)
	LoadAllAssembliesAndSetupDomain (221ms)
		LoadAssemblies (285ms)
		RebuildTransferFunctionScriptingTraits (0ms)
		AnalyzeDomain (15ms)
			TypeCache.Refresh (6ms)
				TypeCache.ScanAssembly (0ms)
			ScanForSourceGeneratedMonoScriptInfo (0ms)
			ResolveRequiredComponents (5ms)
	FinalizeReload (1016ms)
		ReleaseScriptCaches (0ms)
		RebuildScriptCaches (0ms)
		SetupLoadedEditorAssemblies (583ms)
			LogAssemblyErrors (0ms)
			InitializePlatformSupportModulesInManaged (18ms)
			SetLoadedEditorAssemblies (4ms)
			RefreshPlugins (0ms)
			BeforeProcessingInitializeOnLoad (62ms)
			ProcessInitializeOnLoadAttributes (439ms)
			ProcessInitializeOnLoadMethodAttributes (54ms)
			AfterProcessingInitializeOnLoad (6ms)
			EditorAssembliesLoaded (0ms)
		ExecutionOrderSort2 (0ms)
		AwakeInstancesAfterBackupRestoration (9ms)
Refreshing native plugins compatible for Editor in 4.86 ms, found 6 plugins.
Preloading 0 native plugins for Editor in 0.00 ms.
Release of invalid GC handle. The handle is from a previous domain. The release operation is skipped.
Release of invalid GC handle native callstack: 
0x00007ff60b1b424d (Unity) StackWalker::GetCurrentCallstack
0x00007ff60b1b9329 (Unity) StackWalker::ShowCallstack
0x00007ff60c1adae1 (Unity) GetStacktrace
0x00007ff60b0af20d (Unity) ScriptingGCHandle::ReleaseAndClear
0x00007ff60b67748c (Unity) UploadHandlerRaw::`vector deleting destructor'
0x00007ff60b67803d (Unity) UploadHandler::Release
0x00007ff60b6748dd (Unity) UnityWebRequestProto<UnityWebRequestTransport,AtomicRefCounter,RedirectHelper,ResponseHelper,DownloadHandler,UploadHandler,CertificateHandler,HeaderHelper,AsyncOperation>::~UnityWebRequestProto<UnityWebRequestTransport,AtomicRefCounter,RedirectHelper,ResponseHelper,DownloadHandler,UploadHandler,CertificateHandler,HeaderHelper,AsyncOperation>
0x00007ff60b674bd6 (Unity) UnityWebRequest::`vector deleting destructor'
0x00007ff60a3c4b77 (Unity) UnityWebRequestProto<UnityWebRequestTransport,AtomicRefCounter,RedirectHelper,ResponseHelper,DownloadHandler,UploadHandler,CertificateHandler,HeaderHelper,AsyncOperation>::Release
0x00007ff60b676605 (Unity) UnityWebRequestAsyncOperation::InvokeCoroutine
0x00007ff60b6767e1 (Unity) UnityWebRequestProto<UnityWebRequestTransport,AtomicRefCounter,RedirectHelper,ResponseHelper,DownloadHandler,UploadHandler,CertificateHandler,HeaderHelper,AsyncOperation>::Job_InvokeCoroutine
0x00007ff60acdb54a (Unity) BackgroundJobQueue::ExecuteMainThreadJobs
0x00007ff60ad9005f (Unity) PreloadManager::WaitForAllAsyncOperationsToComplete
0x00007ff60c553af8 (Unity) <lambda_b37b41f03089e3cb3f55061bbc93253d>::operator()
0x00007ff60c58f422 (Unity) asio::detail::completion_handler<core::mutable_function<void __cdecl(void)>,asio::io_context::basic_executor_type<std::allocator<void>,0> >::do_complete
0x00007ff60c57b3ce (Unity) asio::detail::win_iocp_io_context::do_one
0x00007ff60c57d034 (Unity) asio::detail::win_iocp_io_context::run
0x00007ff60c58d7cc (Unity) IOService::Run
0x00007ff60c560c2f (Unity) AssetImportWorkerClient::Run
0x00007ff60c52c3d7 (Unity) RunAssetImportWorkerClientV2
0x00007ff60c52c45b (Unity) RunAssetImporterV2
0x00007ff60bd231de (Unity) Application::InitializeProject
0x00007ff60c1b8795 (Unity) WinMain
0x00007ff60d5835ce (Unity) __scrt_common_main_seh
0x00007ffa8b87e8d7 (KERNEL32) BaseThreadInitThunk
0x00007ffa8c1714fc (ntdll) RtlUserThreadStart
Unloading 3360 Unused Serialized files (Serialized files now loaded: 0)
Unloading 28 unused Assets / (396.8 KB). Loaded Objects now: 4199.
Memory consumption went from 141.0 MB to 140.6 MB.
Total: 4.333100 ms (FindLiveObjects: 0.245500 ms CreateObjectMapping: 0.089600 ms MarkObjects: 3.748400 ms  DeleteObjects: 0.248600 ms)

Prepare: number of updated asset objects reloaded= 0
AssetImportParameters requested are different than current active one (requested -> active):
  custom:container-demuxer-ogg: 62fdf1f143b41e24485cea50d1cbac27 -> 
  custom:video-codec-MediaFoundation-h265: 746d11721c4dcdbdad8f713fa42b33f4 -> 
  custom:video-decoder-ogg-theora: a1e56fd34408186e4bbccfd4996cb3dc -> 
  custom:framework-win-MediaFoundation: 216162199b28c13a410421893ffa2e32 -> 
  custom:CustomObjectIndexerAttribute: 9a22284fe3817be447336de3de66b15e -> 
  custom:container-demuxer-webm: 4f35f7cbe854078d1ac9338744f61a02 -> 
  custom:container-muxer-webm: aa71ff27fc2769a1b78a27578f13a17b -> 
  custom:video-decoder-webm-vp8: 9c59270c3fd7afecdb556c50c9e8de78 -> 
  custom:SearchIndexIgnoredProperties: e643bd26f0fe6173181afceb89e7c659 -> 
  custom:AudioImporter_EditorPlatform: d09bf68614088b80899f8185d706f6e7 -> 
  custom:video-encoder-webm-vp8: eb34c28f22e8b96e1ab97ce403110664 -> 
  custom:scripting/monoscript/fileName/TextureAnimator.cs: 4ff9f3da57bffade570aa3cdb1c96685 -> 
  custom:audio-decoder-ogg-vorbis: bf7c407c2cedff20999df2af8eb42d56 -> 
  custom:audio-encoder-webm-vorbis: bf7c407c2cedff20999df2af8eb42d56 -> 
  custom:scripting/precompiled-assembly-types:Assembly-CSharp: 36d289a2072fff615a3e377c6f30ddd1 -> d0e4d9b8e3191607d5c08abaebdab676
========================================================================
Received Prepare
Caller must complete domain reload
Begin MonoManager ReloadAssembly
- Loaded All Assemblies, in  0.454 seconds
Native extension for WindowsStandalone target not found
Native extension for Android target not found
Native extension for WebGL target not found
[Package Manager] Server::EnsureServerProcessIsRunning -- launch failed, reason: Unity was launched with the -noUpm command-line argument
[Package Manager] UpmClient::Send -- Unable to send message (not connected to UPM process).
[Package Manager] Cannot connect to Unity Package Manager local server
Failed to sync packages list
UnityEngine.StackTraceUtility:ExtractStackTrace ()
UnityEngine.DebugLogHandler:LogFormat (UnityEngine.LogType,UnityEngine.Object,string,object[])
UnityEngine.Logger:Log (UnityEngine.LogType,object)
UnityEngine.Debug:LogWarning (object)
 .  / :MoveNext ()
System.Runtime.CompilerServices.AsyncVoidMethodBuilder:Start< .  / > ( .  / &)
 .  :  ()
 .⁪/ :MoveNext ()
System.Runtime.CompilerServices.AsyncTaskMethodBuilder:Start< .⁪/ > ( .⁪/ &)
 .⁪:  ()
System.Reflection.RuntimeMethodInfo:Invoke (object,System.Reflection.BindingFlags,System.Reflection.Binder,object[],System.Globalization.CultureInfo)
System.Reflection.MethodBase:Invoke (object,object[])
UnityEditor.EditorAssemblies:ProcessInitializeOnLoadMethodAttributes ()

Mono: successfully reloaded assembly
- Finished resetting the current domain, in  1.005 seconds
Domain Reload Profiling: 1457ms
	BeginReloadAssembly (154ms)
		ExecutionOrderSort (0ms)
		DisableScriptedObjects (5ms)
		BackupInstance (0ms)
		ReleaseScriptingObjects (0ms)
		CreateAndSetChildDomain (30ms)
	RebuildCommonClasses (31ms)
	RebuildNativeTypeToScriptingClass (10ms)
	initialDomainReloadingComplete (25ms)
	LoadAllAssembliesAndSetupDomain (230ms)
		LoadAssemblies (284ms)
		RebuildTransferFunctionScriptingTraits (0ms)
		AnalyzeDomain (27ms)
			TypeCache.Refresh (8ms)
				TypeCache.ScanAssembly (0ms)
			ScanForSourceGeneratedMonoScriptInfo (8ms)
			ResolveRequiredComponents (9ms)
	FinalizeReload (1005ms)
		ReleaseScriptCaches (0ms)
		RebuildScriptCaches (0ms)
		SetupLoadedEditorAssemblies (574ms)
			LogAssemblyErrors (0ms)
			InitializePlatformSupportModulesInManaged (19ms)
			SetLoadedEditorAssemblies (5ms)
			RefreshPlugins (0ms)
			BeforeProcessingInitializeOnLoad (70ms)
			ProcessInitializeOnLoadAttributes (419ms)
			ProcessInitializeOnLoadMethodAttributes (56ms)
			AfterProcessingInitializeOnLoad (5ms)
			EditorAssembliesLoaded (0ms)
		ExecutionOrderSort2 (0ms)
		AwakeInstancesAfterBackupRestoration (7ms)
Refreshing native plugins compatible for Editor in 6.67 ms, found 6 plugins.
Preloading 0 native plugins for Editor in 0.00 ms.
Release of invalid GC handle. The handle is from a previous domain. The release operation is skipped.
Release of invalid GC handle native callstack: 
0x00007ff60b1b424d (Unity) StackWalker::GetCurrentCallstack
0x00007ff60b1b9329 (Unity) StackWalker::ShowCallstack
0x00007ff60c1adae1 (Unity) GetStacktrace
0x00007ff60b0af20d (Unity) ScriptingGCHandle::ReleaseAndClear
0x00007ff60b67748c (Unity) UploadHandlerRaw::`vector deleting destructor'
0x00007ff60b67803d (Unity) UploadHandler::Release
0x00007ff60b6748dd (Unity) UnityWebRequestProto<UnityWebRequestTransport,AtomicRefCounter,RedirectHelper,ResponseHelper,DownloadHandler,UploadHandler,CertificateHandler,HeaderHelper,AsyncOperation>::~UnityWebRequestProto<UnityWebRequestTransport,AtomicRefCounter,RedirectHelper,ResponseHelper,DownloadHandler,UploadHandler,CertificateHandler,HeaderHelper,AsyncOperation>
0x00007ff60b674bd6 (Unity) UnityWebRequest::`vector deleting destructor'
0x00007ff60a3c4b77 (Unity) UnityWebRequestProto<UnityWebRequestTransport,AtomicRefCounter,RedirectHelper,ResponseHelper,DownloadHandler,UploadHandler,CertificateHandler,HeaderHelper,AsyncOperation>::Release
0x00007ff60b676605 (Unity) UnityWebRequestAsyncOperation::InvokeCoroutine
0x00007ff60b6767e1 (Unity) UnityWebRequestProto<UnityWebRequestTransport,AtomicRefCounter,RedirectHelper,ResponseHelper,DownloadHandler,UploadHandler,CertificateHandler,HeaderHelper,AsyncOperation>::Job_InvokeCoroutine
0x00007ff60acdb54a (Unity) BackgroundJobQueue::ExecuteMainThreadJobs
0x00007ff60ad9005f (Unity) PreloadManager::WaitForAllAsyncOperationsToComplete
0x00007ff60c553af8 (Unity) <lambda_b37b41f03089e3cb3f55061bbc93253d>::operator()
0x00007ff60c58f422 (Unity) asio::detail::completion_handler<core::mutable_function<void __cdecl(void)>,asio::io_context::basic_executor_type<std::allocator<void>,0> >::do_complete
0x00007ff60c57b3ce (Unity) asio::detail::win_iocp_io_context::do_one
0x00007ff60c57d034 (Unity) asio::detail::win_iocp_io_context::run
0x00007ff60c58d7cc (Unity) IOService::Run
0x00007ff60c560c2f (Unity) AssetImportWorkerClient::Run
0x00007ff60c52c3d7 (Unity) RunAssetImportWorkerClientV2
0x00007ff60c52c45b (Unity) RunAssetImporterV2
0x00007ff60bd231de (Unity) Application::InitializeProject
0x00007ff60c1b8795 (Unity) WinMain
0x00007ff60d5835ce (Unity) __scrt_common_main_seh
0x00007ffa8b87e8d7 (KERNEL32) BaseThreadInitThunk
0x00007ffa8c1714fc (ntdll) RtlUserThreadStart
Unloading 3360 Unused Serialized files (Serialized files now loaded: 0)
Unloading 28 unused Assets / (397.0 KB). Loaded Objects now: 4204.
Memory consumption went from 141.2 MB to 140.8 MB.
Total: 4.180500 ms (FindLiveObjects: 0.232300 ms CreateObjectMapping: 0.096400 ms MarkObjects: 3.596600 ms  DeleteObjects: 0.254200 ms)

Prepare: number of updated asset objects reloaded= 0
AssetImportParameters requested are different than current active one (requested -> active):
  custom:container-demuxer-ogg: 62fdf1f143b41e24485cea50d1cbac27 -> 
  custom:video-codec-MediaFoundation-h265: 746d11721c4dcdbdad8f713fa42b33f4 -> 
  custom:video-decoder-ogg-theora: a1e56fd34408186e4bbccfd4996cb3dc -> 
  custom:framework-win-MediaFoundation: 216162199b28c13a410421893ffa2e32 -> 
  custom:CustomObjectIndexerAttribute: 9a22284fe3817be447336de3de66b15e -> 
  custom:container-demuxer-webm: 4f35f7cbe854078d1ac9338744f61a02 -> 
  custom:container-muxer-webm: aa71ff27fc2769a1b78a27578f13a17b -> 
  custom:video-decoder-webm-vp8: 9c59270c3fd7afecdb556c50c9e8de78 -> 
  custom:SearchIndexIgnoredProperties: e643bd26f0fe6173181afceb89e7c659 -> 
  custom:AudioImporter_EditorPlatform: d09bf68614088b80899f8185d706f6e7 -> 
  custom:video-encoder-webm-vp8: eb34c28f22e8b96e1ab97ce403110664 -> 
  custom:scripting/monoscript/fileName/TextureAnimator.cs: 4ff9f3da57bffade570aa3cdb1c96685 -> 
  custom:audio-decoder-ogg-vorbis: bf7c407c2cedff20999df2af8eb42d56 -> 
  custom:audio-encoder-webm-vorbis: bf7c407c2cedff20999df2af8eb42d56 -> 
  custom:scripting/precompiled-assembly-types:Assembly-CSharp: 36d289a2072fff615a3e377c6f30ddd1 -> d0e4d9b8e3191607d5c08abaebdab676
========================================================================
Received Prepare
Caller must complete domain reload
Begin MonoManager ReloadAssembly
- Loaded All Assemblies, in  0.486 seconds
Native extension for WindowsStandalone target not found
Native extension for Android target not found
Native extension for WebGL target not found
[Package Manager] Server::EnsureServerProcessIsRunning -- launch failed, reason: Unity was launched with the -noUpm command-line argument
[Package Manager] UpmClient::Send -- Unable to send message (not connected to UPM process).
[Package Manager] Cannot connect to Unity Package Manager local server
Failed to sync packages list
UnityEngine.StackTraceUtility:ExtractStackTrace ()
UnityEngine.DebugLogHandler:LogFormat (UnityEngine.LogType,UnityEngine.Object,string,object[])
UnityEngine.Logger:Log (UnityEngine.LogType,object)
UnityEngine.Debug:LogWarning (object)
 .  / :MoveNext ()
System.Runtime.CompilerServices.AsyncVoidMethodBuilder:Start< .  / > ( .  / &)
 .  :  ()
 .⁪/ :MoveNext ()
System.Runtime.CompilerServices.AsyncTaskMethodBuilder:Start< .⁪/ > ( .⁪/ &)
 .⁪:  ()
System.Reflection.RuntimeMethodInfo:Invoke (object,System.Reflection.BindingFlags,System.Reflection.Binder,object[],System.Globalization.CultureInfo)
System.Reflection.MethodBase:Invoke (object,object[])
UnityEditor.EditorAssemblies:ProcessInitializeOnLoadMethodAttributes ()

Mono: successfully reloaded assembly
- Finished resetting the current domain, in  1.049 seconds
Domain Reload Profiling: 1529ms
	BeginReloadAssembly (151ms)
		ExecutionOrderSort (0ms)
		DisableScriptedObjects (6ms)
		BackupInstance (0ms)
		ReleaseScriptingObjects (0ms)
		CreateAndSetChildDomain (33ms)
	RebuildCommonClasses (32ms)
	RebuildNativeTypeToScriptingClass (14ms)
	initialDomainReloadingComplete (49ms)
	LoadAllAssembliesAndSetupDomain (234ms)
		LoadAssemblies (300ms)
		RebuildTransferFunctionScriptingTraits (0ms)
		AnalyzeDomain (14ms)
			TypeCache.Refresh (6ms)
				TypeCache.ScanAssembly (0ms)
			ScanForSourceGeneratedMonoScriptInfo (0ms)
			ResolveRequiredComponents (6ms)
	FinalizeReload (1049ms)
		ReleaseScriptCaches (0ms)
		RebuildScriptCaches (0ms)
		SetupLoadedEditorAssemblies (595ms)
			LogAssemblyErrors (0ms)
			InitializePlatformSupportModulesInManaged (22ms)
			SetLoadedEditorAssemblies (5ms)
			RefreshPlugins (0ms)
			BeforeProcessingInitializeOnLoad (67ms)
			ProcessInitializeOnLoadAttributes (440ms)
			ProcessInitializeOnLoadMethodAttributes (56ms)
			AfterProcessingInitializeOnLoad (5ms)
			EditorAssembliesLoaded (0ms)
		ExecutionOrderSort2 (0ms)
		AwakeInstancesAfterBackupRestoration (9ms)
Refreshing native plugins compatible for Editor in 5.22 ms, found 6 plugins.
Preloading 0 native plugins for Editor in 0.00 ms.
Release of invalid GC handle. The handle is from a previous domain. The release operation is skipped.
Release of invalid GC handle native callstack: 
0x00007ff60b1b424d (Unity) StackWalker::GetCurrentCallstack
0x00007ff60b1b9329 (Unity) StackWalker::ShowCallstack
0x00007ff60c1adae1 (Unity) GetStacktrace
0x00007ff60b0af20d (Unity) ScriptingGCHandle::ReleaseAndClear
0x00007ff60b67748c (Unity) UploadHandlerRaw::`vector deleting destructor'
0x00007ff60b67803d (Unity) UploadHandler::Release
0x00007ff60b6748dd (Unity) UnityWebRequestProto<UnityWebRequestTransport,AtomicRefCounter,RedirectHelper,ResponseHelper,DownloadHandler,UploadHandler,CertificateHandler,HeaderHelper,AsyncOperation>::~UnityWebRequestProto<UnityWebRequestTransport,AtomicRefCounter,RedirectHelper,ResponseHelper,DownloadHandler,UploadHandler,CertificateHandler,HeaderHelper,AsyncOperation>
0x00007ff60b674bd6 (Unity) UnityWebRequest::`vector deleting destructor'
0x00007ff60a3c4b77 (Unity) UnityWebRequestProto<UnityWebRequestTransport,AtomicRefCounter,RedirectHelper,ResponseHelper,DownloadHandler,UploadHandler,CertificateHandler,HeaderHelper,AsyncOperation>::Release
0x00007ff60b676605 (Unity) UnityWebRequestAsyncOperation::InvokeCoroutine
0x00007ff60b6767e1 (Unity) UnityWebRequestProto<UnityWebRequestTransport,AtomicRefCounter,RedirectHelper,ResponseHelper,DownloadHandler,UploadHandler,CertificateHandler,HeaderHelper,AsyncOperation>::Job_InvokeCoroutine
0x00007ff60acdb54a (Unity) BackgroundJobQueue::ExecuteMainThreadJobs
0x00007ff60ad9005f (Unity) PreloadManager::WaitForAllAsyncOperationsToComplete
0x00007ff60c553af8 (Unity) <lambda_b37b41f03089e3cb3f55061bbc93253d>::operator()
0x00007ff60c58f422 (Unity) asio::detail::completion_handler<core::mutable_function<void __cdecl(void)>,asio::io_context::basic_executor_type<std::allocator<void>,0> >::do_complete
0x00007ff60c57b3ce (Unity) asio::detail::win_iocp_io_context::do_one
0x00007ff60c57d034 (Unity) asio::detail::win_iocp_io_context::run
0x00007ff60c58d7cc (Unity) IOService::Run
0x00007ff60c560c2f (Unity) AssetImportWorkerClient::Run
0x00007ff60c52c3d7 (Unity) RunAssetImportWorkerClientV2
0x00007ff60c52c45b (Unity) RunAssetImporterV2
0x00007ff60bd231de (Unity) Application::InitializeProject
0x00007ff60c1b8795 (Unity) WinMain
0x00007ff60d5835ce (Unity) __scrt_common_main_seh
0x00007ffa8b87e8d7 (KERNEL32) BaseThreadInitThunk
0x00007ffa8c1714fc (ntdll) RtlUserThreadStart
Unloading 3360 Unused Serialized files (Serialized files now loaded: 0)
Unloading 28 unused Assets / (396.9 KB). Loaded Objects now: 4209.
Memory consumption went from 141.3 MB to 140.9 MB.
Total: 5.296700 ms (FindLiveObjects: 0.242500 ms CreateObjectMapping: 0.101900 ms MarkObjects: 4.645400 ms  DeleteObjects: 0.305700 ms)

Prepare: number of updated asset objects reloaded= 0
AssetImportParameters requested are different than current active one (requested -> active):
  custom:container-demuxer-ogg: 62fdf1f143b41e24485cea50d1cbac27 -> 
  custom:video-codec-MediaFoundation-h265: 746d11721c4dcdbdad8f713fa42b33f4 -> 
  custom:video-decoder-ogg-theora: a1e56fd34408186e4bbccfd4996cb3dc -> 
  custom:framework-win-MediaFoundation: 216162199b28c13a410421893ffa2e32 -> 
  custom:CustomObjectIndexerAttribute: 9a22284fe3817be447336de3de66b15e -> 
  custom:container-demuxer-webm: 4f35f7cbe854078d1ac9338744f61a02 -> 
  custom:container-muxer-webm: aa71ff27fc2769a1b78a27578f13a17b -> 
  custom:video-decoder-webm-vp8: 9c59270c3fd7afecdb556c50c9e8de78 -> 
  custom:SearchIndexIgnoredProperties: e643bd26f0fe6173181afceb89e7c659 -> 
  custom:AudioImporter_EditorPlatform: d09bf68614088b80899f8185d706f6e7 -> 
  custom:video-encoder-webm-vp8: eb34c28f22e8b96e1ab97ce403110664 -> 
  custom:scripting/monoscript/fileName/TextureAnimator.cs: 4ff9f3da57bffade570aa3cdb1c96685 -> 
  custom:audio-decoder-ogg-vorbis: bf7c407c2cedff20999df2af8eb42d56 -> 
  custom:audio-encoder-webm-vorbis: bf7c407c2cedff20999df2af8eb42d56 -> 
  custom:scripting/precompiled-assembly-types:Assembly-CSharp: 36d289a2072fff615a3e377c6f30ddd1 -> d0e4d9b8e3191607d5c08abaebdab676
========================================================================
Received Prepare
Caller must complete domain reload
Begin MonoManager ReloadAssembly
- Loaded All Assemblies, in  0.452 seconds
Native extension for WindowsStandalone target not found
Native extension for Android target not found
Native extension for WebGL target not found
[Package Manager] Server::EnsureServerProcessIsRunning -- launch failed, reason: Unity was launched with the -noUpm command-line argument
[Package Manager] UpmClient::Send -- Unable to send message (not connected to UPM process).
[Package Manager] Cannot connect to Unity Package Manager local server
Failed to sync packages list
UnityEngine.StackTraceUtility:ExtractStackTrace ()
UnityEngine.DebugLogHandler:LogFormat (UnityEngine.LogType,UnityEngine.Object,string,object[])
UnityEngine.Logger:Log (UnityEngine.LogType,object)
UnityEngine.Debug:LogWarning (object)
 .  / :MoveNext ()
System.Runtime.CompilerServices.AsyncVoidMethodBuilder:Start< .  / > ( .  / &)
 .  :  ()
 .⁪/ :MoveNext ()
System.Runtime.CompilerServices.AsyncTaskMethodBuilder:Start< .⁪/ > ( .⁪/ &)
 .⁪:  ()
System.Reflection.RuntimeMethodInfo:Invoke (object,System.Reflection.BindingFlags,System.Reflection.Binder,object[],System.Globalization.CultureInfo)
System.Reflection.MethodBase:Invoke (object,object[])
UnityEditor.EditorAssemblies:ProcessInitializeOnLoadMethodAttributes ()

Mono: successfully reloaded assembly
- Finished resetting the current domain, in  0.961 seconds
Domain Reload Profiling: 1412ms
	BeginReloadAssembly (151ms)
		ExecutionOrderSort (0ms)
		DisableScriptedObjects (5ms)
		BackupInstance (0ms)
		ReleaseScriptingObjects (0ms)
		CreateAndSetChildDomain (30ms)
	RebuildCommonClasses (35ms)
	RebuildNativeTypeToScriptingClass (10ms)
	initialDomainReloadingComplete (26ms)
	LoadAllAssembliesAndSetupDomain (228ms)
		LoadAssemblies (294ms)
		RebuildTransferFunctionScriptingTraits (0ms)
		AnalyzeDomain (19ms)
			TypeCache.Refresh (6ms)
				TypeCache.ScanAssembly (0ms)
			ScanForSourceGeneratedMonoScriptInfo (0ms)
			ResolveRequiredComponents (9ms)
	FinalizeReload (961ms)
		ReleaseScriptCaches (0ms)
		RebuildScriptCaches (0ms)
		SetupLoadedEditorAssemblies (545ms)
			LogAssemblyErrors (0ms)
			InitializePlatformSupportModulesInManaged (21ms)
			SetLoadedEditorAssemblies (4ms)
			RefreshPlugins (0ms)
			BeforeProcessingInitializeOnLoad (63ms)
			ProcessInitializeOnLoadAttributes (401ms)
			ProcessInitializeOnLoadMethodAttributes (51ms)
			AfterProcessingInitializeOnLoad (4ms)
			EditorAssembliesLoaded (0ms)
		ExecutionOrderSort2 (0ms)
		AwakeInstancesAfterBackupRestoration (8ms)
Refreshing native plugins compatible for Editor in 3.66 ms, found 6 plugins.
Preloading 0 native plugins for Editor in 0.00 ms.
Release of invalid GC handle. The handle is from a previous domain. The release operation is skipped.
Release of invalid GC handle native callstack: 
0x00007ff60b1b424d (Unity) StackWalker::GetCurrentCallstack
0x00007ff60b1b9329 (Unity) StackWalker::ShowCallstack
0x00007ff60c1adae1 (Unity) GetStacktrace
0x00007ff60b0af20d (Unity) ScriptingGCHandle::ReleaseAndClear
0x00007ff60b67748c (Unity) UploadHandlerRaw::`vector deleting destructor'
0x00007ff60b67803d (Unity) UploadHandler::Release
0x00007ff60b6748dd (Unity) UnityWebRequestProto<UnityWebRequestTransport,AtomicRefCounter,RedirectHelper,ResponseHelper,DownloadHandler,UploadHandler,CertificateHandler,HeaderHelper,AsyncOperation>::~UnityWebRequestProto<UnityWebRequestTransport,AtomicRefCounter,RedirectHelper,ResponseHelper,DownloadHandler,UploadHandler,CertificateHandler,HeaderHelper,AsyncOperation>
0x00007ff60b674bd6 (Unity) UnityWebRequest::`vector deleting destructor'
0x00007ff60a3c4b77 (Unity) UnityWebRequestProto<UnityWebRequestTransport,AtomicRefCounter,RedirectHelper,ResponseHelper,DownloadHandler,UploadHandler,CertificateHandler,HeaderHelper,AsyncOperation>::Release
0x00007ff60b676605 (Unity) UnityWebRequestAsyncOperation::InvokeCoroutine
0x00007ff60b6767e1 (Unity) UnityWebRequestProto<UnityWebRequestTransport,AtomicRefCounter,RedirectHelper,ResponseHelper,DownloadHandler,UploadHandler,CertificateHandler,HeaderHelper,AsyncOperation>::Job_InvokeCoroutine
0x00007ff60acdb54a (Unity) BackgroundJobQueue::ExecuteMainThreadJobs
0x00007ff60ad9005f (Unity) PreloadManager::WaitForAllAsyncOperationsToComplete
0x00007ff60c553af8 (Unity) <lambda_b37b41f03089e3cb3f55061bbc93253d>::operator()
0x00007ff60c58f422 (Unity) asio::detail::completion_handler<core::mutable_function<void __cdecl(void)>,asio::io_context::basic_executor_type<std::allocator<void>,0> >::do_complete
0x00007ff60c57b3ce (Unity) asio::detail::win_iocp_io_context::do_one
0x00007ff60c57d034 (Unity) asio::detail::win_iocp_io_context::run
0x00007ff60c58d7cc (Unity) IOService::Run
0x00007ff60c560c2f (Unity) AssetImportWorkerClient::Run
0x00007ff60c52c3d7 (Unity) RunAssetImportWorkerClientV2
0x00007ff60c52c45b (Unity) RunAssetImporterV2
0x00007ff60bd231de (Unity) Application::InitializeProject
0x00007ff60c1b8795 (Unity) WinMain
0x00007ff60d5835ce (Unity) __scrt_common_main_seh
0x00007ffa8b87e8d7 (KERNEL32) BaseThreadInitThunk
0x00007ffa8c1714fc (ntdll) RtlUserThreadStart
Unloading 3360 Unused Serialized files (Serialized files now loaded: 0)
Unloading 28 unused Assets / (398.3 KB). Loaded Objects now: 4214.
Memory consumption went from 141.5 MB to 141.1 MB.
Total: 6.517300 ms (FindLiveObjects: 0.310100 ms CreateObjectMapping: 0.116600 ms MarkObjects: 5.789300 ms  DeleteObjects: 0.299400 ms)

Prepare: number of updated asset objects reloaded= 1
AssetImportParameters requested are different than current active one (requested -> active):
  custom:container-demuxer-ogg: 62fdf1f143b41e24485cea50d1cbac27 -> 
  custom:video-codec-MediaFoundation-h265: 746d11721c4dcdbdad8f713fa42b33f4 -> 
  custom:video-decoder-ogg-theora: a1e56fd34408186e4bbccfd4996cb3dc -> 
  custom:framework-win-MediaFoundation: 216162199b28c13a410421893ffa2e32 -> 
  custom:CustomObjectIndexerAttribute: 9a22284fe3817be447336de3de66b15e -> 
  custom:container-demuxer-webm: 4f35f7cbe854078d1ac9338744f61a02 -> 
  custom:container-muxer-webm: aa71ff27fc2769a1b78a27578f13a17b -> 
  custom:video-decoder-webm-vp8: 9c59270c3fd7afecdb556c50c9e8de78 -> 
  custom:SearchIndexIgnoredProperties: e643bd26f0fe6173181afceb89e7c659 -> 
  custom:AudioImporter_EditorPlatform: d09bf68614088b80899f8185d706f6e7 -> 
  custom:video-encoder-webm-vp8: eb34c28f22e8b96e1ab97ce403110664 -> 
  custom:scripting/monoscript/fileName/TextureAnimator.cs: 4ff9f3da57bffade570aa3cdb1c96685 -> 
  custom:audio-decoder-ogg-vorbis: bf7c407c2cedff20999df2af8eb42d56 -> 
  custom:audio-encoder-webm-vorbis: bf7c407c2cedff20999df2af8eb42d56 -> 
  custom:scripting/precompiled-assembly-types:Assembly-CSharp: 36d289a2072fff615a3e377c6f30ddd1 -> d0e4d9b8e3191607d5c08abaebdab676
========================================================================
Received Import Request.
  Time since last request: 1726.516873 seconds.
  path: Assets/Resources/Conveyor_pryamoy/Borta.mat
  artifactKey: Guid(c0717b424f011aa47865ffc12578e242) Importer(815301076,1909f56bfc062723c751e8b465ee728b)
Start importing Assets/Resources/Conveyor_pryamoy/Borta.mat using Guid(c0717b424f011aa47865ffc12578e242) Importer(815301076,1909f56bfc062723c751e8b465ee728b) [PhysX] Initialized MultithreadedTaskDispatcher with 12 workers.
[PhysX] Initialized MultithreadedTaskDispatcher with 12 workers.
 -> (artifact id: 'deadc9e4e4c9fafb376c923e9557fadd') in 0.135497 seconds
Number of updated asset objects reloaded before import = 0
Number of asset objects unloaded after import = 1
========================================================================
Received Import Request.
  Time since last request: 0.000278 seconds.
  path: Assets/Resources/Conveyor_pryamoy/Lenta_1.mat
  artifactKey: Guid(a1fadd7f0a8142d4eb96a38b7f512265) Importer(815301076,1909f56bfc062723c751e8b465ee728b)
Start importing Assets/Resources/Conveyor_pryamoy/Lenta_1.mat using Guid(a1fadd7f0a8142d4eb96a38b7f512265) Importer(815301076,1909f56bfc062723c751e8b465ee728b) [PhysX] Initialized MultithreadedTaskDispatcher with 12 workers.
[PhysX] Initialized MultithreadedTaskDispatcher with 12 workers.
 -> (artifact id: 'a6f72d95b36c744dab33af989ea416c7') in 0.034390 seconds
Number of updated asset objects reloaded before import = 0
Number of asset objects unloaded after import = 2
========================================================================
Received Prepare
Caller must complete domain reload
Begin MonoManager ReloadAssembly
- Loaded All Assemblies, in  0.492 seconds
Native extension for WindowsStandalone target not found
Native extension for Android target not found
Native extension for WebGL target not found
[Package Manager] Server::EnsureServerProcessIsRunning -- launch failed, reason: Unity was launched with the -noUpm command-line argument
[Package Manager] UpmClient::Send -- Unable to send message (not connected to UPM process).
[Package Manager] Cannot connect to Unity Package Manager local server
Failed to sync packages list
UnityEngine.StackTraceUtility:ExtractStackTrace ()
UnityEngine.DebugLogHandler:LogFormat (UnityEngine.LogType,UnityEngine.Object,string,object[])
UnityEngine.Logger:Log (UnityEngine.LogType,object)
UnityEngine.Debug:LogWarning (object)
 .  / :MoveNext ()
System.Runtime.CompilerServices.AsyncVoidMethodBuilder:Start< .  / > ( .  / &)
 .  :  ()
 .⁪/ :MoveNext ()
System.Runtime.CompilerServices.AsyncTaskMethodBuilder:Start< .⁪/ > ( .⁪/ &)
 .⁪:  ()
System.Reflection.RuntimeMethodInfo:Invoke (object,System.Reflection.BindingFlags,System.Reflection.Binder,object[],System.Globalization.CultureInfo)
System.Reflection.MethodBase:Invoke (object,object[])
UnityEditor.EditorAssemblies:ProcessInitializeOnLoadMethodAttributes ()

Mono: successfully reloaded assembly
- Finished resetting the current domain, in  1.114 seconds
Domain Reload Profiling: 1604ms
	BeginReloadAssembly (159ms)
		ExecutionOrderSort (0ms)
		DisableScriptedObjects (6ms)
		BackupInstance (0ms)
		ReleaseScriptingObjects (0ms)
		CreateAndSetChildDomain (37ms)
	RebuildCommonClasses (35ms)
	RebuildNativeTypeToScriptingClass (10ms)
	initialDomainReloadingComplete (28ms)
	LoadAllAssembliesAndSetupDomain (258ms)
		LoadAssemblies (320ms)
		RebuildTransferFunctionScriptingTraits (0ms)
		AnalyzeDomain (21ms)
			TypeCache.Refresh (6ms)
				TypeCache.ScanAssembly (0ms)
			ScanForSourceGeneratedMonoScriptInfo (0ms)
			ResolveRequiredComponents (6ms)
	FinalizeReload (1115ms)
		ReleaseScriptCaches (0ms)
		RebuildScriptCaches (0ms)
		SetupLoadedEditorAssemblies (606ms)
			LogAssemblyErrors (0ms)
			InitializePlatformSupportModulesInManaged (18ms)
			SetLoadedEditorAssemblies (4ms)
			RefreshPlugins (0ms)
			BeforeProcessingInitializeOnLoad (81ms)
			ProcessInitializeOnLoadAttributes (444ms)
			ProcessInitializeOnLoadMethodAttributes (52ms)
			AfterProcessingInitializeOnLoad (6ms)
			EditorAssembliesLoaded (0ms)
		ExecutionOrderSort2 (0ms)
		AwakeInstancesAfterBackupRestoration (8ms)
Refreshing native plugins compatible for Editor in 5.27 ms, found 6 plugins.
Preloading 0 native plugins for Editor in 0.00 ms.
Release of invalid GC handle. The handle is from a previous domain. The release operation is skipped.
Release of invalid GC handle native callstack: 
0x00007ff60b1b424d (Unity) StackWalker::GetCurrentCallstack
0x00007ff60b1b9329 (Unity) StackWalker::ShowCallstack
0x00007ff60c1adae1 (Unity) GetStacktrace
0x00007ff60b0af20d (Unity) ScriptingGCHandle::ReleaseAndClear
0x00007ff60b67748c (Unity) UploadHandlerRaw::`vector deleting destructor'
0x00007ff60b67803d (Unity) UploadHandler::Release
0x00007ff60b6748dd (Unity) UnityWebRequestProto<UnityWebRequestTransport,AtomicRefCounter,RedirectHelper,ResponseHelper,DownloadHandler,UploadHandler,CertificateHandler,HeaderHelper,AsyncOperation>::~UnityWebRequestProto<UnityWebRequestTransport,AtomicRefCounter,RedirectHelper,ResponseHelper,DownloadHandler,UploadHandler,CertificateHandler,HeaderHelper,AsyncOperation>
0x00007ff60b674bd6 (Unity) UnityWebRequest::`vector deleting destructor'
0x00007ff60a3c4b77 (Unity) UnityWebRequestProto<UnityWebRequestTransport,AtomicRefCounter,RedirectHelper,ResponseHelper,DownloadHandler,UploadHandler,CertificateHandler,HeaderHelper,AsyncOperation>::Release
0x00007ff60b676605 (Unity) UnityWebRequestAsyncOperation::InvokeCoroutine
0x00007ff60b6767e1 (Unity) UnityWebRequestProto<UnityWebRequestTransport,AtomicRefCounter,RedirectHelper,ResponseHelper,DownloadHandler,UploadHandler,CertificateHandler,HeaderHelper,AsyncOperation>::Job_InvokeCoroutine
0x00007ff60acdb54a (Unity) BackgroundJobQueue::ExecuteMainThreadJobs
0x00007ff60ad9005f (Unity) PreloadManager::WaitForAllAsyncOperationsToComplete
0x00007ff60c553af8 (Unity) <lambda_b37b41f03089e3cb3f55061bbc93253d>::operator()
0x00007ff60c58f422 (Unity) asio::detail::completion_handler<core::mutable_function<void __cdecl(void)>,asio::io_context::basic_executor_type<std::allocator<void>,0> >::do_complete
0x00007ff60c57b3ce (Unity) asio::detail::win_iocp_io_context::do_one
0x00007ff60c57d034 (Unity) asio::detail::win_iocp_io_context::run
0x00007ff60c58d7cc (Unity) IOService::Run
0x00007ff60c560c2f (Unity) AssetImportWorkerClient::Run
0x00007ff60c52c3d7 (Unity) RunAssetImportWorkerClientV2
0x00007ff60c52c45b (Unity) RunAssetImporterV2
0x00007ff60bd231de (Unity) Application::InitializeProject
0x00007ff60c1b8795 (Unity) WinMain
0x00007ff60d5835ce (Unity) __scrt_common_main_seh
0x00007ffa8b87e8d7 (KERNEL32) BaseThreadInitThunk
0x00007ffa8c1714fc (ntdll) RtlUserThreadStart
Unloading 3359 Unused Serialized files (Serialized files now loaded: 0)
Unloading 28 unused Assets / (396.9 KB). Loaded Objects now: 4219.
Memory consumption went from 141.4 MB to 141.0 MB.
Total: 4.457300 ms (FindLiveObjects: 0.243800 ms CreateObjectMapping: 0.104900 ms MarkObjects: 3.862500 ms  DeleteObjects: 0.245000 ms)

Prepare: number of updated asset objects reloaded= 0
AssetImportParameters requested are different than current active one (requested -> active):
  custom:container-demuxer-ogg: 62fdf1f143b41e24485cea50d1cbac27 -> 
  custom:video-codec-MediaFoundation-h265: 746d11721c4dcdbdad8f713fa42b33f4 -> 
  custom:video-decoder-ogg-theora: a1e56fd34408186e4bbccfd4996cb3dc -> 
  custom:framework-win-MediaFoundation: 216162199b28c13a410421893ffa2e32 -> 
  custom:CustomObjectIndexerAttribute: 9a22284fe3817be447336de3de66b15e -> 
  custom:container-demuxer-webm: 4f35f7cbe854078d1ac9338744f61a02 -> 
  custom:container-muxer-webm: aa71ff27fc2769a1b78a27578f13a17b -> 
  custom:video-decoder-webm-vp8: 9c59270c3fd7afecdb556c50c9e8de78 -> 
  custom:SearchIndexIgnoredProperties: e643bd26f0fe6173181afceb89e7c659 -> 
  custom:AudioImporter_EditorPlatform: d09bf68614088b80899f8185d706f6e7 -> 
  custom:video-encoder-webm-vp8: eb34c28f22e8b96e1ab97ce403110664 -> 
  custom:scripting/monoscript/fileName/TextureAnimator.cs: 4ff9f3da57bffade570aa3cdb1c96685 -> 
  custom:audio-decoder-ogg-vorbis: bf7c407c2cedff20999df2af8eb42d56 -> 
  custom:audio-encoder-webm-vorbis: bf7c407c2cedff20999df2af8eb42d56 -> 
  custom:scripting/precompiled-assembly-types:Assembly-CSharp: 36d289a2072fff615a3e377c6f30ddd1 -> d0e4d9b8e3191607d5c08abaebdab676
========================================================================
Received Prepare
Caller must complete domain reload
Begin MonoManager ReloadAssembly
- Loaded All Assemblies, in  0.423 seconds
Native extension for WindowsStandalone target not found
Native extension for Android target not found
Native extension for WebGL target not found
[Package Manager] Server::EnsureServerProcessIsRunning -- launch failed, reason: Unity was launched with the -noUpm command-line argument
[Package Manager] UpmClient::Send -- Unable to send message (not connected to UPM process).
[Package Manager] Cannot connect to Unity Package Manager local server
Failed to sync packages list
UnityEngine.StackTraceUtility:ExtractStackTrace ()
UnityEngine.DebugLogHandler:LogFormat (UnityEngine.LogType,UnityEngine.Object,string,object[])
UnityEngine.Logger:Log (UnityEngine.LogType,object)
UnityEngine.Debug:LogWarning (object)
 .  / :MoveNext ()
System.Runtime.CompilerServices.AsyncVoidMethodBuilder:Start< .  / > ( .  / &)
 .  :  ()
 .⁪/ :MoveNext ()
System.Runtime.CompilerServices.AsyncTaskMethodBuilder:Start< .⁪/ > ( .⁪/ &)
 .⁪:  ()
System.Reflection.RuntimeMethodInfo:Invoke (object,System.Reflection.BindingFlags,System.Reflection.Binder,object[],System.Globalization.CultureInfo)
System.Reflection.MethodBase:Invoke (object,object[])
UnityEditor.EditorAssemblies:ProcessInitializeOnLoadMethodAttributes ()

Mono: successfully reloaded assembly
- Finished resetting the current domain, in  1.011 seconds
Domain Reload Profiling: 1433ms
	BeginReloadAssembly (144ms)
		ExecutionOrderSort (0ms)
		DisableScriptedObjects (5ms)
		BackupInstance (0ms)
		ReleaseScriptingObjects (0ms)
		CreateAndSetChildDomain (30ms)
	RebuildCommonClasses (32ms)
	RebuildNativeTypeToScriptingClass (10ms)
	initialDomainReloadingComplete (27ms)
	LoadAllAssembliesAndSetupDomain (209ms)
		LoadAssemblies (271ms)
		RebuildTransferFunctionScriptingTraits (0ms)
		AnalyzeDomain (16ms)
			TypeCache.Refresh (6ms)
				TypeCache.ScanAssembly (0ms)
			ScanForSourceGeneratedMonoScriptInfo (0ms)
			ResolveRequiredComponents (6ms)
	FinalizeReload (1011ms)
		ReleaseScriptCaches (0ms)
		RebuildScriptCaches (0ms)
		SetupLoadedEditorAssemblies (588ms)
			LogAssemblyErrors (0ms)
			InitializePlatformSupportModulesInManaged (24ms)
			SetLoadedEditorAssemblies (5ms)
			RefreshPlugins (0ms)
			BeforeProcessingInitializeOnLoad (64ms)
			ProcessInitializeOnLoadAttributes (443ms)
			ProcessInitializeOnLoadMethodAttributes (48ms)
			AfterProcessingInitializeOnLoad (4ms)
			EditorAssembliesLoaded (0ms)
		ExecutionOrderSort2 (0ms)
		AwakeInstancesAfterBackupRestoration (6ms)
Refreshing native plugins compatible for Editor in 4.61 ms, found 6 plugins.
Preloading 0 native plugins for Editor in 0.00 ms.
Release of invalid GC handle. The handle is from a previous domain. The release operation is skipped.
Release of invalid GC handle native callstack: 
0x00007ff60b1b424d (Unity) StackWalker::GetCurrentCallstack
0x00007ff60b1b9329 (Unity) StackWalker::ShowCallstack
0x00007ff60c1adae1 (Unity) GetStacktrace
0x00007ff60b0af20d (Unity) ScriptingGCHandle::ReleaseAndClear
0x00007ff60b67748c (Unity) UploadHandlerRaw::`vector deleting destructor'
0x00007ff60b67803d (Unity) UploadHandler::Release
0x00007ff60b6748dd (Unity) UnityWebRequestProto<UnityWebRequestTransport,AtomicRefCounter,RedirectHelper,ResponseHelper,DownloadHandler,UploadHandler,CertificateHandler,HeaderHelper,AsyncOperation>::~UnityWebRequestProto<UnityWebRequestTransport,AtomicRefCounter,RedirectHelper,ResponseHelper,DownloadHandler,UploadHandler,CertificateHandler,HeaderHelper,AsyncOperation>
0x00007ff60b674bd6 (Unity) UnityWebRequest::`vector deleting destructor'
0x00007ff60a3c4b77 (Unity) UnityWebRequestProto<UnityWebRequestTransport,AtomicRefCounter,RedirectHelper,ResponseHelper,DownloadHandler,UploadHandler,CertificateHandler,HeaderHelper,AsyncOperation>::Release
0x00007ff60b676605 (Unity) UnityWebRequestAsyncOperation::InvokeCoroutine
0x00007ff60b6767e1 (Unity) UnityWebRequestProto<UnityWebRequestTransport,AtomicRefCounter,RedirectHelper,ResponseHelper,DownloadHandler,UploadHandler,CertificateHandler,HeaderHelper,AsyncOperation>::Job_InvokeCoroutine
0x00007ff60acdb54a (Unity) BackgroundJobQueue::ExecuteMainThreadJobs
0x00007ff60ad9005f (Unity) PreloadManager::WaitForAllAsyncOperationsToComplete
0x00007ff60c553af8 (Unity) <lambda_b37b41f03089e3cb3f55061bbc93253d>::operator()
0x00007ff60c58f422 (Unity) asio::detail::completion_handler<core::mutable_function<void __cdecl(void)>,asio::io_context::basic_executor_type<std::allocator<void>,0> >::do_complete
0x00007ff60c57b3ce (Unity) asio::detail::win_iocp_io_context::do_one
0x00007ff60c57d034 (Unity) asio::detail::win_iocp_io_context::run
0x00007ff60c58d7cc (Unity) IOService::Run
0x00007ff60c560c2f (Unity) AssetImportWorkerClient::Run
0x00007ff60c52c3d7 (Unity) RunAssetImportWorkerClientV2
0x00007ff60c52c45b (Unity) RunAssetImporterV2
0x00007ff60bd231de (Unity) Application::InitializeProject
0x00007ff60c1b8795 (Unity) WinMain
0x00007ff60d5835ce (Unity) __scrt_common_main_seh
0x00007ffa8b87e8d7 (KERNEL32) BaseThreadInitThunk
0x00007ffa8c1714fc (ntdll) RtlUserThreadStart
Unloading 3360 Unused Serialized files (Serialized files now loaded: 0)
Unloading 28 unused Assets / (396.9 KB). Loaded Objects now: 4224.
Memory consumption went from 141.8 MB to 141.4 MB.
Total: 4.586700 ms (FindLiveObjects: 0.235000 ms CreateObjectMapping: 0.106200 ms MarkObjects: 3.995100 ms  DeleteObjects: 0.249500 ms)

Prepare: number of updated asset objects reloaded= 0
AssetImportParameters requested are different than current active one (requested -> active):
  custom:container-demuxer-ogg: 62fdf1f143b41e24485cea50d1cbac27 -> 
  custom:video-codec-MediaFoundation-h265: 746d11721c4dcdbdad8f713fa42b33f4 -> 
  custom:video-decoder-ogg-theora: a1e56fd34408186e4bbccfd4996cb3dc -> 
  custom:framework-win-MediaFoundation: 216162199b28c13a410421893ffa2e32 -> 
  custom:CustomObjectIndexerAttribute: 9a22284fe3817be447336de3de66b15e -> 
  custom:container-demuxer-webm: 4f35f7cbe854078d1ac9338744f61a02 -> 
  custom:container-muxer-webm: aa71ff27fc2769a1b78a27578f13a17b -> 
  custom:video-decoder-webm-vp8: 9c59270c3fd7afecdb556c50c9e8de78 -> 
  custom:SearchIndexIgnoredProperties: e643bd26f0fe6173181afceb89e7c659 -> 
  custom:AudioImporter_EditorPlatform: d09bf68614088b80899f8185d706f6e7 -> 
  custom:video-encoder-webm-vp8: eb34c28f22e8b96e1ab97ce403110664 -> 
  custom:scripting/monoscript/fileName/TextureAnimator.cs: 4ff9f3da57bffade570aa3cdb1c96685 -> 
  custom:audio-decoder-ogg-vorbis: bf7c407c2cedff20999df2af8eb42d56 -> 
  custom:audio-encoder-webm-vorbis: bf7c407c2cedff20999df2af8eb42d56 -> 
  custom:scripting/precompiled-assembly-types:Assembly-CSharp: 36d289a2072fff615a3e377c6f30ddd1 -> d0e4d9b8e3191607d5c08abaebdab676
========================================================================
Received Prepare
Caller must complete domain reload
Begin MonoManager ReloadAssembly
- Loaded All Assemblies, in  0.475 seconds
Native extension for WindowsStandalone target not found
Native extension for Android target not found
Native extension for WebGL target not found
[Package Manager] Server::EnsureServerProcessIsRunning -- launch failed, reason: Unity was launched with the -noUpm command-line argument
[Package Manager] UpmClient::Send -- Unable to send message (not connected to UPM process).
[Package Manager] Cannot connect to Unity Package Manager local server
Failed to sync packages list
UnityEngine.StackTraceUtility:ExtractStackTrace ()
UnityEngine.DebugLogHandler:LogFormat (UnityEngine.LogType,UnityEngine.Object,string,object[])
UnityEngine.Logger:Log (UnityEngine.LogType,object)
UnityEngine.Debug:LogWarning (object)
 .  / :MoveNext ()
System.Runtime.CompilerServices.AsyncVoidMethodBuilder:Start< .  / > ( .  / &)
 .  :  ()
 .⁪/ :MoveNext ()
System.Runtime.CompilerServices.AsyncTaskMethodBuilder:Start< .⁪/ > ( .⁪/ &)
 .⁪:  ()
System.Reflection.RuntimeMethodInfo:Invoke (object,System.Reflection.BindingFlags,System.Reflection.Binder,object[],System.Globalization.CultureInfo)
System.Reflection.MethodBase:Invoke (object,object[])
UnityEditor.EditorAssemblies:ProcessInitializeOnLoadMethodAttributes ()

Mono: successfully reloaded assembly
- Finished resetting the current domain, in  0.967 seconds
Domain Reload Profiling: 1441ms
	BeginReloadAssembly (165ms)
		ExecutionOrderSort (0ms)
		DisableScriptedObjects (6ms)
		BackupInstance (0ms)
		ReleaseScriptingObjects (0ms)
		CreateAndSetChildDomain (32ms)
	RebuildCommonClasses (32ms)
	RebuildNativeTypeToScriptingClass (10ms)
	initialDomainReloadingComplete (27ms)
	LoadAllAssembliesAndSetupDomain (240ms)
		LoadAssemblies (307ms)
		RebuildTransferFunctionScriptingTraits (0ms)
		AnalyzeDomain (24ms)
			TypeCache.Refresh (9ms)
				TypeCache.ScanAssembly (0ms)
			ScanForSourceGeneratedMonoScriptInfo (7ms)
			ResolveRequiredComponents (5ms)
	FinalizeReload (967ms)
		ReleaseScriptCaches (0ms)
		RebuildScriptCaches (0ms)
		SetupLoadedEditorAssemblies (537ms)
			LogAssemblyErrors (0ms)
			InitializePlatformSupportModulesInManaged (20ms)
			SetLoadedEditorAssemblies (5ms)
			RefreshPlugins (0ms)
			BeforeProcessingInitializeOnLoad (64ms)
			ProcessInitializeOnLoadAttributes (384ms)
			ProcessInitializeOnLoadMethodAttributes (59ms)
			AfterProcessingInitializeOnLoad (5ms)
			EditorAssembliesLoaded (0ms)
		ExecutionOrderSort2 (0ms)
		AwakeInstancesAfterBackupRestoration (9ms)
Refreshing native plugins compatible for Editor in 3.82 ms, found 6 plugins.
Preloading 0 native plugins for Editor in 0.00 ms.
Release of invalid GC handle. The handle is from a previous domain. The release operation is skipped.
Release of invalid GC handle native callstack: 
0x00007ff60b1b424d (Unity) StackWalker::GetCurrentCallstack
0x00007ff60b1b9329 (Unity) StackWalker::ShowCallstack
0x00007ff60c1adae1 (Unity) GetStacktrace
0x00007ff60b0af20d (Unity) ScriptingGCHandle::ReleaseAndClear
0x00007ff60b67748c (Unity) UploadHandlerRaw::`vector deleting destructor'
0x00007ff60b67803d (Unity) UploadHandler::Release
0x00007ff60b6748dd (Unity) UnityWebRequestProto<UnityWebRequestTransport,AtomicRefCounter,RedirectHelper,ResponseHelper,DownloadHandler,UploadHandler,CertificateHandler,HeaderHelper,AsyncOperation>::~UnityWebRequestProto<UnityWebRequestTransport,AtomicRefCounter,RedirectHelper,ResponseHelper,DownloadHandler,UploadHandler,CertificateHandler,HeaderHelper,AsyncOperation>
0x00007ff60b674bd6 (Unity) UnityWebRequest::`vector deleting destructor'
0x00007ff60a3c4b77 (Unity) UnityWebRequestProto<UnityWebRequestTransport,AtomicRefCounter,RedirectHelper,ResponseHelper,DownloadHandler,UploadHandler,CertificateHandler,HeaderHelper,AsyncOperation>::Release
0x00007ff60b676605 (Unity) UnityWebRequestAsyncOperation::InvokeCoroutine
0x00007ff60b6767e1 (Unity) UnityWebRequestProto<UnityWebRequestTransport,AtomicRefCounter,RedirectHelper,ResponseHelper,DownloadHandler,UploadHandler,CertificateHandler,HeaderHelper,AsyncOperation>::Job_InvokeCoroutine
0x00007ff60acdb54a (Unity) BackgroundJobQueue::ExecuteMainThreadJobs
0x00007ff60ad9005f (Unity) PreloadManager::WaitForAllAsyncOperationsToComplete
0x00007ff60c553af8 (Unity) <lambda_b37b41f03089e3cb3f55061bbc93253d>::operator()
0x00007ff60c58f422 (Unity) asio::detail::completion_handler<core::mutable_function<void __cdecl(void)>,asio::io_context::basic_executor_type<std::allocator<void>,0> >::do_complete
0x00007ff60c57b3ce (Unity) asio::detail::win_iocp_io_context::do_one
0x00007ff60c57d034 (Unity) asio::detail::win_iocp_io_context::run
0x00007ff60c58d7cc (Unity) IOService::Run
0x00007ff60c560c2f (Unity) AssetImportWorkerClient::Run
0x00007ff60c52c3d7 (Unity) RunAssetImportWorkerClientV2
0x00007ff60c52c45b (Unity) RunAssetImporterV2
0x00007ff60bd231de (Unity) Application::InitializeProject
0x00007ff60c1b8795 (Unity) WinMain
0x00007ff60d5835ce (Unity) __scrt_common_main_seh
0x00007ffa8b87e8d7 (KERNEL32) BaseThreadInitThunk
0x00007ffa8c1714fc (ntdll) RtlUserThreadStart
Unloading 3360 Unused Serialized files (Serialized files now loaded: 0)
Unloading 28 unused Assets / (396.9 KB). Loaded Objects now: 4229.
Memory consumption went from 142.0 MB to 141.6 MB.
Total: 5.305500 ms (FindLiveObjects: 0.239400 ms CreateObjectMapping: 0.099700 ms MarkObjects: 4.702700 ms  DeleteObjects: 0.262800 ms)

Prepare: number of updated asset objects reloaded= 0
AssetImportParameters requested are different than current active one (requested -> active):
  custom:container-demuxer-ogg: 62fdf1f143b41e24485cea50d1cbac27 -> 
  custom:video-codec-MediaFoundation-h265: 746d11721c4dcdbdad8f713fa42b33f4 -> 
  custom:video-decoder-ogg-theora: a1e56fd34408186e4bbccfd4996cb3dc -> 
  custom:framework-win-MediaFoundation: 216162199b28c13a410421893ffa2e32 -> 
  custom:CustomObjectIndexerAttribute: 9a22284fe3817be447336de3de66b15e -> 
  custom:container-demuxer-webm: 4f35f7cbe854078d1ac9338744f61a02 -> 
  custom:container-muxer-webm: aa71ff27fc2769a1b78a27578f13a17b -> 
  custom:video-decoder-webm-vp8: 9c59270c3fd7afecdb556c50c9e8de78 -> 
  custom:SearchIndexIgnoredProperties: e643bd26f0fe6173181afceb89e7c659 -> 
  custom:AudioImporter_EditorPlatform: d09bf68614088b80899f8185d706f6e7 -> 
  custom:video-encoder-webm-vp8: eb34c28f22e8b96e1ab97ce403110664 -> 
  custom:scripting/monoscript/fileName/TextureAnimator.cs: 4ff9f3da57bffade570aa3cdb1c96685 -> 
  custom:audio-decoder-ogg-vorbis: bf7c407c2cedff20999df2af8eb42d56 -> 
  custom:audio-encoder-webm-vorbis: bf7c407c2cedff20999df2af8eb42d56 -> 
  custom:scripting/precompiled-assembly-types:Assembly-CSharp: 36d289a2072fff615a3e377c6f30ddd1 -> d0e4d9b8e3191607d5c08abaebdab676
========================================================================
Received Prepare
Caller must complete domain reload
Begin MonoManager ReloadAssembly
- Loaded All Assemblies, in  0.464 seconds
Native extension for WindowsStandalone target not found
Native extension for Android target not found
Native extension for WebGL target not found
[Package Manager] Server::EnsureServerProcessIsRunning -- launch failed, reason: Unity was launched with the -noUpm command-line argument
[Package Manager] UpmClient::Send -- Unable to send message (not connected to UPM process).
[Package Manager] Cannot connect to Unity Package Manager local server
Failed to sync packages list
UnityEngine.StackTraceUtility:ExtractStackTrace ()
UnityEngine.DebugLogHandler:LogFormat (UnityEngine.LogType,UnityEngine.Object,string,object[])
UnityEngine.Logger:Log (UnityEngine.LogType,object)
UnityEngine.Debug:LogWarning (object)
 .  / :MoveNext ()
System.Runtime.CompilerServices.AsyncVoidMethodBuilder:Start< .  / > ( .  / &)
 .  :  ()
 .⁪/ :MoveNext ()
System.Runtime.CompilerServices.AsyncTaskMethodBuilder:Start< .⁪/ > ( .⁪/ &)
 .⁪:  ()
System.Reflection.RuntimeMethodInfo:Invoke (object,System.Reflection.BindingFlags,System.Reflection.Binder,object[],System.Globalization.CultureInfo)
System.Reflection.MethodBase:Invoke (object,object[])
UnityEditor.EditorAssemblies:ProcessInitializeOnLoadMethodAttributes ()

Mono: successfully reloaded assembly
- Finished resetting the current domain, in  1.054 seconds
Domain Reload Profiling: 1516ms
	BeginReloadAssembly (161ms)
		ExecutionOrderSort (0ms)
		DisableScriptedObjects (5ms)
		BackupInstance (0ms)
		ReleaseScriptingObjects (0ms)
		CreateAndSetChildDomain (33ms)
	RebuildCommonClasses (33ms)
	RebuildNativeTypeToScriptingClass (11ms)
	initialDomainReloadingComplete (29ms)
	LoadAllAssembliesAndSetupDomain (226ms)
		LoadAssemblies (303ms)
		RebuildTransferFunctionScriptingTraits (0ms)
		AnalyzeDomain (14ms)
			TypeCache.Refresh (6ms)
				TypeCache.ScanAssembly (0ms)
			ScanForSourceGeneratedMonoScriptInfo (0ms)
			ResolveRequiredComponents (6ms)
	FinalizeReload (1055ms)
		ReleaseScriptCaches (0ms)
		RebuildScriptCaches (0ms)
		SetupLoadedEditorAssemblies (592ms)
			LogAssemblyErrors (0ms)
			InitializePlatformSupportModulesInManaged (19ms)
			SetLoadedEditorAssemblies (5ms)
			RefreshPlugins (0ms)
			BeforeProcessingInitializeOnLoad (64ms)
			ProcessInitializeOnLoadAttributes (449ms)
			ProcessInitializeOnLoadMethodAttributes (51ms)
			AfterProcessingInitializeOnLoad (4ms)
			EditorAssembliesLoaded (0ms)
		ExecutionOrderSort2 (0ms)
		AwakeInstancesAfterBackupRestoration (11ms)
Refreshing native plugins compatible for Editor in 3.77 ms, found 6 plugins.
Preloading 0 native plugins for Editor in 0.00 ms.
Release of invalid GC handle. The handle is from a previous domain. The release operation is skipped.
Release of invalid GC handle native callstack: 
0x00007ff60b1b424d (Unity) StackWalker::GetCurrentCallstack
0x00007ff60b1b9329 (Unity) StackWalker::ShowCallstack
0x00007ff60c1adae1 (Unity) GetStacktrace
0x00007ff60b0af20d (Unity) ScriptingGCHandle::ReleaseAndClear
0x00007ff60b67748c (Unity) UploadHandlerRaw::`vector deleting destructor'
0x00007ff60b67803d (Unity) UploadHandler::Release
0x00007ff60b6748dd (Unity) UnityWebRequestProto<UnityWebRequestTransport,AtomicRefCounter,RedirectHelper,ResponseHelper,DownloadHandler,UploadHandler,CertificateHandler,HeaderHelper,AsyncOperation>::~UnityWebRequestProto<UnityWebRequestTransport,AtomicRefCounter,RedirectHelper,ResponseHelper,DownloadHandler,UploadHandler,CertificateHandler,HeaderHelper,AsyncOperation>
0x00007ff60b674bd6 (Unity) UnityWebRequest::`vector deleting destructor'
0x00007ff60a3c4b77 (Unity) UnityWebRequestProto<UnityWebRequestTransport,AtomicRefCounter,RedirectHelper,ResponseHelper,DownloadHandler,UploadHandler,CertificateHandler,HeaderHelper,AsyncOperation>::Release
0x00007ff60b676605 (Unity) UnityWebRequestAsyncOperation::InvokeCoroutine
0x00007ff60b6767e1 (Unity) UnityWebRequestProto<UnityWebRequestTransport,AtomicRefCounter,RedirectHelper,ResponseHelper,DownloadHandler,UploadHandler,CertificateHandler,HeaderHelper,AsyncOperation>::Job_InvokeCoroutine
0x00007ff60acdb54a (Unity) BackgroundJobQueue::ExecuteMainThreadJobs
0x00007ff60ad9005f (Unity) PreloadManager::WaitForAllAsyncOperationsToComplete
0x00007ff60c553af8 (Unity) <lambda_b37b41f03089e3cb3f55061bbc93253d>::operator()
0x00007ff60c58f422 (Unity) asio::detail::completion_handler<core::mutable_function<void __cdecl(void)>,asio::io_context::basic_executor_type<std::allocator<void>,0> >::do_complete
0x00007ff60c57b3ce (Unity) asio::detail::win_iocp_io_context::do_one
0x00007ff60c57d034 (Unity) asio::detail::win_iocp_io_context::run
0x00007ff60c58d7cc (Unity) IOService::Run
0x00007ff60c560c2f (Unity) AssetImportWorkerClient::Run
0x00007ff60c52c3d7 (Unity) RunAssetImportWorkerClientV2
0x00007ff60c52c45b (Unity) RunAssetImporterV2
0x00007ff60bd231de (Unity) Application::InitializeProject
0x00007ff60c1b8795 (Unity) WinMain
0x00007ff60d5835ce (Unity) __scrt_common_main_seh
0x00007ffa8b87e8d7 (KERNEL32) BaseThreadInitThunk
0x00007ffa8c1714fc (ntdll) RtlUserThreadStart
Unloading 3360 Unused Serialized files (Serialized files now loaded: 0)
Unloading 28 unused Assets / (396.9 KB). Loaded Objects now: 4234.
Memory consumption went from 142.1 MB to 141.8 MB.
Total: 4.631000 ms (FindLiveObjects: 0.234700 ms CreateObjectMapping: 0.100200 ms MarkObjects: 4.029000 ms  DeleteObjects: 0.265800 ms)

Prepare: number of updated asset objects reloaded= 0
AssetImportParameters requested are different than current active one (requested -> active):
  custom:container-demuxer-ogg: 62fdf1f143b41e24485cea50d1cbac27 -> 
  custom:video-codec-MediaFoundation-h265: 746d11721c4dcdbdad8f713fa42b33f4 -> 
  custom:video-decoder-ogg-theora: a1e56fd34408186e4bbccfd4996cb3dc -> 
  custom:framework-win-MediaFoundation: 216162199b28c13a410421893ffa2e32 -> 
  custom:CustomObjectIndexerAttribute: 9a22284fe3817be447336de3de66b15e -> 
  custom:container-demuxer-webm: 4f35f7cbe854078d1ac9338744f61a02 -> 
  custom:container-muxer-webm: aa71ff27fc2769a1b78a27578f13a17b -> 
  custom:video-decoder-webm-vp8: 9c59270c3fd7afecdb556c50c9e8de78 -> 
  custom:SearchIndexIgnoredProperties: e643bd26f0fe6173181afceb89e7c659 -> 
  custom:AudioImporter_EditorPlatform: d09bf68614088b80899f8185d706f6e7 -> 
  custom:video-encoder-webm-vp8: eb34c28f22e8b96e1ab97ce403110664 -> 
  custom:scripting/monoscript/fileName/TextureAnimator.cs: 4ff9f3da57bffade570aa3cdb1c96685 -> 
  custom:audio-decoder-ogg-vorbis: bf7c407c2cedff20999df2af8eb42d56 -> 
  custom:audio-encoder-webm-vorbis: bf7c407c2cedff20999df2af8eb42d56 -> 
  custom:scripting/precompiled-assembly-types:Assembly-CSharp: 36d289a2072fff615a3e377c6f30ddd1 -> d0e4d9b8e3191607d5c08abaebdab676
========================================================================
Received Prepare
Caller must complete domain reload
Begin MonoManager ReloadAssembly
- Loaded All Assemblies, in  0.519 seconds
Native extension for WindowsStandalone target not found
Native extension for Android target not found
Native extension for WebGL target not found
[Package Manager] Server::EnsureServerProcessIsRunning -- launch failed, reason: Unity was launched with the -noUpm command-line argument
[Package Manager] UpmClient::Send -- Unable to send message (not connected to UPM process).
[Package Manager] Cannot connect to Unity Package Manager local server
Failed to sync packages list
UnityEngine.StackTraceUtility:ExtractStackTrace ()
UnityEngine.DebugLogHandler:LogFormat (UnityEngine.LogType,UnityEngine.Object,string,object[])
UnityEngine.Logger:Log (UnityEngine.LogType,object)
UnityEngine.Debug:LogWarning (object)
 .  / :MoveNext ()
System.Runtime.CompilerServices.AsyncVoidMethodBuilder:Start< .  / > ( .  / &)
 .  :  ()
 .⁪/ :MoveNext ()
System.Runtime.CompilerServices.AsyncTaskMethodBuilder:Start< .⁪/ > ( .⁪/ &)
 .⁪:  ()
System.Reflection.RuntimeMethodInfo:Invoke (object,System.Reflection.BindingFlags,System.Reflection.Binder,object[],System.Globalization.CultureInfo)
System.Reflection.MethodBase:Invoke (object,object[])
UnityEditor.EditorAssemblies:ProcessInitializeOnLoadMethodAttributes ()

Mono: successfully reloaded assembly
- Finished resetting the current domain, in  0.968 seconds
Domain Reload Profiling: 1485ms
	BeginReloadAssembly (161ms)
		ExecutionOrderSort (0ms)
		DisableScriptedObjects (5ms)
		BackupInstance (0ms)
		ReleaseScriptingObjects (0ms)
		CreateAndSetChildDomain (38ms)
	RebuildCommonClasses (38ms)
	RebuildNativeTypeToScriptingClass (12ms)
	initialDomainReloadingComplete (30ms)
	LoadAllAssembliesAndSetupDomain (277ms)
		LoadAssemblies (335ms)
		RebuildTransferFunctionScriptingTraits (0ms)
		AnalyzeDomain (27ms)
			TypeCache.Refresh (10ms)
				TypeCache.ScanAssembly (2ms)
			ScanForSourceGeneratedMonoScriptInfo (9ms)
			ResolveRequiredComponents (6ms)
	FinalizeReload (968ms)
		ReleaseScriptCaches (0ms)
		RebuildScriptCaches (0ms)
		SetupLoadedEditorAssemblies (556ms)
			LogAssemblyErrors (0ms)
			InitializePlatformSupportModulesInManaged (17ms)
			SetLoadedEditorAssemblies (4ms)
			RefreshPlugins (0ms)
			BeforeProcessingInitializeOnLoad (67ms)
			ProcessInitializeOnLoadAttributes (409ms)
			ProcessInitializeOnLoadMethodAttributes (54ms)
			AfterProcessingInitializeOnLoad (4ms)
			EditorAssembliesLoaded (0ms)
		ExecutionOrderSort2 (0ms)
		AwakeInstancesAfterBackupRestoration (6ms)
Refreshing native plugins compatible for Editor in 4.36 ms, found 6 plugins.
Preloading 0 native plugins for Editor in 0.00 ms.
Release of invalid GC handle. The handle is from a previous domain. The release operation is skipped.
Release of invalid GC handle native callstack: 
0x00007ff60b1b424d (Unity) StackWalker::GetCurrentCallstack
0x00007ff60b1b9329 (Unity) StackWalker::ShowCallstack
0x00007ff60c1adae1 (Unity) GetStacktrace
0x00007ff60b0af20d (Unity) ScriptingGCHandle::ReleaseAndClear
0x00007ff60b67748c (Unity) UploadHandlerRaw::`vector deleting destructor'
0x00007ff60b67803d (Unity) UploadHandler::Release
0x00007ff60b6748dd (Unity) UnityWebRequestProto<UnityWebRequestTransport,AtomicRefCounter,RedirectHelper,ResponseHelper,DownloadHandler,UploadHandler,CertificateHandler,HeaderHelper,AsyncOperation>::~UnityWebRequestProto<UnityWebRequestTransport,AtomicRefCounter,RedirectHelper,ResponseHelper,DownloadHandler,UploadHandler,CertificateHandler,HeaderHelper,AsyncOperation>
0x00007ff60b674bd6 (Unity) UnityWebRequest::`vector deleting destructor'
0x00007ff60a3c4b77 (Unity) UnityWebRequestProto<UnityWebRequestTransport,AtomicRefCounter,RedirectHelper,ResponseHelper,DownloadHandler,UploadHandler,CertificateHandler,HeaderHelper,AsyncOperation>::Release
0x00007ff60b676605 (Unity) UnityWebRequestAsyncOperation::InvokeCoroutine
0x00007ff60b6767e1 (Unity) UnityWebRequestProto<UnityWebRequestTransport,AtomicRefCounter,RedirectHelper,ResponseHelper,DownloadHandler,UploadHandler,CertificateHandler,HeaderHelper,AsyncOperation>::Job_InvokeCoroutine
0x00007ff60acdb54a (Unity) BackgroundJobQueue::ExecuteMainThreadJobs
0x00007ff60ad9005f (Unity) PreloadManager::WaitForAllAsyncOperationsToComplete
0x00007ff60c553af8 (Unity) <lambda_b37b41f03089e3cb3f55061bbc93253d>::operator()
0x00007ff60c58f422 (Unity) asio::detail::completion_handler<core::mutable_function<void __cdecl(void)>,asio::io_context::basic_executor_type<std::allocator<void>,0> >::do_complete
0x00007ff60c57b3ce (Unity) asio::detail::win_iocp_io_context::do_one
0x00007ff60c57d034 (Unity) asio::detail::win_iocp_io_context::run
0x00007ff60c58d7cc (Unity) IOService::Run
0x00007ff60c560c2f (Unity) AssetImportWorkerClient::Run
0x00007ff60c52c3d7 (Unity) RunAssetImportWorkerClientV2
0x00007ff60c52c45b (Unity) RunAssetImporterV2
0x00007ff60bd231de (Unity) Application::InitializeProject
0x00007ff60c1b8795 (Unity) WinMain
0x00007ff60d5835ce (Unity) __scrt_common_main_seh
0x00007ffa8b87e8d7 (KERNEL32) BaseThreadInitThunk
0x00007ffa8c1714fc (ntdll) RtlUserThreadStart
Unloading 3360 Unused Serialized files (Serialized files now loaded: 0)
Unloading 28 unused Assets / (396.8 KB). Loaded Objects now: 4239.
Memory consumption went from 142.3 MB to 141.9 MB.
Total: 4.435300 ms (FindLiveObjects: 0.272700 ms CreateObjectMapping: 0.104500 ms MarkObjects: 3.810600 ms  DeleteObjects: 0.246300 ms)

Prepare: number of updated asset objects reloaded= 0
AssetImportParameters requested are different than current active one (requested -> active):
  custom:container-demuxer-ogg: 62fdf1f143b41e24485cea50d1cbac27 -> 
  custom:video-codec-MediaFoundation-h265: 746d11721c4dcdbdad8f713fa42b33f4 -> 
  custom:video-decoder-ogg-theora: a1e56fd34408186e4bbccfd4996cb3dc -> 
  custom:framework-win-MediaFoundation: 216162199b28c13a410421893ffa2e32 -> 
  custom:CustomObjectIndexerAttribute: 9a22284fe3817be447336de3de66b15e -> 
  custom:container-demuxer-webm: 4f35f7cbe854078d1ac9338744f61a02 -> 
  custom:container-muxer-webm: aa71ff27fc2769a1b78a27578f13a17b -> 
  custom:video-decoder-webm-vp8: 9c59270c3fd7afecdb556c50c9e8de78 -> 
  custom:SearchIndexIgnoredProperties: e643bd26f0fe6173181afceb89e7c659 -> 
  custom:AudioImporter_EditorPlatform: d09bf68614088b80899f8185d706f6e7 -> 
  custom:video-encoder-webm-vp8: eb34c28f22e8b96e1ab97ce403110664 -> 
  custom:scripting/monoscript/fileName/TextureAnimator.cs: 4ff9f3da57bffade570aa3cdb1c96685 -> 
  custom:audio-decoder-ogg-vorbis: bf7c407c2cedff20999df2af8eb42d56 -> 
  custom:audio-encoder-webm-vorbis: bf7c407c2cedff20999df2af8eb42d56 -> 
  custom:scripting/precompiled-assembly-types:Assembly-CSharp: 36d289a2072fff615a3e377c6f30ddd1 -> d0e4d9b8e3191607d5c08abaebdab676
========================================================================
Received Prepare
Caller must complete domain reload
Begin MonoManager ReloadAssembly
- Loaded All Assemblies, in  0.423 seconds
Native extension for WindowsStandalone target not found
Native extension for Android target not found
Native extension for WebGL target not found
[Package Manager] Server::EnsureServerProcessIsRunning -- launch failed, reason: Unity was launched with the -noUpm command-line argument
[Package Manager] UpmClient::Send -- Unable to send message (not connected to UPM process).
[Package Manager] Cannot connect to Unity Package Manager local server
Failed to sync packages list
UnityEngine.StackTraceUtility:ExtractStackTrace ()
UnityEngine.DebugLogHandler:LogFormat (UnityEngine.LogType,UnityEngine.Object,string,object[])
UnityEngine.Logger:Log (UnityEngine.LogType,object)
UnityEngine.Debug:LogWarning (object)
 .  / :MoveNext ()
System.Runtime.CompilerServices.AsyncVoidMethodBuilder:Start< .  / > ( .  / &)
 .  :  ()
 .⁪/ :MoveNext ()
System.Runtime.CompilerServices.AsyncTaskMethodBuilder:Start< .⁪/ > ( .⁪/ &)
 .⁪:  ()
System.Reflection.RuntimeMethodInfo:Invoke (object,System.Reflection.BindingFlags,System.Reflection.Binder,object[],System.Globalization.CultureInfo)
System.Reflection.MethodBase:Invoke (object,object[])
UnityEditor.EditorAssemblies:ProcessInitializeOnLoadMethodAttributes ()

Mono: successfully reloaded assembly
- Finished resetting the current domain, in  1.024 seconds
Domain Reload Profiling: 1446ms
	BeginReloadAssembly (143ms)
		ExecutionOrderSort (0ms)
		DisableScriptedObjects (5ms)
		BackupInstance (0ms)
		ReleaseScriptingObjects (0ms)
		CreateAndSetChildDomain (33ms)
	RebuildCommonClasses (32ms)
	RebuildNativeTypeToScriptingClass (10ms)
	initialDomainReloadingComplete (26ms)
	LoadAllAssembliesAndSetupDomain (210ms)
		LoadAssemblies (267ms)
		RebuildTransferFunctionScriptingTraits (0ms)
		AnalyzeDomain (16ms)
			TypeCache.Refresh (5ms)
				TypeCache.ScanAssembly (0ms)
			ScanForSourceGeneratedMonoScriptInfo (0ms)
			ResolveRequiredComponents (6ms)
	FinalizeReload (1025ms)
		ReleaseScriptCaches (0ms)
		RebuildScriptCaches (0ms)
		SetupLoadedEditorAssemblies (604ms)
			LogAssemblyErrors (0ms)
			InitializePlatformSupportModulesInManaged (21ms)
			SetLoadedEditorAssemblies (7ms)
			RefreshPlugins (0ms)
			BeforeProcessingInitializeOnLoad (67ms)
			ProcessInitializeOnLoadAttributes (445ms)
			ProcessInitializeOnLoadMethodAttributes (56ms)
			AfterProcessingInitializeOnLoad (7ms)
			EditorAssembliesLoaded (0ms)
		ExecutionOrderSort2 (0ms)
		AwakeInstancesAfterBackupRestoration (9ms)
Refreshing native plugins compatible for Editor in 3.30 ms, found 6 plugins.
Preloading 0 native plugins for Editor in 0.00 ms.
Release of invalid GC handle. The handle is from a previous domain. The release operation is skipped.
Release of invalid GC handle native callstack: 
0x00007ff60b1b424d (Unity) StackWalker::GetCurrentCallstack
0x00007ff60b1b9329 (Unity) StackWalker::ShowCallstack
0x00007ff60c1adae1 (Unity) GetStacktrace
0x00007ff60b0af20d (Unity) ScriptingGCHandle::ReleaseAndClear
0x00007ff60b67748c (Unity) UploadHandlerRaw::`vector deleting destructor'
0x00007ff60b67803d (Unity) UploadHandler::Release
0x00007ff60b6748dd (Unity) UnityWebRequestProto<UnityWebRequestTransport,AtomicRefCounter,RedirectHelper,ResponseHelper,DownloadHandler,UploadHandler,CertificateHandler,HeaderHelper,AsyncOperation>::~UnityWebRequestProto<UnityWebRequestTransport,AtomicRefCounter,RedirectHelper,ResponseHelper,DownloadHandler,UploadHandler,CertificateHandler,HeaderHelper,AsyncOperation>
0x00007ff60b674bd6 (Unity) UnityWebRequest::`vector deleting destructor'
0x00007ff60a3c4b77 (Unity) UnityWebRequestProto<UnityWebRequestTransport,AtomicRefCounter,RedirectHelper,ResponseHelper,DownloadHandler,UploadHandler,CertificateHandler,HeaderHelper,AsyncOperation>::Release
0x00007ff60b676605 (Unity) UnityWebRequestAsyncOperation::InvokeCoroutine
0x00007ff60b6767e1 (Unity) UnityWebRequestProto<UnityWebRequestTransport,AtomicRefCounter,RedirectHelper,ResponseHelper,DownloadHandler,UploadHandler,CertificateHandler,HeaderHelper,AsyncOperation>::Job_InvokeCoroutine
0x00007ff60acdb54a (Unity) BackgroundJobQueue::ExecuteMainThreadJobs
0x00007ff60ad9005f (Unity) PreloadManager::WaitForAllAsyncOperationsToComplete
0x00007ff60c553af8 (Unity) <lambda_b37b41f03089e3cb3f55061bbc93253d>::operator()
0x00007ff60c58f422 (Unity) asio::detail::completion_handler<core::mutable_function<void __cdecl(void)>,asio::io_context::basic_executor_type<std::allocator<void>,0> >::do_complete
0x00007ff60c57b3ce (Unity) asio::detail::win_iocp_io_context::do_one
0x00007ff60c57d034 (Unity) asio::detail::win_iocp_io_context::run
0x00007ff60c58d7cc (Unity) IOService::Run
0x00007ff60c560c2f (Unity) AssetImportWorkerClient::Run
0x00007ff60c52c3d7 (Unity) RunAssetImportWorkerClientV2
0x00007ff60c52c45b (Unity) RunAssetImporterV2
0x00007ff60bd231de (Unity) Application::InitializeProject
0x00007ff60c1b8795 (Unity) WinMain
0x00007ff60d5835ce (Unity) __scrt_common_main_seh
0x00007ffa8b87e8d7 (KERNEL32) BaseThreadInitThunk
0x00007ffa8c1714fc (ntdll) RtlUserThreadStart
Unloading 3360 Unused Serialized files (Serialized files now loaded: 0)
Unloading 28 unused Assets / (396.9 KB). Loaded Objects now: 4244.
Memory consumption went from 142.5 MB to 142.1 MB.
Total: 3.784700 ms (FindLiveObjects: 0.232100 ms CreateObjectMapping: 0.096200 ms MarkObjects: 3.237200 ms  DeleteObjects: 0.217500 ms)

Prepare: number of updated asset objects reloaded= 0
AssetImportParameters requested are different than current active one (requested -> active):
  custom:container-demuxer-ogg: 62fdf1f143b41e24485cea50d1cbac27 -> 
  custom:video-codec-MediaFoundation-h265: 746d11721c4dcdbdad8f713fa42b33f4 -> 
  custom:video-decoder-ogg-theora: a1e56fd34408186e4bbccfd4996cb3dc -> 
  custom:framework-win-MediaFoundation: 216162199b28c13a410421893ffa2e32 -> 
  custom:CustomObjectIndexerAttribute: 9a22284fe3817be447336de3de66b15e -> 
  custom:container-demuxer-webm: 4f35f7cbe854078d1ac9338744f61a02 -> 
  custom:container-muxer-webm: aa71ff27fc2769a1b78a27578f13a17b -> 
  custom:video-decoder-webm-vp8: 9c59270c3fd7afecdb556c50c9e8de78 -> 
  custom:SearchIndexIgnoredProperties: e643bd26f0fe6173181afceb89e7c659 -> 
  custom:AudioImporter_EditorPlatform: d09bf68614088b80899f8185d706f6e7 -> 
  custom:video-encoder-webm-vp8: eb34c28f22e8b96e1ab97ce403110664 -> 
  custom:scripting/monoscript/fileName/TextureAnimator.cs: 4ff9f3da57bffade570aa3cdb1c96685 -> 
  custom:audio-decoder-ogg-vorbis: bf7c407c2cedff20999df2af8eb42d56 -> 
  custom:audio-encoder-webm-vorbis: bf7c407c2cedff20999df2af8eb42d56 -> 
  custom:scripting/precompiled-assembly-types:Assembly-CSharp: 36d289a2072fff615a3e377c6f30ddd1 -> d0e4d9b8e3191607d5c08abaebdab676
========================================================================
Received Prepare
Caller must complete domain reload
Begin MonoManager ReloadAssembly
- Loaded All Assemblies, in  0.876 seconds
Native extension for WindowsStandalone target not found
Native extension for Android target not found
Native extension for WebGL target not found
[Package Manager] Server::EnsureServerProcessIsRunning -- launch failed, reason: Unity was launched with the -noUpm command-line argument
[Package Manager] UpmClient::Send -- Unable to send message (not connected to UPM process).
[Package Manager] Cannot connect to Unity Package Manager local server
Failed to sync packages list
UnityEngine.StackTraceUtility:ExtractStackTrace ()
UnityEngine.DebugLogHandler:LogFormat (UnityEngine.LogType,UnityEngine.Object,string,object[])
UnityEngine.Logger:Log (UnityEngine.LogType,object)
UnityEngine.Debug:LogWarning (object)
 .  / :MoveNext ()
System.Runtime.CompilerServices.AsyncVoidMethodBuilder:Start< .  / > ( .  / &)
 .  :  ()
 .⁪/ :MoveNext ()
System.Runtime.CompilerServices.AsyncTaskMethodBuilder:Start< .⁪/ > ( .⁪/ &)
 .⁪:  ()
System.Reflection.RuntimeMethodInfo:Invoke (object,System.Reflection.BindingFlags,System.Reflection.Binder,object[],System.Globalization.CultureInfo)
System.Reflection.MethodBase:Invoke (object,object[])
UnityEditor.EditorAssemblies:ProcessInitializeOnLoadMethodAttributes ()

Mono: successfully reloaded assembly
- Finished resetting the current domain, in  1.116 seconds
Domain Reload Profiling: 1988ms
	BeginReloadAssembly (293ms)
		ExecutionOrderSort (0ms)
		DisableScriptedObjects (9ms)
		BackupInstance (0ms)
		ReleaseScriptingObjects (0ms)
		CreateAndSetChildDomain (58ms)
	RebuildCommonClasses (60ms)
	RebuildNativeTypeToScriptingClass (22ms)
	initialDomainReloadingComplete (55ms)
	LoadAllAssembliesAndSetupDomain (441ms)
		LoadAssemblies (562ms)
		RebuildTransferFunctionScriptingTraits (0ms)
		AnalyzeDomain (41ms)
			TypeCache.Refresh (13ms)
				TypeCache.ScanAssembly (1ms)
			ScanForSourceGeneratedMonoScriptInfo (13ms)
			ResolveRequiredComponents (11ms)
	FinalizeReload (1116ms)
		ReleaseScriptCaches (0ms)
		RebuildScriptCaches (0ms)
		SetupLoadedEditorAssemblies (532ms)
			LogAssemblyErrors (0ms)
			InitializePlatformSupportModulesInManaged (18ms)
			SetLoadedEditorAssemblies (5ms)
			RefreshPlugins (0ms)
			BeforeProcessingInitializeOnLoad (64ms)
			ProcessInitializeOnLoadAttributes (386ms)
			ProcessInitializeOnLoadMethodAttributes (53ms)
			AfterProcessingInitializeOnLoad (6ms)
			EditorAssembliesLoaded (0ms)
		ExecutionOrderSort2 (0ms)
		AwakeInstancesAfterBackupRestoration (8ms)
Refreshing native plugins compatible for Editor in 4.26 ms, found 6 plugins.
Preloading 0 native plugins for Editor in 0.00 ms.
Release of invalid GC handle. The handle is from a previous domain. The release operation is skipped.
Release of invalid GC handle native callstack: 
0x00007ff60b1b424d (Unity) StackWalker::GetCurrentCallstack
0x00007ff60b1b9329 (Unity) StackWalker::ShowCallstack
0x00007ff60c1adae1 (Unity) GetStacktrace
0x00007ff60b0af20d (Unity) ScriptingGCHandle::ReleaseAndClear
0x00007ff60b67748c (Unity) UploadHandlerRaw::`vector deleting destructor'
0x00007ff60b67803d (Unity) UploadHandler::Release
0x00007ff60b6748dd (Unity) UnityWebRequestProto<UnityWebRequestTransport,AtomicRefCounter,RedirectHelper,ResponseHelper,DownloadHandler,UploadHandler,CertificateHandler,HeaderHelper,AsyncOperation>::~UnityWebRequestProto<UnityWebRequestTransport,AtomicRefCounter,RedirectHelper,ResponseHelper,DownloadHandler,UploadHandler,CertificateHandler,HeaderHelper,AsyncOperation>
0x00007ff60b674bd6 (Unity) UnityWebRequest::`vector deleting destructor'
0x00007ff60a3c4b77 (Unity) UnityWebRequestProto<UnityWebRequestTransport,AtomicRefCounter,RedirectHelper,ResponseHelper,DownloadHandler,UploadHandler,CertificateHandler,HeaderHelper,AsyncOperation>::Release
0x00007ff60b676605 (Unity) UnityWebRequestAsyncOperation::InvokeCoroutine
0x00007ff60b6767e1 (Unity) UnityWebRequestProto<UnityWebRequestTransport,AtomicRefCounter,RedirectHelper,ResponseHelper,DownloadHandler,UploadHandler,CertificateHandler,HeaderHelper,AsyncOperation>::Job_InvokeCoroutine
0x00007ff60acdb54a (Unity) BackgroundJobQueue::ExecuteMainThreadJobs
0x00007ff60ad9005f (Unity) PreloadManager::WaitForAllAsyncOperationsToComplete
0x00007ff60c553af8 (Unity) <lambda_b37b41f03089e3cb3f55061bbc93253d>::operator()
0x00007ff60c58f422 (Unity) asio::detail::completion_handler<core::mutable_function<void __cdecl(void)>,asio::io_context::basic_executor_type<std::allocator<void>,0> >::do_complete
0x00007ff60c57b3ce (Unity) asio::detail::win_iocp_io_context::do_one
0x00007ff60c57d034 (Unity) asio::detail::win_iocp_io_context::run
0x00007ff60c58d7cc (Unity) IOService::Run
0x00007ff60c560c2f (Unity) AssetImportWorkerClient::Run
0x00007ff60c52c3d7 (Unity) RunAssetImportWorkerClientV2
0x00007ff60c52c45b (Unity) RunAssetImporterV2
0x00007ff60bd231de (Unity) Application::InitializeProject
0x00007ff60c1b8795 (Unity) WinMain
0x00007ff60d5835ce (Unity) __scrt_common_main_seh
0x00007ffa8b87e8d7 (KERNEL32) BaseThreadInitThunk
0x00007ffa8c1714fc (ntdll) RtlUserThreadStart
Unloading 3360 Unused Serialized files (Serialized files now loaded: 0)
Unloading 28 unused Assets / (396.9 KB). Loaded Objects now: 4249.
Memory consumption went from 142.6 MB to 142.2 MB.
Total: 3.925800 ms (FindLiveObjects: 0.243300 ms CreateObjectMapping: 0.100000 ms MarkObjects: 3.223200 ms  DeleteObjects: 0.357800 ms)

Prepare: number of updated asset objects reloaded= 0
AssetImportParameters requested are different than current active one (requested -> active):
  custom:container-demuxer-ogg: 62fdf1f143b41e24485cea50d1cbac27 -> 
  custom:video-codec-MediaFoundation-h265: 746d11721c4dcdbdad8f713fa42b33f4 -> 
  custom:video-decoder-ogg-theora: a1e56fd34408186e4bbccfd4996cb3dc -> 
  custom:framework-win-MediaFoundation: 216162199b28c13a410421893ffa2e32 -> 
  custom:CustomObjectIndexerAttribute: 9a22284fe3817be447336de3de66b15e -> 
  custom:container-demuxer-webm: 4f35f7cbe854078d1ac9338744f61a02 -> 
  custom:container-muxer-webm: aa71ff27fc2769a1b78a27578f13a17b -> 
  custom:video-decoder-webm-vp8: 9c59270c3fd7afecdb556c50c9e8de78 -> 
  custom:SearchIndexIgnoredProperties: e643bd26f0fe6173181afceb89e7c659 -> 
  custom:AudioImporter_EditorPlatform: d09bf68614088b80899f8185d706f6e7 -> 
  custom:video-encoder-webm-vp8: eb34c28f22e8b96e1ab97ce403110664 -> 
  custom:scripting/monoscript/fileName/TextureAnimator.cs: 4ff9f3da57bffade570aa3cdb1c96685 -> 
  custom:audio-decoder-ogg-vorbis: bf7c407c2cedff20999df2af8eb42d56 -> 
  custom:audio-encoder-webm-vorbis: bf7c407c2cedff20999df2af8eb42d56 -> 
  custom:scripting/precompiled-assembly-types:Assembly-CSharp: 36d289a2072fff615a3e377c6f30ddd1 -> d0e4d9b8e3191607d5c08abaebdab676
========================================================================
Received Prepare
Caller must complete domain reload
Begin MonoManager ReloadAssembly
- Loaded All Assemblies, in  0.465 seconds
Native extension for WindowsStandalone target not found
Native extension for Android target not found
Native extension for WebGL target not found
[Package Manager] Server::EnsureServerProcessIsRunning -- launch failed, reason: Unity was launched with the -noUpm command-line argument
[Package Manager] UpmClient::Send -- Unable to send message (not connected to UPM process).
[Package Manager] Cannot connect to Unity Package Manager local server
Failed to sync packages list
UnityEngine.StackTraceUtility:ExtractStackTrace ()
UnityEngine.DebugLogHandler:LogFormat (UnityEngine.LogType,UnityEngine.Object,string,object[])
UnityEngine.Logger:Log (UnityEngine.LogType,object)
UnityEngine.Debug:LogWarning (object)
 .  / :MoveNext ()
System.Runtime.CompilerServices.AsyncVoidMethodBuilder:Start< .  / > ( .  / &)
 .  :  ()
 .⁪/ :MoveNext ()
System.Runtime.CompilerServices.AsyncTaskMethodBuilder:Start< .⁪/ > ( .⁪/ &)
 .⁪:  ()
System.Reflection.RuntimeMethodInfo:Invoke (object,System.Reflection.BindingFlags,System.Reflection.Binder,object[],System.Globalization.CultureInfo)
System.Reflection.MethodBase:Invoke (object,object[])
UnityEditor.EditorAssemblies:ProcessInitializeOnLoadMethodAttributes ()

Mono: successfully reloaded assembly
- Finished resetting the current domain, in  1.052 seconds
Domain Reload Profiling: 1515ms
	BeginReloadAssembly (157ms)
		ExecutionOrderSort (0ms)
		DisableScriptedObjects (5ms)
		BackupInstance (0ms)
		ReleaseScriptingObjects (0ms)
		CreateAndSetChildDomain (35ms)
	RebuildCommonClasses (33ms)
	RebuildNativeTypeToScriptingClass (14ms)
	initialDomainReloadingComplete (28ms)
	LoadAllAssembliesAndSetupDomain (230ms)
		LoadAssemblies (299ms)
		RebuildTransferFunctionScriptingTraits (0ms)
		AnalyzeDomain (15ms)
			TypeCache.Refresh (6ms)
				TypeCache.ScanAssembly (0ms)
			ScanForSourceGeneratedMonoScriptInfo (0ms)
			ResolveRequiredComponents (6ms)
	FinalizeReload (1052ms)
		ReleaseScriptCaches (0ms)
		RebuildScriptCaches (0ms)
		SetupLoadedEditorAssemblies (627ms)
			LogAssemblyErrors (0ms)
			InitializePlatformSupportModulesInManaged (21ms)
			SetLoadedEditorAssemblies (6ms)
			RefreshPlugins (0ms)
			BeforeProcessingInitializeOnLoad (66ms)
			ProcessInitializeOnLoadAttributes (463ms)
			ProcessInitializeOnLoadMethodAttributes (66ms)
			AfterProcessingInitializeOnLoad (5ms)
			EditorAssembliesLoaded (0ms)
		ExecutionOrderSort2 (0ms)
		AwakeInstancesAfterBackupRestoration (6ms)
Refreshing native plugins compatible for Editor in 4.75 ms, found 6 plugins.
Preloading 0 native plugins for Editor in 0.00 ms.
Release of invalid GC handle. The handle is from a previous domain. The release operation is skipped.
Release of invalid GC handle native callstack: 
0x00007ff60b1b424d (Unity) StackWalker::GetCurrentCallstack
0x00007ff60b1b9329 (Unity) StackWalker::ShowCallstack
0x00007ff60c1adae1 (Unity) GetStacktrace
0x00007ff60b0af20d (Unity) ScriptingGCHandle::ReleaseAndClear
0x00007ff60b67748c (Unity) UploadHandlerRaw::`vector deleting destructor'
0x00007ff60b67803d (Unity) UploadHandler::Release
0x00007ff60b6748dd (Unity) UnityWebRequestProto<UnityWebRequestTransport,AtomicRefCounter,RedirectHelper,ResponseHelper,DownloadHandler,UploadHandler,CertificateHandler,HeaderHelper,AsyncOperation>::~UnityWebRequestProto<UnityWebRequestTransport,AtomicRefCounter,RedirectHelper,ResponseHelper,DownloadHandler,UploadHandler,CertificateHandler,HeaderHelper,AsyncOperation>
0x00007ff60b674bd6 (Unity) UnityWebRequest::`vector deleting destructor'
0x00007ff60a3c4b77 (Unity) UnityWebRequestProto<UnityWebRequestTransport,AtomicRefCounter,RedirectHelper,ResponseHelper,DownloadHandler,UploadHandler,CertificateHandler,HeaderHelper,AsyncOperation>::Release
0x00007ff60b676605 (Unity) UnityWebRequestAsyncOperation::InvokeCoroutine
0x00007ff60b6767e1 (Unity) UnityWebRequestProto<UnityWebRequestTransport,AtomicRefCounter,RedirectHelper,ResponseHelper,DownloadHandler,UploadHandler,CertificateHandler,HeaderHelper,AsyncOperation>::Job_InvokeCoroutine
0x00007ff60acdb54a (Unity) BackgroundJobQueue::ExecuteMainThreadJobs
0x00007ff60ad9005f (Unity) PreloadManager::WaitForAllAsyncOperationsToComplete
0x00007ff60c553af8 (Unity) <lambda_b37b41f03089e3cb3f55061bbc93253d>::operator()
0x00007ff60c58f422 (Unity) asio::detail::completion_handler<core::mutable_function<void __cdecl(void)>,asio::io_context::basic_executor_type<std::allocator<void>,0> >::do_complete
0x00007ff60c57b3ce (Unity) asio::detail::win_iocp_io_context::do_one
0x00007ff60c57d034 (Unity) asio::detail::win_iocp_io_context::run
0x00007ff60c58d7cc (Unity) IOService::Run
0x00007ff60c560c2f (Unity) AssetImportWorkerClient::Run
0x00007ff60c52c3d7 (Unity) RunAssetImportWorkerClientV2
0x00007ff60c52c45b (Unity) RunAssetImporterV2
0x00007ff60bd231de (Unity) Application::InitializeProject
0x00007ff60c1b8795 (Unity) WinMain
0x00007ff60d5835ce (Unity) __scrt_common_main_seh
0x00007ffa8b87e8d7 (KERNEL32) BaseThreadInitThunk
0x00007ffa8c1714fc (ntdll) RtlUserThreadStart
Unloading 3360 Unused Serialized files (Serialized files now loaded: 0)
Unloading 28 unused Assets / (397.1 KB). Loaded Objects now: 4254.
Memory consumption went from 142.8 MB to 142.4 MB.
Total: 4.822100 ms (FindLiveObjects: 0.567800 ms CreateObjectMapping: 0.105500 ms MarkObjects: 3.868400 ms  DeleteObjects: 0.278700 ms)

Prepare: number of updated asset objects reloaded= 0
AssetImportParameters requested are different than current active one (requested -> active):
  custom:container-demuxer-ogg: 62fdf1f143b41e24485cea50d1cbac27 -> 
  custom:video-codec-MediaFoundation-h265: 746d11721c4dcdbdad8f713fa42b33f4 -> 
  custom:video-decoder-ogg-theora: a1e56fd34408186e4bbccfd4996cb3dc -> 
  custom:framework-win-MediaFoundation: 216162199b28c13a410421893ffa2e32 -> 
  custom:CustomObjectIndexerAttribute: 9a22284fe3817be447336de3de66b15e -> 
  custom:container-demuxer-webm: 4f35f7cbe854078d1ac9338744f61a02 -> 
  custom:container-muxer-webm: aa71ff27fc2769a1b78a27578f13a17b -> 
  custom:video-decoder-webm-vp8: 9c59270c3fd7afecdb556c50c9e8de78 -> 
  custom:SearchIndexIgnoredProperties: e643bd26f0fe6173181afceb89e7c659 -> 
  custom:AudioImporter_EditorPlatform: d09bf68614088b80899f8185d706f6e7 -> 
  custom:video-encoder-webm-vp8: eb34c28f22e8b96e1ab97ce403110664 -> 
  custom:scripting/monoscript/fileName/TextureAnimator.cs: 4ff9f3da57bffade570aa3cdb1c96685 -> 
  custom:audio-decoder-ogg-vorbis: bf7c407c2cedff20999df2af8eb42d56 -> 
  custom:audio-encoder-webm-vorbis: bf7c407c2cedff20999df2af8eb42d56 -> 
  custom:scripting/precompiled-assembly-types:Assembly-CSharp: 36d289a2072fff615a3e377c6f30ddd1 -> d0e4d9b8e3191607d5c08abaebdab676
========================================================================
Received Prepare
Caller must complete domain reload
Begin MonoManager ReloadAssembly
- Loaded All Assemblies, in  0.448 seconds
Native extension for WindowsStandalone target not found
Native extension for Android target not found
Native extension for WebGL target not found
[Package Manager] Server::EnsureServerProcessIsRunning -- launch failed, reason: Unity was launched with the -noUpm command-line argument
[Package Manager] UpmClient::Send -- Unable to send message (not connected to UPM process).
[Package Manager] Cannot connect to Unity Package Manager local server
Failed to sync packages list
UnityEngine.StackTraceUtility:ExtractStackTrace ()
UnityEngine.DebugLogHandler:LogFormat (UnityEngine.LogType,UnityEngine.Object,string,object[])
UnityEngine.Logger:Log (UnityEngine.LogType,object)
UnityEngine.Debug:LogWarning (object)
 .  / :MoveNext ()
System.Runtime.CompilerServices.AsyncVoidMethodBuilder:Start< .  / > ( .  / &)
 .  :  ()
 .⁪/ :MoveNext ()
System.Runtime.CompilerServices.AsyncTaskMethodBuilder:Start< .⁪/ > ( .⁪/ &)
 .⁪:  ()
System.Reflection.RuntimeMethodInfo:Invoke (object,System.Reflection.BindingFlags,System.Reflection.Binder,object[],System.Globalization.CultureInfo)
System.Reflection.MethodBase:Invoke (object,object[])
UnityEditor.EditorAssemblies:ProcessInitializeOnLoadMethodAttributes ()

Mono: successfully reloaded assembly
- Finished resetting the current domain, in  0.988 seconds
Domain Reload Profiling: 1434ms
	BeginReloadAssembly (154ms)
		ExecutionOrderSort (0ms)
		DisableScriptedObjects (5ms)
		BackupInstance (0ms)
		ReleaseScriptingObjects (0ms)
		CreateAndSetChildDomain (31ms)
	RebuildCommonClasses (35ms)
	RebuildNativeTypeToScriptingClass (11ms)
	initialDomainReloadingComplete (28ms)
	LoadAllAssembliesAndSetupDomain (217ms)
		LoadAssemblies (284ms)
		RebuildTransferFunctionScriptingTraits (0ms)
		AnalyzeDomain (17ms)
			TypeCache.Refresh (6ms)
				TypeCache.ScanAssembly (0ms)
			ScanForSourceGeneratedMonoScriptInfo (0ms)
			ResolveRequiredComponents (7ms)
	FinalizeReload (989ms)
		ReleaseScriptCaches (0ms)
		RebuildScriptCaches (0ms)
		SetupLoadedEditorAssemblies (590ms)
			LogAssemblyErrors (0ms)
			InitializePlatformSupportModulesInManaged (22ms)
			SetLoadedEditorAssemblies (5ms)
			RefreshPlugins (0ms)
			BeforeProcessingInitializeOnLoad (96ms)
			ProcessInitializeOnLoadAttributes (406ms)
			ProcessInitializeOnLoadMethodAttributes (57ms)
			AfterProcessingInitializeOnLoad (4ms)
			EditorAssembliesLoaded (0ms)
		ExecutionOrderSort2 (0ms)
		AwakeInstancesAfterBackupRestoration (6ms)
Refreshing native plugins compatible for Editor in 4.71 ms, found 6 plugins.
Preloading 0 native plugins for Editor in 0.00 ms.
Release of invalid GC handle. The handle is from a previous domain. The release operation is skipped.
Release of invalid GC handle native callstack: 
0x00007ff60b1b424d (Unity) StackWalker::GetCurrentCallstack
0x00007ff60b1b9329 (Unity) StackWalker::ShowCallstack
0x00007ff60c1adae1 (Unity) GetStacktrace
0x00007ff60b0af20d (Unity) ScriptingGCHandle::ReleaseAndClear
0x00007ff60b67748c (Unity) UploadHandlerRaw::`vector deleting destructor'
0x00007ff60b67803d (Unity) UploadHandler::Release
0x00007ff60b6748dd (Unity) UnityWebRequestProto<UnityWebRequestTransport,AtomicRefCounter,RedirectHelper,ResponseHelper,DownloadHandler,UploadHandler,CertificateHandler,HeaderHelper,AsyncOperation>::~UnityWebRequestProto<UnityWebRequestTransport,AtomicRefCounter,RedirectHelper,ResponseHelper,DownloadHandler,UploadHandler,CertificateHandler,HeaderHelper,AsyncOperation>
0x00007ff60b674bd6 (Unity) UnityWebRequest::`vector deleting destructor'
0x00007ff60a3c4b77 (Unity) UnityWebRequestProto<UnityWebRequestTransport,AtomicRefCounter,RedirectHelper,ResponseHelper,DownloadHandler,UploadHandler,CertificateHandler,HeaderHelper,AsyncOperation>::Release
0x00007ff60b676605 (Unity) UnityWebRequestAsyncOperation::InvokeCoroutine
0x00007ff60b6767e1 (Unity) UnityWebRequestProto<UnityWebRequestTransport,AtomicRefCounter,RedirectHelper,ResponseHelper,DownloadHandler,UploadHandler,CertificateHandler,HeaderHelper,AsyncOperation>::Job_InvokeCoroutine
0x00007ff60acdb54a (Unity) BackgroundJobQueue::ExecuteMainThreadJobs
0x00007ff60ad9005f (Unity) PreloadManager::WaitForAllAsyncOperationsToComplete
0x00007ff60c553af8 (Unity) <lambda_b37b41f03089e3cb3f55061bbc93253d>::operator()
0x00007ff60c58f422 (Unity) asio::detail::completion_handler<core::mutable_function<void __cdecl(void)>,asio::io_context::basic_executor_type<std::allocator<void>,0> >::do_complete
0x00007ff60c57b3ce (Unity) asio::detail::win_iocp_io_context::do_one
0x00007ff60c57d034 (Unity) asio::detail::win_iocp_io_context::run
0x00007ff60c58d7cc (Unity) IOService::Run
0x00007ff60c560c2f (Unity) AssetImportWorkerClient::Run
0x00007ff60c52c3d7 (Unity) RunAssetImportWorkerClientV2
0x00007ff60c52c45b (Unity) RunAssetImporterV2
0x00007ff60bd231de (Unity) Application::InitializeProject
0x00007ff60c1b8795 (Unity) WinMain
0x00007ff60d5835ce (Unity) __scrt_common_main_seh
0x00007ffa8b87e8d7 (KERNEL32) BaseThreadInitThunk
0x00007ffa8c1714fc (ntdll) RtlUserThreadStart
Unloading 3360 Unused Serialized files (Serialized files now loaded: 0)
Unloading 28 unused Assets / (396.6 KB). Loaded Objects now: 4259.
Memory consumption went from 142.9 MB to 142.5 MB.
Total: 3.765500 ms (FindLiveObjects: 0.329500 ms CreateObjectMapping: 0.113000 ms MarkObjects: 3.092000 ms  DeleteObjects: 0.230100 ms)

Prepare: number of updated asset objects reloaded= 0
AssetImportParameters requested are different than current active one (requested -> active):
  custom:container-demuxer-ogg: 62fdf1f143b41e24485cea50d1cbac27 -> 
  custom:video-codec-MediaFoundation-h265: 746d11721c4dcdbdad8f713fa42b33f4 -> 
  custom:video-decoder-ogg-theora: a1e56fd34408186e4bbccfd4996cb3dc -> 
  custom:framework-win-MediaFoundation: 216162199b28c13a410421893ffa2e32 -> 
  custom:CustomObjectIndexerAttribute: 9a22284fe3817be447336de3de66b15e -> 
  custom:container-demuxer-webm: 4f35f7cbe854078d1ac9338744f61a02 -> 
  custom:container-muxer-webm: aa71ff27fc2769a1b78a27578f13a17b -> 
  custom:video-decoder-webm-vp8: 9c59270c3fd7afecdb556c50c9e8de78 -> 
  custom:SearchIndexIgnoredProperties: e643bd26f0fe6173181afceb89e7c659 -> 
  custom:AudioImporter_EditorPlatform: d09bf68614088b80899f8185d706f6e7 -> 
  custom:video-encoder-webm-vp8: eb34c28f22e8b96e1ab97ce403110664 -> 
  custom:scripting/monoscript/fileName/TextureAnimator.cs: 4ff9f3da57bffade570aa3cdb1c96685 -> 
  custom:audio-decoder-ogg-vorbis: bf7c407c2cedff20999df2af8eb42d56 -> 
  custom:audio-encoder-webm-vorbis: bf7c407c2cedff20999df2af8eb42d56 -> 
  custom:scripting/precompiled-assembly-types:Assembly-CSharp: 36d289a2072fff615a3e377c6f30ddd1 -> d0e4d9b8e3191607d5c08abaebdab676
========================================================================
Received Prepare
Caller must complete domain reload
Begin MonoManager ReloadAssembly
- Loaded All Assemblies, in  0.543 seconds
Native extension for WindowsStandalone target not found
Native extension for Android target not found
Native extension for WebGL target not found
[Package Manager] Server::EnsureServerProcessIsRunning -- launch failed, reason: Unity was launched with the -noUpm command-line argument
[Package Manager] UpmClient::Send -- Unable to send message (not connected to UPM process).
[Package Manager] Cannot connect to Unity Package Manager local server
Failed to sync packages list
UnityEngine.StackTraceUtility:ExtractStackTrace ()
UnityEngine.DebugLogHandler:LogFormat (UnityEngine.LogType,UnityEngine.Object,string,object[])
UnityEngine.Logger:Log (UnityEngine.LogType,object)
UnityEngine.Debug:LogWarning (object)
 .  / :MoveNext ()
System.Runtime.CompilerServices.AsyncVoidMethodBuilder:Start< .  / > ( .  / &)
 .  :  ()
 .⁪/ :MoveNext ()
System.Runtime.CompilerServices.AsyncTaskMethodBuilder:Start< .⁪/ > ( .⁪/ &)
 .⁪:  ()
System.Reflection.RuntimeMethodInfo:Invoke (object,System.Reflection.BindingFlags,System.Reflection.Binder,object[],System.Globalization.CultureInfo)
System.Reflection.MethodBase:Invoke (object,object[])
UnityEditor.EditorAssemblies:ProcessInitializeOnLoadMethodAttributes ()

Mono: successfully reloaded assembly
- Finished resetting the current domain, in  1.022 seconds
Domain Reload Profiling: 1563ms
	BeginReloadAssembly (164ms)
		ExecutionOrderSort (0ms)
		DisableScriptedObjects (7ms)
		BackupInstance (0ms)
		ReleaseScriptingObjects (0ms)
		CreateAndSetChildDomain (32ms)
	RebuildCommonClasses (31ms)
	RebuildNativeTypeToScriptingClass (11ms)
	initialDomainReloadingComplete (48ms)
	LoadAllAssembliesAndSetupDomain (288ms)
		LoadAssemblies (350ms)
		RebuildTransferFunctionScriptingTraits (0ms)
		AnalyzeDomain (28ms)
			TypeCache.Refresh (9ms)
				TypeCache.ScanAssembly (0ms)
			ScanForSourceGeneratedMonoScriptInfo (7ms)
			ResolveRequiredComponents (8ms)
	FinalizeReload (1022ms)
		ReleaseScriptCaches (0ms)
		RebuildScriptCaches (0ms)
		SetupLoadedEditorAssemblies (566ms)
			LogAssemblyErrors (0ms)
			InitializePlatformSupportModulesInManaged (19ms)
			SetLoadedEditorAssemblies (5ms)
			RefreshPlugins (0ms)
			BeforeProcessingInitializeOnLoad (61ms)
			ProcessInitializeOnLoadAttributes (419ms)
			ProcessInitializeOnLoadMethodAttributes (57ms)
			AfterProcessingInitializeOnLoad (5ms)
			EditorAssembliesLoaded (0ms)
		ExecutionOrderSort2 (0ms)
		AwakeInstancesAfterBackupRestoration (8ms)
Refreshing native plugins compatible for Editor in 7.93 ms, found 6 plugins.
Preloading 0 native plugins for Editor in 0.00 ms.
Release of invalid GC handle. The handle is from a previous domain. The release operation is skipped.
Release of invalid GC handle native callstack: 
0x00007ff60b1b424d (Unity) StackWalker::GetCurrentCallstack
0x00007ff60b1b9329 (Unity) StackWalker::ShowCallstack
0x00007ff60c1adae1 (Unity) GetStacktrace
0x00007ff60b0af20d (Unity) ScriptingGCHandle::ReleaseAndClear
0x00007ff60b67748c (Unity) UploadHandlerRaw::`vector deleting destructor'
0x00007ff60b67803d (Unity) UploadHandler::Release
0x00007ff60b6748dd (Unity) UnityWebRequestProto<UnityWebRequestTransport,AtomicRefCounter,RedirectHelper,ResponseHelper,DownloadHandler,UploadHandler,CertificateHandler,HeaderHelper,AsyncOperation>::~UnityWebRequestProto<UnityWebRequestTransport,AtomicRefCounter,RedirectHelper,ResponseHelper,DownloadHandler,UploadHandler,CertificateHandler,HeaderHelper,AsyncOperation>
0x00007ff60b674bd6 (Unity) UnityWebRequest::`vector deleting destructor'
0x00007ff60a3c4b77 (Unity) UnityWebRequestProto<UnityWebRequestTransport,AtomicRefCounter,RedirectHelper,ResponseHelper,DownloadHandler,UploadHandler,CertificateHandler,HeaderHelper,AsyncOperation>::Release
0x00007ff60b676605 (Unity) UnityWebRequestAsyncOperation::InvokeCoroutine
0x00007ff60b6767e1 (Unity) UnityWebRequestProto<UnityWebRequestTransport,AtomicRefCounter,RedirectHelper,ResponseHelper,DownloadHandler,UploadHandler,CertificateHandler,HeaderHelper,AsyncOperation>::Job_InvokeCoroutine
0x00007ff60acdb54a (Unity) BackgroundJobQueue::ExecuteMainThreadJobs
0x00007ff60ad9005f (Unity) PreloadManager::WaitForAllAsyncOperationsToComplete
0x00007ff60c553af8 (Unity) <lambda_b37b41f03089e3cb3f55061bbc93253d>::operator()
0x00007ff60c58f422 (Unity) asio::detail::completion_handler<core::mutable_function<void __cdecl(void)>,asio::io_context::basic_executor_type<std::allocator<void>,0> >::do_complete
0x00007ff60c57b3ce (Unity) asio::detail::win_iocp_io_context::do_one
0x00007ff60c57d034 (Unity) asio::detail::win_iocp_io_context::run
0x00007ff60c58d7cc (Unity) IOService::Run
0x00007ff60c560c2f (Unity) AssetImportWorkerClient::Run
0x00007ff60c52c3d7 (Unity) RunAssetImportWorkerClientV2
0x00007ff60c52c45b (Unity) RunAssetImporterV2
0x00007ff60bd231de (Unity) Application::InitializeProject
0x00007ff60c1b8795 (Unity) WinMain
0x00007ff60d5835ce (Unity) __scrt_common_main_seh
0x00007ffa8b87e8d7 (KERNEL32) BaseThreadInitThunk
0x00007ffa8c1714fc (ntdll) RtlUserThreadStart
Unloading 3360 Unused Serialized files (Serialized files now loaded: 0)
Unloading 28 unused Assets / (396.8 KB). Loaded Objects now: 4264.
Memory consumption went from 143.1 MB to 142.7 MB.
Total: 5.205000 ms (FindLiveObjects: 0.287200 ms CreateObjectMapping: 0.104000 ms MarkObjects: 4.553900 ms  DeleteObjects: 0.258300 ms)

Prepare: number of updated asset objects reloaded= 0
AssetImportParameters requested are different than current active one (requested -> active):
  custom:container-demuxer-ogg: 62fdf1f143b41e24485cea50d1cbac27 -> 
  custom:video-codec-MediaFoundation-h265: 746d11721c4dcdbdad8f713fa42b33f4 -> 
  custom:video-decoder-ogg-theora: a1e56fd34408186e4bbccfd4996cb3dc -> 
  custom:framework-win-MediaFoundation: 216162199b28c13a410421893ffa2e32 -> 
  custom:CustomObjectIndexerAttribute: 9a22284fe3817be447336de3de66b15e -> 
  custom:container-demuxer-webm: 4f35f7cbe854078d1ac9338744f61a02 -> 
  custom:container-muxer-webm: aa71ff27fc2769a1b78a27578f13a17b -> 
  custom:video-decoder-webm-vp8: 9c59270c3fd7afecdb556c50c9e8de78 -> 
  custom:SearchIndexIgnoredProperties: e643bd26f0fe6173181afceb89e7c659 -> 
  custom:AudioImporter_EditorPlatform: d09bf68614088b80899f8185d706f6e7 -> 
  custom:video-encoder-webm-vp8: eb34c28f22e8b96e1ab97ce403110664 -> 
  custom:scripting/monoscript/fileName/TextureAnimator.cs: 4ff9f3da57bffade570aa3cdb1c96685 -> 
  custom:audio-decoder-ogg-vorbis: bf7c407c2cedff20999df2af8eb42d56 -> 
  custom:audio-encoder-webm-vorbis: bf7c407c2cedff20999df2af8eb42d56 -> 
  custom:scripting/precompiled-assembly-types:Assembly-CSharp: 36d289a2072fff615a3e377c6f30ddd1 -> d0e4d9b8e3191607d5c08abaebdab676
========================================================================
Received Prepare
Caller must complete domain reload
Begin MonoManager ReloadAssembly
- Loaded All Assemblies, in  0.909 seconds
Native extension for WindowsStandalone target not found
Native extension for Android target not found
Native extension for WebGL target not found
[Package Manager] Server::EnsureServerProcessIsRunning -- launch failed, reason: Unity was launched with the -noUpm command-line argument
[Package Manager] UpmClient::Send -- Unable to send message (not connected to UPM process).
[Package Manager] Cannot connect to Unity Package Manager local server
Failed to sync packages list
UnityEngine.StackTraceUtility:ExtractStackTrace ()
UnityEngine.DebugLogHandler:LogFormat (UnityEngine.LogType,UnityEngine.Object,string,object[])
UnityEngine.Logger:Log (UnityEngine.LogType,object)
UnityEngine.Debug:LogWarning (object)
 .  / :MoveNext ()
System.Runtime.CompilerServices.AsyncVoidMethodBuilder:Start< .  / > ( .  / &)
 .  :  ()
 .⁪/ :MoveNext ()
System.Runtime.CompilerServices.AsyncTaskMethodBuilder:Start< .⁪/ > ( .⁪/ &)
 .⁪:  ()
System.Reflection.RuntimeMethodInfo:Invoke (object,System.Reflection.BindingFlags,System.Reflection.Binder,object[],System.Globalization.CultureInfo)
System.Reflection.MethodBase:Invoke (object,object[])
UnityEditor.EditorAssemblies:ProcessInitializeOnLoadMethodAttributes ()

Mono: successfully reloaded assembly
- Finished resetting the current domain, in  1.001 seconds
Domain Reload Profiling: 1905ms
	BeginReloadAssembly (295ms)
		ExecutionOrderSort (0ms)
		DisableScriptedObjects (10ms)
		BackupInstance (0ms)
		ReleaseScriptingObjects (0ms)
		CreateAndSetChildDomain (55ms)
	RebuildCommonClasses (64ms)
	RebuildNativeTypeToScriptingClass (21ms)
	initialDomainReloadingComplete (58ms)
	LoadAllAssembliesAndSetupDomain (466ms)
		LoadAssemblies (592ms)
		RebuildTransferFunctionScriptingTraits (0ms)
		AnalyzeDomain (42ms)
			TypeCache.Refresh (15ms)
				TypeCache.ScanAssembly (1ms)
			ScanForSourceGeneratedMonoScriptInfo (12ms)
			ResolveRequiredComponents (11ms)
	FinalizeReload (1002ms)
		ReleaseScriptCaches (0ms)
		RebuildScriptCaches (0ms)
		SetupLoadedEditorAssemblies (540ms)
			LogAssemblyErrors (0ms)
			InitializePlatformSupportModulesInManaged (18ms)
			SetLoadedEditorAssemblies (6ms)
			RefreshPlugins (0ms)
			BeforeProcessingInitializeOnLoad (68ms)
			ProcessInitializeOnLoadAttributes (392ms)
			ProcessInitializeOnLoadMethodAttributes (49ms)
			AfterProcessingInitializeOnLoad (7ms)
			EditorAssembliesLoaded (0ms)
		ExecutionOrderSort2 (0ms)
		AwakeInstancesAfterBackupRestoration (6ms)
Refreshing native plugins compatible for Editor in 3.32 ms, found 6 plugins.
Preloading 0 native plugins for Editor in 0.00 ms.
Release of invalid GC handle. The handle is from a previous domain. The release operation is skipped.
Release of invalid GC handle native callstack: 
0x00007ff60b1b424d (Unity) StackWalker::GetCurrentCallstack
0x00007ff60b1b9329 (Unity) StackWalker::ShowCallstack
0x00007ff60c1adae1 (Unity) GetStacktrace
0x00007ff60b0af20d (Unity) ScriptingGCHandle::ReleaseAndClear
0x00007ff60b67748c (Unity) UploadHandlerRaw::`vector deleting destructor'
0x00007ff60b67803d (Unity) UploadHandler::Release
0x00007ff60b6748dd (Unity) UnityWebRequestProto<UnityWebRequestTransport,AtomicRefCounter,RedirectHelper,ResponseHelper,DownloadHandler,UploadHandler,CertificateHandler,HeaderHelper,AsyncOperation>::~UnityWebRequestProto<UnityWebRequestTransport,AtomicRefCounter,RedirectHelper,ResponseHelper,DownloadHandler,UploadHandler,CertificateHandler,HeaderHelper,AsyncOperation>
0x00007ff60b674bd6 (Unity) UnityWebRequest::`vector deleting destructor'
0x00007ff60a3c4b77 (Unity) UnityWebRequestProto<UnityWebRequestTransport,AtomicRefCounter,RedirectHelper,ResponseHelper,DownloadHandler,UploadHandler,CertificateHandler,HeaderHelper,AsyncOperation>::Release
0x00007ff60b676605 (Unity) UnityWebRequestAsyncOperation::InvokeCoroutine
0x00007ff60b6767e1 (Unity) UnityWebRequestProto<UnityWebRequestTransport,AtomicRefCounter,RedirectHelper,ResponseHelper,DownloadHandler,UploadHandler,CertificateHandler,HeaderHelper,AsyncOperation>::Job_InvokeCoroutine
0x00007ff60acdb54a (Unity) BackgroundJobQueue::ExecuteMainThreadJobs
0x00007ff60ad9005f (Unity) PreloadManager::WaitForAllAsyncOperationsToComplete
0x00007ff60c553af8 (Unity) <lambda_b37b41f03089e3cb3f55061bbc93253d>::operator()
0x00007ff60c58f422 (Unity) asio::detail::completion_handler<core::mutable_function<void __cdecl(void)>,asio::io_context::basic_executor_type<std::allocator<void>,0> >::do_complete
0x00007ff60c57b3ce (Unity) asio::detail::win_iocp_io_context::do_one
0x00007ff60c57d034 (Unity) asio::detail::win_iocp_io_context::run
0x00007ff60c58d7cc (Unity) IOService::Run
0x00007ff60c560c2f (Unity) AssetImportWorkerClient::Run
0x00007ff60c52c3d7 (Unity) RunAssetImportWorkerClientV2
0x00007ff60c52c45b (Unity) RunAssetImporterV2
0x00007ff60bd231de (Unity) Application::InitializeProject
0x00007ff60c1b8795 (Unity) WinMain
0x00007ff60d5835ce (Unity) __scrt_common_main_seh
0x00007ffa8b87e8d7 (KERNEL32) BaseThreadInitThunk
0x00007ffa8c1714fc (ntdll) RtlUserThreadStart
Unloading 3360 Unused Serialized files (Serialized files now loaded: 0)
Unloading 28 unused Assets / (397.0 KB). Loaded Objects now: 4269.
Memory consumption went from 143.2 MB to 142.8 MB.
Total: 3.863900 ms (FindLiveObjects: 0.262700 ms CreateObjectMapping: 0.105800 ms MarkObjects: 3.267000 ms  DeleteObjects: 0.226900 ms)

Prepare: number of updated asset objects reloaded= 0
AssetImportParameters requested are different than current active one (requested -> active):
  custom:container-demuxer-ogg: 62fdf1f143b41e24485cea50d1cbac27 -> 
  custom:video-codec-MediaFoundation-h265: 746d11721c4dcdbdad8f713fa42b33f4 -> 
  custom:video-decoder-ogg-theora: a1e56fd34408186e4bbccfd4996cb3dc -> 
  custom:framework-win-MediaFoundation: 216162199b28c13a410421893ffa2e32 -> 
  custom:CustomObjectIndexerAttribute: 9a22284fe3817be447336de3de66b15e -> 
  custom:container-demuxer-webm: 4f35f7cbe854078d1ac9338744f61a02 -> 
  custom:container-muxer-webm: aa71ff27fc2769a1b78a27578f13a17b -> 
  custom:video-decoder-webm-vp8: 9c59270c3fd7afecdb556c50c9e8de78 -> 
  custom:SearchIndexIgnoredProperties: e643bd26f0fe6173181afceb89e7c659 -> 
  custom:AudioImporter_EditorPlatform: d09bf68614088b80899f8185d706f6e7 -> 
  custom:video-encoder-webm-vp8: eb34c28f22e8b96e1ab97ce403110664 -> 
  custom:scripting/monoscript/fileName/TextureAnimator.cs: 4ff9f3da57bffade570aa3cdb1c96685 -> 
  custom:audio-decoder-ogg-vorbis: bf7c407c2cedff20999df2af8eb42d56 -> 
  custom:audio-encoder-webm-vorbis: bf7c407c2cedff20999df2af8eb42d56 -> 
  custom:scripting/precompiled-assembly-types:Assembly-CSharp: 36d289a2072fff615a3e377c6f30ddd1 -> d0e4d9b8e3191607d5c08abaebdab676
========================================================================
Received Prepare
Caller must complete domain reload
Begin MonoManager ReloadAssembly
- Loaded All Assemblies, in  0.436 seconds
Native extension for WindowsStandalone target not found
Native extension for Android target not found
Native extension for WebGL target not found
[Package Manager] Server::EnsureServerProcessIsRunning -- launch failed, reason: Unity was launched with the -noUpm command-line argument
[Package Manager] UpmClient::Send -- Unable to send message (not connected to UPM process).
[Package Manager] Cannot connect to Unity Package Manager local server
Failed to sync packages list
UnityEngine.StackTraceUtility:ExtractStackTrace ()
UnityEngine.DebugLogHandler:LogFormat (UnityEngine.LogType,UnityEngine.Object,string,object[])
UnityEngine.Logger:Log (UnityEngine.LogType,object)
UnityEngine.Debug:LogWarning (object)
 .  / :MoveNext ()
System.Runtime.CompilerServices.AsyncVoidMethodBuilder:Start< .  / > ( .  / &)
 .  :  ()
 .⁪/ :MoveNext ()
System.Runtime.CompilerServices.AsyncTaskMethodBuilder:Start< .⁪/ > ( .⁪/ &)
 .⁪:  ()
System.Reflection.RuntimeMethodInfo:Invoke (object,System.Reflection.BindingFlags,System.Reflection.Binder,object[],System.Globalization.CultureInfo)
System.Reflection.MethodBase:Invoke (object,object[])
UnityEditor.EditorAssemblies:ProcessInitializeOnLoadMethodAttributes ()

Mono: successfully reloaded assembly
- Finished resetting the current domain, in  1.002 seconds
Domain Reload Profiling: 1437ms
	BeginReloadAssembly (145ms)
		ExecutionOrderSort (1ms)
		DisableScriptedObjects (7ms)
		BackupInstance (0ms)
		ReleaseScriptingObjects (0ms)
		CreateAndSetChildDomain (30ms)
	RebuildCommonClasses (32ms)
	RebuildNativeTypeToScriptingClass (10ms)
	initialDomainReloadingComplete (27ms)
	LoadAllAssembliesAndSetupDomain (219ms)
		LoadAssemblies (280ms)
		RebuildTransferFunctionScriptingTraits (0ms)
		AnalyzeDomain (15ms)
			TypeCache.Refresh (6ms)
				TypeCache.ScanAssembly (0ms)
			ScanForSourceGeneratedMonoScriptInfo (0ms)
			ResolveRequiredComponents (7ms)
	FinalizeReload (1003ms)
		ReleaseScriptCaches (0ms)
		RebuildScriptCaches (0ms)
		SetupLoadedEditorAssemblies (594ms)
			LogAssemblyErrors (0ms)
			InitializePlatformSupportModulesInManaged (18ms)
			SetLoadedEditorAssemblies (6ms)
			RefreshPlugins (0ms)
			BeforeProcessingInitializeOnLoad (83ms)
			ProcessInitializeOnLoadAttributes (438ms)
			ProcessInitializeOnLoadMethodAttributes (44ms)
			AfterProcessingInitializeOnLoad (5ms)
			EditorAssembliesLoaded (0ms)
		ExecutionOrderSort2 (0ms)
		AwakeInstancesAfterBackupRestoration (8ms)
Refreshing native plugins compatible for Editor in 4.22 ms, found 6 plugins.
Preloading 0 native plugins for Editor in 0.00 ms.
Release of invalid GC handle. The handle is from a previous domain. The release operation is skipped.
Release of invalid GC handle native callstack: 
0x00007ff60b1b424d (Unity) StackWalker::GetCurrentCallstack
0x00007ff60b1b9329 (Unity) StackWalker::ShowCallstack
0x00007ff60c1adae1 (Unity) GetStacktrace
0x00007ff60b0af20d (Unity) ScriptingGCHandle::ReleaseAndClear
0x00007ff60b67748c (Unity) UploadHandlerRaw::`vector deleting destructor'
0x00007ff60b67803d (Unity) UploadHandler::Release
0x00007ff60b6748dd (Unity) UnityWebRequestProto<UnityWebRequestTransport,AtomicRefCounter,RedirectHelper,ResponseHelper,DownloadHandler,UploadHandler,CertificateHandler,HeaderHelper,AsyncOperation>::~UnityWebRequestProto<UnityWebRequestTransport,AtomicRefCounter,RedirectHelper,ResponseHelper,DownloadHandler,UploadHandler,CertificateHandler,HeaderHelper,AsyncOperation>
0x00007ff60b674bd6 (Unity) UnityWebRequest::`vector deleting destructor'
0x00007ff60a3c4b77 (Unity) UnityWebRequestProto<UnityWebRequestTransport,AtomicRefCounter,RedirectHelper,ResponseHelper,DownloadHandler,UploadHandler,CertificateHandler,HeaderHelper,AsyncOperation>::Release
0x00007ff60b676605 (Unity) UnityWebRequestAsyncOperation::InvokeCoroutine
0x00007ff60b6767e1 (Unity) UnityWebRequestProto<UnityWebRequestTransport,AtomicRefCounter,RedirectHelper,ResponseHelper,DownloadHandler,UploadHandler,CertificateHandler,HeaderHelper,AsyncOperation>::Job_InvokeCoroutine
0x00007ff60acdb54a (Unity) BackgroundJobQueue::ExecuteMainThreadJobs
0x00007ff60ad9005f (Unity) PreloadManager::WaitForAllAsyncOperationsToComplete
0x00007ff60c553af8 (Unity) <lambda_b37b41f03089e3cb3f55061bbc93253d>::operator()
0x00007ff60c58f422 (Unity) asio::detail::completion_handler<core::mutable_function<void __cdecl(void)>,asio::io_context::basic_executor_type<std::allocator<void>,0> >::do_complete
0x00007ff60c57b3ce (Unity) asio::detail::win_iocp_io_context::do_one
0x00007ff60c57d034 (Unity) asio::detail::win_iocp_io_context::run
0x00007ff60c58d7cc (Unity) IOService::Run
0x00007ff60c560c2f (Unity) AssetImportWorkerClient::Run
0x00007ff60c52c3d7 (Unity) RunAssetImportWorkerClientV2
0x00007ff60c52c45b (Unity) RunAssetImporterV2
0x00007ff60bd231de (Unity) Application::InitializeProject
0x00007ff60c1b8795 (Unity) WinMain
0x00007ff60d5835ce (Unity) __scrt_common_main_seh
0x00007ffa8b87e8d7 (KERNEL32) BaseThreadInitThunk
0x00007ffa8c1714fc (ntdll) RtlUserThreadStart
Unloading 3360 Unused Serialized files (Serialized files now loaded: 0)
Unloading 28 unused Assets / (396.7 KB). Loaded Objects now: 4274.
Memory consumption went from 143.4 MB to 143.0 MB.
Total: 3.717900 ms (FindLiveObjects: 0.243700 ms CreateObjectMapping: 0.102000 ms MarkObjects: 3.143000 ms  DeleteObjects: 0.227000 ms)

Prepare: number of updated asset objects reloaded= 0
AssetImportParameters requested are different than current active one (requested -> active):
  custom:container-demuxer-ogg: 62fdf1f143b41e24485cea50d1cbac27 -> 
  custom:video-codec-MediaFoundation-h265: 746d11721c4dcdbdad8f713fa42b33f4 -> 
  custom:video-decoder-ogg-theora: a1e56fd34408186e4bbccfd4996cb3dc -> 
  custom:framework-win-MediaFoundation: 216162199b28c13a410421893ffa2e32 -> 
  custom:CustomObjectIndexerAttribute: 9a22284fe3817be447336de3de66b15e -> 
  custom:container-demuxer-webm: 4f35f7cbe854078d1ac9338744f61a02 -> 
  custom:container-muxer-webm: aa71ff27fc2769a1b78a27578f13a17b -> 
  custom:video-decoder-webm-vp8: 9c59270c3fd7afecdb556c50c9e8de78 -> 
  custom:SearchIndexIgnoredProperties: e643bd26f0fe6173181afceb89e7c659 -> 
  custom:AudioImporter_EditorPlatform: d09bf68614088b80899f8185d706f6e7 -> 
  custom:video-encoder-webm-vp8: eb34c28f22e8b96e1ab97ce403110664 -> 
  custom:scripting/monoscript/fileName/TextureAnimator.cs: 4ff9f3da57bffade570aa3cdb1c96685 -> 
  custom:audio-decoder-ogg-vorbis: bf7c407c2cedff20999df2af8eb42d56 -> 
  custom:audio-encoder-webm-vorbis: bf7c407c2cedff20999df2af8eb42d56 -> 
  custom:scripting/precompiled-assembly-types:Assembly-CSharp: 36d289a2072fff615a3e377c6f30ddd1 -> d0e4d9b8e3191607d5c08abaebdab676
========================================================================
Received Prepare
Caller must complete domain reload
Begin MonoManager ReloadAssembly
- Loaded All Assemblies, in  0.446 seconds
Native extension for WindowsStandalone target not found
Native extension for Android target not found
Native extension for WebGL target not found
[Package Manager] Server::EnsureServerProcessIsRunning -- launch failed, reason: Unity was launched with the -noUpm command-line argument
[Package Manager] UpmClient::Send -- Unable to send message (not connected to UPM process).
[Package Manager] Cannot connect to Unity Package Manager local server
Failed to sync packages list
UnityEngine.StackTraceUtility:ExtractStackTrace ()
UnityEngine.DebugLogHandler:LogFormat (UnityEngine.LogType,UnityEngine.Object,string,object[])
UnityEngine.Logger:Log (UnityEngine.LogType,object)
UnityEngine.Debug:LogWarning (object)
 .  / :MoveNext ()
System.Runtime.CompilerServices.AsyncVoidMethodBuilder:Start< .  / > ( .  / &)
 .  :  ()
 .⁪/ :MoveNext ()
System.Runtime.CompilerServices.AsyncTaskMethodBuilder:Start< .⁪/ > ( .⁪/ &)
 .⁪:  ()
System.Reflection.RuntimeMethodInfo:Invoke (object,System.Reflection.BindingFlags,System.Reflection.Binder,object[],System.Globalization.CultureInfo)
System.Reflection.MethodBase:Invoke (object,object[])
UnityEditor.EditorAssemblies:ProcessInitializeOnLoadMethodAttributes ()

Mono: successfully reloaded assembly
- Finished resetting the current domain, in  1.041 seconds
Domain Reload Profiling: 1487ms
	BeginReloadAssembly (145ms)
		ExecutionOrderSort (0ms)
		DisableScriptedObjects (5ms)
		BackupInstance (0ms)
		ReleaseScriptingObjects (0ms)
		CreateAndSetChildDomain (32ms)
	RebuildCommonClasses (36ms)
	RebuildNativeTypeToScriptingClass (16ms)
	initialDomainReloadingComplete (26ms)
	LoadAllAssembliesAndSetupDomain (221ms)
		LoadAssemblies (283ms)
		RebuildTransferFunctionScriptingTraits (0ms)
		AnalyzeDomain (15ms)
			TypeCache.Refresh (6ms)
				TypeCache.ScanAssembly (0ms)
			ScanForSourceGeneratedMonoScriptInfo (0ms)
			ResolveRequiredComponents (6ms)
	FinalizeReload (1042ms)
		ReleaseScriptCaches (0ms)
		RebuildScriptCaches (0ms)
		SetupLoadedEditorAssemblies (619ms)
			LogAssemblyErrors (0ms)
			InitializePlatformSupportModulesInManaged (19ms)
			SetLoadedEditorAssemblies (5ms)
			RefreshPlugins (0ms)
			BeforeProcessingInitializeOnLoad (96ms)
			ProcessInitializeOnLoadAttributes (441ms)
			ProcessInitializeOnLoadMethodAttributes (53ms)
			AfterProcessingInitializeOnLoad (5ms)
			EditorAssembliesLoaded (0ms)
		ExecutionOrderSort2 (0ms)
		AwakeInstancesAfterBackupRestoration (6ms)
Refreshing native plugins compatible for Editor in 3.16 ms, found 6 plugins.
Preloading 0 native plugins for Editor in 0.00 ms.
Release of invalid GC handle. The handle is from a previous domain. The release operation is skipped.
Release of invalid GC handle native callstack: 
0x00007ff60b1b424d (Unity) StackWalker::GetCurrentCallstack
0x00007ff60b1b9329 (Unity) StackWalker::ShowCallstack
0x00007ff60c1adae1 (Unity) GetStacktrace
0x00007ff60b0af20d (Unity) ScriptingGCHandle::ReleaseAndClear
0x00007ff60b67748c (Unity) UploadHandlerRaw::`vector deleting destructor'
0x00007ff60b67803d (Unity) UploadHandler::Release
0x00007ff60b6748dd (Unity) UnityWebRequestProto<UnityWebRequestTransport,AtomicRefCounter,RedirectHelper,ResponseHelper,DownloadHandler,UploadHandler,CertificateHandler,HeaderHelper,AsyncOperation>::~UnityWebRequestProto<UnityWebRequestTransport,AtomicRefCounter,RedirectHelper,ResponseHelper,DownloadHandler,UploadHandler,CertificateHandler,HeaderHelper,AsyncOperation>
0x00007ff60b674bd6 (Unity) UnityWebRequest::`vector deleting destructor'
0x00007ff60a3c4b77 (Unity) UnityWebRequestProto<UnityWebRequestTransport,AtomicRefCounter,RedirectHelper,ResponseHelper,DownloadHandler,UploadHandler,CertificateHandler,HeaderHelper,AsyncOperation>::Release
0x00007ff60b676605 (Unity) UnityWebRequestAsyncOperation::InvokeCoroutine
0x00007ff60b6767e1 (Unity) UnityWebRequestProto<UnityWebRequestTransport,AtomicRefCounter,RedirectHelper,ResponseHelper,DownloadHandler,UploadHandler,CertificateHandler,HeaderHelper,AsyncOperation>::Job_InvokeCoroutine
0x00007ff60acdb54a (Unity) BackgroundJobQueue::ExecuteMainThreadJobs
0x00007ff60ad9005f (Unity) PreloadManager::WaitForAllAsyncOperationsToComplete
0x00007ff60c553af8 (Unity) <lambda_b37b41f03089e3cb3f55061bbc93253d>::operator()
0x00007ff60c58f422 (Unity) asio::detail::completion_handler<core::mutable_function<void __cdecl(void)>,asio::io_context::basic_executor_type<std::allocator<void>,0> >::do_complete
0x00007ff60c57b3ce (Unity) asio::detail::win_iocp_io_context::do_one
0x00007ff60c57d034 (Unity) asio::detail::win_iocp_io_context::run
0x00007ff60c58d7cc (Unity) IOService::Run
0x00007ff60c560c2f (Unity) AssetImportWorkerClient::Run
0x00007ff60c52c3d7 (Unity) RunAssetImportWorkerClientV2
0x00007ff60c52c45b (Unity) RunAssetImporterV2
0x00007ff60bd231de (Unity) Application::InitializeProject
0x00007ff60c1b8795 (Unity) WinMain
0x00007ff60d5835ce (Unity) __scrt_common_main_seh
0x00007ffa8b87e8d7 (KERNEL32) BaseThreadInitThunk
0x00007ffa8c1714fc (ntdll) RtlUserThreadStart
Unloading 3360 Unused Serialized files (Serialized files now loaded: 0)
Unloading 28 unused Assets / (396.8 KB). Loaded Objects now: 4279.
Memory consumption went from 143.5 MB to 143.1 MB.
Total: 3.872400 ms (FindLiveObjects: 0.244400 ms CreateObjectMapping: 0.097500 ms MarkObjects: 3.260600 ms  DeleteObjects: 0.268200 ms)

Prepare: number of updated asset objects reloaded= 0
AssetImportParameters requested are different than current active one (requested -> active):
  custom:container-demuxer-ogg: 62fdf1f143b41e24485cea50d1cbac27 -> 
  custom:video-codec-MediaFoundation-h265: 746d11721c4dcdbdad8f713fa42b33f4 -> 
  custom:video-decoder-ogg-theora: a1e56fd34408186e4bbccfd4996cb3dc -> 
  custom:framework-win-MediaFoundation: 216162199b28c13a410421893ffa2e32 -> 
  custom:CustomObjectIndexerAttribute: 9a22284fe3817be447336de3de66b15e -> 
  custom:container-demuxer-webm: 4f35f7cbe854078d1ac9338744f61a02 -> 
  custom:container-muxer-webm: aa71ff27fc2769a1b78a27578f13a17b -> 
  custom:video-decoder-webm-vp8: 9c59270c3fd7afecdb556c50c9e8de78 -> 
  custom:SearchIndexIgnoredProperties: e643bd26f0fe6173181afceb89e7c659 -> 
  custom:AudioImporter_EditorPlatform: d09bf68614088b80899f8185d706f6e7 -> 
  custom:video-encoder-webm-vp8: eb34c28f22e8b96e1ab97ce403110664 -> 
  custom:scripting/monoscript/fileName/TextureAnimator.cs: 4ff9f3da57bffade570aa3cdb1c96685 -> 
  custom:audio-decoder-ogg-vorbis: bf7c407c2cedff20999df2af8eb42d56 -> 
  custom:audio-encoder-webm-vorbis: bf7c407c2cedff20999df2af8eb42d56 -> 
  custom:scripting/precompiled-assembly-types:Assembly-CSharp: 36d289a2072fff615a3e377c6f30ddd1 -> d0e4d9b8e3191607d5c08abaebdab676
========================================================================
Received Prepare
Caller must complete domain reload
Begin MonoManager ReloadAssembly
- Loaded All Assemblies, in  0.436 seconds
Native extension for WindowsStandalone target not found
Native extension for Android target not found
Native extension for WebGL target not found
[Package Manager] Server::EnsureServerProcessIsRunning -- launch failed, reason: Unity was launched with the -noUpm command-line argument
[Package Manager] UpmClient::Send -- Unable to send message (not connected to UPM process).
[Package Manager] Cannot connect to Unity Package Manager local server
Failed to sync packages list
UnityEngine.StackTraceUtility:ExtractStackTrace ()
UnityEngine.DebugLogHandler:LogFormat (UnityEngine.LogType,UnityEngine.Object,string,object[])
UnityEngine.Logger:Log (UnityEngine.LogType,object)
UnityEngine.Debug:LogWarning (object)
 .  / :MoveNext ()
System.Runtime.CompilerServices.AsyncVoidMethodBuilder:Start< .  / > ( .  / &)
 .  :  ()
 .⁪/ :MoveNext ()
System.Runtime.CompilerServices.AsyncTaskMethodBuilder:Start< .⁪/ > ( .⁪/ &)
 .⁪:  ()
System.Reflection.RuntimeMethodInfo:Invoke (object,System.Reflection.BindingFlags,System.Reflection.Binder,object[],System.Globalization.CultureInfo)
System.Reflection.MethodBase:Invoke (object,object[])
UnityEditor.EditorAssemblies:ProcessInitializeOnLoadMethodAttributes ()

Mono: successfully reloaded assembly
- Finished resetting the current domain, in  1.017 seconds
Domain Reload Profiling: 1451ms
	BeginReloadAssembly (148ms)
		ExecutionOrderSort (0ms)
		DisableScriptedObjects (5ms)
		BackupInstance (0ms)
		ReleaseScriptingObjects (0ms)
		CreateAndSetChildDomain (32ms)
	RebuildCommonClasses (29ms)
	RebuildNativeTypeToScriptingClass (10ms)
	initialDomainReloadingComplete (32ms)
	LoadAllAssembliesAndSetupDomain (215ms)
		LoadAssemblies (279ms)
		RebuildTransferFunctionScriptingTraits (0ms)
		AnalyzeDomain (15ms)
			TypeCache.Refresh (6ms)
				TypeCache.ScanAssembly (0ms)
			ScanForSourceGeneratedMonoScriptInfo (0ms)
			ResolveRequiredComponents (6ms)
	FinalizeReload (1018ms)
		ReleaseScriptCaches (0ms)
		RebuildScriptCaches (0ms)
		SetupLoadedEditorAssemblies (626ms)
			LogAssemblyErrors (0ms)
			InitializePlatformSupportModulesInManaged (18ms)
			SetLoadedEditorAssemblies (5ms)
			RefreshPlugins (0ms)
			BeforeProcessingInitializeOnLoad (62ms)
			ProcessInitializeOnLoadAttributes (475ms)
			ProcessInitializeOnLoadMethodAttributes (62ms)
			AfterProcessingInitializeOnLoad (4ms)
			EditorAssembliesLoaded (0ms)
		ExecutionOrderSort2 (0ms)
		AwakeInstancesAfterBackupRestoration (7ms)
Refreshing native plugins compatible for Editor in 5.19 ms, found 6 plugins.
Preloading 0 native plugins for Editor in 0.00 ms.
Release of invalid GC handle. The handle is from a previous domain. The release operation is skipped.
Release of invalid GC handle native callstack: 
0x00007ff60b1b424d (Unity) StackWalker::GetCurrentCallstack
0x00007ff60b1b9329 (Unity) StackWalker::ShowCallstack
0x00007ff60c1adae1 (Unity) GetStacktrace
0x00007ff60b0af20d (Unity) ScriptingGCHandle::ReleaseAndClear
0x00007ff60b67748c (Unity) UploadHandlerRaw::`vector deleting destructor'
0x00007ff60b67803d (Unity) UploadHandler::Release
0x00007ff60b6748dd (Unity) UnityWebRequestProto<UnityWebRequestTransport,AtomicRefCounter,RedirectHelper,ResponseHelper,DownloadHandler,UploadHandler,CertificateHandler,HeaderHelper,AsyncOperation>::~UnityWebRequestProto<UnityWebRequestTransport,AtomicRefCounter,RedirectHelper,ResponseHelper,DownloadHandler,UploadHandler,CertificateHandler,HeaderHelper,AsyncOperation>
0x00007ff60b674bd6 (Unity) UnityWebRequest::`vector deleting destructor'
0x00007ff60a3c4b77 (Unity) UnityWebRequestProto<UnityWebRequestTransport,AtomicRefCounter,RedirectHelper,ResponseHelper,DownloadHandler,UploadHandler,CertificateHandler,HeaderHelper,AsyncOperation>::Release
0x00007ff60b676605 (Unity) UnityWebRequestAsyncOperation::InvokeCoroutine
0x00007ff60b6767e1 (Unity) UnityWebRequestProto<UnityWebRequestTransport,AtomicRefCounter,RedirectHelper,ResponseHelper,DownloadHandler,UploadHandler,CertificateHandler,HeaderHelper,AsyncOperation>::Job_InvokeCoroutine
0x00007ff60acdb54a (Unity) BackgroundJobQueue::ExecuteMainThreadJobs
0x00007ff60ad9005f (Unity) PreloadManager::WaitForAllAsyncOperationsToComplete
0x00007ff60c553af8 (Unity) <lambda_b37b41f03089e3cb3f55061bbc93253d>::operator()
0x00007ff60c58f422 (Unity) asio::detail::completion_handler<core::mutable_function<void __cdecl(void)>,asio::io_context::basic_executor_type<std::allocator<void>,0> >::do_complete
0x00007ff60c57b3ce (Unity) asio::detail::win_iocp_io_context::do_one
0x00007ff60c57d034 (Unity) asio::detail::win_iocp_io_context::run
0x00007ff60c58d7cc (Unity) IOService::Run
0x00007ff60c560c2f (Unity) AssetImportWorkerClient::Run
0x00007ff60c52c3d7 (Unity) RunAssetImportWorkerClientV2
0x00007ff60c52c45b (Unity) RunAssetImporterV2
0x00007ff60bd231de (Unity) Application::InitializeProject
0x00007ff60c1b8795 (Unity) WinMain
0x00007ff60d5835ce (Unity) __scrt_common_main_seh
0x00007ffa8b87e8d7 (KERNEL32) BaseThreadInitThunk
0x00007ffa8c1714fc (ntdll) RtlUserThreadStart
Unloading 3360 Unused Serialized files (Serialized files now loaded: 0)
Unloading 28 unused Assets / (396.9 KB). Loaded Objects now: 4284.
Memory consumption went from 143.7 MB to 143.3 MB.
Total: 4.773500 ms (FindLiveObjects: 0.317800 ms CreateObjectMapping: 0.185000 ms MarkObjects: 4.014500 ms  DeleteObjects: 0.255000 ms)

Prepare: number of updated asset objects reloaded= 0
AssetImportParameters requested are different than current active one (requested -> active):
  custom:container-demuxer-ogg: 62fdf1f143b41e24485cea50d1cbac27 -> 
  custom:video-codec-MediaFoundation-h265: 746d11721c4dcdbdad8f713fa42b33f4 -> 
  custom:video-decoder-ogg-theora: a1e56fd34408186e4bbccfd4996cb3dc -> 
  custom:framework-win-MediaFoundation: 216162199b28c13a410421893ffa2e32 -> 
  custom:CustomObjectIndexerAttribute: 9a22284fe3817be447336de3de66b15e -> 
  custom:container-demuxer-webm: 4f35f7cbe854078d1ac9338744f61a02 -> 
  custom:container-muxer-webm: aa71ff27fc2769a1b78a27578f13a17b -> 
  custom:video-decoder-webm-vp8: 9c59270c3fd7afecdb556c50c9e8de78 -> 
  custom:SearchIndexIgnoredProperties: e643bd26f0fe6173181afceb89e7c659 -> 
  custom:AudioImporter_EditorPlatform: d09bf68614088b80899f8185d706f6e7 -> 
  custom:video-encoder-webm-vp8: eb34c28f22e8b96e1ab97ce403110664 -> 
  custom:scripting/monoscript/fileName/TextureAnimator.cs: 4ff9f3da57bffade570aa3cdb1c96685 -> 
  custom:audio-decoder-ogg-vorbis: bf7c407c2cedff20999df2af8eb42d56 -> 
  custom:audio-encoder-webm-vorbis: bf7c407c2cedff20999df2af8eb42d56 -> 
  custom:scripting/precompiled-assembly-types:Assembly-CSharp: 36d289a2072fff615a3e377c6f30ddd1 -> d0e4d9b8e3191607d5c08abaebdab676
========================================================================
Received Prepare
Caller must complete domain reload
Begin MonoManager ReloadAssembly
- Loaded All Assemblies, in  0.437 seconds
Native extension for WindowsStandalone target not found
Native extension for Android target not found
Native extension for WebGL target not found
[Package Manager] Server::EnsureServerProcessIsRunning -- launch failed, reason: Unity was launched with the -noUpm command-line argument
[Package Manager] UpmClient::Send -- Unable to send message (not connected to UPM process).
[Package Manager] Cannot connect to Unity Package Manager local server
Failed to sync packages list
UnityEngine.StackTraceUtility:ExtractStackTrace ()
UnityEngine.DebugLogHandler:LogFormat (UnityEngine.LogType,UnityEngine.Object,string,object[])
UnityEngine.Logger:Log (UnityEngine.LogType,object)
UnityEngine.Debug:LogWarning (object)
 .  / :MoveNext ()
System.Runtime.CompilerServices.AsyncVoidMethodBuilder:Start< .  / > ( .  / &)
 .  :  ()
 .⁪/ :MoveNext ()
System.Runtime.CompilerServices.AsyncTaskMethodBuilder:Start< .⁪/ > ( .⁪/ &)
 .⁪:  ()
System.Reflection.RuntimeMethodInfo:Invoke (object,System.Reflection.BindingFlags,System.Reflection.Binder,object[],System.Globalization.CultureInfo)
System.Reflection.MethodBase:Invoke (object,object[])
UnityEditor.EditorAssemblies:ProcessInitializeOnLoadMethodAttributes ()

Mono: successfully reloaded assembly
- Finished resetting the current domain, in  1.028 seconds
Domain Reload Profiling: 1464ms
	BeginReloadAssembly (149ms)
		ExecutionOrderSort (0ms)
		DisableScriptedObjects (6ms)
		BackupInstance (0ms)
		ReleaseScriptingObjects (0ms)
		CreateAndSetChildDomain (29ms)
	RebuildCommonClasses (35ms)
	RebuildNativeTypeToScriptingClass (10ms)
	initialDomainReloadingComplete (26ms)
	LoadAllAssembliesAndSetupDomain (215ms)
		LoadAssemblies (281ms)
		RebuildTransferFunctionScriptingTraits (0ms)
		AnalyzeDomain (15ms)
			TypeCache.Refresh (6ms)
				TypeCache.ScanAssembly (0ms)
			ScanForSourceGeneratedMonoScriptInfo (0ms)
			ResolveRequiredComponents (6ms)
	FinalizeReload (1029ms)
		ReleaseScriptCaches (0ms)
		RebuildScriptCaches (0ms)
		SetupLoadedEditorAssemblies (599ms)
			LogAssemblyErrors (0ms)
			InitializePlatformSupportModulesInManaged (23ms)
			SetLoadedEditorAssemblies (5ms)
			RefreshPlugins (0ms)
			BeforeProcessingInitializeOnLoad (104ms)
			ProcessInitializeOnLoadAttributes (412ms)
			ProcessInitializeOnLoadMethodAttributes (49ms)
			AfterProcessingInitializeOnLoad (5ms)
			EditorAssembliesLoaded (0ms)
		ExecutionOrderSort2 (0ms)
		AwakeInstancesAfterBackupRestoration (6ms)
Refreshing native plugins compatible for Editor in 3.76 ms, found 6 plugins.
Preloading 0 native plugins for Editor in 0.00 ms.
Release of invalid GC handle. The handle is from a previous domain. The release operation is skipped.
Release of invalid GC handle native callstack: 
0x00007ff60b1b424d (Unity) StackWalker::GetCurrentCallstack
0x00007ff60b1b9329 (Unity) StackWalker::ShowCallstack
0x00007ff60c1adae1 (Unity) GetStacktrace
0x00007ff60b0af20d (Unity) ScriptingGCHandle::ReleaseAndClear
0x00007ff60b67748c (Unity) UploadHandlerRaw::`vector deleting destructor'
0x00007ff60b67803d (Unity) UploadHandler::Release
0x00007ff60b6748dd (Unity) UnityWebRequestProto<UnityWebRequestTransport,AtomicRefCounter,RedirectHelper,ResponseHelper,DownloadHandler,UploadHandler,CertificateHandler,HeaderHelper,AsyncOperation>::~UnityWebRequestProto<UnityWebRequestTransport,AtomicRefCounter,RedirectHelper,ResponseHelper,DownloadHandler,UploadHandler,CertificateHandler,HeaderHelper,AsyncOperation>
0x00007ff60b674bd6 (Unity) UnityWebRequest::`vector deleting destructor'
0x00007ff60a3c4b77 (Unity) UnityWebRequestProto<UnityWebRequestTransport,AtomicRefCounter,RedirectHelper,ResponseHelper,DownloadHandler,UploadHandler,CertificateHandler,HeaderHelper,AsyncOperation>::Release
0x00007ff60b676605 (Unity) UnityWebRequestAsyncOperation::InvokeCoroutine
0x00007ff60b6767e1 (Unity) UnityWebRequestProto<UnityWebRequestTransport,AtomicRefCounter,RedirectHelper,ResponseHelper,DownloadHandler,UploadHandler,CertificateHandler,HeaderHelper,AsyncOperation>::Job_InvokeCoroutine
0x00007ff60acdb54a (Unity) BackgroundJobQueue::ExecuteMainThreadJobs
0x00007ff60ad9005f (Unity) PreloadManager::WaitForAllAsyncOperationsToComplete
0x00007ff60c553af8 (Unity) <lambda_b37b41f03089e3cb3f55061bbc93253d>::operator()
0x00007ff60c58f422 (Unity) asio::detail::completion_handler<core::mutable_function<void __cdecl(void)>,asio::io_context::basic_executor_type<std::allocator<void>,0> >::do_complete
0x00007ff60c57b3ce (Unity) asio::detail::win_iocp_io_context::do_one
0x00007ff60c57d034 (Unity) asio::detail::win_iocp_io_context::run
0x00007ff60c58d7cc (Unity) IOService::Run
0x00007ff60c560c2f (Unity) AssetImportWorkerClient::Run
0x00007ff60c52c3d7 (Unity) RunAssetImportWorkerClientV2
0x00007ff60c52c45b (Unity) RunAssetImporterV2
0x00007ff60bd231de (Unity) Application::InitializeProject
0x00007ff60c1b8795 (Unity) WinMain
0x00007ff60d5835ce (Unity) __scrt_common_main_seh
0x00007ffa8b87e8d7 (KERNEL32) BaseThreadInitThunk
0x00007ffa8c1714fc (ntdll) RtlUserThreadStart
Unloading 3360 Unused Serialized files (Serialized files now loaded: 0)
Unloading 28 unused Assets / (397.1 KB). Loaded Objects now: 4289.
Memory consumption went from 143.8 MB to 143.4 MB.
Total: 4.329500 ms (FindLiveObjects: 0.627400 ms CreateObjectMapping: 0.106900 ms MarkObjects: 3.379200 ms  DeleteObjects: 0.214900 ms)

Prepare: number of updated asset objects reloaded= 0
AssetImportParameters requested are different than current active one (requested -> active):
  custom:container-demuxer-ogg: 62fdf1f143b41e24485cea50d1cbac27 -> 
  custom:video-codec-MediaFoundation-h265: 746d11721c4dcdbdad8f713fa42b33f4 -> 
  custom:video-decoder-ogg-theora: a1e56fd34408186e4bbccfd4996cb3dc -> 
  custom:framework-win-MediaFoundation: 216162199b28c13a410421893ffa2e32 -> 
  custom:CustomObjectIndexerAttribute: 9a22284fe3817be447336de3de66b15e -> 
  custom:container-demuxer-webm: 4f35f7cbe854078d1ac9338744f61a02 -> 
  custom:container-muxer-webm: aa71ff27fc2769a1b78a27578f13a17b -> 
  custom:video-decoder-webm-vp8: 9c59270c3fd7afecdb556c50c9e8de78 -> 
  custom:SearchIndexIgnoredProperties: e643bd26f0fe6173181afceb89e7c659 -> 
  custom:AudioImporter_EditorPlatform: d09bf68614088b80899f8185d706f6e7 -> 
  custom:video-encoder-webm-vp8: eb34c28f22e8b96e1ab97ce403110664 -> 
  custom:scripting/monoscript/fileName/TextureAnimator.cs: 4ff9f3da57bffade570aa3cdb1c96685 -> 
  custom:audio-decoder-ogg-vorbis: bf7c407c2cedff20999df2af8eb42d56 -> 
  custom:audio-encoder-webm-vorbis: bf7c407c2cedff20999df2af8eb42d56 -> 
  custom:scripting/precompiled-assembly-types:Assembly-CSharp: 36d289a2072fff615a3e377c6f30ddd1 -> d0e4d9b8e3191607d5c08abaebdab676
========================================================================
Received Prepare
Caller must complete domain reload
Begin MonoManager ReloadAssembly
- Loaded All Assemblies, in  0.886 seconds
Native extension for WindowsStandalone target not found
Native extension for Android target not found
Native extension for WebGL target not found
[Package Manager] Server::EnsureServerProcessIsRunning -- launch failed, reason: Unity was launched with the -noUpm command-line argument
[Package Manager] UpmClient::Send -- Unable to send message (not connected to UPM process).
[Package Manager] Cannot connect to Unity Package Manager local server
Failed to sync packages list
UnityEngine.StackTraceUtility:ExtractStackTrace ()
UnityEngine.DebugLogHandler:LogFormat (UnityEngine.LogType,UnityEngine.Object,string,object[])
UnityEngine.Logger:Log (UnityEngine.LogType,object)
UnityEngine.Debug:LogWarning (object)
 .  / :MoveNext ()
System.Runtime.CompilerServices.AsyncVoidMethodBuilder:Start< .  / > ( .  / &)
 .  :  ()
 .⁪/ :MoveNext ()
System.Runtime.CompilerServices.AsyncTaskMethodBuilder:Start< .⁪/ > ( .⁪/ &)
 .⁪:  ()
System.Reflection.RuntimeMethodInfo:Invoke (object,System.Reflection.BindingFlags,System.Reflection.Binder,object[],System.Globalization.CultureInfo)
System.Reflection.MethodBase:Invoke (object,object[])
UnityEditor.EditorAssemblies:ProcessInitializeOnLoadMethodAttributes ()

Mono: successfully reloaded assembly
- Finished resetting the current domain, in  1.142 seconds
Domain Reload Profiling: 2023ms
	BeginReloadAssembly (319ms)
		ExecutionOrderSort (0ms)
		DisableScriptedObjects (13ms)
		BackupInstance (0ms)
		ReleaseScriptingObjects (0ms)
		CreateAndSetChildDomain (63ms)
	RebuildCommonClasses (85ms)
	RebuildNativeTypeToScriptingClass (44ms)
	initialDomainReloadingComplete (64ms)
	LoadAllAssembliesAndSetupDomain (368ms)
		LoadAssemblies (517ms)
		RebuildTransferFunctionScriptingTraits (0ms)
		AnalyzeDomain (34ms)
			TypeCache.Refresh (13ms)
				TypeCache.ScanAssembly (1ms)
			ScanForSourceGeneratedMonoScriptInfo (10ms)
			ResolveRequiredComponents (8ms)
	FinalizeReload (1143ms)
		ReleaseScriptCaches (0ms)
		RebuildScriptCaches (0ms)
		SetupLoadedEditorAssemblies (664ms)
			LogAssemblyErrors (0ms)
			InitializePlatformSupportModulesInManaged (27ms)
			SetLoadedEditorAssemblies (7ms)
			RefreshPlugins (0ms)
			BeforeProcessingInitializeOnLoad (95ms)
			ProcessInitializeOnLoadAttributes (486ms)
			ProcessInitializeOnLoadMethodAttributes (45ms)
			AfterProcessingInitializeOnLoad (4ms)
			EditorAssembliesLoaded (0ms)
		ExecutionOrderSort2 (0ms)
		AwakeInstancesAfterBackupRestoration (6ms)
Refreshing native plugins compatible for Editor in 4.88 ms, found 6 plugins.
Preloading 0 native plugins for Editor in 0.00 ms.
Release of invalid GC handle. The handle is from a previous domain. The release operation is skipped.
Release of invalid GC handle native callstack: 
0x00007ff60b1b424d (Unity) StackWalker::GetCurrentCallstack
0x00007ff60b1b9329 (Unity) StackWalker::ShowCallstack
0x00007ff60c1adae1 (Unity) GetStacktrace
0x00007ff60b0af20d (Unity) ScriptingGCHandle::ReleaseAndClear
0x00007ff60b67748c (Unity) UploadHandlerRaw::`vector deleting destructor'
0x00007ff60b67803d (Unity) UploadHandler::Release
0x00007ff60b6748dd (Unity) UnityWebRequestProto<UnityWebRequestTransport,AtomicRefCounter,RedirectHelper,ResponseHelper,DownloadHandler,UploadHandler,CertificateHandler,HeaderHelper,AsyncOperation>::~UnityWebRequestProto<UnityWebRequestTransport,AtomicRefCounter,RedirectHelper,ResponseHelper,DownloadHandler,UploadHandler,CertificateHandler,HeaderHelper,AsyncOperation>
0x00007ff60b674bd6 (Unity) UnityWebRequest::`vector deleting destructor'
0x00007ff60a3c4b77 (Unity) UnityWebRequestProto<UnityWebRequestTransport,AtomicRefCounter,RedirectHelper,ResponseHelper,DownloadHandler,UploadHandler,CertificateHandler,HeaderHelper,AsyncOperation>::Release
0x00007ff60b676605 (Unity) UnityWebRequestAsyncOperation::InvokeCoroutine
0x00007ff60b6767e1 (Unity) UnityWebRequestProto<UnityWebRequestTransport,AtomicRefCounter,RedirectHelper,ResponseHelper,DownloadHandler,UploadHandler,CertificateHandler,HeaderHelper,AsyncOperation>::Job_InvokeCoroutine
0x00007ff60acdb54a (Unity) BackgroundJobQueue::ExecuteMainThreadJobs
0x00007ff60ad9005f (Unity) PreloadManager::WaitForAllAsyncOperationsToComplete
0x00007ff60c553af8 (Unity) <lambda_b37b41f03089e3cb3f55061bbc93253d>::operator()
0x00007ff60c58f422 (Unity) asio::detail::completion_handler<core::mutable_function<void __cdecl(void)>,asio::io_context::basic_executor_type<std::allocator<void>,0> >::do_complete
0x00007ff60c57b3ce (Unity) asio::detail::win_iocp_io_context::do_one
0x00007ff60c57d034 (Unity) asio::detail::win_iocp_io_context::run
0x00007ff60c58d7cc (Unity) IOService::Run
0x00007ff60c560c2f (Unity) AssetImportWorkerClient::Run
0x00007ff60c52c3d7 (Unity) RunAssetImportWorkerClientV2
0x00007ff60c52c45b (Unity) RunAssetImporterV2
0x00007ff60bd231de (Unity) Application::InitializeProject
0x00007ff60c1b8795 (Unity) WinMain
0x00007ff60d5835ce (Unity) __scrt_common_main_seh
0x00007ffa8b87e8d7 (KERNEL32) BaseThreadInitThunk
0x00007ffa8c1714fc (ntdll) RtlUserThreadStart
Unloading 3360 Unused Serialized files (Serialized files now loaded: 0)
Unloading 28 unused Assets / (396.6 KB). Loaded Objects now: 4294.
Memory consumption went from 144.0 MB to 143.6 MB.
Total: 4.531900 ms (FindLiveObjects: 0.511400 ms CreateObjectMapping: 0.142600 ms MarkObjects: 3.519500 ms  DeleteObjects: 0.356900 ms)

Prepare: number of updated asset objects reloaded= 0
AssetImportParameters requested are different than current active one (requested -> active):
  custom:container-demuxer-ogg: 62fdf1f143b41e24485cea50d1cbac27 -> 
  custom:video-codec-MediaFoundation-h265: 746d11721c4dcdbdad8f713fa42b33f4 -> 
  custom:video-decoder-ogg-theora: a1e56fd34408186e4bbccfd4996cb3dc -> 
  custom:framework-win-MediaFoundation: 216162199b28c13a410421893ffa2e32 -> 
  custom:CustomObjectIndexerAttribute: 9a22284fe3817be447336de3de66b15e -> 
  custom:container-demuxer-webm: 4f35f7cbe854078d1ac9338744f61a02 -> 
  custom:container-muxer-webm: aa71ff27fc2769a1b78a27578f13a17b -> 
  custom:video-decoder-webm-vp8: 9c59270c3fd7afecdb556c50c9e8de78 -> 
  custom:SearchIndexIgnoredProperties: e643bd26f0fe6173181afceb89e7c659 -> 
  custom:AudioImporter_EditorPlatform: d09bf68614088b80899f8185d706f6e7 -> 
  custom:video-encoder-webm-vp8: eb34c28f22e8b96e1ab97ce403110664 -> 
  custom:scripting/monoscript/fileName/TextureAnimator.cs: 4ff9f3da57bffade570aa3cdb1c96685 -> 
  custom:audio-decoder-ogg-vorbis: bf7c407c2cedff20999df2af8eb42d56 -> 
  custom:audio-encoder-webm-vorbis: bf7c407c2cedff20999df2af8eb42d56 -> 
  custom:scripting/precompiled-assembly-types:Assembly-CSharp: 36d289a2072fff615a3e377c6f30ddd1 -> d0e4d9b8e3191607d5c08abaebdab676
========================================================================
Received Prepare
Caller must complete domain reload
Begin MonoManager ReloadAssembly
- Loaded All Assemblies, in  0.511 seconds
Native extension for WindowsStandalone target not found
Native extension for Android target not found
Native extension for WebGL target not found
[Package Manager] Server::EnsureServerProcessIsRunning -- launch failed, reason: Unity was launched with the -noUpm command-line argument
[Package Manager] UpmClient::Send -- Unable to send message (not connected to UPM process).
[Package Manager] Cannot connect to Unity Package Manager local server
Failed to sync packages list
UnityEngine.StackTraceUtility:ExtractStackTrace ()
UnityEngine.DebugLogHandler:LogFormat (UnityEngine.LogType,UnityEngine.Object,string,object[])
UnityEngine.Logger:Log (UnityEngine.LogType,object)
UnityEngine.Debug:LogWarning (object)
 .  / :MoveNext ()
System.Runtime.CompilerServices.AsyncVoidMethodBuilder:Start< .  / > ( .  / &)
 .  :  ()
 .⁪/ :MoveNext ()
System.Runtime.CompilerServices.AsyncTaskMethodBuilder:Start< .⁪/ > ( .⁪/ &)
 .⁪:  ()
System.Reflection.RuntimeMethodInfo:Invoke (object,System.Reflection.BindingFlags,System.Reflection.Binder,object[],System.Globalization.CultureInfo)
System.Reflection.MethodBase:Invoke (object,object[])
UnityEditor.EditorAssemblies:ProcessInitializeOnLoadMethodAttributes ()

Mono: successfully reloaded assembly
- Finished resetting the current domain, in  1.656 seconds
Domain Reload Profiling: 2166ms
	BeginReloadAssembly (160ms)
		ExecutionOrderSort (0ms)
		DisableScriptedObjects (9ms)
		BackupInstance (0ms)
		ReleaseScriptingObjects (0ms)
		CreateAndSetChildDomain (35ms)
	RebuildCommonClasses (31ms)
	RebuildNativeTypeToScriptingClass (10ms)
	initialDomainReloadingComplete (28ms)
	LoadAllAssembliesAndSetupDomain (280ms)
		LoadAssemblies (338ms)
		RebuildTransferFunctionScriptingTraits (0ms)
		AnalyzeDomain (24ms)
			TypeCache.Refresh (7ms)
				TypeCache.ScanAssembly (0ms)
			ScanForSourceGeneratedMonoScriptInfo (0ms)
			ResolveRequiredComponents (10ms)
	FinalizeReload (1656ms)
		ReleaseScriptCaches (0ms)
		RebuildScriptCaches (0ms)
		SetupLoadedEditorAssemblies (618ms)
			LogAssemblyErrors (0ms)
			InitializePlatformSupportModulesInManaged (18ms)
			SetLoadedEditorAssemblies (6ms)
			RefreshPlugins (0ms)
			BeforeProcessingInitializeOnLoad (65ms)
			ProcessInitializeOnLoadAttributes (468ms)
			ProcessInitializeOnLoadMethodAttributes (56ms)
			AfterProcessingInitializeOnLoad (5ms)
			EditorAssembliesLoaded (0ms)
		ExecutionOrderSort2 (0ms)
		AwakeInstancesAfterBackupRestoration (8ms)
Refreshing native plugins compatible for Editor in 6.36 ms, found 6 plugins.
Preloading 0 native plugins for Editor in 0.00 ms.
Release of invalid GC handle. The handle is from a previous domain. The release operation is skipped.
Release of invalid GC handle native callstack: 
0x00007ff60b1b424d (Unity) StackWalker::GetCurrentCallstack
0x00007ff60b1b9329 (Unity) StackWalker::ShowCallstack
0x00007ff60c1adae1 (Unity) GetStacktrace
0x00007ff60b0af20d (Unity) ScriptingGCHandle::ReleaseAndClear
0x00007ff60b67748c (Unity) UploadHandlerRaw::`vector deleting destructor'
0x00007ff60b67803d (Unity) UploadHandler::Release
0x00007ff60b6748dd (Unity) UnityWebRequestProto<UnityWebRequestTransport,AtomicRefCounter,RedirectHelper,ResponseHelper,DownloadHandler,UploadHandler,CertificateHandler,HeaderHelper,AsyncOperation>::~UnityWebRequestProto<UnityWebRequestTransport,AtomicRefCounter,RedirectHelper,ResponseHelper,DownloadHandler,UploadHandler,CertificateHandler,HeaderHelper,AsyncOperation>
0x00007ff60b674bd6 (Unity) UnityWebRequest::`vector deleting destructor'
0x00007ff60a3c4b77 (Unity) UnityWebRequestProto<UnityWebRequestTransport,AtomicRefCounter,RedirectHelper,ResponseHelper,DownloadHandler,UploadHandler,CertificateHandler,HeaderHelper,AsyncOperation>::Release
0x00007ff60b676605 (Unity) UnityWebRequestAsyncOperation::InvokeCoroutine
0x00007ff60b6767e1 (Unity) UnityWebRequestProto<UnityWebRequestTransport,AtomicRefCounter,RedirectHelper,ResponseHelper,DownloadHandler,UploadHandler,CertificateHandler,HeaderHelper,AsyncOperation>::Job_InvokeCoroutine
0x00007ff60acdb54a (Unity) BackgroundJobQueue::ExecuteMainThreadJobs
0x00007ff60ad9005f (Unity) PreloadManager::WaitForAllAsyncOperationsToComplete
0x00007ff60c553af8 (Unity) <lambda_b37b41f03089e3cb3f55061bbc93253d>::operator()
0x00007ff60c58f422 (Unity) asio::detail::completion_handler<core::mutable_function<void __cdecl(void)>,asio::io_context::basic_executor_type<std::allocator<void>,0> >::do_complete
0x00007ff60c57b3ce (Unity) asio::detail::win_iocp_io_context::do_one
0x00007ff60c57d034 (Unity) asio::detail::win_iocp_io_context::run
0x00007ff60c58d7cc (Unity) IOService::Run
0x00007ff60c560c2f (Unity) AssetImportWorkerClient::Run
0x00007ff60c52c3d7 (Unity) RunAssetImportWorkerClientV2
0x00007ff60c52c45b (Unity) RunAssetImporterV2
0x00007ff60bd231de (Unity) Application::InitializeProject
0x00007ff60c1b8795 (Unity) WinMain
0x00007ff60d5835ce (Unity) __scrt_common_main_seh
0x00007ffa8b87e8d7 (KERNEL32) BaseThreadInitThunk
0x00007ffa8c1714fc (ntdll) RtlUserThreadStart
Unloading 3360 Unused Serialized files (Serialized files now loaded: 0)
Unloading 28 unused Assets / (375.2 KB). Loaded Objects now: 4299.
Memory consumption went from 131.8 MB to 131.5 MB.
Total: 5.215400 ms (FindLiveObjects: 0.512500 ms CreateObjectMapping: 0.141800 ms MarkObjects: 4.260800 ms  DeleteObjects: 0.298800 ms)

Prepare: number of updated asset objects reloaded= 0
AssetImportParameters requested are different than current active one (requested -> active):
  custom:container-demuxer-ogg: 62fdf1f143b41e24485cea50d1cbac27 -> 
  custom:video-codec-MediaFoundation-h265: 746d11721c4dcdbdad8f713fa42b33f4 -> 
  custom:video-decoder-ogg-theora: a1e56fd34408186e4bbccfd4996cb3dc -> 
  custom:framework-win-MediaFoundation: 216162199b28c13a410421893ffa2e32 -> 
  custom:CustomObjectIndexerAttribute: 9a22284fe3817be447336de3de66b15e -> 
  custom:container-demuxer-webm: 4f35f7cbe854078d1ac9338744f61a02 -> 
  custom:container-muxer-webm: aa71ff27fc2769a1b78a27578f13a17b -> 
  custom:video-decoder-webm-vp8: 9c59270c3fd7afecdb556c50c9e8de78 -> 
  custom:SearchIndexIgnoredProperties: e643bd26f0fe6173181afceb89e7c659 -> 
  custom:AudioImporter_EditorPlatform: d09bf68614088b80899f8185d706f6e7 -> 
  custom:video-encoder-webm-vp8: eb34c28f22e8b96e1ab97ce403110664 -> 
  custom:scripting/monoscript/fileName/TextureAnimator.cs: 4ff9f3da57bffade570aa3cdb1c96685 -> 
  custom:audio-decoder-ogg-vorbis: bf7c407c2cedff20999df2af8eb42d56 -> 
  custom:audio-encoder-webm-vorbis: bf7c407c2cedff20999df2af8eb42d56 -> 
  custom:scripting/precompiled-assembly-types:Assembly-CSharp: 36d289a2072fff615a3e377c6f30ddd1 -> d0e4d9b8e3191607d5c08abaebdab676
========================================================================
Received Prepare
Caller must complete domain reload
Begin MonoManager ReloadAssembly
- Loaded All Assemblies, in  0.449 seconds
Native extension for WindowsStandalone target not found
Native extension for Android target not found
Native extension for WebGL target not found
[Package Manager] Server::EnsureServerProcessIsRunning -- launch failed, reason: Unity was launched with the -noUpm command-line argument
[Package Manager] UpmClient::Send -- Unable to send message (not connected to UPM process).
[Package Manager] Cannot connect to Unity Package Manager local server
Failed to sync packages list
UnityEngine.StackTraceUtility:ExtractStackTrace ()
UnityEngine.DebugLogHandler:LogFormat (UnityEngine.LogType,UnityEngine.Object,string,object[])
UnityEngine.Logger:Log (UnityEngine.LogType,object)
UnityEngine.Debug:LogWarning (object)
 .  / :MoveNext ()
System.Runtime.CompilerServices.AsyncVoidMethodBuilder:Start< .  / > ( .  / &)
 .  :  ()
 .⁪/ :MoveNext ()
System.Runtime.CompilerServices.AsyncTaskMethodBuilder:Start< .⁪/ > ( .⁪/ &)
 .⁪:  ()
System.Reflection.RuntimeMethodInfo:Invoke (object,System.Reflection.BindingFlags,System.Reflection.Binder,object[],System.Globalization.CultureInfo)
System.Reflection.MethodBase:Invoke (object,object[])
UnityEditor.EditorAssemblies:ProcessInitializeOnLoadMethodAttributes ()

Mono: successfully reloaded assembly
- Finished resetting the current domain, in  1.058 seconds
Domain Reload Profiling: 1506ms
	BeginReloadAssembly (149ms)
		ExecutionOrderSort (0ms)
		DisableScriptedObjects (5ms)
		BackupInstance (0ms)
		ReleaseScriptingObjects (0ms)
		CreateAndSetChildDomain (31ms)
	RebuildCommonClasses (37ms)
	RebuildNativeTypeToScriptingClass (10ms)
	initialDomainReloadingComplete (29ms)
	LoadAllAssembliesAndSetupDomain (222ms)
		LoadAssemblies (285ms)
		RebuildTransferFunctionScriptingTraits (0ms)
		AnalyzeDomain (18ms)
			TypeCache.Refresh (6ms)
				TypeCache.ScanAssembly (0ms)
			ScanForSourceGeneratedMonoScriptInfo (0ms)
			ResolveRequiredComponents (9ms)
	FinalizeReload (1059ms)
		ReleaseScriptCaches (0ms)
		RebuildScriptCaches (0ms)
		SetupLoadedEditorAssemblies (612ms)
			LogAssemblyErrors (0ms)
			InitializePlatformSupportModulesInManaged (42ms)
			SetLoadedEditorAssemblies (17ms)
			RefreshPlugins (0ms)
			BeforeProcessingInitializeOnLoad (64ms)
			ProcessInitializeOnLoadAttributes (434ms)
			ProcessInitializeOnLoadMethodAttributes (51ms)
			AfterProcessingInitializeOnLoad (5ms)
			EditorAssembliesLoaded (0ms)
		ExecutionOrderSort2 (0ms)
		AwakeInstancesAfterBackupRestoration (6ms)
Refreshing native plugins compatible for Editor in 5.25 ms, found 6 plugins.
Preloading 0 native plugins for Editor in 0.00 ms.
Release of invalid GC handle. The handle is from a previous domain. The release operation is skipped.
Release of invalid GC handle native callstack: 
0x00007ff60b1b424d (Unity) StackWalker::GetCurrentCallstack
0x00007ff60b1b9329 (Unity) StackWalker::ShowCallstack
0x00007ff60c1adae1 (Unity) GetStacktrace
0x00007ff60b0af20d (Unity) ScriptingGCHandle::ReleaseAndClear
0x00007ff60b67748c (Unity) UploadHandlerRaw::`vector deleting destructor'
0x00007ff60b67803d (Unity) UploadHandler::Release
0x00007ff60b6748dd (Unity) UnityWebRequestProto<UnityWebRequestTransport,AtomicRefCounter,RedirectHelper,ResponseHelper,DownloadHandler,UploadHandler,CertificateHandler,HeaderHelper,AsyncOperation>::~UnityWebRequestProto<UnityWebRequestTransport,AtomicRefCounter,RedirectHelper,ResponseHelper,DownloadHandler,UploadHandler,CertificateHandler,HeaderHelper,AsyncOperation>
0x00007ff60b674bd6 (Unity) UnityWebRequest::`vector deleting destructor'
0x00007ff60a3c4b77 (Unity) UnityWebRequestProto<UnityWebRequestTransport,AtomicRefCounter,RedirectHelper,ResponseHelper,DownloadHandler,UploadHandler,CertificateHandler,HeaderHelper,AsyncOperation>::Release
0x00007ff60b676605 (Unity) UnityWebRequestAsyncOperation::InvokeCoroutine
0x00007ff60b6767e1 (Unity) UnityWebRequestProto<UnityWebRequestTransport,AtomicRefCounter,RedirectHelper,ResponseHelper,DownloadHandler,UploadHandler,CertificateHandler,HeaderHelper,AsyncOperation>::Job_InvokeCoroutine
0x00007ff60acdb54a (Unity) BackgroundJobQueue::ExecuteMainThreadJobs
0x00007ff60ad9005f (Unity) PreloadManager::WaitForAllAsyncOperationsToComplete
0x00007ff60c553af8 (Unity) <lambda_b37b41f03089e3cb3f55061bbc93253d>::operator()
0x00007ff60c58f422 (Unity) asio::detail::completion_handler<core::mutable_function<void __cdecl(void)>,asio::io_context::basic_executor_type<std::allocator<void>,0> >::do_complete
0x00007ff60c57b3ce (Unity) asio::detail::win_iocp_io_context::do_one
0x00007ff60c57d034 (Unity) asio::detail::win_iocp_io_context::run
0x00007ff60c58d7cc (Unity) IOService::Run
0x00007ff60c560c2f (Unity) AssetImportWorkerClient::Run
0x00007ff60c52c3d7 (Unity) RunAssetImportWorkerClientV2
0x00007ff60c52c45b (Unity) RunAssetImporterV2
0x00007ff60bd231de (Unity) Application::InitializeProject
0x00007ff60c1b8795 (Unity) WinMain
0x00007ff60d5835ce (Unity) __scrt_common_main_seh
0x00007ffa8b87e8d7 (KERNEL32) BaseThreadInitThunk
0x00007ffa8c1714fc (ntdll) RtlUserThreadStart
Unloading 3360 Unused Serialized files (Serialized files now loaded: 0)
Unloading 28 unused Assets / (396.8 KB). Loaded Objects now: 4304.
Memory consumption went from 144.3 MB to 143.9 MB.
Total: 5.146300 ms (FindLiveObjects: 0.397700 ms CreateObjectMapping: 0.155500 ms MarkObjects: 4.333100 ms  DeleteObjects: 0.258500 ms)

Prepare: number of updated asset objects reloaded= 0
AssetImportParameters requested are different than current active one (requested -> active):
  custom:container-demuxer-ogg: 62fdf1f143b41e24485cea50d1cbac27 -> 
  custom:video-codec-MediaFoundation-h265: 746d11721c4dcdbdad8f713fa42b33f4 -> 
  custom:video-decoder-ogg-theora: a1e56fd34408186e4bbccfd4996cb3dc -> 
  custom:framework-win-MediaFoundation: 216162199b28c13a410421893ffa2e32 -> 
  custom:CustomObjectIndexerAttribute: 9a22284fe3817be447336de3de66b15e -> 
  custom:container-demuxer-webm: 4f35f7cbe854078d1ac9338744f61a02 -> 
  custom:container-muxer-webm: aa71ff27fc2769a1b78a27578f13a17b -> 
  custom:video-decoder-webm-vp8: 9c59270c3fd7afecdb556c50c9e8de78 -> 
  custom:SearchIndexIgnoredProperties: e643bd26f0fe6173181afceb89e7c659 -> 
  custom:AudioImporter_EditorPlatform: d09bf68614088b80899f8185d706f6e7 -> 
  custom:video-encoder-webm-vp8: eb34c28f22e8b96e1ab97ce403110664 -> 
  custom:scripting/monoscript/fileName/TextureAnimator.cs: 4ff9f3da57bffade570aa3cdb1c96685 -> 
  custom:audio-decoder-ogg-vorbis: bf7c407c2cedff20999df2af8eb42d56 -> 
  custom:audio-encoder-webm-vorbis: bf7c407c2cedff20999df2af8eb42d56 -> 
  custom:scripting/precompiled-assembly-types:Assembly-CSharp: 36d289a2072fff615a3e377c6f30ddd1 -> d0e4d9b8e3191607d5c08abaebdab676
========================================================================
Received Prepare
Caller must complete domain reload
Begin MonoManager ReloadAssembly
- Loaded All Assemblies, in  0.506 seconds
Native extension for WindowsStandalone target not found
Native extension for Android target not found
Native extension for WebGL target not found
[Package Manager] Server::EnsureServerProcessIsRunning -- launch failed, reason: Unity was launched with the -noUpm command-line argument
[Package Manager] UpmClient::Send -- Unable to send message (not connected to UPM process).
[Package Manager] Cannot connect to Unity Package Manager local server
Failed to sync packages list
UnityEngine.StackTraceUtility:ExtractStackTrace ()
UnityEngine.DebugLogHandler:LogFormat (UnityEngine.LogType,UnityEngine.Object,string,object[])
UnityEngine.Logger:Log (UnityEngine.LogType,object)
UnityEngine.Debug:LogWarning (object)
 .  / :MoveNext ()
System.Runtime.CompilerServices.AsyncVoidMethodBuilder:Start< .  / > ( .  / &)
 .  :  ()
 .⁪/ :MoveNext ()
System.Runtime.CompilerServices.AsyncTaskMethodBuilder:Start< .⁪/ > ( .⁪/ &)
 .⁪:  ()
System.Reflection.RuntimeMethodInfo:Invoke (object,System.Reflection.BindingFlags,System.Reflection.Binder,object[],System.Globalization.CultureInfo)
System.Reflection.MethodBase:Invoke (object,object[])
UnityEditor.EditorAssemblies:ProcessInitializeOnLoadMethodAttributes ()

Mono: successfully reloaded assembly
- Finished resetting the current domain, in  1.037 seconds
Domain Reload Profiling: 1542ms
	BeginReloadAssembly (199ms)
		ExecutionOrderSort (0ms)
		DisableScriptedObjects (5ms)
		BackupInstance (0ms)
		ReleaseScriptingObjects (0ms)
		CreateAndSetChildDomain (49ms)
	RebuildCommonClasses (33ms)
	RebuildNativeTypeToScriptingClass (14ms)
	initialDomainReloadingComplete (28ms)
	LoadAllAssembliesAndSetupDomain (231ms)
		LoadAssemblies (313ms)
		RebuildTransferFunctionScriptingTraits (0ms)
		AnalyzeDomain (15ms)
			TypeCache.Refresh (6ms)
				TypeCache.ScanAssembly (0ms)
			ScanForSourceGeneratedMonoScriptInfo (0ms)
			ResolveRequiredComponents (6ms)
	FinalizeReload (1038ms)
		ReleaseScriptCaches (0ms)
		RebuildScriptCaches (0ms)
		SetupLoadedEditorAssemblies (595ms)
			LogAssemblyErrors (0ms)
			InitializePlatformSupportModulesInManaged (20ms)
			SetLoadedEditorAssemblies (5ms)
			RefreshPlugins (0ms)
			BeforeProcessingInitializeOnLoad (66ms)
			ProcessInitializeOnLoadAttributes (446ms)
			ProcessInitializeOnLoadMethodAttributes (53ms)
			AfterProcessingInitializeOnLoad (5ms)
			EditorAssembliesLoaded (0ms)
		ExecutionOrderSort2 (0ms)
		AwakeInstancesAfterBackupRestoration (7ms)
Refreshing native plugins compatible for Editor in 3.38 ms, found 6 plugins.
Preloading 0 native plugins for Editor in 0.00 ms.
Release of invalid GC handle. The handle is from a previous domain. The release operation is skipped.
Release of invalid GC handle native callstack: 
0x00007ff60b1b424d (Unity) StackWalker::GetCurrentCallstack
0x00007ff60b1b9329 (Unity) StackWalker::ShowCallstack
0x00007ff60c1adae1 (Unity) GetStacktrace
0x00007ff60b0af20d (Unity) ScriptingGCHandle::ReleaseAndClear
0x00007ff60b67748c (Unity) UploadHandlerRaw::`vector deleting destructor'
0x00007ff60b67803d (Unity) UploadHandler::Release
0x00007ff60b6748dd (Unity) UnityWebRequestProto<UnityWebRequestTransport,AtomicRefCounter,RedirectHelper,ResponseHelper,DownloadHandler,UploadHandler,CertificateHandler,HeaderHelper,AsyncOperation>::~UnityWebRequestProto<UnityWebRequestTransport,AtomicRefCounter,RedirectHelper,ResponseHelper,DownloadHandler,UploadHandler,CertificateHandler,HeaderHelper,AsyncOperation>
0x00007ff60b674bd6 (Unity) UnityWebRequest::`vector deleting destructor'
0x00007ff60a3c4b77 (Unity) UnityWebRequestProto<UnityWebRequestTransport,AtomicRefCounter,RedirectHelper,ResponseHelper,DownloadHandler,UploadHandler,CertificateHandler,HeaderHelper,AsyncOperation>::Release
0x00007ff60b676605 (Unity) UnityWebRequestAsyncOperation::InvokeCoroutine
0x00007ff60b6767e1 (Unity) UnityWebRequestProto<UnityWebRequestTransport,AtomicRefCounter,RedirectHelper,ResponseHelper,DownloadHandler,UploadHandler,CertificateHandler,HeaderHelper,AsyncOperation>::Job_InvokeCoroutine
0x00007ff60acdb54a (Unity) BackgroundJobQueue::ExecuteMainThreadJobs
0x00007ff60ad9005f (Unity) PreloadManager::WaitForAllAsyncOperationsToComplete
0x00007ff60c553af8 (Unity) <lambda_b37b41f03089e3cb3f55061bbc93253d>::operator()
0x00007ff60c58f422 (Unity) asio::detail::completion_handler<core::mutable_function<void __cdecl(void)>,asio::io_context::basic_executor_type<std::allocator<void>,0> >::do_complete
0x00007ff60c57b3ce (Unity) asio::detail::win_iocp_io_context::do_one
0x00007ff60c57d034 (Unity) asio::detail::win_iocp_io_context::run
0x00007ff60c58d7cc (Unity) IOService::Run
0x00007ff60c560c2f (Unity) AssetImportWorkerClient::Run
0x00007ff60c52c3d7 (Unity) RunAssetImportWorkerClientV2
0x00007ff60c52c45b (Unity) RunAssetImporterV2
0x00007ff60bd231de (Unity) Application::InitializeProject
0x00007ff60c1b8795 (Unity) WinMain
0x00007ff60d5835ce (Unity) __scrt_common_main_seh
0x00007ffa8b87e8d7 (KERNEL32) BaseThreadInitThunk
0x00007ffa8c1714fc (ntdll) RtlUserThreadStart
Unloading 3360 Unused Serialized files (Serialized files now loaded: 0)
Unloading 28 unused Assets / (396.8 KB). Loaded Objects now: 4309.
Memory consumption went from 144.4 MB to 144.0 MB.
Total: 5.570800 ms (FindLiveObjects: 0.317000 ms CreateObjectMapping: 0.121600 ms MarkObjects: 4.854000 ms  DeleteObjects: 0.276600 ms)

Prepare: number of updated asset objects reloaded= 1
AssetImportParameters requested are different than current active one (requested -> active):
  custom:container-demuxer-ogg: 62fdf1f143b41e24485cea50d1cbac27 -> 
  custom:video-codec-MediaFoundation-h265: 746d11721c4dcdbdad8f713fa42b33f4 -> 
  custom:video-decoder-ogg-theora: a1e56fd34408186e4bbccfd4996cb3dc -> 
  custom:framework-win-MediaFoundation: 216162199b28c13a410421893ffa2e32 -> 
  custom:CustomObjectIndexerAttribute: 9a22284fe3817be447336de3de66b15e -> 
  custom:container-demuxer-webm: 4f35f7cbe854078d1ac9338744f61a02 -> 
  custom:container-muxer-webm: aa71ff27fc2769a1b78a27578f13a17b -> 
  custom:video-decoder-webm-vp8: 9c59270c3fd7afecdb556c50c9e8de78 -> 
  custom:SearchIndexIgnoredProperties: e643bd26f0fe6173181afceb89e7c659 -> 
  custom:AudioImporter_EditorPlatform: d09bf68614088b80899f8185d706f6e7 -> 
  custom:video-encoder-webm-vp8: eb34c28f22e8b96e1ab97ce403110664 -> 
  custom:scripting/monoscript/fileName/TextureAnimator.cs: 4ff9f3da57bffade570aa3cdb1c96685 -> 
  custom:audio-decoder-ogg-vorbis: bf7c407c2cedff20999df2af8eb42d56 -> 
  custom:audio-encoder-webm-vorbis: bf7c407c2cedff20999df2af8eb42d56 -> 
  custom:scripting/precompiled-assembly-types:Assembly-CSharp: 36d289a2072fff615a3e377c6f30ddd1 -> d0e4d9b8e3191607d5c08abaebdab676
========================================================================
Received Prepare
Caller must complete domain reload
Begin MonoManager ReloadAssembly
- Loaded All Assemblies, in  0.545 seconds
Native extension for WindowsStandalone target not found
Native extension for Android target not found
Native extension for WebGL target not found
[Package Manager] Server::EnsureServerProcessIsRunning -- launch failed, reason: Unity was launched with the -noUpm command-line argument
[Package Manager] UpmClient::Send -- Unable to send message (not connected to UPM process).
[Package Manager] Cannot connect to Unity Package Manager local server
Failed to sync packages list
UnityEngine.StackTraceUtility:ExtractStackTrace ()
UnityEngine.DebugLogHandler:LogFormat (UnityEngine.LogType,UnityEngine.Object,string,object[])
UnityEngine.Logger:Log (UnityEngine.LogType,object)
UnityEngine.Debug:LogWarning (object)
 .  / :MoveNext ()
System.Runtime.CompilerServices.AsyncVoidMethodBuilder:Start< .  / > ( .  / &)
 .  :  ()
 .⁪/ :MoveNext ()
System.Runtime.CompilerServices.AsyncTaskMethodBuilder:Start< .⁪/ > ( .⁪/ &)
 .⁪:  ()
System.Reflection.RuntimeMethodInfo:Invoke (object,System.Reflection.BindingFlags,System.Reflection.Binder,object[],System.Globalization.CultureInfo)
System.Reflection.MethodBase:Invoke (object,object[])
UnityEditor.EditorAssemblies:ProcessInitializeOnLoadMethodAttributes ()

Mono: successfully reloaded assembly
- Finished resetting the current domain, in  1.577 seconds
Domain Reload Profiling: 2120ms
	BeginReloadAssembly (166ms)
		ExecutionOrderSort (0ms)
		DisableScriptedObjects (8ms)
		BackupInstance (0ms)
		ReleaseScriptingObjects (0ms)
		CreateAndSetChildDomain (34ms)
	RebuildCommonClasses (33ms)
	RebuildNativeTypeToScriptingClass (11ms)
	initialDomainReloadingComplete (33ms)
	LoadAllAssembliesAndSetupDomain (300ms)
		LoadAssemblies (363ms)
		RebuildTransferFunctionScriptingTraits (0ms)
		AnalyzeDomain (20ms)
			TypeCache.Refresh (8ms)
				TypeCache.ScanAssembly (0ms)
			ScanForSourceGeneratedMonoScriptInfo (0ms)
			ResolveRequiredComponents (7ms)
	FinalizeReload (1578ms)
		ReleaseScriptCaches (0ms)
		RebuildScriptCaches (0ms)
		SetupLoadedEditorAssemblies (642ms)
			LogAssemblyErrors (0ms)
			InitializePlatformSupportModulesInManaged (20ms)
			SetLoadedEditorAssemblies (8ms)
			RefreshPlugins (0ms)
			BeforeProcessingInitializeOnLoad (69ms)
			ProcessInitializeOnLoadAttributes (481ms)
			ProcessInitializeOnLoadMethodAttributes (58ms)
			AfterProcessingInitializeOnLoad (5ms)
			EditorAssembliesLoaded (0ms)
		ExecutionOrderSort2 (0ms)
		AwakeInstancesAfterBackupRestoration (7ms)
Refreshing native plugins compatible for Editor in 3.66 ms, found 6 plugins.
Preloading 0 native plugins for Editor in 0.00 ms.
Release of invalid GC handle. The handle is from a previous domain. The release operation is skipped.
Release of invalid GC handle native callstack: 
0x00007ff60b1b424d (Unity) StackWalker::GetCurrentCallstack
0x00007ff60b1b9329 (Unity) StackWalker::ShowCallstack
0x00007ff60c1adae1 (Unity) GetStacktrace
0x00007ff60b0af20d (Unity) ScriptingGCHandle::ReleaseAndClear
0x00007ff60b67748c (Unity) UploadHandlerRaw::`vector deleting destructor'
0x00007ff60b67803d (Unity) UploadHandler::Release
0x00007ff60b6748dd (Unity) UnityWebRequestProto<UnityWebRequestTransport,AtomicRefCounter,RedirectHelper,ResponseHelper,DownloadHandler,UploadHandler,CertificateHandler,HeaderHelper,AsyncOperation>::~UnityWebRequestProto<UnityWebRequestTransport,AtomicRefCounter,RedirectHelper,ResponseHelper,DownloadHandler,UploadHandler,CertificateHandler,HeaderHelper,AsyncOperation>
0x00007ff60b674bd6 (Unity) UnityWebRequest::`vector deleting destructor'
0x00007ff60a3c4b77 (Unity) UnityWebRequestProto<UnityWebRequestTransport,AtomicRefCounter,RedirectHelper,ResponseHelper,DownloadHandler,UploadHandler,CertificateHandler,HeaderHelper,AsyncOperation>::Release
0x00007ff60b676605 (Unity) UnityWebRequestAsyncOperation::InvokeCoroutine
0x00007ff60b6767e1 (Unity) UnityWebRequestProto<UnityWebRequestTransport,AtomicRefCounter,RedirectHelper,ResponseHelper,DownloadHandler,UploadHandler,CertificateHandler,HeaderHelper,AsyncOperation>::Job_InvokeCoroutine
0x00007ff60acdb54a (Unity) BackgroundJobQueue::ExecuteMainThreadJobs
0x00007ff60ad9005f (Unity) PreloadManager::WaitForAllAsyncOperationsToComplete
0x00007ff60c553af8 (Unity) <lambda_b37b41f03089e3cb3f55061bbc93253d>::operator()
0x00007ff60c58f422 (Unity) asio::detail::completion_handler<core::mutable_function<void __cdecl(void)>,asio::io_context::basic_executor_type<std::allocator<void>,0> >::do_complete
0x00007ff60c57b3ce (Unity) asio::detail::win_iocp_io_context::do_one
0x00007ff60c57d034 (Unity) asio::detail::win_iocp_io_context::run
0x00007ff60c58d7cc (Unity) IOService::Run
0x00007ff60c560c2f (Unity) AssetImportWorkerClient::Run
0x00007ff60c52c3d7 (Unity) RunAssetImportWorkerClientV2
0x00007ff60c52c45b (Unity) RunAssetImporterV2
0x00007ff60bd231de (Unity) Application::InitializeProject
0x00007ff60c1b8795 (Unity) WinMain
0x00007ff60d5835ce (Unity) __scrt_common_main_seh
0x00007ffa8b87e8d7 (KERNEL32) BaseThreadInitThunk
0x00007ffa8c1714fc (ntdll) RtlUserThreadStart
Unloading 3360 Unused Serialized files (Serialized files now loaded: 0)
Unloading 28 unused Assets / (397.0 KB). Loaded Objects now: 4314.
Memory consumption went from 144.6 MB to 144.2 MB.
Total: 4.125300 ms (FindLiveObjects: 0.243900 ms CreateObjectMapping: 0.106200 ms MarkObjects: 3.438700 ms  DeleteObjects: 0.335100 ms)

Prepare: number of updated asset objects reloaded= 0
AssetImportParameters requested are different than current active one (requested -> active):
  custom:container-demuxer-ogg: 62fdf1f143b41e24485cea50d1cbac27 -> 
  custom:video-codec-MediaFoundation-h265: 746d11721c4dcdbdad8f713fa42b33f4 -> 
  custom:video-decoder-ogg-theora: a1e56fd34408186e4bbccfd4996cb3dc -> 
  custom:framework-win-MediaFoundation: 216162199b28c13a410421893ffa2e32 -> 
  custom:CustomObjectIndexerAttribute: 9a22284fe3817be447336de3de66b15e -> 
  custom:container-demuxer-webm: 4f35f7cbe854078d1ac9338744f61a02 -> 
  custom:container-muxer-webm: aa71ff27fc2769a1b78a27578f13a17b -> 
  custom:video-decoder-webm-vp8: 9c59270c3fd7afecdb556c50c9e8de78 -> 
  custom:SearchIndexIgnoredProperties: e643bd26f0fe6173181afceb89e7c659 -> 
  custom:AudioImporter_EditorPlatform: d09bf68614088b80899f8185d706f6e7 -> 
  custom:video-encoder-webm-vp8: eb34c28f22e8b96e1ab97ce403110664 -> 
  custom:scripting/monoscript/fileName/TextureAnimator.cs: 4ff9f3da57bffade570aa3cdb1c96685 -> 
  custom:audio-decoder-ogg-vorbis: bf7c407c2cedff20999df2af8eb42d56 -> 
  custom:audio-encoder-webm-vorbis: bf7c407c2cedff20999df2af8eb42d56 -> 
  custom:scripting/precompiled-assembly-types:Assembly-CSharp: 36d289a2072fff615a3e377c6f30ddd1 -> d0e4d9b8e3191607d5c08abaebdab676
========================================================================
Received Prepare
Caller must complete domain reload
Begin MonoManager ReloadAssembly
- Loaded All Assemblies, in  0.471 seconds
Native extension for WindowsStandalone target not found
Native extension for Android target not found
Native extension for WebGL target not found
[Package Manager] Server::EnsureServerProcessIsRunning -- launch failed, reason: Unity was launched with the -noUpm command-line argument
[Package Manager] UpmClient::Send -- Unable to send message (not connected to UPM process).
[Package Manager] Cannot connect to Unity Package Manager local server
Failed to sync packages list
UnityEngine.StackTraceUtility:ExtractStackTrace ()
UnityEngine.DebugLogHandler:LogFormat (UnityEngine.LogType,UnityEngine.Object,string,object[])
UnityEngine.Logger:Log (UnityEngine.LogType,object)
UnityEngine.Debug:LogWarning (object)
 .  / :MoveNext ()
System.Runtime.CompilerServices.AsyncVoidMethodBuilder:Start< .  / > ( .  / &)
 .  :  ()
 .⁪/ :MoveNext ()
System.Runtime.CompilerServices.AsyncTaskMethodBuilder:Start< .⁪/ > ( .⁪/ &)
 .⁪:  ()
System.Reflection.RuntimeMethodInfo:Invoke (object,System.Reflection.BindingFlags,System.Reflection.Binder,object[],System.Globalization.CultureInfo)
System.Reflection.MethodBase:Invoke (object,object[])
UnityEditor.EditorAssemblies:ProcessInitializeOnLoadMethodAttributes ()

Mono: successfully reloaded assembly
- Finished resetting the current domain, in  1.137 seconds
Domain Reload Profiling: 1609ms
	BeginReloadAssembly (159ms)
		ExecutionOrderSort (0ms)
		DisableScriptedObjects (5ms)
		BackupInstance (0ms)
		ReleaseScriptingObjects (0ms)
		CreateAndSetChildDomain (36ms)
	RebuildCommonClasses (44ms)
	RebuildNativeTypeToScriptingClass (11ms)
	initialDomainReloadingComplete (30ms)
	LoadAllAssembliesAndSetupDomain (228ms)
		LoadAssemblies (294ms)
		RebuildTransferFunctionScriptingTraits (0ms)
		AnalyzeDomain (15ms)
			TypeCache.Refresh (6ms)
				TypeCache.ScanAssembly (0ms)
			ScanForSourceGeneratedMonoScriptInfo (0ms)
			ResolveRequiredComponents (7ms)
	FinalizeReload (1138ms)
		ReleaseScriptCaches (0ms)
		RebuildScriptCaches (0ms)
		SetupLoadedEditorAssemblies (617ms)
			LogAssemblyErrors (0ms)
			InitializePlatformSupportModulesInManaged (22ms)
			SetLoadedEditorAssemblies (6ms)
			RefreshPlugins (0ms)
			BeforeProcessingInitializeOnLoad (68ms)
			ProcessInitializeOnLoadAttributes (450ms)
			ProcessInitializeOnLoadMethodAttributes (65ms)
			AfterProcessingInitializeOnLoad (5ms)
			EditorAssembliesLoaded (0ms)
		ExecutionOrderSort2 (0ms)
		AwakeInstancesAfterBackupRestoration (7ms)
Refreshing native plugins compatible for Editor in 5.31 ms, found 6 plugins.
Preloading 0 native plugins for Editor in 0.00 ms.
Release of invalid GC handle. The handle is from a previous domain. The release operation is skipped.
Release of invalid GC handle native callstack: 
0x00007ff60b1b424d (Unity) StackWalker::GetCurrentCallstack
0x00007ff60b1b9329 (Unity) StackWalker::ShowCallstack
0x00007ff60c1adae1 (Unity) GetStacktrace
0x00007ff60b0af20d (Unity) ScriptingGCHandle::ReleaseAndClear
0x00007ff60b67748c (Unity) UploadHandlerRaw::`vector deleting destructor'
0x00007ff60b67803d (Unity) UploadHandler::Release
0x00007ff60b6748dd (Unity) UnityWebRequestProto<UnityWebRequestTransport,AtomicRefCounter,RedirectHelper,ResponseHelper,DownloadHandler,UploadHandler,CertificateHandler,HeaderHelper,AsyncOperation>::~UnityWebRequestProto<UnityWebRequestTransport,AtomicRefCounter,RedirectHelper,ResponseHelper,DownloadHandler,UploadHandler,CertificateHandler,HeaderHelper,AsyncOperation>
0x00007ff60b674bd6 (Unity) UnityWebRequest::`vector deleting destructor'
0x00007ff60a3c4b77 (Unity) UnityWebRequestProto<UnityWebRequestTransport,AtomicRefCounter,RedirectHelper,ResponseHelper,DownloadHandler,UploadHandler,CertificateHandler,HeaderHelper,AsyncOperation>::Release
0x00007ff60b676605 (Unity) UnityWebRequestAsyncOperation::InvokeCoroutine
0x00007ff60b6767e1 (Unity) UnityWebRequestProto<UnityWebRequestTransport,AtomicRefCounter,RedirectHelper,ResponseHelper,DownloadHandler,UploadHandler,CertificateHandler,HeaderHelper,AsyncOperation>::Job_InvokeCoroutine
0x00007ff60acdb54a (Unity) BackgroundJobQueue::ExecuteMainThreadJobs
0x00007ff60ad9005f (Unity) PreloadManager::WaitForAllAsyncOperationsToComplete
0x00007ff60c553af8 (Unity) <lambda_b37b41f03089e3cb3f55061bbc93253d>::operator()
0x00007ff60c58f422 (Unity) asio::detail::completion_handler<core::mutable_function<void __cdecl(void)>,asio::io_context::basic_executor_type<std::allocator<void>,0> >::do_complete
0x00007ff60c57b3ce (Unity) asio::detail::win_iocp_io_context::do_one
0x00007ff60c57d034 (Unity) asio::detail::win_iocp_io_context::run
0x00007ff60c58d7cc (Unity) IOService::Run
0x00007ff60c560c2f (Unity) AssetImportWorkerClient::Run
0x00007ff60c52c3d7 (Unity) RunAssetImportWorkerClientV2
0x00007ff60c52c45b (Unity) RunAssetImporterV2
0x00007ff60bd231de (Unity) Application::InitializeProject
0x00007ff60c1b8795 (Unity) WinMain
0x00007ff60d5835ce (Unity) __scrt_common_main_seh
0x00007ffa8b87e8d7 (KERNEL32) BaseThreadInitThunk
0x00007ffa8c1714fc (ntdll) RtlUserThreadStart
Unloading 3360 Unused Serialized files (Serialized files now loaded: 0)
Unloading 28 unused Assets / (396.8 KB). Loaded Objects now: 4319.
Memory consumption went from 144.8 MB to 144.4 MB.
Total: 4.168300 ms (FindLiveObjects: 0.245100 ms CreateObjectMapping: 0.113200 ms MarkObjects: 3.551600 ms  DeleteObjects: 0.257100 ms)

Prepare: number of updated asset objects reloaded= 1
AssetImportParameters requested are different than current active one (requested -> active):
  custom:container-demuxer-ogg: 62fdf1f143b41e24485cea50d1cbac27 -> 
  custom:video-codec-MediaFoundation-h265: 746d11721c4dcdbdad8f713fa42b33f4 -> 
  custom:video-decoder-ogg-theora: a1e56fd34408186e4bbccfd4996cb3dc -> 
  custom:framework-win-MediaFoundation: 216162199b28c13a410421893ffa2e32 -> 
  custom:CustomObjectIndexerAttribute: 9a22284fe3817be447336de3de66b15e -> 
  custom:container-demuxer-webm: 4f35f7cbe854078d1ac9338744f61a02 -> 
  custom:container-muxer-webm: aa71ff27fc2769a1b78a27578f13a17b -> 
  custom:video-decoder-webm-vp8: 9c59270c3fd7afecdb556c50c9e8de78 -> 
  custom:SearchIndexIgnoredProperties: e643bd26f0fe6173181afceb89e7c659 -> 
  custom:AudioImporter_EditorPlatform: d09bf68614088b80899f8185d706f6e7 -> 
  custom:video-encoder-webm-vp8: eb34c28f22e8b96e1ab97ce403110664 -> 
  custom:scripting/monoscript/fileName/TextureAnimator.cs: 4ff9f3da57bffade570aa3cdb1c96685 -> 
  custom:audio-decoder-ogg-vorbis: bf7c407c2cedff20999df2af8eb42d56 -> 
  custom:audio-encoder-webm-vorbis: bf7c407c2cedff20999df2af8eb42d56 -> 
  custom:scripting/precompiled-assembly-types:Assembly-CSharp: 36d289a2072fff615a3e377c6f30ddd1 -> d0e4d9b8e3191607d5c08abaebdab676
========================================================================
Received Prepare
Caller must complete domain reload
Begin MonoManager ReloadAssembly
- Loaded All Assemblies, in  0.458 seconds
Native extension for WindowsStandalone target not found
Native extension for Android target not found
Native extension for WebGL target not found
[Package Manager] Server::EnsureServerProcessIsRunning -- launch failed, reason: Unity was launched with the -noUpm command-line argument
[Package Manager] UpmClient::Send -- Unable to send message (not connected to UPM process).
[Package Manager] Cannot connect to Unity Package Manager local server
Failed to sync packages list
UnityEngine.StackTraceUtility:ExtractStackTrace ()
UnityEngine.DebugLogHandler:LogFormat (UnityEngine.LogType,UnityEngine.Object,string,object[])
UnityEngine.Logger:Log (UnityEngine.LogType,object)
UnityEngine.Debug:LogWarning (object)
 .  / :MoveNext ()
System.Runtime.CompilerServices.AsyncVoidMethodBuilder:Start< .  / > ( .  / &)
 .  :  ()
 .⁪/ :MoveNext ()
System.Runtime.CompilerServices.AsyncTaskMethodBuilder:Start< .⁪/ > ( .⁪/ &)
 .⁪:  ()
System.Reflection.RuntimeMethodInfo:Invoke (object,System.Reflection.BindingFlags,System.Reflection.Binder,object[],System.Globalization.CultureInfo)
System.Reflection.MethodBase:Invoke (object,object[])
UnityEditor.EditorAssemblies:ProcessInitializeOnLoadMethodAttributes ()

Mono: successfully reloaded assembly
- Finished resetting the current domain, in  1.061 seconds
Domain Reload Profiling: 1518ms
	BeginReloadAssembly (169ms)
		ExecutionOrderSort (0ms)
		DisableScriptedObjects (6ms)
		BackupInstance (0ms)
		ReleaseScriptingObjects (0ms)
		CreateAndSetChildDomain (38ms)
	RebuildCommonClasses (33ms)
	RebuildNativeTypeToScriptingClass (10ms)
	initialDomainReloadingComplete (27ms)
	LoadAllAssembliesAndSetupDomain (218ms)
		LoadAssemblies (286ms)
		RebuildTransferFunctionScriptingTraits (0ms)
		AnalyzeDomain (15ms)
			TypeCache.Refresh (6ms)
				TypeCache.ScanAssembly (0ms)
			ScanForSourceGeneratedMonoScriptInfo (0ms)
			ResolveRequiredComponents (7ms)
	FinalizeReload (1062ms)
		ReleaseScriptCaches (0ms)
		RebuildScriptCaches (0ms)
		SetupLoadedEditorAssemblies (579ms)
			LogAssemblyErrors (0ms)
			InitializePlatformSupportModulesInManaged (20ms)
			SetLoadedEditorAssemblies (5ms)
			RefreshPlugins (0ms)
			BeforeProcessingInitializeOnLoad (84ms)
			ProcessInitializeOnLoadAttributes (418ms)
			ProcessInitializeOnLoadMethodAttributes (48ms)
			AfterProcessingInitializeOnLoad (5ms)
			EditorAssembliesLoaded (0ms)
		ExecutionOrderSort2 (0ms)
		AwakeInstancesAfterBackupRestoration (6ms)
Refreshing native plugins compatible for Editor in 4.54 ms, found 6 plugins.
Preloading 0 native plugins for Editor in 0.00 ms.
Release of invalid GC handle. The handle is from a previous domain. The release operation is skipped.
Release of invalid GC handle native callstack: 
0x00007ff60b1b424d (Unity) StackWalker::GetCurrentCallstack
0x00007ff60b1b9329 (Unity) StackWalker::ShowCallstack
0x00007ff60c1adae1 (Unity) GetStacktrace
0x00007ff60b0af20d (Unity) ScriptingGCHandle::ReleaseAndClear
0x00007ff60b67748c (Unity) UploadHandlerRaw::`vector deleting destructor'
0x00007ff60b67803d (Unity) UploadHandler::Release
0x00007ff60b6748dd (Unity) UnityWebRequestProto<UnityWebRequestTransport,AtomicRefCounter,RedirectHelper,ResponseHelper,DownloadHandler,UploadHandler,CertificateHandler,HeaderHelper,AsyncOperation>::~UnityWebRequestProto<UnityWebRequestTransport,AtomicRefCounter,RedirectHelper,ResponseHelper,DownloadHandler,UploadHandler,CertificateHandler,HeaderHelper,AsyncOperation>
0x00007ff60b674bd6 (Unity) UnityWebRequest::`vector deleting destructor'
0x00007ff60a3c4b77 (Unity) UnityWebRequestProto<UnityWebRequestTransport,AtomicRefCounter,RedirectHelper,ResponseHelper,DownloadHandler,UploadHandler,CertificateHandler,HeaderHelper,AsyncOperation>::Release
0x00007ff60b676605 (Unity) UnityWebRequestAsyncOperation::InvokeCoroutine
0x00007ff60b6767e1 (Unity) UnityWebRequestProto<UnityWebRequestTransport,AtomicRefCounter,RedirectHelper,ResponseHelper,DownloadHandler,UploadHandler,CertificateHandler,HeaderHelper,AsyncOperation>::Job_InvokeCoroutine
0x00007ff60acdb54a (Unity) BackgroundJobQueue::ExecuteMainThreadJobs
0x00007ff60ad9005f (Unity) PreloadManager::WaitForAllAsyncOperationsToComplete
0x00007ff60c553af8 (Unity) <lambda_b37b41f03089e3cb3f55061bbc93253d>::operator()
0x00007ff60c58f422 (Unity) asio::detail::completion_handler<core::mutable_function<void __cdecl(void)>,asio::io_context::basic_executor_type<std::allocator<void>,0> >::do_complete
0x00007ff60c57b3ce (Unity) asio::detail::win_iocp_io_context::do_one
0x00007ff60c57d034 (Unity) asio::detail::win_iocp_io_context::run
0x00007ff60c58d7cc (Unity) IOService::Run
0x00007ff60c560c2f (Unity) AssetImportWorkerClient::Run
0x00007ff60c52c3d7 (Unity) RunAssetImportWorkerClientV2
0x00007ff60c52c45b (Unity) RunAssetImporterV2
0x00007ff60bd231de (Unity) Application::InitializeProject
0x00007ff60c1b8795 (Unity) WinMain
0x00007ff60d5835ce (Unity) __scrt_common_main_seh
0x00007ffa8b87e8d7 (KERNEL32) BaseThreadInitThunk
0x00007ffa8c1714fc (ntdll) RtlUserThreadStart
Unloading 3360 Unused Serialized files (Serialized files now loaded: 0)
Unloading 28 unused Assets / (396.9 KB). Loaded Objects now: 4324.
Memory consumption went from 144.9 MB to 144.5 MB.
Total: 4.154800 ms (FindLiveObjects: 0.257500 ms CreateObjectMapping: 0.104500 ms MarkObjects: 3.389100 ms  DeleteObjects: 0.401900 ms)

Prepare: number of updated asset objects reloaded= 0
AssetImportParameters requested are different than current active one (requested -> active):
  custom:container-demuxer-ogg: 62fdf1f143b41e24485cea50d1cbac27 -> 
  custom:video-codec-MediaFoundation-h265: 746d11721c4dcdbdad8f713fa42b33f4 -> 
  custom:video-decoder-ogg-theora: a1e56fd34408186e4bbccfd4996cb3dc -> 
  custom:framework-win-MediaFoundation: 216162199b28c13a410421893ffa2e32 -> 
  custom:CustomObjectIndexerAttribute: 9a22284fe3817be447336de3de66b15e -> 
  custom:container-demuxer-webm: 4f35f7cbe854078d1ac9338744f61a02 -> 
  custom:container-muxer-webm: aa71ff27fc2769a1b78a27578f13a17b -> 
  custom:video-decoder-webm-vp8: 9c59270c3fd7afecdb556c50c9e8de78 -> 
  custom:SearchIndexIgnoredProperties: e643bd26f0fe6173181afceb89e7c659 -> 
  custom:AudioImporter_EditorPlatform: d09bf68614088b80899f8185d706f6e7 -> 
  custom:video-encoder-webm-vp8: eb34c28f22e8b96e1ab97ce403110664 -> 
  custom:scripting/monoscript/fileName/TextureAnimator.cs: 4ff9f3da57bffade570aa3cdb1c96685 -> 
  custom:audio-decoder-ogg-vorbis: bf7c407c2cedff20999df2af8eb42d56 -> 
  custom:audio-encoder-webm-vorbis: bf7c407c2cedff20999df2af8eb42d56 -> 
  custom:scripting/precompiled-assembly-types:Assembly-CSharp: 36d289a2072fff615a3e377c6f30ddd1 -> d0e4d9b8e3191607d5c08abaebdab676
========================================================================
Received Prepare
Caller must complete domain reload
Begin MonoManager ReloadAssembly
- Loaded All Assemblies, in  0.462 seconds
Native extension for WindowsStandalone target not found
Native extension for Android target not found
Native extension for WebGL target not found
[Package Manager] Server::EnsureServerProcessIsRunning -- launch failed, reason: Unity was launched with the -noUpm command-line argument
[Package Manager] UpmClient::Send -- Unable to send message (not connected to UPM process).
[Package Manager] Cannot connect to Unity Package Manager local server
Failed to sync packages list
UnityEngine.StackTraceUtility:ExtractStackTrace ()
UnityEngine.DebugLogHandler:LogFormat (UnityEngine.LogType,UnityEngine.Object,string,object[])
UnityEngine.Logger:Log (UnityEngine.LogType,object)
UnityEngine.Debug:LogWarning (object)
 .  / :MoveNext ()
System.Runtime.CompilerServices.AsyncVoidMethodBuilder:Start< .  / > ( .  / &)
 .  :  ()
 .⁪/ :MoveNext ()
System.Runtime.CompilerServices.AsyncTaskMethodBuilder:Start< .⁪/ > ( .⁪/ &)
 .⁪:  ()
System.Reflection.RuntimeMethodInfo:Invoke (object,System.Reflection.BindingFlags,System.Reflection.Binder,object[],System.Globalization.CultureInfo)
System.Reflection.MethodBase:Invoke (object,object[])
UnityEditor.EditorAssemblies:ProcessInitializeOnLoadMethodAttributes ()

Mono: successfully reloaded assembly
- Finished resetting the current domain, in  0.988 seconds
Domain Reload Profiling: 1449ms
	BeginReloadAssembly (163ms)
		ExecutionOrderSort (0ms)
		DisableScriptedObjects (5ms)
		BackupInstance (0ms)
		ReleaseScriptingObjects (0ms)
		CreateAndSetChildDomain (39ms)
	RebuildCommonClasses (36ms)
	RebuildNativeTypeToScriptingClass (10ms)
	initialDomainReloadingComplete (27ms)
	LoadAllAssembliesAndSetupDomain (223ms)
		LoadAssemblies (284ms)
		RebuildTransferFunctionScriptingTraits (0ms)
		AnalyzeDomain (20ms)
			TypeCache.Refresh (8ms)
				TypeCache.ScanAssembly (0ms)
			ScanForSourceGeneratedMonoScriptInfo (0ms)
			ResolveRequiredComponents (9ms)
	FinalizeReload (989ms)
		ReleaseScriptCaches (0ms)
		RebuildScriptCaches (0ms)
		SetupLoadedEditorAssemblies (564ms)
			LogAssemblyErrors (0ms)
			InitializePlatformSupportModulesInManaged (19ms)
			SetLoadedEditorAssemblies (5ms)
			RefreshPlugins (0ms)
			BeforeProcessingInitializeOnLoad (67ms)
			ProcessInitializeOnLoadAttributes (416ms)
			ProcessInitializeOnLoadMethodAttributes (53ms)
			AfterProcessingInitializeOnLoad (5ms)
			EditorAssembliesLoaded (0ms)
		ExecutionOrderSort2 (0ms)
		AwakeInstancesAfterBackupRestoration (7ms)
Refreshing native plugins compatible for Editor in 4.52 ms, found 6 plugins.
Preloading 0 native plugins for Editor in 0.00 ms.
Release of invalid GC handle. The handle is from a previous domain. The release operation is skipped.
Release of invalid GC handle native callstack: 
0x00007ff60b1b424d (Unity) StackWalker::GetCurrentCallstack
0x00007ff60b1b9329 (Unity) StackWalker::ShowCallstack
0x00007ff60c1adae1 (Unity) GetStacktrace
0x00007ff60b0af20d (Unity) ScriptingGCHandle::ReleaseAndClear
0x00007ff60b67748c (Unity) UploadHandlerRaw::`vector deleting destructor'
0x00007ff60b67803d (Unity) UploadHandler::Release
0x00007ff60b6748dd (Unity) UnityWebRequestProto<UnityWebRequestTransport,AtomicRefCounter,RedirectHelper,ResponseHelper,DownloadHandler,UploadHandler,CertificateHandler,HeaderHelper,AsyncOperation>::~UnityWebRequestProto<UnityWebRequestTransport,AtomicRefCounter,RedirectHelper,ResponseHelper,DownloadHandler,UploadHandler,CertificateHandler,HeaderHelper,AsyncOperation>
0x00007ff60b674bd6 (Unity) UnityWebRequest::`vector deleting destructor'
0x00007ff60a3c4b77 (Unity) UnityWebRequestProto<UnityWebRequestTransport,AtomicRefCounter,RedirectHelper,ResponseHelper,DownloadHandler,UploadHandler,CertificateHandler,HeaderHelper,AsyncOperation>::Release
0x00007ff60b676605 (Unity) UnityWebRequestAsyncOperation::InvokeCoroutine
0x00007ff60b6767e1 (Unity) UnityWebRequestProto<UnityWebRequestTransport,AtomicRefCounter,RedirectHelper,ResponseHelper,DownloadHandler,UploadHandler,CertificateHandler,HeaderHelper,AsyncOperation>::Job_InvokeCoroutine
0x00007ff60acdb54a (Unity) BackgroundJobQueue::ExecuteMainThreadJobs
0x00007ff60ad9005f (Unity) PreloadManager::WaitForAllAsyncOperationsToComplete
0x00007ff60c553af8 (Unity) <lambda_b37b41f03089e3cb3f55061bbc93253d>::operator()
0x00007ff60c58f422 (Unity) asio::detail::completion_handler<core::mutable_function<void __cdecl(void)>,asio::io_context::basic_executor_type<std::allocator<void>,0> >::do_complete
0x00007ff60c57b3ce (Unity) asio::detail::win_iocp_io_context::do_one
0x00007ff60c57d034 (Unity) asio::detail::win_iocp_io_context::run
0x00007ff60c58d7cc (Unity) IOService::Run
0x00007ff60c560c2f (Unity) AssetImportWorkerClient::Run
0x00007ff60c52c3d7 (Unity) RunAssetImportWorkerClientV2
0x00007ff60c52c45b (Unity) RunAssetImporterV2
0x00007ff60bd231de (Unity) Application::InitializeProject
0x00007ff60c1b8795 (Unity) WinMain
0x00007ff60d5835ce (Unity) __scrt_common_main_seh
0x00007ffa8b87e8d7 (KERNEL32) BaseThreadInitThunk
0x00007ffa8c1714fc (ntdll) RtlUserThreadStart
Unloading 3360 Unused Serialized files (Serialized files now loaded: 0)
Unloading 28 unused Assets / (396.8 KB). Loaded Objects now: 4329.
Memory consumption went from 145.0 MB to 144.7 MB.
Total: 4.493900 ms (FindLiveObjects: 0.243000 ms CreateObjectMapping: 0.097200 ms MarkObjects: 3.890400 ms  DeleteObjects: 0.261700 ms)

Prepare: number of updated asset objects reloaded= 1
AssetImportParameters requested are different than current active one (requested -> active):
  custom:container-demuxer-ogg: 62fdf1f143b41e24485cea50d1cbac27 -> 
  custom:video-codec-MediaFoundation-h265: 746d11721c4dcdbdad8f713fa42b33f4 -> 
  custom:video-decoder-ogg-theora: a1e56fd34408186e4bbccfd4996cb3dc -> 
  custom:framework-win-MediaFoundation: 216162199b28c13a410421893ffa2e32 -> 
  custom:CustomObjectIndexerAttribute: 9a22284fe3817be447336de3de66b15e -> 
  custom:container-demuxer-webm: 4f35f7cbe854078d1ac9338744f61a02 -> 
  custom:container-muxer-webm: aa71ff27fc2769a1b78a27578f13a17b -> 
  custom:video-decoder-webm-vp8: 9c59270c3fd7afecdb556c50c9e8de78 -> 
  custom:SearchIndexIgnoredProperties: e643bd26f0fe6173181afceb89e7c659 -> 
  custom:AudioImporter_EditorPlatform: d09bf68614088b80899f8185d706f6e7 -> 
  custom:video-encoder-webm-vp8: eb34c28f22e8b96e1ab97ce403110664 -> 
  custom:scripting/monoscript/fileName/TextureAnimator.cs: 4ff9f3da57bffade570aa3cdb1c96685 -> 
  custom:audio-decoder-ogg-vorbis: bf7c407c2cedff20999df2af8eb42d56 -> 
  custom:audio-encoder-webm-vorbis: bf7c407c2cedff20999df2af8eb42d56 -> 
  custom:scripting/precompiled-assembly-types:Assembly-CSharp: 36d289a2072fff615a3e377c6f30ddd1 -> d0e4d9b8e3191607d5c08abaebdab676
========================================================================
Received Prepare
Caller must complete domain reload
Begin MonoManager ReloadAssembly
- Loaded All Assemblies, in  0.649 seconds
Native extension for WindowsStandalone target not found
Native extension for Android target not found
Native extension for WebGL target not found
[Package Manager] Server::EnsureServerProcessIsRunning -- launch failed, reason: Unity was launched with the -noUpm command-line argument
[Package Manager] UpmClient::Send -- Unable to send message (not connected to UPM process).
[Package Manager] Cannot connect to Unity Package Manager local server
Failed to sync packages list
UnityEngine.StackTraceUtility:ExtractStackTrace ()
UnityEngine.DebugLogHandler:LogFormat (UnityEngine.LogType,UnityEngine.Object,string,object[])
UnityEngine.Logger:Log (UnityEngine.LogType,object)
UnityEngine.Debug:LogWarning (object)
 .  / :MoveNext ()
System.Runtime.CompilerServices.AsyncVoidMethodBuilder:Start< .  / > ( .  / &)
 .  :  ()
 .⁪/ :MoveNext ()
System.Runtime.CompilerServices.AsyncTaskMethodBuilder:Start< .⁪/ > ( .⁪/ &)
 .⁪:  ()
System.Reflection.RuntimeMethodInfo:Invoke (object,System.Reflection.BindingFlags,System.Reflection.Binder,object[],System.Globalization.CultureInfo)
System.Reflection.MethodBase:Invoke (object,object[])
UnityEditor.EditorAssemblies:ProcessInitializeOnLoadMethodAttributes ()

Mono: successfully reloaded assembly
- Finished resetting the current domain, in  2.300 seconds
Domain Reload Profiling: 2948ms
	BeginReloadAssembly (186ms)
		ExecutionOrderSort (0ms)
		DisableScriptedObjects (8ms)
		BackupInstance (0ms)
		ReleaseScriptingObjects (0ms)
		CreateAndSetChildDomain (47ms)
	RebuildCommonClasses (37ms)
	RebuildNativeTypeToScriptingClass (12ms)
	initialDomainReloadingComplete (32ms)
	LoadAllAssembliesAndSetupDomain (380ms)
		LoadAssemblies (419ms)
		RebuildTransferFunctionScriptingTraits (0ms)
		AnalyzeDomain (54ms)
			TypeCache.Refresh (14ms)
				TypeCache.ScanAssembly (0ms)
			ScanForSourceGeneratedMonoScriptInfo (23ms)
			ResolveRequiredComponents (12ms)
	FinalizeReload (2300ms)
		ReleaseScriptCaches (0ms)
		RebuildScriptCaches (0ms)
		SetupLoadedEditorAssemblies (780ms)
			LogAssemblyErrors (0ms)
			InitializePlatformSupportModulesInManaged (27ms)
			SetLoadedEditorAssemblies (6ms)
			RefreshPlugins (0ms)
			BeforeProcessingInitializeOnLoad (88ms)
			ProcessInitializeOnLoadAttributes (561ms)
			ProcessInitializeOnLoadMethodAttributes (89ms)
			AfterProcessingInitializeOnLoad (9ms)
			EditorAssembliesLoaded (0ms)
		ExecutionOrderSort2 (0ms)
		AwakeInstancesAfterBackupRestoration (10ms)
Refreshing native plugins compatible for Editor in 8.74 ms, found 6 plugins.
Preloading 0 native plugins for Editor in 0.00 ms.
Release of invalid GC handle. The handle is from a previous domain. The release operation is skipped.
Release of invalid GC handle native callstack: 
0x00007ff60b1b424d (Unity) StackWalker::GetCurrentCallstack
0x00007ff60b1b9329 (Unity) StackWalker::ShowCallstack
0x00007ff60c1adae1 (Unity) GetStacktrace
0x00007ff60b0af20d (Unity) ScriptingGCHandle::ReleaseAndClear
0x00007ff60b67748c (Unity) UploadHandlerRaw::`vector deleting destructor'
0x00007ff60b67803d (Unity) UploadHandler::Release
0x00007ff60b6748dd (Unity) UnityWebRequestProto<UnityWebRequestTransport,AtomicRefCounter,RedirectHelper,ResponseHelper,DownloadHandler,UploadHandler,CertificateHandler,HeaderHelper,AsyncOperation>::~UnityWebRequestProto<UnityWebRequestTransport,AtomicRefCounter,RedirectHelper,ResponseHelper,DownloadHandler,UploadHandler,CertificateHandler,HeaderHelper,AsyncOperation>
0x00007ff60b674bd6 (Unity) UnityWebRequest::`vector deleting destructor'
0x00007ff60a3c4b77 (Unity) UnityWebRequestProto<UnityWebRequestTransport,AtomicRefCounter,RedirectHelper,ResponseHelper,DownloadHandler,UploadHandler,CertificateHandler,HeaderHelper,AsyncOperation>::Release
0x00007ff60b676605 (Unity) UnityWebRequestAsyncOperation::InvokeCoroutine
0x00007ff60b6767e1 (Unity) UnityWebRequestProto<UnityWebRequestTransport,AtomicRefCounter,RedirectHelper,ResponseHelper,DownloadHandler,UploadHandler,CertificateHandler,HeaderHelper,AsyncOperation>::Job_InvokeCoroutine
0x00007ff60acdb54a (Unity) BackgroundJobQueue::ExecuteMainThreadJobs
0x00007ff60ad9005f (Unity) PreloadManager::WaitForAllAsyncOperationsToComplete
0x00007ff60c553af8 (Unity) <lambda_b37b41f03089e3cb3f55061bbc93253d>::operator()
0x00007ff60c58f422 (Unity) asio::detail::completion_handler<core::mutable_function<void __cdecl(void)>,asio::io_context::basic_executor_type<std::allocator<void>,0> >::do_complete
0x00007ff60c57b3ce (Unity) asio::detail::win_iocp_io_context::do_one
0x00007ff60c57d034 (Unity) asio::detail::win_iocp_io_context::run
0x00007ff60c58d7cc (Unity) IOService::Run
0x00007ff60c560c2f (Unity) AssetImportWorkerClient::Run
0x00007ff60c52c3d7 (Unity) RunAssetImportWorkerClientV2
0x00007ff60c52c45b (Unity) RunAssetImporterV2
0x00007ff60bd231de (Unity) Application::InitializeProject
0x00007ff60c1b8795 (Unity) WinMain
0x00007ff60d5835ce (Unity) __scrt_common_main_seh
0x00007ffa8b87e8d7 (KERNEL32) BaseThreadInitThunk
0x00007ffa8c1714fc (ntdll) RtlUserThreadStart
Unloading 3360 Unused Serialized files (Serialized files now loaded: 0)
Unloading 28 unused Assets / (375.1 KB). Loaded Objects now: 4334.
Memory consumption went from 130.9 MB to 130.5 MB.
Total: 6.211100 ms (FindLiveObjects: 0.471400 ms CreateObjectMapping: 0.087400 ms MarkObjects: 5.156900 ms  DeleteObjects: 0.493900 ms)

Prepare: number of updated asset objects reloaded= 0
AssetImportParameters requested are different than current active one (requested -> active):
  custom:container-demuxer-ogg: 62fdf1f143b41e24485cea50d1cbac27 -> 
  custom:video-codec-MediaFoundation-h265: 746d11721c4dcdbdad8f713fa42b33f4 -> 
  custom:video-decoder-ogg-theora: a1e56fd34408186e4bbccfd4996cb3dc -> 
  custom:framework-win-MediaFoundation: 216162199b28c13a410421893ffa2e32 -> 
  custom:CustomObjectIndexerAttribute: 9a22284fe3817be447336de3de66b15e -> 
  custom:container-demuxer-webm: 4f35f7cbe854078d1ac9338744f61a02 -> 
  custom:container-muxer-webm: aa71ff27fc2769a1b78a27578f13a17b -> 
  custom:video-decoder-webm-vp8: 9c59270c3fd7afecdb556c50c9e8de78 -> 
  custom:SearchIndexIgnoredProperties: e643bd26f0fe6173181afceb89e7c659 -> 
  custom:AudioImporter_EditorPlatform: d09bf68614088b80899f8185d706f6e7 -> 
  custom:video-encoder-webm-vp8: eb34c28f22e8b96e1ab97ce403110664 -> 
  custom:scripting/monoscript/fileName/TextureAnimator.cs: 4ff9f3da57bffade570aa3cdb1c96685 -> 
  custom:audio-decoder-ogg-vorbis: bf7c407c2cedff20999df2af8eb42d56 -> 
  custom:audio-encoder-webm-vorbis: bf7c407c2cedff20999df2af8eb42d56 -> 
  custom:scripting/precompiled-assembly-types:Assembly-CSharp: 36d289a2072fff615a3e377c6f30ddd1 -> d0e4d9b8e3191607d5c08abaebdab676
========================================================================
Received Prepare
Caller must complete domain reload
Begin MonoManager ReloadAssembly
- Loaded All Assemblies, in  0.507 seconds
Native extension for WindowsStandalone target not found
Native extension for Android target not found
Native extension for WebGL target not found
[Package Manager] Server::EnsureServerProcessIsRunning -- launch failed, reason: Unity was launched with the -noUpm command-line argument
[Package Manager] UpmClient::Send -- Unable to send message (not connected to UPM process).
[Package Manager] Cannot connect to Unity Package Manager local server
Failed to sync packages list
UnityEngine.StackTraceUtility:ExtractStackTrace ()
UnityEngine.DebugLogHandler:LogFormat (UnityEngine.LogType,UnityEngine.Object,string,object[])
UnityEngine.Logger:Log (UnityEngine.LogType,object)
UnityEngine.Debug:LogWarning (object)
 .  / :MoveNext ()
System.Runtime.CompilerServices.AsyncVoidMethodBuilder:Start< .  / > ( .  / &)
 .  :  ()
 .⁪/ :MoveNext ()
System.Runtime.CompilerServices.AsyncTaskMethodBuilder:Start< .⁪/ > ( .⁪/ &)
 .⁪:  ()
System.Reflection.RuntimeMethodInfo:Invoke (object,System.Reflection.BindingFlags,System.Reflection.Binder,object[],System.Globalization.CultureInfo)
System.Reflection.MethodBase:Invoke (object,object[])
UnityEditor.EditorAssemblies:ProcessInitializeOnLoadMethodAttributes ()

Mono: successfully reloaded assembly
- Finished resetting the current domain, in  0.973 seconds
Domain Reload Profiling: 1479ms
	BeginReloadAssembly (207ms)
		ExecutionOrderSort (0ms)
		DisableScriptedObjects (10ms)
		BackupInstance (0ms)
		ReleaseScriptingObjects (0ms)
		CreateAndSetChildDomain (42ms)
	RebuildCommonClasses (39ms)
	RebuildNativeTypeToScriptingClass (10ms)
	initialDomainReloadingComplete (27ms)
	LoadAllAssembliesAndSetupDomain (221ms)
		LoadAssemblies (309ms)
		RebuildTransferFunctionScriptingTraits (0ms)
		AnalyzeDomain (15ms)
			TypeCache.Refresh (6ms)
				TypeCache.ScanAssembly (0ms)
			ScanForSourceGeneratedMonoScriptInfo (0ms)
			ResolveRequiredComponents (7ms)
	FinalizeReload (974ms)
		ReleaseScriptCaches (0ms)
		RebuildScriptCaches (0ms)
		SetupLoadedEditorAssemblies (563ms)
			LogAssemblyErrors (0ms)
			InitializePlatformSupportModulesInManaged (21ms)
			SetLoadedEditorAssemblies (5ms)
			RefreshPlugins (0ms)
			BeforeProcessingInitializeOnLoad (62ms)
			ProcessInitializeOnLoadAttributes (419ms)
			ProcessInitializeOnLoadMethodAttributes (49ms)
			AfterProcessingInitializeOnLoad (7ms)
			EditorAssembliesLoaded (0ms)
		ExecutionOrderSort2 (0ms)
		AwakeInstancesAfterBackupRestoration (6ms)
Refreshing native plugins compatible for Editor in 6.55 ms, found 6 plugins.
Preloading 0 native plugins for Editor in 0.00 ms.
Release of invalid GC handle. The handle is from a previous domain. The release operation is skipped.
Release of invalid GC handle native callstack: 
0x00007ff60b1b424d (Unity) StackWalker::GetCurrentCallstack
0x00007ff60b1b9329 (Unity) StackWalker::ShowCallstack
0x00007ff60c1adae1 (Unity) GetStacktrace
0x00007ff60b0af20d (Unity) ScriptingGCHandle::ReleaseAndClear
0x00007ff60b67748c (Unity) UploadHandlerRaw::`vector deleting destructor'
0x00007ff60b67803d (Unity) UploadHandler::Release
0x00007ff60b6748dd (Unity) UnityWebRequestProto<UnityWebRequestTransport,AtomicRefCounter,RedirectHelper,ResponseHelper,DownloadHandler,UploadHandler,CertificateHandler,HeaderHelper,AsyncOperation>::~UnityWebRequestProto<UnityWebRequestTransport,AtomicRefCounter,RedirectHelper,ResponseHelper,DownloadHandler,UploadHandler,CertificateHandler,HeaderHelper,AsyncOperation>
0x00007ff60b674bd6 (Unity) UnityWebRequest::`vector deleting destructor'
0x00007ff60a3c4b77 (Unity) UnityWebRequestProto<UnityWebRequestTransport,AtomicRefCounter,RedirectHelper,ResponseHelper,DownloadHandler,UploadHandler,CertificateHandler,HeaderHelper,AsyncOperation>::Release
0x00007ff60b676605 (Unity) UnityWebRequestAsyncOperation::InvokeCoroutine
0x00007ff60b6767e1 (Unity) UnityWebRequestProto<UnityWebRequestTransport,AtomicRefCounter,RedirectHelper,ResponseHelper,DownloadHandler,UploadHandler,CertificateHandler,HeaderHelper,AsyncOperation>::Job_InvokeCoroutine
0x00007ff60acdb54a (Unity) BackgroundJobQueue::ExecuteMainThreadJobs
0x00007ff60ad9005f (Unity) PreloadManager::WaitForAllAsyncOperationsToComplete
0x00007ff60c553af8 (Unity) <lambda_b37b41f03089e3cb3f55061bbc93253d>::operator()
0x00007ff60c58f422 (Unity) asio::detail::completion_handler<core::mutable_function<void __cdecl(void)>,asio::io_context::basic_executor_type<std::allocator<void>,0> >::do_complete
0x00007ff60c57b3ce (Unity) asio::detail::win_iocp_io_context::do_one
0x00007ff60c57d034 (Unity) asio::detail::win_iocp_io_context::run
0x00007ff60c58d7cc (Unity) IOService::Run
0x00007ff60c560c2f (Unity) AssetImportWorkerClient::Run
0x00007ff60c52c3d7 (Unity) RunAssetImportWorkerClientV2
0x00007ff60c52c45b (Unity) RunAssetImporterV2
0x00007ff60bd231de (Unity) Application::InitializeProject
0x00007ff60c1b8795 (Unity) WinMain
0x00007ff60d5835ce (Unity) __scrt_common_main_seh
0x00007ffa8b87e8d7 (KERNEL32) BaseThreadInitThunk
0x00007ffa8c1714fc (ntdll) RtlUserThreadStart
Unloading 3360 Unused Serialized files (Serialized files now loaded: 0)
Unloading 28 unused Assets / (397.0 KB). Loaded Objects now: 4339.
Memory consumption went from 145.3 MB to 145.0 MB.
Total: 4.189200 ms (FindLiveObjects: 0.242400 ms CreateObjectMapping: 0.091700 ms MarkObjects: 3.603700 ms  DeleteObjects: 0.249800 ms)

Prepare: number of updated asset objects reloaded= 0
AssetImportParameters requested are different than current active one (requested -> active):
  custom:container-demuxer-ogg: 62fdf1f143b41e24485cea50d1cbac27 -> 
  custom:video-codec-MediaFoundation-h265: 746d11721c4dcdbdad8f713fa42b33f4 -> 
  custom:video-decoder-ogg-theora: a1e56fd34408186e4bbccfd4996cb3dc -> 
  custom:framework-win-MediaFoundation: 216162199b28c13a410421893ffa2e32 -> 
  custom:CustomObjectIndexerAttribute: 9a22284fe3817be447336de3de66b15e -> 
  custom:container-demuxer-webm: 4f35f7cbe854078d1ac9338744f61a02 -> 
  custom:container-muxer-webm: aa71ff27fc2769a1b78a27578f13a17b -> 
  custom:video-decoder-webm-vp8: 9c59270c3fd7afecdb556c50c9e8de78 -> 
  custom:SearchIndexIgnoredProperties: e643bd26f0fe6173181afceb89e7c659 -> 
  custom:AudioImporter_EditorPlatform: d09bf68614088b80899f8185d706f6e7 -> 
  custom:video-encoder-webm-vp8: eb34c28f22e8b96e1ab97ce403110664 -> 
  custom:scripting/monoscript/fileName/TextureAnimator.cs: 4ff9f3da57bffade570aa3cdb1c96685 -> 
  custom:audio-decoder-ogg-vorbis: bf7c407c2cedff20999df2af8eb42d56 -> 
  custom:audio-encoder-webm-vorbis: bf7c407c2cedff20999df2af8eb42d56 -> 
  custom:scripting/precompiled-assembly-types:Assembly-CSharp: 36d289a2072fff615a3e377c6f30ddd1 -> d0e4d9b8e3191607d5c08abaebdab676
========================================================================
Received Prepare
Caller must complete domain reload
Begin MonoManager ReloadAssembly
- Loaded All Assemblies, in  0.492 seconds
Native extension for WindowsStandalone target not found
Native extension for Android target not found
Native extension for WebGL target not found
[Package Manager] Server::EnsureServerProcessIsRunning -- launch failed, reason: Unity was launched with the -noUpm command-line argument
[Package Manager] UpmClient::Send -- Unable to send message (not connected to UPM process).
[Package Manager] Cannot connect to Unity Package Manager local server
Failed to sync packages list
UnityEngine.StackTraceUtility:ExtractStackTrace ()
UnityEngine.DebugLogHandler:LogFormat (UnityEngine.LogType,UnityEngine.Object,string,object[])
UnityEngine.Logger:Log (UnityEngine.LogType,object)
UnityEngine.Debug:LogWarning (object)
 .  / :MoveNext ()
System.Runtime.CompilerServices.AsyncVoidMethodBuilder:Start< .  / > ( .  / &)
 .  :  ()
 .⁪/ :MoveNext ()
System.Runtime.CompilerServices.AsyncTaskMethodBuilder:Start< .⁪/ > ( .⁪/ &)
 .⁪:  ()
System.Reflection.RuntimeMethodInfo:Invoke (object,System.Reflection.BindingFlags,System.Reflection.Binder,object[],System.Globalization.CultureInfo)
System.Reflection.MethodBase:Invoke (object,object[])
UnityEditor.EditorAssemblies:ProcessInitializeOnLoadMethodAttributes ()

Mono: successfully reloaded assembly
- Finished resetting the current domain, in  0.966 seconds
Domain Reload Profiling: 1456ms
	BeginReloadAssembly (175ms)
		ExecutionOrderSort (0ms)
		DisableScriptedObjects (7ms)
		BackupInstance (0ms)
		ReleaseScriptingObjects (0ms)
		CreateAndSetChildDomain (46ms)
	RebuildCommonClasses (31ms)
	RebuildNativeTypeToScriptingClass (11ms)
	initialDomainReloadingComplete (35ms)
	LoadAllAssembliesAndSetupDomain (237ms)
		LoadAssemblies (291ms)
		RebuildTransferFunctionScriptingTraits (0ms)
		AnalyzeDomain (24ms)
			TypeCache.Refresh (9ms)
				TypeCache.ScanAssembly (0ms)
			ScanForSourceGeneratedMonoScriptInfo (7ms)
			ResolveRequiredComponents (5ms)
	FinalizeReload (966ms)
		ReleaseScriptCaches (0ms)
		RebuildScriptCaches (0ms)
		SetupLoadedEditorAssemblies (557ms)
			LogAssemblyErrors (0ms)
			InitializePlatformSupportModulesInManaged (20ms)
			SetLoadedEditorAssemblies (5ms)
			RefreshPlugins (0ms)
			BeforeProcessingInitializeOnLoad (62ms)
			ProcessInitializeOnLoadAttributes (417ms)
			ProcessInitializeOnLoadMethodAttributes (49ms)
			AfterProcessingInitializeOnLoad (4ms)
			EditorAssembliesLoaded (0ms)
		ExecutionOrderSort2 (0ms)
		AwakeInstancesAfterBackupRestoration (7ms)
Refreshing native plugins compatible for Editor in 3.59 ms, found 6 plugins.
Preloading 0 native plugins for Editor in 0.00 ms.
Release of invalid GC handle. The handle is from a previous domain. The release operation is skipped.
Release of invalid GC handle native callstack: 
0x00007ff60b1b424d (Unity) StackWalker::GetCurrentCallstack
0x00007ff60b1b9329 (Unity) StackWalker::ShowCallstack
0x00007ff60c1adae1 (Unity) GetStacktrace
0x00007ff60b0af20d (Unity) ScriptingGCHandle::ReleaseAndClear
0x00007ff60b67748c (Unity) UploadHandlerRaw::`vector deleting destructor'
0x00007ff60b67803d (Unity) UploadHandler::Release
0x00007ff60b6748dd (Unity) UnityWebRequestProto<UnityWebRequestTransport,AtomicRefCounter,RedirectHelper,ResponseHelper,DownloadHandler,UploadHandler,CertificateHandler,HeaderHelper,AsyncOperation>::~UnityWebRequestProto<UnityWebRequestTransport,AtomicRefCounter,RedirectHelper,ResponseHelper,DownloadHandler,UploadHandler,CertificateHandler,HeaderHelper,AsyncOperation>
0x00007ff60b674bd6 (Unity) UnityWebRequest::`vector deleting destructor'
0x00007ff60a3c4b77 (Unity) UnityWebRequestProto<UnityWebRequestTransport,AtomicRefCounter,RedirectHelper,ResponseHelper,DownloadHandler,UploadHandler,CertificateHandler,HeaderHelper,AsyncOperation>::Release
0x00007ff60b676605 (Unity) UnityWebRequestAsyncOperation::InvokeCoroutine
0x00007ff60b6767e1 (Unity) UnityWebRequestProto<UnityWebRequestTransport,AtomicRefCounter,RedirectHelper,ResponseHelper,DownloadHandler,UploadHandler,CertificateHandler,HeaderHelper,AsyncOperation>::Job_InvokeCoroutine
0x00007ff60acdb54a (Unity) BackgroundJobQueue::ExecuteMainThreadJobs
0x00007ff60ad9005f (Unity) PreloadManager::WaitForAllAsyncOperationsToComplete
0x00007ff60c553af8 (Unity) <lambda_b37b41f03089e3cb3f55061bbc93253d>::operator()
0x00007ff60c58f422 (Unity) asio::detail::completion_handler<core::mutable_function<void __cdecl(void)>,asio::io_context::basic_executor_type<std::allocator<void>,0> >::do_complete
0x00007ff60c57b3ce (Unity) asio::detail::win_iocp_io_context::do_one
0x00007ff60c57d034 (Unity) asio::detail::win_iocp_io_context::run
0x00007ff60c58d7cc (Unity) IOService::Run
0x00007ff60c560c2f (Unity) AssetImportWorkerClient::Run
0x00007ff60c52c3d7 (Unity) RunAssetImportWorkerClientV2
0x00007ff60c52c45b (Unity) RunAssetImporterV2
0x00007ff60bd231de (Unity) Application::InitializeProject
0x00007ff60c1b8795 (Unity) WinMain
0x00007ff60d5835ce (Unity) __scrt_common_main_seh
0x00007ffa8b87e8d7 (KERNEL32) BaseThreadInitThunk
0x00007ffa8c1714fc (ntdll) RtlUserThreadStart
Unloading 3360 Unused Serialized files (Serialized files now loaded: 0)
Unloading 28 unused Assets / (397.0 KB). Loaded Objects now: 4344.
Memory consumption went from 145.5 MB to 145.1 MB.
Total: 4.167700 ms (FindLiveObjects: 0.271200 ms CreateObjectMapping: 0.095900 ms MarkObjects: 3.559700 ms  DeleteObjects: 0.239400 ms)

Prepare: number of updated asset objects reloaded= 0
AssetImportParameters requested are different than current active one (requested -> active):
  custom:container-demuxer-ogg: 62fdf1f143b41e24485cea50d1cbac27 -> 
  custom:video-codec-MediaFoundation-h265: 746d11721c4dcdbdad8f713fa42b33f4 -> 
  custom:video-decoder-ogg-theora: a1e56fd34408186e4bbccfd4996cb3dc -> 
  custom:framework-win-MediaFoundation: 216162199b28c13a410421893ffa2e32 -> 
  custom:CustomObjectIndexerAttribute: 9a22284fe3817be447336de3de66b15e -> 
  custom:container-demuxer-webm: 4f35f7cbe854078d1ac9338744f61a02 -> 
  custom:container-muxer-webm: aa71ff27fc2769a1b78a27578f13a17b -> 
  custom:video-decoder-webm-vp8: 9c59270c3fd7afecdb556c50c9e8de78 -> 
  custom:SearchIndexIgnoredProperties: e643bd26f0fe6173181afceb89e7c659 -> 
  custom:AudioImporter_EditorPlatform: d09bf68614088b80899f8185d706f6e7 -> 
  custom:video-encoder-webm-vp8: eb34c28f22e8b96e1ab97ce403110664 -> 
  custom:scripting/monoscript/fileName/TextureAnimator.cs: 4ff9f3da57bffade570aa3cdb1c96685 -> 
  custom:audio-decoder-ogg-vorbis: bf7c407c2cedff20999df2af8eb42d56 -> 
  custom:audio-encoder-webm-vorbis: bf7c407c2cedff20999df2af8eb42d56 -> 
  custom:scripting/precompiled-assembly-types:Assembly-CSharp: 36d289a2072fff615a3e377c6f30ddd1 -> d0e4d9b8e3191607d5c08abaebdab676
========================================================================
Received Prepare
Caller must complete domain reload
Begin MonoManager ReloadAssembly
- Loaded All Assemblies, in  0.450 seconds
Native extension for WindowsStandalone target not found
Native extension for Android target not found
Native extension for WebGL target not found
[Package Manager] Server::EnsureServerProcessIsRunning -- launch failed, reason: Unity was launched with the -noUpm command-line argument
[Package Manager] UpmClient::Send -- Unable to send message (not connected to UPM process).
[Package Manager] Cannot connect to Unity Package Manager local server
Failed to sync packages list
UnityEngine.StackTraceUtility:ExtractStackTrace ()
UnityEngine.DebugLogHandler:LogFormat (UnityEngine.LogType,UnityEngine.Object,string,object[])
UnityEngine.Logger:Log (UnityEngine.LogType,object)
UnityEngine.Debug:LogWarning (object)
 .  / :MoveNext ()
System.Runtime.CompilerServices.AsyncVoidMethodBuilder:Start< .  / > ( .  / &)
 .  :  ()
 .⁪/ :MoveNext ()
System.Runtime.CompilerServices.AsyncTaskMethodBuilder:Start< .⁪/ > ( .⁪/ &)
 .⁪:  ()
System.Reflection.RuntimeMethodInfo:Invoke (object,System.Reflection.BindingFlags,System.Reflection.Binder,object[],System.Globalization.CultureInfo)
System.Reflection.MethodBase:Invoke (object,object[])
UnityEditor.EditorAssemblies:ProcessInitializeOnLoadMethodAttributes ()

Mono: successfully reloaded assembly
- Finished resetting the current domain, in  1.060 seconds
Domain Reload Profiling: 1509ms
	BeginReloadAssembly (158ms)
		ExecutionOrderSort (0ms)
		DisableScriptedObjects (6ms)
		BackupInstance (0ms)
		ReleaseScriptingObjects (0ms)
		CreateAndSetChildDomain (31ms)
	RebuildCommonClasses (33ms)
	RebuildNativeTypeToScriptingClass (12ms)
	initialDomainReloadingComplete (28ms)
	LoadAllAssembliesAndSetupDomain (217ms)
		LoadAssemblies (288ms)
		RebuildTransferFunctionScriptingTraits (0ms)
		AnalyzeDomain (14ms)
			TypeCache.Refresh (5ms)
				TypeCache.ScanAssembly (0ms)
			ScanForSourceGeneratedMonoScriptInfo (0ms)
			ResolveRequiredComponents (6ms)
	FinalizeReload (1060ms)
		ReleaseScriptCaches (0ms)
		RebuildScriptCaches (0ms)
		SetupLoadedEditorAssemblies (572ms)
			LogAssemblyErrors (0ms)
			InitializePlatformSupportModulesInManaged (29ms)
			SetLoadedEditorAssemblies (6ms)
			RefreshPlugins (0ms)
			BeforeProcessingInitializeOnLoad (69ms)
			ProcessInitializeOnLoadAttributes (409ms)
			ProcessInitializeOnLoadMethodAttributes (54ms)
			AfterProcessingInitializeOnLoad (6ms)
			EditorAssembliesLoaded (0ms)
		ExecutionOrderSort2 (0ms)
		AwakeInstancesAfterBackupRestoration (8ms)
Refreshing native plugins compatible for Editor in 4.34 ms, found 6 plugins.
Preloading 0 native plugins for Editor in 0.00 ms.
Release of invalid GC handle. The handle is from a previous domain. The release operation is skipped.
Release of invalid GC handle native callstack: 
0x00007ff60b1b424d (Unity) StackWalker::GetCurrentCallstack
0x00007ff60b1b9329 (Unity) StackWalker::ShowCallstack
0x00007ff60c1adae1 (Unity) GetStacktrace
0x00007ff60b0af20d (Unity) ScriptingGCHandle::ReleaseAndClear
0x00007ff60b67748c (Unity) UploadHandlerRaw::`vector deleting destructor'
0x00007ff60b67803d (Unity) UploadHandler::Release
0x00007ff60b6748dd (Unity) UnityWebRequestProto<UnityWebRequestTransport,AtomicRefCounter,RedirectHelper,ResponseHelper,DownloadHandler,UploadHandler,CertificateHandler,HeaderHelper,AsyncOperation>::~UnityWebRequestProto<UnityWebRequestTransport,AtomicRefCounter,RedirectHelper,ResponseHelper,DownloadHandler,UploadHandler,CertificateHandler,HeaderHelper,AsyncOperation>
0x00007ff60b674bd6 (Unity) UnityWebRequest::`vector deleting destructor'
0x00007ff60a3c4b77 (Unity) UnityWebRequestProto<UnityWebRequestTransport,AtomicRefCounter,RedirectHelper,ResponseHelper,DownloadHandler,UploadHandler,CertificateHandler,HeaderHelper,AsyncOperation>::Release
0x00007ff60b676605 (Unity) UnityWebRequestAsyncOperation::InvokeCoroutine
0x00007ff60b6767e1 (Unity) UnityWebRequestProto<UnityWebRequestTransport,AtomicRefCounter,RedirectHelper,ResponseHelper,DownloadHandler,UploadHandler,CertificateHandler,HeaderHelper,AsyncOperation>::Job_InvokeCoroutine
0x00007ff60acdb54a (Unity) BackgroundJobQueue::ExecuteMainThreadJobs
0x00007ff60ad9005f (Unity) PreloadManager::WaitForAllAsyncOperationsToComplete
0x00007ff60c553af8 (Unity) <lambda_b37b41f03089e3cb3f55061bbc93253d>::operator()
0x00007ff60c58f422 (Unity) asio::detail::completion_handler<core::mutable_function<void __cdecl(void)>,asio::io_context::basic_executor_type<std::allocator<void>,0> >::do_complete
0x00007ff60c57b3ce (Unity) asio::detail::win_iocp_io_context::do_one
0x00007ff60c57d034 (Unity) asio::detail::win_iocp_io_context::run
0x00007ff60c58d7cc (Unity) IOService::Run
0x00007ff60c560c2f (Unity) AssetImportWorkerClient::Run
0x00007ff60c52c3d7 (Unity) RunAssetImportWorkerClientV2
0x00007ff60c52c45b (Unity) RunAssetImporterV2
0x00007ff60bd231de (Unity) Application::InitializeProject
0x00007ff60c1b8795 (Unity) WinMain
0x00007ff60d5835ce (Unity) __scrt_common_main_seh
0x00007ffa8b87e8d7 (KERNEL32) BaseThreadInitThunk
0x00007ffa8c1714fc (ntdll) RtlUserThreadStart
Unloading 3360 Unused Serialized files (Serialized files now loaded: 0)
Unloading 28 unused Assets / (396.8 KB). Loaded Objects now: 4349.
Memory consumption went from 145.7 MB to 145.3 MB.
Total: 4.509200 ms (FindLiveObjects: 0.276300 ms CreateObjectMapping: 0.115100 ms MarkObjects: 3.830400 ms  DeleteObjects: 0.286200 ms)

Prepare: number of updated asset objects reloaded= 0
AssetImportParameters requested are different than current active one (requested -> active):
  custom:container-demuxer-ogg: 62fdf1f143b41e24485cea50d1cbac27 -> 
  custom:video-codec-MediaFoundation-h265: 746d11721c4dcdbdad8f713fa42b33f4 -> 
  custom:video-decoder-ogg-theora: a1e56fd34408186e4bbccfd4996cb3dc -> 
  custom:framework-win-MediaFoundation: 216162199b28c13a410421893ffa2e32 -> 
  custom:CustomObjectIndexerAttribute: 9a22284fe3817be447336de3de66b15e -> 
  custom:container-demuxer-webm: 4f35f7cbe854078d1ac9338744f61a02 -> 
  custom:container-muxer-webm: aa71ff27fc2769a1b78a27578f13a17b -> 
  custom:video-decoder-webm-vp8: 9c59270c3fd7afecdb556c50c9e8de78 -> 
  custom:SearchIndexIgnoredProperties: e643bd26f0fe6173181afceb89e7c659 -> 
  custom:AudioImporter_EditorPlatform: d09bf68614088b80899f8185d706f6e7 -> 
  custom:video-encoder-webm-vp8: eb34c28f22e8b96e1ab97ce403110664 -> 
  custom:scripting/monoscript/fileName/TextureAnimator.cs: 4ff9f3da57bffade570aa3cdb1c96685 -> 
  custom:audio-decoder-ogg-vorbis: bf7c407c2cedff20999df2af8eb42d56 -> 
  custom:audio-encoder-webm-vorbis: bf7c407c2cedff20999df2af8eb42d56 -> 
  custom:scripting/precompiled-assembly-types:Assembly-CSharp: 36d289a2072fff615a3e377c6f30ddd1 -> d0e4d9b8e3191607d5c08abaebdab676
========================================================================
Received Prepare
Caller must complete domain reload
Begin MonoManager ReloadAssembly
- Loaded All Assemblies, in  0.750 seconds
Native extension for WindowsStandalone target not found
Native extension for Android target not found
Native extension for WebGL target not found
[Package Manager] Server::EnsureServerProcessIsRunning -- launch failed, reason: Unity was launched with the -noUpm command-line argument
[Package Manager] UpmClient::Send -- Unable to send message (not connected to UPM process).
[Package Manager] Cannot connect to Unity Package Manager local server
Failed to sync packages list
UnityEngine.StackTraceUtility:ExtractStackTrace ()
UnityEngine.DebugLogHandler:LogFormat (UnityEngine.LogType,UnityEngine.Object,string,object[])
UnityEngine.Logger:Log (UnityEngine.LogType,object)
UnityEngine.Debug:LogWarning (object)
 .  / :MoveNext ()
System.Runtime.CompilerServices.AsyncVoidMethodBuilder:Start< .  / > ( .  / &)
 .  :  ()
 .⁪/ :MoveNext ()
System.Runtime.CompilerServices.AsyncTaskMethodBuilder:Start< .⁪/ > ( .⁪/ &)
 .⁪:  ()
System.Reflection.RuntimeMethodInfo:Invoke (object,System.Reflection.BindingFlags,System.Reflection.Binder,object[],System.Globalization.CultureInfo)
System.Reflection.MethodBase:Invoke (object,object[])
UnityEditor.EditorAssemblies:ProcessInitializeOnLoadMethodAttributes ()

Mono: successfully reloaded assembly
- Finished resetting the current domain, in  1.054 seconds
Domain Reload Profiling: 1800ms
	BeginReloadAssembly (294ms)
		ExecutionOrderSort (0ms)
		DisableScriptedObjects (10ms)
		BackupInstance (0ms)
		ReleaseScriptingObjects (0ms)
		CreateAndSetChildDomain (68ms)
	RebuildCommonClasses (62ms)
	RebuildNativeTypeToScriptingClass (20ms)
	initialDomainReloadingComplete (69ms)
	LoadAllAssembliesAndSetupDomain (301ms)
		LoadAssemblies (444ms)
		RebuildTransferFunctionScriptingTraits (0ms)
		AnalyzeDomain (15ms)
			TypeCache.Refresh (6ms)
				TypeCache.ScanAssembly (0ms)
			ScanForSourceGeneratedMonoScriptInfo (0ms)
			ResolveRequiredComponents (6ms)
	FinalizeReload (1055ms)
		ReleaseScriptCaches (0ms)
		RebuildScriptCaches (0ms)
		SetupLoadedEditorAssemblies (525ms)
			LogAssemblyErrors (0ms)
			InitializePlatformSupportModulesInManaged (21ms)
			SetLoadedEditorAssemblies (4ms)
			RefreshPlugins (0ms)
			BeforeProcessingInitializeOnLoad (61ms)
			ProcessInitializeOnLoadAttributes (383ms)
			ProcessInitializeOnLoadMethodAttributes (51ms)
			AfterProcessingInitializeOnLoad (5ms)
			EditorAssembliesLoaded (0ms)
		ExecutionOrderSort2 (0ms)
		AwakeInstancesAfterBackupRestoration (6ms)
Refreshing native plugins compatible for Editor in 3.48 ms, found 6 plugins.
Preloading 0 native plugins for Editor in 0.00 ms.
Release of invalid GC handle. The handle is from a previous domain. The release operation is skipped.
Release of invalid GC handle native callstack: 
0x00007ff60b1b424d (Unity) StackWalker::GetCurrentCallstack
0x00007ff60b1b9329 (Unity) StackWalker::ShowCallstack
0x00007ff60c1adae1 (Unity) GetStacktrace
0x00007ff60b0af20d (Unity) ScriptingGCHandle::ReleaseAndClear
0x00007ff60b67748c (Unity) UploadHandlerRaw::`vector deleting destructor'
0x00007ff60b67803d (Unity) UploadHandler::Release
0x00007ff60b6748dd (Unity) UnityWebRequestProto<UnityWebRequestTransport,AtomicRefCounter,RedirectHelper,ResponseHelper,DownloadHandler,UploadHandler,CertificateHandler,HeaderHelper,AsyncOperation>::~UnityWebRequestProto<UnityWebRequestTransport,AtomicRefCounter,RedirectHelper,ResponseHelper,DownloadHandler,UploadHandler,CertificateHandler,HeaderHelper,AsyncOperation>
0x00007ff60b674bd6 (Unity) UnityWebRequest::`vector deleting destructor'
0x00007ff60a3c4b77 (Unity) UnityWebRequestProto<UnityWebRequestTransport,AtomicRefCounter,RedirectHelper,ResponseHelper,DownloadHandler,UploadHandler,CertificateHandler,HeaderHelper,AsyncOperation>::Release
0x00007ff60b676605 (Unity) UnityWebRequestAsyncOperation::InvokeCoroutine
0x00007ff60b6767e1 (Unity) UnityWebRequestProto<UnityWebRequestTransport,AtomicRefCounter,RedirectHelper,ResponseHelper,DownloadHandler,UploadHandler,CertificateHandler,HeaderHelper,AsyncOperation>::Job_InvokeCoroutine
0x00007ff60acdb54a (Unity) BackgroundJobQueue::ExecuteMainThreadJobs
0x00007ff60ad9005f (Unity) PreloadManager::WaitForAllAsyncOperationsToComplete
0x00007ff60c553af8 (Unity) <lambda_b37b41f03089e3cb3f55061bbc93253d>::operator()
0x00007ff60c58f422 (Unity) asio::detail::completion_handler<core::mutable_function<void __cdecl(void)>,asio::io_context::basic_executor_type<std::allocator<void>,0> >::do_complete
0x00007ff60c57b3ce (Unity) asio::detail::win_iocp_io_context::do_one
0x00007ff60c57d034 (Unity) asio::detail::win_iocp_io_context::run
0x00007ff60c58d7cc (Unity) IOService::Run
0x00007ff60c560c2f (Unity) AssetImportWorkerClient::Run
0x00007ff60c52c3d7 (Unity) RunAssetImportWorkerClientV2
0x00007ff60c52c45b (Unity) RunAssetImporterV2
0x00007ff60bd231de (Unity) Application::InitializeProject
0x00007ff60c1b8795 (Unity) WinMain
0x00007ff60d5835ce (Unity) __scrt_common_main_seh
0x00007ffa8b87e8d7 (KERNEL32) BaseThreadInitThunk
0x00007ffa8c1714fc (ntdll) RtlUserThreadStart
Unloading 3360 Unused Serialized files (Serialized files now loaded: 0)
Unloading 28 unused Assets / (396.7 KB). Loaded Objects now: 4354.
Memory consumption went from 145.8 MB to 145.4 MB.
Total: 4.253600 ms (FindLiveObjects: 0.250000 ms CreateObjectMapping: 0.099700 ms MarkObjects: 3.654500 ms  DeleteObjects: 0.247700 ms)

Prepare: number of updated asset objects reloaded= 0
AssetImportParameters requested are different than current active one (requested -> active):
  custom:container-demuxer-ogg: 62fdf1f143b41e24485cea50d1cbac27 -> 
  custom:video-codec-MediaFoundation-h265: 746d11721c4dcdbdad8f713fa42b33f4 -> 
  custom:video-decoder-ogg-theora: a1e56fd34408186e4bbccfd4996cb3dc -> 
  custom:framework-win-MediaFoundation: 216162199b28c13a410421893ffa2e32 -> 
  custom:CustomObjectIndexerAttribute: 9a22284fe3817be447336de3de66b15e -> 
  custom:container-demuxer-webm: 4f35f7cbe854078d1ac9338744f61a02 -> 
  custom:container-muxer-webm: aa71ff27fc2769a1b78a27578f13a17b -> 
  custom:video-decoder-webm-vp8: 9c59270c3fd7afecdb556c50c9e8de78 -> 
  custom:SearchIndexIgnoredProperties: e643bd26f0fe6173181afceb89e7c659 -> 
  custom:AudioImporter_EditorPlatform: d09bf68614088b80899f8185d706f6e7 -> 
  custom:video-encoder-webm-vp8: eb34c28f22e8b96e1ab97ce403110664 -> 
  custom:scripting/monoscript/fileName/TextureAnimator.cs: 4ff9f3da57bffade570aa3cdb1c96685 -> 
  custom:audio-decoder-ogg-vorbis: bf7c407c2cedff20999df2af8eb42d56 -> 
  custom:audio-encoder-webm-vorbis: bf7c407c2cedff20999df2af8eb42d56 -> 
  custom:scripting/precompiled-assembly-types:Assembly-CSharp: 36d289a2072fff615a3e377c6f30ddd1 -> d0e4d9b8e3191607d5c08abaebdab676
========================================================================
Received Prepare
Caller must complete domain reload
Begin MonoManager ReloadAssembly
- Loaded All Assemblies, in  0.458 seconds
Native extension for WindowsStandalone target not found
Native extension for Android target not found
Native extension for WebGL target not found
[Package Manager] Server::EnsureServerProcessIsRunning -- launch failed, reason: Unity was launched with the -noUpm command-line argument
[Package Manager] UpmClient::Send -- Unable to send message (not connected to UPM process).
[Package Manager] Cannot connect to Unity Package Manager local server
Failed to sync packages list
UnityEngine.StackTraceUtility:ExtractStackTrace ()
UnityEngine.DebugLogHandler:LogFormat (UnityEngine.LogType,UnityEngine.Object,string,object[])
UnityEngine.Logger:Log (UnityEngine.LogType,object)
UnityEngine.Debug:LogWarning (object)
 .  / :MoveNext ()
System.Runtime.CompilerServices.AsyncVoidMethodBuilder:Start< .  / > ( .  / &)
 .  :  ()
 .⁪/ :MoveNext ()
System.Runtime.CompilerServices.AsyncTaskMethodBuilder:Start< .⁪/ > ( .⁪/ &)
 .⁪:  ()
System.Reflection.RuntimeMethodInfo:Invoke (object,System.Reflection.BindingFlags,System.Reflection.Binder,object[],System.Globalization.CultureInfo)
System.Reflection.MethodBase:Invoke (object,object[])
UnityEditor.EditorAssemblies:ProcessInitializeOnLoadMethodAttributes ()

Mono: successfully reloaded assembly
- Finished resetting the current domain, in  1.005 seconds
Domain Reload Profiling: 1462ms
	BeginReloadAssembly (155ms)
		ExecutionOrderSort (0ms)
		DisableScriptedObjects (5ms)
		BackupInstance (0ms)
		ReleaseScriptingObjects (0ms)
		CreateAndSetChildDomain (34ms)
	RebuildCommonClasses (36ms)
	RebuildNativeTypeToScriptingClass (10ms)
	initialDomainReloadingComplete (34ms)
	LoadAllAssembliesAndSetupDomain (220ms)
		LoadAssemblies (286ms)
		RebuildTransferFunctionScriptingTraits (0ms)
		AnalyzeDomain (15ms)
			TypeCache.Refresh (6ms)
				TypeCache.ScanAssembly (0ms)
			ScanForSourceGeneratedMonoScriptInfo (0ms)
			ResolveRequiredComponents (6ms)
	FinalizeReload (1006ms)
		ReleaseScriptCaches (0ms)
		RebuildScriptCaches (0ms)
		SetupLoadedEditorAssemblies (568ms)
			LogAssemblyErrors (0ms)
			InitializePlatformSupportModulesInManaged (22ms)
			SetLoadedEditorAssemblies (5ms)
			RefreshPlugins (0ms)
			BeforeProcessingInitializeOnLoad (67ms)
			ProcessInitializeOnLoadAttributes (418ms)
			ProcessInitializeOnLoadMethodAttributes (50ms)
			AfterProcessingInitializeOnLoad (6ms)
			EditorAssembliesLoaded (0ms)
		ExecutionOrderSort2 (0ms)
		AwakeInstancesAfterBackupRestoration (7ms)
Refreshing native plugins compatible for Editor in 4.75 ms, found 6 plugins.
Preloading 0 native plugins for Editor in 0.00 ms.
Release of invalid GC handle. The handle is from a previous domain. The release operation is skipped.
Release of invalid GC handle native callstack: 
0x00007ff60b1b424d (Unity) StackWalker::GetCurrentCallstack
0x00007ff60b1b9329 (Unity) StackWalker::ShowCallstack
0x00007ff60c1adae1 (Unity) GetStacktrace
0x00007ff60b0af20d (Unity) ScriptingGCHandle::ReleaseAndClear
0x00007ff60b67748c (Unity) UploadHandlerRaw::`vector deleting destructor'
0x00007ff60b67803d (Unity) UploadHandler::Release
0x00007ff60b6748dd (Unity) UnityWebRequestProto<UnityWebRequestTransport,AtomicRefCounter,RedirectHelper,ResponseHelper,DownloadHandler,UploadHandler,CertificateHandler,HeaderHelper,AsyncOperation>::~UnityWebRequestProto<UnityWebRequestTransport,AtomicRefCounter,RedirectHelper,ResponseHelper,DownloadHandler,UploadHandler,CertificateHandler,HeaderHelper,AsyncOperation>
0x00007ff60b674bd6 (Unity) UnityWebRequest::`vector deleting destructor'
0x00007ff60a3c4b77 (Unity) UnityWebRequestProto<UnityWebRequestTransport,AtomicRefCounter,RedirectHelper,ResponseHelper,DownloadHandler,UploadHandler,CertificateHandler,HeaderHelper,AsyncOperation>::Release
0x00007ff60b676605 (Unity) UnityWebRequestAsyncOperation::InvokeCoroutine
0x00007ff60b6767e1 (Unity) UnityWebRequestProto<UnityWebRequestTransport,AtomicRefCounter,RedirectHelper,ResponseHelper,DownloadHandler,UploadHandler,CertificateHandler,HeaderHelper,AsyncOperation>::Job_InvokeCoroutine
0x00007ff60acdb54a (Unity) BackgroundJobQueue::ExecuteMainThreadJobs
0x00007ff60ad9005f (Unity) PreloadManager::WaitForAllAsyncOperationsToComplete
0x00007ff60c553af8 (Unity) <lambda_b37b41f03089e3cb3f55061bbc93253d>::operator()
0x00007ff60c58f422 (Unity) asio::detail::completion_handler<core::mutable_function<void __cdecl(void)>,asio::io_context::basic_executor_type<std::allocator<void>,0> >::do_complete
0x00007ff60c57b3ce (Unity) asio::detail::win_iocp_io_context::do_one
0x00007ff60c57d034 (Unity) asio::detail::win_iocp_io_context::run
0x00007ff60c58d7cc (Unity) IOService::Run
0x00007ff60c560c2f (Unity) AssetImportWorkerClient::Run
0x00007ff60c52c3d7 (Unity) RunAssetImportWorkerClientV2
0x00007ff60c52c45b (Unity) RunAssetImporterV2
0x00007ff60bd231de (Unity) Application::InitializeProject
0x00007ff60c1b8795 (Unity) WinMain
0x00007ff60d5835ce (Unity) __scrt_common_main_seh
0x00007ffa8b87e8d7 (KERNEL32) BaseThreadInitThunk
0x00007ffa8c1714fc (ntdll) RtlUserThreadStart
Unloading 3360 Unused Serialized files (Serialized files now loaded: 0)
Unloading 28 unused Assets / (396.8 KB). Loaded Objects now: 4359.
Memory consumption went from 146.0 MB to 145.6 MB.
Total: 4.598600 ms (FindLiveObjects: 0.325200 ms CreateObjectMapping: 0.192100 ms MarkObjects: 3.629500 ms  DeleteObjects: 0.450200 ms)

Prepare: number of updated asset objects reloaded= 0
AssetImportParameters requested are different than current active one (requested -> active):
  custom:container-demuxer-ogg: 62fdf1f143b41e24485cea50d1cbac27 -> 
  custom:video-codec-MediaFoundation-h265: 746d11721c4dcdbdad8f713fa42b33f4 -> 
  custom:video-decoder-ogg-theora: a1e56fd34408186e4bbccfd4996cb3dc -> 
  custom:framework-win-MediaFoundation: 216162199b28c13a410421893ffa2e32 -> 
  custom:CustomObjectIndexerAttribute: 9a22284fe3817be447336de3de66b15e -> 
  custom:container-demuxer-webm: 4f35f7cbe854078d1ac9338744f61a02 -> 
  custom:container-muxer-webm: aa71ff27fc2769a1b78a27578f13a17b -> 
  custom:video-decoder-webm-vp8: 9c59270c3fd7afecdb556c50c9e8de78 -> 
  custom:SearchIndexIgnoredProperties: e643bd26f0fe6173181afceb89e7c659 -> 
  custom:AudioImporter_EditorPlatform: d09bf68614088b80899f8185d706f6e7 -> 
  custom:video-encoder-webm-vp8: eb34c28f22e8b96e1ab97ce403110664 -> 
  custom:scripting/monoscript/fileName/TextureAnimator.cs: 4ff9f3da57bffade570aa3cdb1c96685 -> 
  custom:audio-decoder-ogg-vorbis: bf7c407c2cedff20999df2af8eb42d56 -> 
  custom:audio-encoder-webm-vorbis: bf7c407c2cedff20999df2af8eb42d56 -> 
  custom:scripting/precompiled-assembly-types:Assembly-CSharp: 36d289a2072fff615a3e377c6f30ddd1 -> d0e4d9b8e3191607d5c08abaebdab676
========================================================================
Received Prepare
Caller must complete domain reload
Begin MonoManager ReloadAssembly
- Loaded All Assemblies, in  0.924 seconds
Native extension for WindowsStandalone target not found
Native extension for Android target not found
Native extension for WebGL target not found
[Package Manager] Server::EnsureServerProcessIsRunning -- launch failed, reason: Unity was launched with the -noUpm command-line argument
[Package Manager] UpmClient::Send -- Unable to send message (not connected to UPM process).
[Package Manager] Cannot connect to Unity Package Manager local server
Failed to sync packages list
UnityEngine.StackTraceUtility:ExtractStackTrace ()
UnityEngine.DebugLogHandler:LogFormat (UnityEngine.LogType,UnityEngine.Object,string,object[])
UnityEngine.Logger:Log (UnityEngine.LogType,object)
UnityEngine.Debug:LogWarning (object)
 .  / :MoveNext ()
System.Runtime.CompilerServices.AsyncVoidMethodBuilder:Start< .  / > ( .  / &)
 .  :  ()
 .⁪/ :MoveNext ()
System.Runtime.CompilerServices.AsyncTaskMethodBuilder:Start< .⁪/ > ( .⁪/ &)
 .⁪:  ()
System.Reflection.RuntimeMethodInfo:Invoke (object,System.Reflection.BindingFlags,System.Reflection.Binder,object[],System.Globalization.CultureInfo)
System.Reflection.MethodBase:Invoke (object,object[])
UnityEditor.EditorAssemblies:ProcessInitializeOnLoadMethodAttributes ()

Mono: successfully reloaded assembly
- Finished resetting the current domain, in  1.024 seconds
Domain Reload Profiling: 1944ms
	BeginReloadAssembly (289ms)
		ExecutionOrderSort (0ms)
		DisableScriptedObjects (14ms)
		BackupInstance (0ms)
		ReleaseScriptingObjects (0ms)
		CreateAndSetChildDomain (56ms)
	RebuildCommonClasses (92ms)
	RebuildNativeTypeToScriptingClass (21ms)
	initialDomainReloadingComplete (57ms)
	LoadAllAssembliesAndSetupDomain (460ms)
		LoadAssemblies (593ms)
		RebuildTransferFunctionScriptingTraits (0ms)
		AnalyzeDomain (27ms)
			TypeCache.Refresh (11ms)
				TypeCache.ScanAssembly (0ms)
			ScanForSourceGeneratedMonoScriptInfo (7ms)
			ResolveRequiredComponents (6ms)
	FinalizeReload (1025ms)
		ReleaseScriptCaches (0ms)
		RebuildScriptCaches (0ms)
		SetupLoadedEditorAssemblies (524ms)
			LogAssemblyErrors (0ms)
			InitializePlatformSupportModulesInManaged (19ms)
			SetLoadedEditorAssemblies (5ms)
			RefreshPlugins (0ms)
			BeforeProcessingInitializeOnLoad (64ms)
			ProcessInitializeOnLoadAttributes (382ms)
			ProcessInitializeOnLoadMethodAttributes (49ms)
			AfterProcessingInitializeOnLoad (5ms)
			EditorAssembliesLoaded (0ms)
		ExecutionOrderSort2 (0ms)
		AwakeInstancesAfterBackupRestoration (7ms)
Refreshing native plugins compatible for Editor in 3.21 ms, found 6 plugins.
Preloading 0 native plugins for Editor in 0.00 ms.
Release of invalid GC handle. The handle is from a previous domain. The release operation is skipped.
Release of invalid GC handle native callstack: 
0x00007ff60b1b424d (Unity) StackWalker::GetCurrentCallstack
0x00007ff60b1b9329 (Unity) StackWalker::ShowCallstack
0x00007ff60c1adae1 (Unity) GetStacktrace
0x00007ff60b0af20d (Unity) ScriptingGCHandle::ReleaseAndClear
0x00007ff60b67748c (Unity) UploadHandlerRaw::`vector deleting destructor'
0x00007ff60b67803d (Unity) UploadHandler::Release
0x00007ff60b6748dd (Unity) UnityWebRequestProto<UnityWebRequestTransport,AtomicRefCounter,RedirectHelper,ResponseHelper,DownloadHandler,UploadHandler,CertificateHandler,HeaderHelper,AsyncOperation>::~UnityWebRequestProto<UnityWebRequestTransport,AtomicRefCounter,RedirectHelper,ResponseHelper,DownloadHandler,UploadHandler,CertificateHandler,HeaderHelper,AsyncOperation>
0x00007ff60b674bd6 (Unity) UnityWebRequest::`vector deleting destructor'
0x00007ff60a3c4b77 (Unity) UnityWebRequestProto<UnityWebRequestTransport,AtomicRefCounter,RedirectHelper,ResponseHelper,DownloadHandler,UploadHandler,CertificateHandler,HeaderHelper,AsyncOperation>::Release
0x00007ff60b676605 (Unity) UnityWebRequestAsyncOperation::InvokeCoroutine
0x00007ff60b6767e1 (Unity) UnityWebRequestProto<UnityWebRequestTransport,AtomicRefCounter,RedirectHelper,ResponseHelper,DownloadHandler,UploadHandler,CertificateHandler,HeaderHelper,AsyncOperation>::Job_InvokeCoroutine
0x00007ff60acdb54a (Unity) BackgroundJobQueue::ExecuteMainThreadJobs
0x00007ff60ad9005f (Unity) PreloadManager::WaitForAllAsyncOperationsToComplete
0x00007ff60c553af8 (Unity) <lambda_b37b41f03089e3cb3f55061bbc93253d>::operator()
0x00007ff60c58f422 (Unity) asio::detail::completion_handler<core::mutable_function<void __cdecl(void)>,asio::io_context::basic_executor_type<std::allocator<void>,0> >::do_complete
0x00007ff60c57b3ce (Unity) asio::detail::win_iocp_io_context::do_one
0x00007ff60c57d034 (Unity) asio::detail::win_iocp_io_context::run
0x00007ff60c58d7cc (Unity) IOService::Run
0x00007ff60c560c2f (Unity) AssetImportWorkerClient::Run
0x00007ff60c52c3d7 (Unity) RunAssetImportWorkerClientV2
0x00007ff60c52c45b (Unity) RunAssetImporterV2
0x00007ff60bd231de (Unity) Application::InitializeProject
0x00007ff60c1b8795 (Unity) WinMain
0x00007ff60d5835ce (Unity) __scrt_common_main_seh
0x00007ffa8b87e8d7 (KERNEL32) BaseThreadInitThunk
0x00007ffa8c1714fc (ntdll) RtlUserThreadStart
Unloading 3360 Unused Serialized files (Serialized files now loaded: 0)
Unloading 28 unused Assets / (396.8 KB). Loaded Objects now: 4364.
Memory consumption went from 146.1 MB to 145.7 MB.
Total: 3.855700 ms (FindLiveObjects: 0.249900 ms CreateObjectMapping: 0.106700 ms MarkObjects: 3.260500 ms  DeleteObjects: 0.237700 ms)

Prepare: number of updated asset objects reloaded= 0
AssetImportParameters requested are different than current active one (requested -> active):
  custom:container-demuxer-ogg: 62fdf1f143b41e24485cea50d1cbac27 -> 
  custom:video-codec-MediaFoundation-h265: 746d11721c4dcdbdad8f713fa42b33f4 -> 
  custom:video-decoder-ogg-theora: a1e56fd34408186e4bbccfd4996cb3dc -> 
  custom:framework-win-MediaFoundation: 216162199b28c13a410421893ffa2e32 -> 
  custom:CustomObjectIndexerAttribute: 9a22284fe3817be447336de3de66b15e -> 
  custom:container-demuxer-webm: 4f35f7cbe854078d1ac9338744f61a02 -> 
  custom:container-muxer-webm: aa71ff27fc2769a1b78a27578f13a17b -> 
  custom:video-decoder-webm-vp8: 9c59270c3fd7afecdb556c50c9e8de78 -> 
  custom:SearchIndexIgnoredProperties: e643bd26f0fe6173181afceb89e7c659 -> 
  custom:AudioImporter_EditorPlatform: d09bf68614088b80899f8185d706f6e7 -> 
  custom:video-encoder-webm-vp8: eb34c28f22e8b96e1ab97ce403110664 -> 
  custom:scripting/monoscript/fileName/TextureAnimator.cs: 4ff9f3da57bffade570aa3cdb1c96685 -> 
  custom:audio-decoder-ogg-vorbis: bf7c407c2cedff20999df2af8eb42d56 -> 
  custom:audio-encoder-webm-vorbis: bf7c407c2cedff20999df2af8eb42d56 -> 
  custom:scripting/precompiled-assembly-types:Assembly-CSharp: 36d289a2072fff615a3e377c6f30ddd1 -> d0e4d9b8e3191607d5c08abaebdab676
========================================================================
Received Prepare
Caller must complete domain reload
Begin MonoManager ReloadAssembly
- Loaded All Assemblies, in  0.456 seconds
Native extension for WindowsStandalone target not found
Native extension for Android target not found
Native extension for WebGL target not found
[Package Manager] Server::EnsureServerProcessIsRunning -- launch failed, reason: Unity was launched with the -noUpm command-line argument
[Package Manager] UpmClient::Send -- Unable to send message (not connected to UPM process).
[Package Manager] Cannot connect to Unity Package Manager local server
Failed to sync packages list
UnityEngine.StackTraceUtility:ExtractStackTrace ()
UnityEngine.DebugLogHandler:LogFormat (UnityEngine.LogType,UnityEngine.Object,string,object[])
UnityEngine.Logger:Log (UnityEngine.LogType,object)
UnityEngine.Debug:LogWarning (object)
 .  / :MoveNext ()
System.Runtime.CompilerServices.AsyncVoidMethodBuilder:Start< .  / > ( .  / &)
 .  :  ()
 .⁪/ :MoveNext ()
System.Runtime.CompilerServices.AsyncTaskMethodBuilder:Start< .⁪/ > ( .⁪/ &)
 .⁪:  ()
System.Reflection.RuntimeMethodInfo:Invoke (object,System.Reflection.BindingFlags,System.Reflection.Binder,object[],System.Globalization.CultureInfo)
System.Reflection.MethodBase:Invoke (object,object[])
UnityEditor.EditorAssemblies:ProcessInitializeOnLoadMethodAttributes ()

Mono: successfully reloaded assembly
- Finished resetting the current domain, in  1.089 seconds
Domain Reload Profiling: 1543ms
	BeginReloadAssembly (149ms)
		ExecutionOrderSort (0ms)
		DisableScriptedObjects (6ms)
		BackupInstance (0ms)
		ReleaseScriptingObjects (0ms)
		CreateAndSetChildDomain (31ms)
	RebuildCommonClasses (37ms)
	RebuildNativeTypeToScriptingClass (11ms)
	initialDomainReloadingComplete (28ms)
	LoadAllAssembliesAndSetupDomain (228ms)
		LoadAssemblies (289ms)
		RebuildTransferFunctionScriptingTraits (0ms)
		AnalyzeDomain (16ms)
			TypeCache.Refresh (6ms)
				TypeCache.ScanAssembly (0ms)
			ScanForSourceGeneratedMonoScriptInfo (0ms)
			ResolveRequiredComponents (6ms)
	FinalizeReload (1090ms)
		ReleaseScriptCaches (0ms)
		RebuildScriptCaches (0ms)
		SetupLoadedEditorAssemblies (608ms)
			LogAssemblyErrors (0ms)
			InitializePlatformSupportModulesInManaged (28ms)
			SetLoadedEditorAssemblies (9ms)
			RefreshPlugins (0ms)
			BeforeProcessingInitializeOnLoad (74ms)
			ProcessInitializeOnLoadAttributes (431ms)
			ProcessInitializeOnLoadMethodAttributes (59ms)
			AfterProcessingInitializeOnLoad (7ms)
			EditorAssembliesLoaded (0ms)
		ExecutionOrderSort2 (0ms)
		AwakeInstancesAfterBackupRestoration (8ms)
Refreshing native plugins compatible for Editor in 5.36 ms, found 6 plugins.
Preloading 0 native plugins for Editor in 0.00 ms.
Release of invalid GC handle. The handle is from a previous domain. The release operation is skipped.
Release of invalid GC handle native callstack: 
0x00007ff60b1b424d (Unity) StackWalker::GetCurrentCallstack
0x00007ff60b1b9329 (Unity) StackWalker::ShowCallstack
0x00007ff60c1adae1 (Unity) GetStacktrace
0x00007ff60b0af20d (Unity) ScriptingGCHandle::ReleaseAndClear
0x00007ff60b67748c (Unity) UploadHandlerRaw::`vector deleting destructor'
0x00007ff60b67803d (Unity) UploadHandler::Release
0x00007ff60b6748dd (Unity) UnityWebRequestProto<UnityWebRequestTransport,AtomicRefCounter,RedirectHelper,ResponseHelper,DownloadHandler,UploadHandler,CertificateHandler,HeaderHelper,AsyncOperation>::~UnityWebRequestProto<UnityWebRequestTransport,AtomicRefCounter,RedirectHelper,ResponseHelper,DownloadHandler,UploadHandler,CertificateHandler,HeaderHelper,AsyncOperation>
0x00007ff60b674bd6 (Unity) UnityWebRequest::`vector deleting destructor'
0x00007ff60a3c4b77 (Unity) UnityWebRequestProto<UnityWebRequestTransport,AtomicRefCounter,RedirectHelper,ResponseHelper,DownloadHandler,UploadHandler,CertificateHandler,HeaderHelper,AsyncOperation>::Release
0x00007ff60b676605 (Unity) UnityWebRequestAsyncOperation::InvokeCoroutine
0x00007ff60b6767e1 (Unity) UnityWebRequestProto<UnityWebRequestTransport,AtomicRefCounter,RedirectHelper,ResponseHelper,DownloadHandler,UploadHandler,CertificateHandler,HeaderHelper,AsyncOperation>::Job_InvokeCoroutine
0x00007ff60acdb54a (Unity) BackgroundJobQueue::ExecuteMainThreadJobs
0x00007ff60ad9005f (Unity) PreloadManager::WaitForAllAsyncOperationsToComplete
0x00007ff60c553af8 (Unity) <lambda_b37b41f03089e3cb3f55061bbc93253d>::operator()
0x00007ff60c58f422 (Unity) asio::detail::completion_handler<core::mutable_function<void __cdecl(void)>,asio::io_context::basic_executor_type<std::allocator<void>,0> >::do_complete
0x00007ff60c57b3ce (Unity) asio::detail::win_iocp_io_context::do_one
0x00007ff60c57d034 (Unity) asio::detail::win_iocp_io_context::run
0x00007ff60c58d7cc (Unity) IOService::Run
0x00007ff60c560c2f (Unity) AssetImportWorkerClient::Run
0x00007ff60c52c3d7 (Unity) RunAssetImportWorkerClientV2
0x00007ff60c52c45b (Unity) RunAssetImporterV2
0x00007ff60bd231de (Unity) Application::InitializeProject
0x00007ff60c1b8795 (Unity) WinMain
0x00007ff60d5835ce (Unity) __scrt_common_main_seh
0x00007ffa8b87e8d7 (KERNEL32) BaseThreadInitThunk
0x00007ffa8c1714fc (ntdll) RtlUserThreadStart
Unloading 3360 Unused Serialized files (Serialized files now loaded: 0)
Unloading 28 unused Assets / (396.8 KB). Loaded Objects now: 4369.
Memory consumption went from 146.3 MB to 145.9 MB.
Total: 4.175300 ms (FindLiveObjects: 0.267800 ms CreateObjectMapping: 0.102100 ms MarkObjects: 3.537800 ms  DeleteObjects: 0.266300 ms)

Prepare: number of updated asset objects reloaded= 0
AssetImportParameters requested are different than current active one (requested -> active):
  custom:container-demuxer-ogg: 62fdf1f143b41e24485cea50d1cbac27 -> 
  custom:video-codec-MediaFoundation-h265: 746d11721c4dcdbdad8f713fa42b33f4 -> 
  custom:video-decoder-ogg-theora: a1e56fd34408186e4bbccfd4996cb3dc -> 
  custom:framework-win-MediaFoundation: 216162199b28c13a410421893ffa2e32 -> 
  custom:CustomObjectIndexerAttribute: 9a22284fe3817be447336de3de66b15e -> 
  custom:container-demuxer-webm: 4f35f7cbe854078d1ac9338744f61a02 -> 
  custom:container-muxer-webm: aa71ff27fc2769a1b78a27578f13a17b -> 
  custom:video-decoder-webm-vp8: 9c59270c3fd7afecdb556c50c9e8de78 -> 
  custom:SearchIndexIgnoredProperties: e643bd26f0fe6173181afceb89e7c659 -> 
  custom:AudioImporter_EditorPlatform: d09bf68614088b80899f8185d706f6e7 -> 
  custom:video-encoder-webm-vp8: eb34c28f22e8b96e1ab97ce403110664 -> 
  custom:scripting/monoscript/fileName/TextureAnimator.cs: 4ff9f3da57bffade570aa3cdb1c96685 -> 
  custom:audio-decoder-ogg-vorbis: bf7c407c2cedff20999df2af8eb42d56 -> 
  custom:audio-encoder-webm-vorbis: bf7c407c2cedff20999df2af8eb42d56 -> 
  custom:scripting/precompiled-assembly-types:Assembly-CSharp: 36d289a2072fff615a3e377c6f30ddd1 -> d0e4d9b8e3191607d5c08abaebdab676
========================================================================
Received Prepare
Caller must complete domain reload
Begin MonoManager ReloadAssembly
- Loaded All Assemblies, in  0.480 seconds
Native extension for WindowsStandalone target not found
Native extension for Android target not found
Native extension for WebGL target not found
[Package Manager] Server::EnsureServerProcessIsRunning -- launch failed, reason: Unity was launched with the -noUpm command-line argument
[Package Manager] UpmClient::Send -- Unable to send message (not connected to UPM process).
[Package Manager] Cannot connect to Unity Package Manager local server
Failed to sync packages list
UnityEngine.StackTraceUtility:ExtractStackTrace ()
UnityEngine.DebugLogHandler:LogFormat (UnityEngine.LogType,UnityEngine.Object,string,object[])
UnityEngine.Logger:Log (UnityEngine.LogType,object)
UnityEngine.Debug:LogWarning (object)
 .  / :MoveNext ()
System.Runtime.CompilerServices.AsyncVoidMethodBuilder:Start< .  / > ( .  / &)
 .  :  ()
 .⁪/ :MoveNext ()
System.Runtime.CompilerServices.AsyncTaskMethodBuilder:Start< .⁪/ > ( .⁪/ &)
 .⁪:  ()
System.Reflection.RuntimeMethodInfo:Invoke (object,System.Reflection.BindingFlags,System.Reflection.Binder,object[],System.Globalization.CultureInfo)
System.Reflection.MethodBase:Invoke (object,object[])
UnityEditor.EditorAssemblies:ProcessInitializeOnLoadMethodAttributes ()

Mono: successfully reloaded assembly
- Finished resetting the current domain, in  1.003 seconds
Domain Reload Profiling: 1482ms
	BeginReloadAssembly (172ms)
		ExecutionOrderSort (0ms)
		DisableScriptedObjects (5ms)
		BackupInstance (0ms)
		ReleaseScriptingObjects (0ms)
		CreateAndSetChildDomain (45ms)
	RebuildCommonClasses (38ms)
	RebuildNativeTypeToScriptingClass (10ms)
	initialDomainReloadingComplete (33ms)
	LoadAllAssembliesAndSetupDomain (226ms)
		LoadAssemblies (298ms)
		RebuildTransferFunctionScriptingTraits (0ms)
		AnalyzeDomain (16ms)
			TypeCache.Refresh (7ms)
				TypeCache.ScanAssembly (0ms)
			ScanForSourceGeneratedMonoScriptInfo (0ms)
			ResolveRequiredComponents (7ms)
	FinalizeReload (1003ms)
		ReleaseScriptCaches (0ms)
		RebuildScriptCaches (0ms)
		SetupLoadedEditorAssemblies (569ms)
			LogAssemblyErrors (0ms)
			InitializePlatformSupportModulesInManaged (18ms)
			SetLoadedEditorAssemblies (5ms)
			RefreshPlugins (0ms)
			BeforeProcessingInitializeOnLoad (63ms)
			ProcessInitializeOnLoadAttributes (424ms)
			ProcessInitializeOnLoadMethodAttributes (56ms)
			AfterProcessingInitializeOnLoad (4ms)
			EditorAssembliesLoaded (0ms)
		ExecutionOrderSort2 (0ms)
		AwakeInstancesAfterBackupRestoration (7ms)
Refreshing native plugins compatible for Editor in 5.44 ms, found 6 plugins.
Preloading 0 native plugins for Editor in 0.00 ms.
Release of invalid GC handle. The handle is from a previous domain. The release operation is skipped.
Release of invalid GC handle native callstack: 
0x00007ff60b1b424d (Unity) StackWalker::GetCurrentCallstack
0x00007ff60b1b9329 (Unity) StackWalker::ShowCallstack
0x00007ff60c1adae1 (Unity) GetStacktrace
0x00007ff60b0af20d (Unity) ScriptingGCHandle::ReleaseAndClear
0x00007ff60b67748c (Unity) UploadHandlerRaw::`vector deleting destructor'
0x00007ff60b67803d (Unity) UploadHandler::Release
0x00007ff60b6748dd (Unity) UnityWebRequestProto<UnityWebRequestTransport,AtomicRefCounter,RedirectHelper,ResponseHelper,DownloadHandler,UploadHandler,CertificateHandler,HeaderHelper,AsyncOperation>::~UnityWebRequestProto<UnityWebRequestTransport,AtomicRefCounter,RedirectHelper,ResponseHelper,DownloadHandler,UploadHandler,CertificateHandler,HeaderHelper,AsyncOperation>
0x00007ff60b674bd6 (Unity) UnityWebRequest::`vector deleting destructor'
0x00007ff60a3c4b77 (Unity) UnityWebRequestProto<UnityWebRequestTransport,AtomicRefCounter,RedirectHelper,ResponseHelper,DownloadHandler,UploadHandler,CertificateHandler,HeaderHelper,AsyncOperation>::Release
0x00007ff60b676605 (Unity) UnityWebRequestAsyncOperation::InvokeCoroutine
0x00007ff60b6767e1 (Unity) UnityWebRequestProto<UnityWebRequestTransport,AtomicRefCounter,RedirectHelper,ResponseHelper,DownloadHandler,UploadHandler,CertificateHandler,HeaderHelper,AsyncOperation>::Job_InvokeCoroutine
0x00007ff60acdb54a (Unity) BackgroundJobQueue::ExecuteMainThreadJobs
0x00007ff60ad9005f (Unity) PreloadManager::WaitForAllAsyncOperationsToComplete
0x00007ff60c553af8 (Unity) <lambda_b37b41f03089e3cb3f55061bbc93253d>::operator()
0x00007ff60c58f422 (Unity) asio::detail::completion_handler<core::mutable_function<void __cdecl(void)>,asio::io_context::basic_executor_type<std::allocator<void>,0> >::do_complete
0x00007ff60c57b3ce (Unity) asio::detail::win_iocp_io_context::do_one
0x00007ff60c57d034 (Unity) asio::detail::win_iocp_io_context::run
0x00007ff60c58d7cc (Unity) IOService::Run
0x00007ff60c560c2f (Unity) AssetImportWorkerClient::Run
0x00007ff60c52c3d7 (Unity) RunAssetImportWorkerClientV2
0x00007ff60c52c45b (Unity) RunAssetImporterV2
0x00007ff60bd231de (Unity) Application::InitializeProject
0x00007ff60c1b8795 (Unity) WinMain
0x00007ff60d5835ce (Unity) __scrt_common_main_seh
0x00007ffa8b87e8d7 (KERNEL32) BaseThreadInitThunk
0x00007ffa8c1714fc (ntdll) RtlUserThreadStart
Unloading 3360 Unused Serialized files (Serialized files now loaded: 0)
Unloading 28 unused Assets / (396.8 KB). Loaded Objects now: 4374.
Memory consumption went from 146.4 MB to 146.0 MB.
Total: 4.722500 ms (FindLiveObjects: 0.336800 ms CreateObjectMapping: 0.105200 ms MarkObjects: 4.043700 ms  DeleteObjects: 0.235600 ms)

Prepare: number of updated asset objects reloaded= 0
AssetImportParameters requested are different than current active one (requested -> active):
  custom:container-demuxer-ogg: 62fdf1f143b41e24485cea50d1cbac27 -> 
  custom:video-codec-MediaFoundation-h265: 746d11721c4dcdbdad8f713fa42b33f4 -> 
  custom:video-decoder-ogg-theora: a1e56fd34408186e4bbccfd4996cb3dc -> 
  custom:framework-win-MediaFoundation: 216162199b28c13a410421893ffa2e32 -> 
  custom:CustomObjectIndexerAttribute: 9a22284fe3817be447336de3de66b15e -> 
  custom:container-demuxer-webm: 4f35f7cbe854078d1ac9338744f61a02 -> 
  custom:container-muxer-webm: aa71ff27fc2769a1b78a27578f13a17b -> 
  custom:video-decoder-webm-vp8: 9c59270c3fd7afecdb556c50c9e8de78 -> 
  custom:SearchIndexIgnoredProperties: e643bd26f0fe6173181afceb89e7c659 -> 
  custom:AudioImporter_EditorPlatform: d09bf68614088b80899f8185d706f6e7 -> 
  custom:video-encoder-webm-vp8: eb34c28f22e8b96e1ab97ce403110664 -> 
  custom:scripting/monoscript/fileName/TextureAnimator.cs: 4ff9f3da57bffade570aa3cdb1c96685 -> 
  custom:audio-decoder-ogg-vorbis: bf7c407c2cedff20999df2af8eb42d56 -> 
  custom:audio-encoder-webm-vorbis: bf7c407c2cedff20999df2af8eb42d56 -> 
  custom:scripting/precompiled-assembly-types:Assembly-CSharp: 36d289a2072fff615a3e377c6f30ddd1 -> d0e4d9b8e3191607d5c08abaebdab676
========================================================================
Received Prepare
Caller must complete domain reload
Begin MonoManager ReloadAssembly
- Loaded All Assemblies, in  0.465 seconds
Native extension for WindowsStandalone target not found
Native extension for Android target not found
Native extension for WebGL target not found
[Package Manager] Server::EnsureServerProcessIsRunning -- launch failed, reason: Unity was launched with the -noUpm command-line argument
[Package Manager] UpmClient::Send -- Unable to send message (not connected to UPM process).
[Package Manager] Cannot connect to Unity Package Manager local server
Failed to sync packages list
UnityEngine.StackTraceUtility:ExtractStackTrace ()
UnityEngine.DebugLogHandler:LogFormat (UnityEngine.LogType,UnityEngine.Object,string,object[])
UnityEngine.Logger:Log (UnityEngine.LogType,object)
UnityEngine.Debug:LogWarning (object)
 .  / :MoveNext ()
System.Runtime.CompilerServices.AsyncVoidMethodBuilder:Start< .  / > ( .  / &)
 .  :  ()
 .⁪/ :MoveNext ()
System.Runtime.CompilerServices.AsyncTaskMethodBuilder:Start< .⁪/ > ( .⁪/ &)
 .⁪:  ()
System.Reflection.RuntimeMethodInfo:Invoke (object,System.Reflection.BindingFlags,System.Reflection.Binder,object[],System.Globalization.CultureInfo)
System.Reflection.MethodBase:Invoke (object,object[])
UnityEditor.EditorAssemblies:ProcessInitializeOnLoadMethodAttributes ()

Mono: successfully reloaded assembly
- Finished resetting the current domain, in  1.025 seconds
Domain Reload Profiling: 1489ms
	BeginReloadAssembly (164ms)
		ExecutionOrderSort (0ms)
		DisableScriptedObjects (6ms)
		BackupInstance (0ms)
		ReleaseScriptingObjects (0ms)
		CreateAndSetChildDomain (39ms)
	RebuildCommonClasses (31ms)
	RebuildNativeTypeToScriptingClass (11ms)
	initialDomainReloadingComplete (27ms)
	LoadAllAssembliesAndSetupDomain (230ms)
		LoadAssemblies (297ms)
		RebuildTransferFunctionScriptingTraits (0ms)
		AnalyzeDomain (14ms)
			TypeCache.Refresh (6ms)
				TypeCache.ScanAssembly (0ms)
			ScanForSourceGeneratedMonoScriptInfo (0ms)
			ResolveRequiredComponents (6ms)
	FinalizeReload (1025ms)
		ReleaseScriptCaches (0ms)
		RebuildScriptCaches (0ms)
		SetupLoadedEditorAssemblies (591ms)
			LogAssemblyErrors (0ms)
			InitializePlatformSupportModulesInManaged (18ms)
			SetLoadedEditorAssemblies (7ms)
			RefreshPlugins (0ms)
			BeforeProcessingInitializeOnLoad (67ms)
			ProcessInitializeOnLoadAttributes (439ms)
			ProcessInitializeOnLoadMethodAttributes (56ms)
			AfterProcessingInitializeOnLoad (4ms)
			EditorAssembliesLoaded (0ms)
		ExecutionOrderSort2 (0ms)
		AwakeInstancesAfterBackupRestoration (6ms)
Refreshing native plugins compatible for Editor in 6.60 ms, found 6 plugins.
Preloading 0 native plugins for Editor in 0.00 ms.
Release of invalid GC handle. The handle is from a previous domain. The release operation is skipped.
Release of invalid GC handle native callstack: 
0x00007ff60b1b424d (Unity) StackWalker::GetCurrentCallstack
0x00007ff60b1b9329 (Unity) StackWalker::ShowCallstack
0x00007ff60c1adae1 (Unity) GetStacktrace
0x00007ff60b0af20d (Unity) ScriptingGCHandle::ReleaseAndClear
0x00007ff60b67748c (Unity) UploadHandlerRaw::`vector deleting destructor'
0x00007ff60b67803d (Unity) UploadHandler::Release
0x00007ff60b6748dd (Unity) UnityWebRequestProto<UnityWebRequestTransport,AtomicRefCounter,RedirectHelper,ResponseHelper,DownloadHandler,UploadHandler,CertificateHandler,HeaderHelper,AsyncOperation>::~UnityWebRequestProto<UnityWebRequestTransport,AtomicRefCounter,RedirectHelper,ResponseHelper,DownloadHandler,UploadHandler,CertificateHandler,HeaderHelper,AsyncOperation>
0x00007ff60b674bd6 (Unity) UnityWebRequest::`vector deleting destructor'
0x00007ff60a3c4b77 (Unity) UnityWebRequestProto<UnityWebRequestTransport,AtomicRefCounter,RedirectHelper,ResponseHelper,DownloadHandler,UploadHandler,CertificateHandler,HeaderHelper,AsyncOperation>::Release
0x00007ff60b676605 (Unity) UnityWebRequestAsyncOperation::InvokeCoroutine
0x00007ff60b6767e1 (Unity) UnityWebRequestProto<UnityWebRequestTransport,AtomicRefCounter,RedirectHelper,ResponseHelper,DownloadHandler,UploadHandler,CertificateHandler,HeaderHelper,AsyncOperation>::Job_InvokeCoroutine
0x00007ff60acdb54a (Unity) BackgroundJobQueue::ExecuteMainThreadJobs
0x00007ff60ad9005f (Unity) PreloadManager::WaitForAllAsyncOperationsToComplete
0x00007ff60c553af8 (Unity) <lambda_b37b41f03089e3cb3f55061bbc93253d>::operator()
0x00007ff60c58f422 (Unity) asio::detail::completion_handler<core::mutable_function<void __cdecl(void)>,asio::io_context::basic_executor_type<std::allocator<void>,0> >::do_complete
0x00007ff60c57b3ce (Unity) asio::detail::win_iocp_io_context::do_one
0x00007ff60c57d034 (Unity) asio::detail::win_iocp_io_context::run
0x00007ff60c58d7cc (Unity) IOService::Run
0x00007ff60c560c2f (Unity) AssetImportWorkerClient::Run
0x00007ff60c52c3d7 (Unity) RunAssetImportWorkerClientV2
0x00007ff60c52c45b (Unity) RunAssetImporterV2
0x00007ff60bd231de (Unity) Application::InitializeProject
0x00007ff60c1b8795 (Unity) WinMain
0x00007ff60d5835ce (Unity) __scrt_common_main_seh
0x00007ffa8b87e8d7 (KERNEL32) BaseThreadInitThunk
0x00007ffa8c1714fc (ntdll) RtlUserThreadStart
Unloading 3360 Unused Serialized files (Serialized files now loaded: 0)
Unloading 28 unused Assets / (396.9 KB). Loaded Objects now: 4379.
Memory consumption went from 146.6 MB to 146.2 MB.
Total: 4.508100 ms (FindLiveObjects: 0.247100 ms CreateObjectMapping: 0.105900 ms MarkObjects: 3.886100 ms  DeleteObjects: 0.267800 ms)

Prepare: number of updated asset objects reloaded= 0
AssetImportParameters requested are different than current active one (requested -> active):
  custom:container-demuxer-ogg: 62fdf1f143b41e24485cea50d1cbac27 -> 
  custom:video-codec-MediaFoundation-h265: 746d11721c4dcdbdad8f713fa42b33f4 -> 
  custom:video-decoder-ogg-theora: a1e56fd34408186e4bbccfd4996cb3dc -> 
  custom:framework-win-MediaFoundation: 216162199b28c13a410421893ffa2e32 -> 
  custom:CustomObjectIndexerAttribute: 9a22284fe3817be447336de3de66b15e -> 
  custom:container-demuxer-webm: 4f35f7cbe854078d1ac9338744f61a02 -> 
  custom:container-muxer-webm: aa71ff27fc2769a1b78a27578f13a17b -> 
  custom:video-decoder-webm-vp8: 9c59270c3fd7afecdb556c50c9e8de78 -> 
  custom:SearchIndexIgnoredProperties: e643bd26f0fe6173181afceb89e7c659 -> 
  custom:AudioImporter_EditorPlatform: d09bf68614088b80899f8185d706f6e7 -> 
  custom:video-encoder-webm-vp8: eb34c28f22e8b96e1ab97ce403110664 -> 
  custom:scripting/monoscript/fileName/TextureAnimator.cs: 4ff9f3da57bffade570aa3cdb1c96685 -> 
  custom:audio-decoder-ogg-vorbis: bf7c407c2cedff20999df2af8eb42d56 -> 
  custom:audio-encoder-webm-vorbis: bf7c407c2cedff20999df2af8eb42d56 -> 
  custom:scripting/precompiled-assembly-types:Assembly-CSharp: 36d289a2072fff615a3e377c6f30ddd1 -> d0e4d9b8e3191607d5c08abaebdab676
========================================================================
Received Prepare
Caller must complete domain reload
Begin MonoManager ReloadAssembly
- Loaded All Assemblies, in  0.488 seconds
Native extension for WindowsStandalone target not found
Native extension for Android target not found
Native extension for WebGL target not found
[Package Manager] Server::EnsureServerProcessIsRunning -- launch failed, reason: Unity was launched with the -noUpm command-line argument
[Package Manager] UpmClient::Send -- Unable to send message (not connected to UPM process).
[Package Manager] Cannot connect to Unity Package Manager local server
Failed to sync packages list
UnityEngine.StackTraceUtility:ExtractStackTrace ()
UnityEngine.DebugLogHandler:LogFormat (UnityEngine.LogType,UnityEngine.Object,string,object[])
UnityEngine.Logger:Log (UnityEngine.LogType,object)
UnityEngine.Debug:LogWarning (object)
 .  / :MoveNext ()
System.Runtime.CompilerServices.AsyncVoidMethodBuilder:Start< .  / > ( .  / &)
 .  :  ()
 .⁪/ :MoveNext ()
System.Runtime.CompilerServices.AsyncTaskMethodBuilder:Start< .⁪/ > ( .⁪/ &)
 .⁪:  ()
System.Reflection.RuntimeMethodInfo:Invoke (object,System.Reflection.BindingFlags,System.Reflection.Binder,object[],System.Globalization.CultureInfo)
System.Reflection.MethodBase:Invoke (object,object[])
UnityEditor.EditorAssemblies:ProcessInitializeOnLoadMethodAttributes ()

Mono: successfully reloaded assembly
- Finished resetting the current domain, in  1.033 seconds
Domain Reload Profiling: 1519ms
	BeginReloadAssembly (177ms)
		ExecutionOrderSort (0ms)
		DisableScriptedObjects (7ms)
		BackupInstance (0ms)
		ReleaseScriptingObjects (0ms)
		CreateAndSetChildDomain (43ms)
	RebuildCommonClasses (38ms)
	RebuildNativeTypeToScriptingClass (10ms)
	initialDomainReloadingComplete (31ms)
	LoadAllAssembliesAndSetupDomain (229ms)
		LoadAssemblies (306ms)
		RebuildTransferFunctionScriptingTraits (0ms)
		AnalyzeDomain (15ms)
			TypeCache.Refresh (6ms)
				TypeCache.ScanAssembly (0ms)
			ScanForSourceGeneratedMonoScriptInfo (0ms)
			ResolveRequiredComponents (6ms)
	FinalizeReload (1034ms)
		ReleaseScriptCaches (0ms)
		RebuildScriptCaches (0ms)
		SetupLoadedEditorAssemblies (611ms)
			LogAssemblyErrors (0ms)
			InitializePlatformSupportModulesInManaged (22ms)
			SetLoadedEditorAssemblies (5ms)
			RefreshPlugins (0ms)
			BeforeProcessingInitializeOnLoad (68ms)
			ProcessInitializeOnLoadAttributes (451ms)
			ProcessInitializeOnLoadMethodAttributes (61ms)
			AfterProcessingInitializeOnLoad (4ms)
			EditorAssembliesLoaded (0ms)
		ExecutionOrderSort2 (0ms)
		AwakeInstancesAfterBackupRestoration (6ms)
Refreshing native plugins compatible for Editor in 6.17 ms, found 6 plugins.
Preloading 0 native plugins for Editor in 0.00 ms.
Release of invalid GC handle. The handle is from a previous domain. The release operation is skipped.
Release of invalid GC handle native callstack: 
0x00007ff60b1b424d (Unity) StackWalker::GetCurrentCallstack
0x00007ff60b1b9329 (Unity) StackWalker::ShowCallstack
0x00007ff60c1adae1 (Unity) GetStacktrace
0x00007ff60b0af20d (Unity) ScriptingGCHandle::ReleaseAndClear
0x00007ff60b67748c (Unity) UploadHandlerRaw::`vector deleting destructor'
0x00007ff60b67803d (Unity) UploadHandler::Release
0x00007ff60b6748dd (Unity) UnityWebRequestProto<UnityWebRequestTransport,AtomicRefCounter,RedirectHelper,ResponseHelper,DownloadHandler,UploadHandler,CertificateHandler,HeaderHelper,AsyncOperation>::~UnityWebRequestProto<UnityWebRequestTransport,AtomicRefCounter,RedirectHelper,ResponseHelper,DownloadHandler,UploadHandler,CertificateHandler,HeaderHelper,AsyncOperation>
0x00007ff60b674bd6 (Unity) UnityWebRequest::`vector deleting destructor'
0x00007ff60a3c4b77 (Unity) UnityWebRequestProto<UnityWebRequestTransport,AtomicRefCounter,RedirectHelper,ResponseHelper,DownloadHandler,UploadHandler,CertificateHandler,HeaderHelper,AsyncOperation>::Release
0x00007ff60b676605 (Unity) UnityWebRequestAsyncOperation::InvokeCoroutine
0x00007ff60b6767e1 (Unity) UnityWebRequestProto<UnityWebRequestTransport,AtomicRefCounter,RedirectHelper,ResponseHelper,DownloadHandler,UploadHandler,CertificateHandler,HeaderHelper,AsyncOperation>::Job_InvokeCoroutine
0x00007ff60acdb54a (Unity) BackgroundJobQueue::ExecuteMainThreadJobs
0x00007ff60ad9005f (Unity) PreloadManager::WaitForAllAsyncOperationsToComplete
0x00007ff60c553af8 (Unity) <lambda_b37b41f03089e3cb3f55061bbc93253d>::operator()
0x00007ff60c58f422 (Unity) asio::detail::completion_handler<core::mutable_function<void __cdecl(void)>,asio::io_context::basic_executor_type<std::allocator<void>,0> >::do_complete
0x00007ff60c57b3ce (Unity) asio::detail::win_iocp_io_context::do_one
0x00007ff60c57d034 (Unity) asio::detail::win_iocp_io_context::run
0x00007ff60c58d7cc (Unity) IOService::Run
0x00007ff60c560c2f (Unity) AssetImportWorkerClient::Run
0x00007ff60c52c3d7 (Unity) RunAssetImportWorkerClientV2
0x00007ff60c52c45b (Unity) RunAssetImporterV2
0x00007ff60bd231de (Unity) Application::InitializeProject
0x00007ff60c1b8795 (Unity) WinMain
0x00007ff60d5835ce (Unity) __scrt_common_main_seh
0x00007ffa8b87e8d7 (KERNEL32) BaseThreadInitThunk
0x00007ffa8c1714fc (ntdll) RtlUserThreadStart
Unloading 3360 Unused Serialized files (Serialized files now loaded: 0)
Unloading 28 unused Assets / (396.7 KB). Loaded Objects now: 4384.
Memory consumption went from 146.7 MB to 146.3 MB.
Total: 5.476500 ms (FindLiveObjects: 0.333000 ms CreateObjectMapping: 0.112700 ms MarkObjects: 4.728800 ms  DeleteObjects: 0.300600 ms)

Prepare: number of updated asset objects reloaded= 0
AssetImportParameters requested are different than current active one (requested -> active):
  custom:container-demuxer-ogg: 62fdf1f143b41e24485cea50d1cbac27 -> 
  custom:video-codec-MediaFoundation-h265: 746d11721c4dcdbdad8f713fa42b33f4 -> 
  custom:video-decoder-ogg-theora: a1e56fd34408186e4bbccfd4996cb3dc -> 
  custom:framework-win-MediaFoundation: 216162199b28c13a410421893ffa2e32 -> 
  custom:CustomObjectIndexerAttribute: 9a22284fe3817be447336de3de66b15e -> 
  custom:container-demuxer-webm: 4f35f7cbe854078d1ac9338744f61a02 -> 
  custom:container-muxer-webm: aa71ff27fc2769a1b78a27578f13a17b -> 
  custom:video-decoder-webm-vp8: 9c59270c3fd7afecdb556c50c9e8de78 -> 
  custom:SearchIndexIgnoredProperties: e643bd26f0fe6173181afceb89e7c659 -> 
  custom:AudioImporter_EditorPlatform: d09bf68614088b80899f8185d706f6e7 -> 
  custom:video-encoder-webm-vp8: eb34c28f22e8b96e1ab97ce403110664 -> 
  custom:scripting/monoscript/fileName/TextureAnimator.cs: 4ff9f3da57bffade570aa3cdb1c96685 -> 
  custom:audio-decoder-ogg-vorbis: bf7c407c2cedff20999df2af8eb42d56 -> 
  custom:audio-encoder-webm-vorbis: bf7c407c2cedff20999df2af8eb42d56 -> 
  custom:scripting/precompiled-assembly-types:Assembly-CSharp: 36d289a2072fff615a3e377c6f30ddd1 -> d0e4d9b8e3191607d5c08abaebdab676
========================================================================
Received Prepare
Caller must complete domain reload
Begin MonoManager ReloadAssembly
- Loaded All Assemblies, in  0.614 seconds
Native extension for WindowsStandalone target not found
Native extension for Android target not found
Native extension for WebGL target not found
[Package Manager] Server::EnsureServerProcessIsRunning -- launch failed, reason: Unity was launched with the -noUpm command-line argument
[Package Manager] UpmClient::Send -- Unable to send message (not connected to UPM process).
[Package Manager] Cannot connect to Unity Package Manager local server
Failed to sync packages list
UnityEngine.StackTraceUtility:ExtractStackTrace ()
UnityEngine.DebugLogHandler:LogFormat (UnityEngine.LogType,UnityEngine.Object,string,object[])
UnityEngine.Logger:Log (UnityEngine.LogType,object)
UnityEngine.Debug:LogWarning (object)
 .  / :MoveNext ()
System.Runtime.CompilerServices.AsyncVoidMethodBuilder:Start< .  / > ( .  / &)
 .  :  ()
 .⁪/ :MoveNext ()
System.Runtime.CompilerServices.AsyncTaskMethodBuilder:Start< .⁪/ > ( .⁪/ &)
 .⁪:  ()
System.Reflection.RuntimeMethodInfo:Invoke (object,System.Reflection.BindingFlags,System.Reflection.Binder,object[],System.Globalization.CultureInfo)
System.Reflection.MethodBase:Invoke (object,object[])
UnityEditor.EditorAssemblies:ProcessInitializeOnLoadMethodAttributes ()

Mono: successfully reloaded assembly
- Finished resetting the current domain, in  1.002 seconds
Domain Reload Profiling: 1614ms
	BeginReloadAssembly (184ms)
		ExecutionOrderSort (0ms)
		DisableScriptedObjects (9ms)
		BackupInstance (0ms)
		ReleaseScriptingObjects (0ms)
		CreateAndSetChildDomain (43ms)
	RebuildCommonClasses (38ms)
	RebuildNativeTypeToScriptingClass (14ms)
	initialDomainReloadingComplete (36ms)
	LoadAllAssembliesAndSetupDomain (340ms)
		LoadAssemblies (404ms)
		RebuildTransferFunctionScriptingTraits (0ms)
		AnalyzeDomain (29ms)
			TypeCache.Refresh (9ms)
				TypeCache.ScanAssembly (0ms)
			ScanForSourceGeneratedMonoScriptInfo (10ms)
			ResolveRequiredComponents (7ms)
	FinalizeReload (1002ms)
		ReleaseScriptCaches (0ms)
		RebuildScriptCaches (0ms)
		SetupLoadedEditorAssemblies (587ms)
			LogAssemblyErrors (0ms)
			InitializePlatformSupportModulesInManaged (19ms)
			SetLoadedEditorAssemblies (5ms)
			RefreshPlugins (0ms)
			BeforeProcessingInitializeOnLoad (65ms)
			ProcessInitializeOnLoadAttributes (441ms)
			ProcessInitializeOnLoadMethodAttributes (52ms)
			AfterProcessingInitializeOnLoad (6ms)
			EditorAssembliesLoaded (0ms)
		ExecutionOrderSort2 (0ms)
		AwakeInstancesAfterBackupRestoration (6ms)
Refreshing native plugins compatible for Editor in 4.15 ms, found 6 plugins.
Preloading 0 native plugins for Editor in 0.00 ms.
Release of invalid GC handle. The handle is from a previous domain. The release operation is skipped.
Release of invalid GC handle native callstack: 
0x00007ff60b1b424d (Unity) StackWalker::GetCurrentCallstack
0x00007ff60b1b9329 (Unity) StackWalker::ShowCallstack
0x00007ff60c1adae1 (Unity) GetStacktrace
0x00007ff60b0af20d (Unity) ScriptingGCHandle::ReleaseAndClear
0x00007ff60b67748c (Unity) UploadHandlerRaw::`vector deleting destructor'
0x00007ff60b67803d (Unity) UploadHandler::Release
0x00007ff60b6748dd (Unity) UnityWebRequestProto<UnityWebRequestTransport,AtomicRefCounter,RedirectHelper,ResponseHelper,DownloadHandler,UploadHandler,CertificateHandler,HeaderHelper,AsyncOperation>::~UnityWebRequestProto<UnityWebRequestTransport,AtomicRefCounter,RedirectHelper,ResponseHelper,DownloadHandler,UploadHandler,CertificateHandler,HeaderHelper,AsyncOperation>
0x00007ff60b674bd6 (Unity) UnityWebRequest::`vector deleting destructor'
0x00007ff60a3c4b77 (Unity) UnityWebRequestProto<UnityWebRequestTransport,AtomicRefCounter,RedirectHelper,ResponseHelper,DownloadHandler,UploadHandler,CertificateHandler,HeaderHelper,AsyncOperation>::Release
0x00007ff60b676605 (Unity) UnityWebRequestAsyncOperation::InvokeCoroutine
0x00007ff60b6767e1 (Unity) UnityWebRequestProto<UnityWebRequestTransport,AtomicRefCounter,RedirectHelper,ResponseHelper,DownloadHandler,UploadHandler,CertificateHandler,HeaderHelper,AsyncOperation>::Job_InvokeCoroutine
0x00007ff60acdb54a (Unity) BackgroundJobQueue::ExecuteMainThreadJobs
0x00007ff60ad9005f (Unity) PreloadManager::WaitForAllAsyncOperationsToComplete
0x00007ff60c553af8 (Unity) <lambda_b37b41f03089e3cb3f55061bbc93253d>::operator()
0x00007ff60c58f422 (Unity) asio::detail::completion_handler<core::mutable_function<void __cdecl(void)>,asio::io_context::basic_executor_type<std::allocator<void>,0> >::do_complete
0x00007ff60c57b3ce (Unity) asio::detail::win_iocp_io_context::do_one
0x00007ff60c57d034 (Unity) asio::detail::win_iocp_io_context::run
0x00007ff60c58d7cc (Unity) IOService::Run
0x00007ff60c560c2f (Unity) AssetImportWorkerClient::Run
0x00007ff60c52c3d7 (Unity) RunAssetImportWorkerClientV2
0x00007ff60c52c45b (Unity) RunAssetImporterV2
0x00007ff60bd231de (Unity) Application::InitializeProject
0x00007ff60c1b8795 (Unity) WinMain
0x00007ff60d5835ce (Unity) __scrt_common_main_seh
0x00007ffa8b87e8d7 (KERNEL32) BaseThreadInitThunk
0x00007ffa8c1714fc (ntdll) RtlUserThreadStart
Unloading 3360 Unused Serialized files (Serialized files now loaded: 0)
Unloading 28 unused Assets / (397.1 KB). Loaded Objects now: 4389.
Memory consumption went from 146.9 MB to 146.5 MB.
Total: 4.877700 ms (FindLiveObjects: 0.240700 ms CreateObjectMapping: 0.105600 ms MarkObjects: 4.261600 ms  DeleteObjects: 0.267800 ms)

Prepare: number of updated asset objects reloaded= 0
AssetImportParameters requested are different than current active one (requested -> active):
  custom:container-demuxer-ogg: 62fdf1f143b41e24485cea50d1cbac27 -> 
  custom:video-codec-MediaFoundation-h265: 746d11721c4dcdbdad8f713fa42b33f4 -> 
  custom:video-decoder-ogg-theora: a1e56fd34408186e4bbccfd4996cb3dc -> 
  custom:framework-win-MediaFoundation: 216162199b28c13a410421893ffa2e32 -> 
  custom:CustomObjectIndexerAttribute: 9a22284fe3817be447336de3de66b15e -> 
  custom:container-demuxer-webm: 4f35f7cbe854078d1ac9338744f61a02 -> 
  custom:container-muxer-webm: aa71ff27fc2769a1b78a27578f13a17b -> 
  custom:video-decoder-webm-vp8: 9c59270c3fd7afecdb556c50c9e8de78 -> 
  custom:SearchIndexIgnoredProperties: e643bd26f0fe6173181afceb89e7c659 -> 
  custom:AudioImporter_EditorPlatform: d09bf68614088b80899f8185d706f6e7 -> 
  custom:video-encoder-webm-vp8: eb34c28f22e8b96e1ab97ce403110664 -> 
  custom:scripting/monoscript/fileName/TextureAnimator.cs: 4ff9f3da57bffade570aa3cdb1c96685 -> 
  custom:audio-decoder-ogg-vorbis: bf7c407c2cedff20999df2af8eb42d56 -> 
  custom:audio-encoder-webm-vorbis: bf7c407c2cedff20999df2af8eb42d56 -> 
  custom:scripting/precompiled-assembly-types:Assembly-CSharp: 36d289a2072fff615a3e377c6f30ddd1 -> d0e4d9b8e3191607d5c08abaebdab676
========================================================================
Received Prepare
Caller must complete domain reload
Begin MonoManager ReloadAssembly
- Loaded All Assemblies, in  0.453 seconds
Native extension for WindowsStandalone target not found
Native extension for Android target not found
Native extension for WebGL target not found
[Package Manager] Server::EnsureServerProcessIsRunning -- launch failed, reason: Unity was launched with the -noUpm command-line argument
[Package Manager] UpmClient::Send -- Unable to send message (not connected to UPM process).
[Package Manager] Cannot connect to Unity Package Manager local server
Failed to sync packages list
UnityEngine.StackTraceUtility:ExtractStackTrace ()
UnityEngine.DebugLogHandler:LogFormat (UnityEngine.LogType,UnityEngine.Object,string,object[])
UnityEngine.Logger:Log (UnityEngine.LogType,object)
UnityEngine.Debug:LogWarning (object)
 .  / :MoveNext ()
System.Runtime.CompilerServices.AsyncVoidMethodBuilder:Start< .  / > ( .  / &)
 .  :  ()
 .⁪/ :MoveNext ()
System.Runtime.CompilerServices.AsyncTaskMethodBuilder:Start< .⁪/ > ( .⁪/ &)
 .⁪:  ()
System.Reflection.RuntimeMethodInfo:Invoke (object,System.Reflection.BindingFlags,System.Reflection.Binder,object[],System.Globalization.CultureInfo)
System.Reflection.MethodBase:Invoke (object,object[])
UnityEditor.EditorAssemblies:ProcessInitializeOnLoadMethodAttributes ()

Mono: successfully reloaded assembly
- Finished resetting the current domain, in  0.971 seconds
Domain Reload Profiling: 1423ms
	BeginReloadAssembly (145ms)
		ExecutionOrderSort (0ms)
		DisableScriptedObjects (5ms)
		BackupInstance (0ms)
		ReleaseScriptingObjects (0ms)
		CreateAndSetChildDomain (31ms)
	RebuildCommonClasses (31ms)
	RebuildNativeTypeToScriptingClass (16ms)
	initialDomainReloadingComplete (28ms)
	LoadAllAssembliesAndSetupDomain (230ms)
		LoadAssemblies (293ms)
		RebuildTransferFunctionScriptingTraits (0ms)
		AnalyzeDomain (15ms)
			TypeCache.Refresh (6ms)
				TypeCache.ScanAssembly (0ms)
			ScanForSourceGeneratedMonoScriptInfo (0ms)
			ResolveRequiredComponents (7ms)
	FinalizeReload (972ms)
		ReleaseScriptCaches (0ms)
		RebuildScriptCaches (0ms)
		SetupLoadedEditorAssemblies (558ms)
			LogAssemblyErrors (0ms)
			InitializePlatformSupportModulesInManaged (19ms)
			SetLoadedEditorAssemblies (5ms)
			RefreshPlugins (0ms)
			BeforeProcessingInitializeOnLoad (61ms)
			ProcessInitializeOnLoadAttributes (412ms)
			ProcessInitializeOnLoadMethodAttributes (56ms)
			AfterProcessingInitializeOnLoad (5ms)
			EditorAssembliesLoaded (0ms)
		ExecutionOrderSort2 (0ms)
		AwakeInstancesAfterBackupRestoration (9ms)
Refreshing native plugins compatible for Editor in 4.77 ms, found 6 plugins.
Preloading 0 native plugins for Editor in 0.00 ms.
Release of invalid GC handle. The handle is from a previous domain. The release operation is skipped.
Release of invalid GC handle native callstack: 
0x00007ff60b1b424d (Unity) StackWalker::GetCurrentCallstack
0x00007ff60b1b9329 (Unity) StackWalker::ShowCallstack
0x00007ff60c1adae1 (Unity) GetStacktrace
0x00007ff60b0af20d (Unity) ScriptingGCHandle::ReleaseAndClear
0x00007ff60b67748c (Unity) UploadHandlerRaw::`vector deleting destructor'
0x00007ff60b67803d (Unity) UploadHandler::Release
0x00007ff60b6748dd (Unity) UnityWebRequestProto<UnityWebRequestTransport,AtomicRefCounter,RedirectHelper,ResponseHelper,DownloadHandler,UploadHandler,CertificateHandler,HeaderHelper,AsyncOperation>::~UnityWebRequestProto<UnityWebRequestTransport,AtomicRefCounter,RedirectHelper,ResponseHelper,DownloadHandler,UploadHandler,CertificateHandler,HeaderHelper,AsyncOperation>
0x00007ff60b674bd6 (Unity) UnityWebRequest::`vector deleting destructor'
0x00007ff60a3c4b77 (Unity) UnityWebRequestProto<UnityWebRequestTransport,AtomicRefCounter,RedirectHelper,ResponseHelper,DownloadHandler,UploadHandler,CertificateHandler,HeaderHelper,AsyncOperation>::Release
0x00007ff60b676605 (Unity) UnityWebRequestAsyncOperation::InvokeCoroutine
0x00007ff60b6767e1 (Unity) UnityWebRequestProto<UnityWebRequestTransport,AtomicRefCounter,RedirectHelper,ResponseHelper,DownloadHandler,UploadHandler,CertificateHandler,HeaderHelper,AsyncOperation>::Job_InvokeCoroutine
0x00007ff60acdb54a (Unity) BackgroundJobQueue::ExecuteMainThreadJobs
0x00007ff60ad9005f (Unity) PreloadManager::WaitForAllAsyncOperationsToComplete
0x00007ff60c553af8 (Unity) <lambda_b37b41f03089e3cb3f55061bbc93253d>::operator()
0x00007ff60c58f422 (Unity) asio::detail::completion_handler<core::mutable_function<void __cdecl(void)>,asio::io_context::basic_executor_type<std::allocator<void>,0> >::do_complete
0x00007ff60c57b3ce (Unity) asio::detail::win_iocp_io_context::do_one
0x00007ff60c57d034 (Unity) asio::detail::win_iocp_io_context::run
0x00007ff60c58d7cc (Unity) IOService::Run
0x00007ff60c560c2f (Unity) AssetImportWorkerClient::Run
0x00007ff60c52c3d7 (Unity) RunAssetImportWorkerClientV2
0x00007ff60c52c45b (Unity) RunAssetImporterV2
0x00007ff60bd231de (Unity) Application::InitializeProject
0x00007ff60c1b8795 (Unity) WinMain
0x00007ff60d5835ce (Unity) __scrt_common_main_seh
0x00007ffa8b87e8d7 (KERNEL32) BaseThreadInitThunk
0x00007ffa8c1714fc (ntdll) RtlUserThreadStart
Unloading 3360 Unused Serialized files (Serialized files now loaded: 0)
Unloading 28 unused Assets / (396.9 KB). Loaded Objects now: 4394.
Memory consumption went from 147.0 MB to 146.6 MB.
Total: 4.639600 ms (FindLiveObjects: 0.285500 ms CreateObjectMapping: 0.117200 ms MarkObjects: 3.983500 ms  DeleteObjects: 0.252000 ms)

Prepare: number of updated asset objects reloaded= 0
AssetImportParameters requested are different than current active one (requested -> active):
  custom:container-demuxer-ogg: 62fdf1f143b41e24485cea50d1cbac27 -> 
  custom:video-codec-MediaFoundation-h265: 746d11721c4dcdbdad8f713fa42b33f4 -> 
  custom:video-decoder-ogg-theora: a1e56fd34408186e4bbccfd4996cb3dc -> 
  custom:framework-win-MediaFoundation: 216162199b28c13a410421893ffa2e32 -> 
  custom:CustomObjectIndexerAttribute: 9a22284fe3817be447336de3de66b15e -> 
  custom:container-demuxer-webm: 4f35f7cbe854078d1ac9338744f61a02 -> 
  custom:container-muxer-webm: aa71ff27fc2769a1b78a27578f13a17b -> 
  custom:video-decoder-webm-vp8: 9c59270c3fd7afecdb556c50c9e8de78 -> 
  custom:SearchIndexIgnoredProperties: e643bd26f0fe6173181afceb89e7c659 -> 
  custom:AudioImporter_EditorPlatform: d09bf68614088b80899f8185d706f6e7 -> 
  custom:video-encoder-webm-vp8: eb34c28f22e8b96e1ab97ce403110664 -> 
  custom:scripting/monoscript/fileName/TextureAnimator.cs: 4ff9f3da57bffade570aa3cdb1c96685 -> 
  custom:audio-decoder-ogg-vorbis: bf7c407c2cedff20999df2af8eb42d56 -> 
  custom:audio-encoder-webm-vorbis: bf7c407c2cedff20999df2af8eb42d56 -> 
  custom:scripting/precompiled-assembly-types:Assembly-CSharp: 36d289a2072fff615a3e377c6f30ddd1 -> d0e4d9b8e3191607d5c08abaebdab676
========================================================================
Received Prepare
Caller must complete domain reload
Begin MonoManager ReloadAssembly
- Loaded All Assemblies, in  0.454 seconds
Native extension for WindowsStandalone target not found
Native extension for Android target not found
Native extension for WebGL target not found
[Package Manager] Server::EnsureServerProcessIsRunning -- launch failed, reason: Unity was launched with the -noUpm command-line argument
[Package Manager] UpmClient::Send -- Unable to send message (not connected to UPM process).
[Package Manager] Cannot connect to Unity Package Manager local server
Failed to sync packages list
UnityEngine.StackTraceUtility:ExtractStackTrace ()
UnityEngine.DebugLogHandler:LogFormat (UnityEngine.LogType,UnityEngine.Object,string,object[])
UnityEngine.Logger:Log (UnityEngine.LogType,object)
UnityEngine.Debug:LogWarning (object)
 .  / :MoveNext ()
System.Runtime.CompilerServices.AsyncVoidMethodBuilder:Start< .  / > ( .  / &)
 .  :  ()
 .⁪/ :MoveNext ()
System.Runtime.CompilerServices.AsyncTaskMethodBuilder:Start< .⁪/ > ( .⁪/ &)
 .⁪:  ()
System.Reflection.RuntimeMethodInfo:Invoke (object,System.Reflection.BindingFlags,System.Reflection.Binder,object[],System.Globalization.CultureInfo)
System.Reflection.MethodBase:Invoke (object,object[])
UnityEditor.EditorAssemblies:ProcessInitializeOnLoadMethodAttributes ()

Mono: successfully reloaded assembly
- Finished resetting the current domain, in  1.005 seconds
Domain Reload Profiling: 1458ms
	BeginReloadAssembly (168ms)
		ExecutionOrderSort (0ms)
		DisableScriptedObjects (5ms)
		BackupInstance (0ms)
		ReleaseScriptingObjects (0ms)
		CreateAndSetChildDomain (35ms)
	RebuildCommonClasses (30ms)
	RebuildNativeTypeToScriptingClass (11ms)
	initialDomainReloadingComplete (28ms)
	LoadAllAssembliesAndSetupDomain (215ms)
		LoadAssemblies (286ms)
		RebuildTransferFunctionScriptingTraits (0ms)
		AnalyzeDomain (16ms)
			TypeCache.Refresh (6ms)
				TypeCache.ScanAssembly (0ms)
			ScanForSourceGeneratedMonoScriptInfo (0ms)
			ResolveRequiredComponents (6ms)
	FinalizeReload (1006ms)
		ReleaseScriptCaches (0ms)
		RebuildScriptCaches (0ms)
		SetupLoadedEditorAssemblies (564ms)
			LogAssemblyErrors (0ms)
			InitializePlatformSupportModulesInManaged (19ms)
			SetLoadedEditorAssemblies (5ms)
			RefreshPlugins (0ms)
			BeforeProcessingInitializeOnLoad (72ms)
			ProcessInitializeOnLoadAttributes (416ms)
			ProcessInitializeOnLoadMethodAttributes (46ms)
			AfterProcessingInitializeOnLoad (6ms)
			EditorAssembliesLoaded (0ms)
		ExecutionOrderSort2 (0ms)
		AwakeInstancesAfterBackupRestoration (6ms)
Refreshing native plugins compatible for Editor in 3.49 ms, found 6 plugins.
Preloading 0 native plugins for Editor in 0.00 ms.
Release of invalid GC handle. The handle is from a previous domain. The release operation is skipped.
Release of invalid GC handle native callstack: 
0x00007ff60b1b424d (Unity) StackWalker::GetCurrentCallstack
0x00007ff60b1b9329 (Unity) StackWalker::ShowCallstack
0x00007ff60c1adae1 (Unity) GetStacktrace
0x00007ff60b0af20d (Unity) ScriptingGCHandle::ReleaseAndClear
0x00007ff60b67748c (Unity) UploadHandlerRaw::`vector deleting destructor'
0x00007ff60b67803d (Unity) UploadHandler::Release
0x00007ff60b6748dd (Unity) UnityWebRequestProto<UnityWebRequestTransport,AtomicRefCounter,RedirectHelper,ResponseHelper,DownloadHandler,UploadHandler,CertificateHandler,HeaderHelper,AsyncOperation>::~UnityWebRequestProto<UnityWebRequestTransport,AtomicRefCounter,RedirectHelper,ResponseHelper,DownloadHandler,UploadHandler,CertificateHandler,HeaderHelper,AsyncOperation>
0x00007ff60b674bd6 (Unity) UnityWebRequest::`vector deleting destructor'
0x00007ff60a3c4b77 (Unity) UnityWebRequestProto<UnityWebRequestTransport,AtomicRefCounter,RedirectHelper,ResponseHelper,DownloadHandler,UploadHandler,CertificateHandler,HeaderHelper,AsyncOperation>::Release
0x00007ff60b676605 (Unity) UnityWebRequestAsyncOperation::InvokeCoroutine
0x00007ff60b6767e1 (Unity) UnityWebRequestProto<UnityWebRequestTransport,AtomicRefCounter,RedirectHelper,ResponseHelper,DownloadHandler,UploadHandler,CertificateHandler,HeaderHelper,AsyncOperation>::Job_InvokeCoroutine
0x00007ff60acdb54a (Unity) BackgroundJobQueue::ExecuteMainThreadJobs
0x00007ff60ad9005f (Unity) PreloadManager::WaitForAllAsyncOperationsToComplete
0x00007ff60c553af8 (Unity) <lambda_b37b41f03089e3cb3f55061bbc93253d>::operator()
0x00007ff60c58f422 (Unity) asio::detail::completion_handler<core::mutable_function<void __cdecl(void)>,asio::io_context::basic_executor_type<std::allocator<void>,0> >::do_complete
0x00007ff60c57b3ce (Unity) asio::detail::win_iocp_io_context::do_one
0x00007ff60c57d034 (Unity) asio::detail::win_iocp_io_context::run
0x00007ff60c58d7cc (Unity) IOService::Run
0x00007ff60c560c2f (Unity) AssetImportWorkerClient::Run
0x00007ff60c52c3d7 (Unity) RunAssetImportWorkerClientV2
0x00007ff60c52c45b (Unity) RunAssetImporterV2
0x00007ff60bd231de (Unity) Application::InitializeProject
0x00007ff60c1b8795 (Unity) WinMain
0x00007ff60d5835ce (Unity) __scrt_common_main_seh
0x00007ffa8b87e8d7 (KERNEL32) BaseThreadInitThunk
0x00007ffa8c1714fc (ntdll) RtlUserThreadStart
Unloading 3360 Unused Serialized files (Serialized files now loaded: 0)
Unloading 28 unused Assets / (396.9 KB). Loaded Objects now: 4399.
Memory consumption went from 147.2 MB to 146.8 MB.
Total: 4.069500 ms (FindLiveObjects: 0.259400 ms CreateObjectMapping: 0.102900 ms MarkObjects: 3.461500 ms  DeleteObjects: 0.244100 ms)

Prepare: number of updated asset objects reloaded= 0
AssetImportParameters requested are different than current active one (requested -> active):
  custom:container-demuxer-ogg: 62fdf1f143b41e24485cea50d1cbac27 -> 
  custom:video-codec-MediaFoundation-h265: 746d11721c4dcdbdad8f713fa42b33f4 -> 
  custom:video-decoder-ogg-theora: a1e56fd34408186e4bbccfd4996cb3dc -> 
  custom:framework-win-MediaFoundation: 216162199b28c13a410421893ffa2e32 -> 
  custom:CustomObjectIndexerAttribute: 9a22284fe3817be447336de3de66b15e -> 
  custom:container-demuxer-webm: 4f35f7cbe854078d1ac9338744f61a02 -> 
  custom:container-muxer-webm: aa71ff27fc2769a1b78a27578f13a17b -> 
  custom:video-decoder-webm-vp8: 9c59270c3fd7afecdb556c50c9e8de78 -> 
  custom:SearchIndexIgnoredProperties: e643bd26f0fe6173181afceb89e7c659 -> 
  custom:AudioImporter_EditorPlatform: d09bf68614088b80899f8185d706f6e7 -> 
  custom:video-encoder-webm-vp8: eb34c28f22e8b96e1ab97ce403110664 -> 
  custom:scripting/monoscript/fileName/TextureAnimator.cs: 4ff9f3da57bffade570aa3cdb1c96685 -> 
  custom:audio-decoder-ogg-vorbis: bf7c407c2cedff20999df2af8eb42d56 -> 
  custom:audio-encoder-webm-vorbis: bf7c407c2cedff20999df2af8eb42d56 -> 
  custom:scripting/precompiled-assembly-types:Assembly-CSharp: 36d289a2072fff615a3e377c6f30ddd1 -> d0e4d9b8e3191607d5c08abaebdab676
========================================================================
Received Prepare
Caller must complete domain reload
Begin MonoManager ReloadAssembly
- Loaded All Assemblies, in  0.475 seconds
Native extension for WindowsStandalone target not found
Native extension for Android target not found
Native extension for WebGL target not found
[Package Manager] Server::EnsureServerProcessIsRunning -- launch failed, reason: Unity was launched with the -noUpm command-line argument
[Package Manager] UpmClient::Send -- Unable to send message (not connected to UPM process).
[Package Manager] Cannot connect to Unity Package Manager local server
Failed to sync packages list
UnityEngine.StackTraceUtility:ExtractStackTrace ()
UnityEngine.DebugLogHandler:LogFormat (UnityEngine.LogType,UnityEngine.Object,string,object[])
UnityEngine.Logger:Log (UnityEngine.LogType,object)
UnityEngine.Debug:LogWarning (object)
 .  / :MoveNext ()
System.Runtime.CompilerServices.AsyncVoidMethodBuilder:Start< .  / > ( .  / &)
 .  :  ()
 .⁪/ :MoveNext ()
System.Runtime.CompilerServices.AsyncTaskMethodBuilder:Start< .⁪/ > ( .⁪/ &)
 .⁪:  ()
System.Reflection.RuntimeMethodInfo:Invoke (object,System.Reflection.BindingFlags,System.Reflection.Binder,object[],System.Globalization.CultureInfo)
System.Reflection.MethodBase:Invoke (object,object[])
UnityEditor.EditorAssemblies:ProcessInitializeOnLoadMethodAttributes ()

Mono: successfully reloaded assembly
- Finished resetting the current domain, in  1.027 seconds
Domain Reload Profiling: 1500ms
	BeginReloadAssembly (159ms)
		ExecutionOrderSort (0ms)
		DisableScriptedObjects (7ms)
		BackupInstance (0ms)
		ReleaseScriptingObjects (0ms)
		CreateAndSetChildDomain (39ms)
	RebuildCommonClasses (34ms)
	RebuildNativeTypeToScriptingClass (10ms)
	initialDomainReloadingComplete (32ms)
	LoadAllAssembliesAndSetupDomain (238ms)
		LoadAssemblies (297ms)
		RebuildTransferFunctionScriptingTraits (0ms)
		AnalyzeDomain (20ms)
			TypeCache.Refresh (8ms)
				TypeCache.ScanAssembly (0ms)
			ScanForSourceGeneratedMonoScriptInfo (0ms)
			ResolveRequiredComponents (8ms)
	FinalizeReload (1027ms)
		ReleaseScriptCaches (0ms)
		RebuildScriptCaches (0ms)
		SetupLoadedEditorAssemblies (573ms)
			LogAssemblyErrors (0ms)
			InitializePlatformSupportModulesInManaged (19ms)
			SetLoadedEditorAssemblies (5ms)
			RefreshPlugins (0ms)
			BeforeProcessingInitializeOnLoad (68ms)
			ProcessInitializeOnLoadAttributes (422ms)
			ProcessInitializeOnLoadMethodAttributes (54ms)
			AfterProcessingInitializeOnLoad (5ms)
			EditorAssembliesLoaded (0ms)
		ExecutionOrderSort2 (0ms)
		AwakeInstancesAfterBackupRestoration (6ms)
Refreshing native plugins compatible for Editor in 8.45 ms, found 6 plugins.
Preloading 0 native plugins for Editor in 0.00 ms.
Release of invalid GC handle. The handle is from a previous domain. The release operation is skipped.
Release of invalid GC handle native callstack: 
0x00007ff60b1b424d (Unity) StackWalker::GetCurrentCallstack
0x00007ff60b1b9329 (Unity) StackWalker::ShowCallstack
0x00007ff60c1adae1 (Unity) GetStacktrace
0x00007ff60b0af20d (Unity) ScriptingGCHandle::ReleaseAndClear
0x00007ff60b67748c (Unity) UploadHandlerRaw::`vector deleting destructor'
0x00007ff60b67803d (Unity) UploadHandler::Release
0x00007ff60b6748dd (Unity) UnityWebRequestProto<UnityWebRequestTransport,AtomicRefCounter,RedirectHelper,ResponseHelper,DownloadHandler,UploadHandler,CertificateHandler,HeaderHelper,AsyncOperation>::~UnityWebRequestProto<UnityWebRequestTransport,AtomicRefCounter,RedirectHelper,ResponseHelper,DownloadHandler,UploadHandler,CertificateHandler,HeaderHelper,AsyncOperation>
0x00007ff60b674bd6 (Unity) UnityWebRequest::`vector deleting destructor'
0x00007ff60a3c4b77 (Unity) UnityWebRequestProto<UnityWebRequestTransport,AtomicRefCounter,RedirectHelper,ResponseHelper,DownloadHandler,UploadHandler,CertificateHandler,HeaderHelper,AsyncOperation>::Release
0x00007ff60b676605 (Unity) UnityWebRequestAsyncOperation::InvokeCoroutine
0x00007ff60b6767e1 (Unity) UnityWebRequestProto<UnityWebRequestTransport,AtomicRefCounter,RedirectHelper,ResponseHelper,DownloadHandler,UploadHandler,CertificateHandler,HeaderHelper,AsyncOperation>::Job_InvokeCoroutine
0x00007ff60acdb54a (Unity) BackgroundJobQueue::ExecuteMainThreadJobs
0x00007ff60ad9005f (Unity) PreloadManager::WaitForAllAsyncOperationsToComplete
0x00007ff60c553af8 (Unity) <lambda_b37b41f03089e3cb3f55061bbc93253d>::operator()
0x00007ff60c58f422 (Unity) asio::detail::completion_handler<core::mutable_function<void __cdecl(void)>,asio::io_context::basic_executor_type<std::allocator<void>,0> >::do_complete
0x00007ff60c57b3ce (Unity) asio::detail::win_iocp_io_context::do_one
0x00007ff60c57d034 (Unity) asio::detail::win_iocp_io_context::run
0x00007ff60c58d7cc (Unity) IOService::Run
0x00007ff60c560c2f (Unity) AssetImportWorkerClient::Run
0x00007ff60c52c3d7 (Unity) RunAssetImportWorkerClientV2
0x00007ff60c52c45b (Unity) RunAssetImporterV2
0x00007ff60bd231de (Unity) Application::InitializeProject
0x00007ff60c1b8795 (Unity) WinMain
0x00007ff60d5835ce (Unity) __scrt_common_main_seh
0x00007ffa8b87e8d7 (KERNEL32) BaseThreadInitThunk
0x00007ffa8c1714fc (ntdll) RtlUserThreadStart
Unloading 3360 Unused Serialized files (Serialized files now loaded: 0)
Unloading 28 unused Assets / (397.1 KB). Loaded Objects now: 4404.
Memory consumption went from 147.3 MB to 147.0 MB.
Total: 5.387100 ms (FindLiveObjects: 0.394000 ms CreateObjectMapping: 0.240000 ms MarkObjects: 4.362000 ms  DeleteObjects: 0.389700 ms)

Prepare: number of updated asset objects reloaded= 0
AssetImportParameters requested are different than current active one (requested -> active):
  custom:container-demuxer-ogg: 62fdf1f143b41e24485cea50d1cbac27 -> 
  custom:video-codec-MediaFoundation-h265: 746d11721c4dcdbdad8f713fa42b33f4 -> 
  custom:video-decoder-ogg-theora: a1e56fd34408186e4bbccfd4996cb3dc -> 
  custom:framework-win-MediaFoundation: 216162199b28c13a410421893ffa2e32 -> 
  custom:CustomObjectIndexerAttribute: 9a22284fe3817be447336de3de66b15e -> 
  custom:container-demuxer-webm: 4f35f7cbe854078d1ac9338744f61a02 -> 
  custom:container-muxer-webm: aa71ff27fc2769a1b78a27578f13a17b -> 
  custom:video-decoder-webm-vp8: 9c59270c3fd7afecdb556c50c9e8de78 -> 
  custom:SearchIndexIgnoredProperties: e643bd26f0fe6173181afceb89e7c659 -> 
  custom:AudioImporter_EditorPlatform: d09bf68614088b80899f8185d706f6e7 -> 
  custom:video-encoder-webm-vp8: eb34c28f22e8b96e1ab97ce403110664 -> 
  custom:scripting/monoscript/fileName/TextureAnimator.cs: 4ff9f3da57bffade570aa3cdb1c96685 -> 
  custom:audio-decoder-ogg-vorbis: bf7c407c2cedff20999df2af8eb42d56 -> 
  custom:audio-encoder-webm-vorbis: bf7c407c2cedff20999df2af8eb42d56 -> 
  custom:scripting/precompiled-assembly-types:Assembly-CSharp: 36d289a2072fff615a3e377c6f30ddd1 -> d0e4d9b8e3191607d5c08abaebdab676
========================================================================
Received Prepare
Caller must complete domain reload
Begin MonoManager ReloadAssembly
- Loaded All Assemblies, in  0.492 seconds
Native extension for WindowsStandalone target not found
Native extension for Android target not found
Native extension for WebGL target not found
[Package Manager] Server::EnsureServerProcessIsRunning -- launch failed, reason: Unity was launched with the -noUpm command-line argument
[Package Manager] UpmClient::Send -- Unable to send message (not connected to UPM process).
[Package Manager] Cannot connect to Unity Package Manager local server
Failed to sync packages list
UnityEngine.StackTraceUtility:ExtractStackTrace ()
UnityEngine.DebugLogHandler:LogFormat (UnityEngine.LogType,UnityEngine.Object,string,object[])
UnityEngine.Logger:Log (UnityEngine.LogType,object)
UnityEngine.Debug:LogWarning (object)
 .  / :MoveNext ()
System.Runtime.CompilerServices.AsyncVoidMethodBuilder:Start< .  / > ( .  / &)
 .  :  ()
 .⁪/ :MoveNext ()
System.Runtime.CompilerServices.AsyncTaskMethodBuilder:Start< .⁪/ > ( .⁪/ &)
 .⁪:  ()
System.Reflection.RuntimeMethodInfo:Invoke (object,System.Reflection.BindingFlags,System.Reflection.Binder,object[],System.Globalization.CultureInfo)
System.Reflection.MethodBase:Invoke (object,object[])
UnityEditor.EditorAssemblies:ProcessInitializeOnLoadMethodAttributes ()

Mono: successfully reloaded assembly
- Finished resetting the current domain, in  1.012 seconds
Domain Reload Profiling: 1502ms
	BeginReloadAssembly (174ms)
		ExecutionOrderSort (0ms)
		DisableScriptedObjects (5ms)
		BackupInstance (0ms)
		ReleaseScriptingObjects (0ms)
		CreateAndSetChildDomain (32ms)
	RebuildCommonClasses (45ms)
	RebuildNativeTypeToScriptingClass (11ms)
	initialDomainReloadingComplete (33ms)
	LoadAllAssembliesAndSetupDomain (227ms)
		LoadAssemblies (314ms)
		RebuildTransferFunctionScriptingTraits (0ms)
		AnalyzeDomain (16ms)
			TypeCache.Refresh (7ms)
				TypeCache.ScanAssembly (0ms)
			ScanForSourceGeneratedMonoScriptInfo (0ms)
			ResolveRequiredComponents (6ms)
	FinalizeReload (1013ms)
		ReleaseScriptCaches (0ms)
		RebuildScriptCaches (0ms)
		SetupLoadedEditorAssemblies (572ms)
			LogAssemblyErrors (0ms)
			InitializePlatformSupportModulesInManaged (19ms)
			SetLoadedEditorAssemblies (4ms)
			RefreshPlugins (0ms)
			BeforeProcessingInitializeOnLoad (64ms)
			ProcessInitializeOnLoadAttributes (420ms)
			ProcessInitializeOnLoadMethodAttributes (59ms)
			AfterProcessingInitializeOnLoad (4ms)
			EditorAssembliesLoaded (0ms)
		ExecutionOrderSort2 (0ms)
		AwakeInstancesAfterBackupRestoration (8ms)
Refreshing native plugins compatible for Editor in 3.71 ms, found 6 plugins.
Preloading 0 native plugins for Editor in 0.00 ms.
Release of invalid GC handle. The handle is from a previous domain. The release operation is skipped.
Release of invalid GC handle native callstack: 
0x00007ff60b1b424d (Unity) StackWalker::GetCurrentCallstack
0x00007ff60b1b9329 (Unity) StackWalker::ShowCallstack
0x00007ff60c1adae1 (Unity) GetStacktrace
0x00007ff60b0af20d (Unity) ScriptingGCHandle::ReleaseAndClear
0x00007ff60b67748c (Unity) UploadHandlerRaw::`vector deleting destructor'
0x00007ff60b67803d (Unity) UploadHandler::Release
0x00007ff60b6748dd (Unity) UnityWebRequestProto<UnityWebRequestTransport,AtomicRefCounter,RedirectHelper,ResponseHelper,DownloadHandler,UploadHandler,CertificateHandler,HeaderHelper,AsyncOperation>::~UnityWebRequestProto<UnityWebRequestTransport,AtomicRefCounter,RedirectHelper,ResponseHelper,DownloadHandler,UploadHandler,CertificateHandler,HeaderHelper,AsyncOperation>
0x00007ff60b674bd6 (Unity) UnityWebRequest::`vector deleting destructor'
0x00007ff60a3c4b77 (Unity) UnityWebRequestProto<UnityWebRequestTransport,AtomicRefCounter,RedirectHelper,ResponseHelper,DownloadHandler,UploadHandler,CertificateHandler,HeaderHelper,AsyncOperation>::Release
0x00007ff60b676605 (Unity) UnityWebRequestAsyncOperation::InvokeCoroutine
0x00007ff60b6767e1 (Unity) UnityWebRequestProto<UnityWebRequestTransport,AtomicRefCounter,RedirectHelper,ResponseHelper,DownloadHandler,UploadHandler,CertificateHandler,HeaderHelper,AsyncOperation>::Job_InvokeCoroutine
0x00007ff60acdb54a (Unity) BackgroundJobQueue::ExecuteMainThreadJobs
0x00007ff60ad9005f (Unity) PreloadManager::WaitForAllAsyncOperationsToComplete
0x00007ff60c553af8 (Unity) <lambda_b37b41f03089e3cb3f55061bbc93253d>::operator()
0x00007ff60c58f422 (Unity) asio::detail::completion_handler<core::mutable_function<void __cdecl(void)>,asio::io_context::basic_executor_type<std::allocator<void>,0> >::do_complete
0x00007ff60c57b3ce (Unity) asio::detail::win_iocp_io_context::do_one
0x00007ff60c57d034 (Unity) asio::detail::win_iocp_io_context::run
0x00007ff60c58d7cc (Unity) IOService::Run
0x00007ff60c560c2f (Unity) AssetImportWorkerClient::Run
0x00007ff60c52c3d7 (Unity) RunAssetImportWorkerClientV2
0x00007ff60c52c45b (Unity) RunAssetImporterV2
0x00007ff60bd231de (Unity) Application::InitializeProject
0x00007ff60c1b8795 (Unity) WinMain
0x00007ff60d5835ce (Unity) __scrt_common_main_seh
0x00007ffa8b87e8d7 (KERNEL32) BaseThreadInitThunk
0x00007ffa8c1714fc (ntdll) RtlUserThreadStart
Unloading 3360 Unused Serialized files (Serialized files now loaded: 0)
Unloading 28 unused Assets / (397.0 KB). Loaded Objects now: 4409.
Memory consumption went from 147.5 MB to 147.1 MB.
Total: 5.622200 ms (FindLiveObjects: 0.814400 ms CreateObjectMapping: 0.105300 ms MarkObjects: 4.434300 ms  DeleteObjects: 0.267200 ms)

Prepare: number of updated asset objects reloaded= 0
AssetImportParameters requested are different than current active one (requested -> active):
  custom:container-demuxer-ogg: 62fdf1f143b41e24485cea50d1cbac27 -> 
  custom:video-codec-MediaFoundation-h265: 746d11721c4dcdbdad8f713fa42b33f4 -> 
  custom:video-decoder-ogg-theora: a1e56fd34408186e4bbccfd4996cb3dc -> 
  custom:framework-win-MediaFoundation: 216162199b28c13a410421893ffa2e32 -> 
  custom:CustomObjectIndexerAttribute: 9a22284fe3817be447336de3de66b15e -> 
  custom:container-demuxer-webm: 4f35f7cbe854078d1ac9338744f61a02 -> 
  custom:container-muxer-webm: aa71ff27fc2769a1b78a27578f13a17b -> 
  custom:video-decoder-webm-vp8: 9c59270c3fd7afecdb556c50c9e8de78 -> 
  custom:SearchIndexIgnoredProperties: e643bd26f0fe6173181afceb89e7c659 -> 
  custom:AudioImporter_EditorPlatform: d09bf68614088b80899f8185d706f6e7 -> 
  custom:video-encoder-webm-vp8: eb34c28f22e8b96e1ab97ce403110664 -> 
  custom:scripting/monoscript/fileName/TextureAnimator.cs: 4ff9f3da57bffade570aa3cdb1c96685 -> 
  custom:audio-decoder-ogg-vorbis: bf7c407c2cedff20999df2af8eb42d56 -> 
  custom:audio-encoder-webm-vorbis: bf7c407c2cedff20999df2af8eb42d56 -> 
  custom:scripting/precompiled-assembly-types:Assembly-CSharp: 36d289a2072fff615a3e377c6f30ddd1 -> d0e4d9b8e3191607d5c08abaebdab676
========================================================================
Received Prepare
Caller must complete domain reload
Begin MonoManager ReloadAssembly
- Loaded All Assemblies, in  0.474 seconds
Native extension for WindowsStandalone target not found
Native extension for Android target not found
Native extension for WebGL target not found
[Package Manager] Server::EnsureServerProcessIsRunning -- launch failed, reason: Unity was launched with the -noUpm command-line argument
[Package Manager] UpmClient::Send -- Unable to send message (not connected to UPM process).
[Package Manager] Cannot connect to Unity Package Manager local server
Failed to sync packages list
UnityEngine.StackTraceUtility:ExtractStackTrace ()
UnityEngine.DebugLogHandler:LogFormat (UnityEngine.LogType,UnityEngine.Object,string,object[])
UnityEngine.Logger:Log (UnityEngine.LogType,object)
UnityEngine.Debug:LogWarning (object)
 .  / :MoveNext ()
System.Runtime.CompilerServices.AsyncVoidMethodBuilder:Start< .  / > ( .  / &)
 .  :  ()
 .⁪/ :MoveNext ()
System.Runtime.CompilerServices.AsyncTaskMethodBuilder:Start< .⁪/ > ( .⁪/ &)
 .⁪:  ()
System.Reflection.RuntimeMethodInfo:Invoke (object,System.Reflection.BindingFlags,System.Reflection.Binder,object[],System.Globalization.CultureInfo)
System.Reflection.MethodBase:Invoke (object,object[])
UnityEditor.EditorAssemblies:ProcessInitializeOnLoadMethodAttributes ()

Mono: successfully reloaded assembly
- Finished resetting the current domain, in  1.016 seconds
Domain Reload Profiling: 1489ms
	BeginReloadAssembly (176ms)
		ExecutionOrderSort (0ms)
		DisableScriptedObjects (6ms)
		BackupInstance (0ms)
		ReleaseScriptingObjects (0ms)
		CreateAndSetChildDomain (43ms)
	RebuildCommonClasses (39ms)
	RebuildNativeTypeToScriptingClass (10ms)
	initialDomainReloadingComplete (29ms)
	LoadAllAssembliesAndSetupDomain (217ms)
		LoadAssemblies (281ms)
		RebuildTransferFunctionScriptingTraits (0ms)
		AnalyzeDomain (16ms)
			TypeCache.Refresh (6ms)
				TypeCache.ScanAssembly (0ms)
			ScanForSourceGeneratedMonoScriptInfo (0ms)
			ResolveRequiredComponents (6ms)
	FinalizeReload (1017ms)
		ReleaseScriptCaches (0ms)
		RebuildScriptCaches (0ms)
		SetupLoadedEditorAssemblies (588ms)
			LogAssemblyErrors (0ms)
			InitializePlatformSupportModulesInManaged (21ms)
			SetLoadedEditorAssemblies (6ms)
			RefreshPlugins (0ms)
			BeforeProcessingInitializeOnLoad (67ms)
			ProcessInitializeOnLoadAttributes (432ms)
			ProcessInitializeOnLoadMethodAttributes (56ms)
			AfterProcessingInitializeOnLoad (7ms)
			EditorAssembliesLoaded (0ms)
		ExecutionOrderSort2 (0ms)
		AwakeInstancesAfterBackupRestoration (10ms)
Refreshing native plugins compatible for Editor in 6.89 ms, found 6 plugins.
Preloading 0 native plugins for Editor in 0.00 ms.
Release of invalid GC handle. The handle is from a previous domain. The release operation is skipped.
Release of invalid GC handle native callstack: 
0x00007ff60b1b424d (Unity) StackWalker::GetCurrentCallstack
0x00007ff60b1b9329 (Unity) StackWalker::ShowCallstack
0x00007ff60c1adae1 (Unity) GetStacktrace
0x00007ff60b0af20d (Unity) ScriptingGCHandle::ReleaseAndClear
0x00007ff60b67748c (Unity) UploadHandlerRaw::`vector deleting destructor'
0x00007ff60b67803d (Unity) UploadHandler::Release
0x00007ff60b6748dd (Unity) UnityWebRequestProto<UnityWebRequestTransport,AtomicRefCounter,RedirectHelper,ResponseHelper,DownloadHandler,UploadHandler,CertificateHandler,HeaderHelper,AsyncOperation>::~UnityWebRequestProto<UnityWebRequestTransport,AtomicRefCounter,RedirectHelper,ResponseHelper,DownloadHandler,UploadHandler,CertificateHandler,HeaderHelper,AsyncOperation>
0x00007ff60b674bd6 (Unity) UnityWebRequest::`vector deleting destructor'
0x00007ff60a3c4b77 (Unity) UnityWebRequestProto<UnityWebRequestTransport,AtomicRefCounter,RedirectHelper,ResponseHelper,DownloadHandler,UploadHandler,CertificateHandler,HeaderHelper,AsyncOperation>::Release
0x00007ff60b676605 (Unity) UnityWebRequestAsyncOperation::InvokeCoroutine
0x00007ff60b6767e1 (Unity) UnityWebRequestProto<UnityWebRequestTransport,AtomicRefCounter,RedirectHelper,ResponseHelper,DownloadHandler,UploadHandler,CertificateHandler,HeaderHelper,AsyncOperation>::Job_InvokeCoroutine
0x00007ff60acdb54a (Unity) BackgroundJobQueue::ExecuteMainThreadJobs
0x00007ff60ad9005f (Unity) PreloadManager::WaitForAllAsyncOperationsToComplete
0x00007ff60c553af8 (Unity) <lambda_b37b41f03089e3cb3f55061bbc93253d>::operator()
0x00007ff60c58f422 (Unity) asio::detail::completion_handler<core::mutable_function<void __cdecl(void)>,asio::io_context::basic_executor_type<std::allocator<void>,0> >::do_complete
0x00007ff60c57b3ce (Unity) asio::detail::win_iocp_io_context::do_one
0x00007ff60c57d034 (Unity) asio::detail::win_iocp_io_context::run
0x00007ff60c58d7cc (Unity) IOService::Run
0x00007ff60c560c2f (Unity) AssetImportWorkerClient::Run
0x00007ff60c52c3d7 (Unity) RunAssetImportWorkerClientV2
0x00007ff60c52c45b (Unity) RunAssetImporterV2
0x00007ff60bd231de (Unity) Application::InitializeProject
0x00007ff60c1b8795 (Unity) WinMain
0x00007ff60d5835ce (Unity) __scrt_common_main_seh
0x00007ffa8b87e8d7 (KERNEL32) BaseThreadInitThunk
0x00007ffa8c1714fc (ntdll) RtlUserThreadStart
Unloading 3360 Unused Serialized files (Serialized files now loaded: 0)
Unloading 28 unused Assets / (397.0 KB). Loaded Objects now: 4414.
Memory consumption went from 147.7 MB to 147.3 MB.
Total: 4.210800 ms (FindLiveObjects: 0.529700 ms CreateObjectMapping: 0.127000 ms MarkObjects: 3.309500 ms  DeleteObjects: 0.243700 ms)

Prepare: number of updated asset objects reloaded= 0
AssetImportParameters requested are different than current active one (requested -> active):
  custom:container-demuxer-ogg: 62fdf1f143b41e24485cea50d1cbac27 -> 
  custom:video-codec-MediaFoundation-h265: 746d11721c4dcdbdad8f713fa42b33f4 -> 
  custom:video-decoder-ogg-theora: a1e56fd34408186e4bbccfd4996cb3dc -> 
  custom:framework-win-MediaFoundation: 216162199b28c13a410421893ffa2e32 -> 
  custom:CustomObjectIndexerAttribute: 9a22284fe3817be447336de3de66b15e -> 
  custom:container-demuxer-webm: 4f35f7cbe854078d1ac9338744f61a02 -> 
  custom:container-muxer-webm: aa71ff27fc2769a1b78a27578f13a17b -> 
  custom:video-decoder-webm-vp8: 9c59270c3fd7afecdb556c50c9e8de78 -> 
  custom:SearchIndexIgnoredProperties: e643bd26f0fe6173181afceb89e7c659 -> 
  custom:AudioImporter_EditorPlatform: d09bf68614088b80899f8185d706f6e7 -> 
  custom:video-encoder-webm-vp8: eb34c28f22e8b96e1ab97ce403110664 -> 
  custom:scripting/monoscript/fileName/TextureAnimator.cs: 4ff9f3da57bffade570aa3cdb1c96685 -> 
  custom:audio-decoder-ogg-vorbis: bf7c407c2cedff20999df2af8eb42d56 -> 
  custom:audio-encoder-webm-vorbis: bf7c407c2cedff20999df2af8eb42d56 -> 
  custom:scripting/precompiled-assembly-types:Assembly-CSharp: 36d289a2072fff615a3e377c6f30ddd1 -> d0e4d9b8e3191607d5c08abaebdab676
========================================================================
Received Prepare
Caller must complete domain reload
Begin MonoManager ReloadAssembly
- Loaded All Assemblies, in  0.464 seconds
Native extension for WindowsStandalone target not found
Native extension for Android target not found
Native extension for WebGL target not found
[Package Manager] Server::EnsureServerProcessIsRunning -- launch failed, reason: Unity was launched with the -noUpm command-line argument
[Package Manager] UpmClient::Send -- Unable to send message (not connected to UPM process).
[Package Manager] Cannot connect to Unity Package Manager local server
Failed to sync packages list
UnityEngine.StackTraceUtility:ExtractStackTrace ()
UnityEngine.DebugLogHandler:LogFormat (UnityEngine.LogType,UnityEngine.Object,string,object[])
UnityEngine.Logger:Log (UnityEngine.LogType,object)
UnityEngine.Debug:LogWarning (object)
 .  / :MoveNext ()
System.Runtime.CompilerServices.AsyncVoidMethodBuilder:Start< .  / > ( .  / &)
 .  :  ()
 .⁪/ :MoveNext ()
System.Runtime.CompilerServices.AsyncTaskMethodBuilder:Start< .⁪/ > ( .⁪/ &)
 .⁪:  ()
System.Reflection.RuntimeMethodInfo:Invoke (object,System.Reflection.BindingFlags,System.Reflection.Binder,object[],System.Globalization.CultureInfo)
System.Reflection.MethodBase:Invoke (object,object[])
UnityEditor.EditorAssemblies:ProcessInitializeOnLoadMethodAttributes ()

Mono: successfully reloaded assembly
- Finished resetting the current domain, in  1.040 seconds
Domain Reload Profiling: 1503ms
	BeginReloadAssembly (162ms)
		ExecutionOrderSort (0ms)
		DisableScriptedObjects (5ms)
		BackupInstance (0ms)
		ReleaseScriptingObjects (0ms)
		CreateAndSetChildDomain (42ms)
	RebuildCommonClasses (33ms)
	RebuildNativeTypeToScriptingClass (10ms)
	initialDomainReloadingComplete (34ms)
	LoadAllAssembliesAndSetupDomain (223ms)
		LoadAssemblies (282ms)
		RebuildTransferFunctionScriptingTraits (0ms)
		AnalyzeDomain (16ms)
			TypeCache.Refresh (7ms)
				TypeCache.ScanAssembly (0ms)
			ScanForSourceGeneratedMonoScriptInfo (0ms)
			ResolveRequiredComponents (6ms)
	FinalizeReload (1042ms)
		ReleaseScriptCaches (0ms)
		RebuildScriptCaches (0ms)
		SetupLoadedEditorAssemblies (597ms)
			LogAssemblyErrors (0ms)
			InitializePlatformSupportModulesInManaged (25ms)
			SetLoadedEditorAssemblies (5ms)
			RefreshPlugins (0ms)
			BeforeProcessingInitializeOnLoad (73ms)
			ProcessInitializeOnLoadAttributes (436ms)
			ProcessInitializeOnLoadMethodAttributes (52ms)
			AfterProcessingInitializeOnLoad (6ms)
			EditorAssembliesLoaded (0ms)
		ExecutionOrderSort2 (0ms)
		AwakeInstancesAfterBackupRestoration (6ms)
Refreshing native plugins compatible for Editor in 4.37 ms, found 6 plugins.
Preloading 0 native plugins for Editor in 0.00 ms.
Release of invalid GC handle. The handle is from a previous domain. The release operation is skipped.
Release of invalid GC handle native callstack: 
0x00007ff60b1b424d (Unity) StackWalker::GetCurrentCallstack
0x00007ff60b1b9329 (Unity) StackWalker::ShowCallstack
0x00007ff60c1adae1 (Unity) GetStacktrace
0x00007ff60b0af20d (Unity) ScriptingGCHandle::ReleaseAndClear
0x00007ff60b67748c (Unity) UploadHandlerRaw::`vector deleting destructor'
0x00007ff60b67803d (Unity) UploadHandler::Release
0x00007ff60b6748dd (Unity) UnityWebRequestProto<UnityWebRequestTransport,AtomicRefCounter,RedirectHelper,ResponseHelper,DownloadHandler,UploadHandler,CertificateHandler,HeaderHelper,AsyncOperation>::~UnityWebRequestProto<UnityWebRequestTransport,AtomicRefCounter,RedirectHelper,ResponseHelper,DownloadHandler,UploadHandler,CertificateHandler,HeaderHelper,AsyncOperation>
0x00007ff60b674bd6 (Unity) UnityWebRequest::`vector deleting destructor'
0x00007ff60a3c4b77 (Unity) UnityWebRequestProto<UnityWebRequestTransport,AtomicRefCounter,RedirectHelper,ResponseHelper,DownloadHandler,UploadHandler,CertificateHandler,HeaderHelper,AsyncOperation>::Release
0x00007ff60b676605 (Unity) UnityWebRequestAsyncOperation::InvokeCoroutine
0x00007ff60b6767e1 (Unity) UnityWebRequestProto<UnityWebRequestTransport,AtomicRefCounter,RedirectHelper,ResponseHelper,DownloadHandler,UploadHandler,CertificateHandler,HeaderHelper,AsyncOperation>::Job_InvokeCoroutine
0x00007ff60acdb54a (Unity) BackgroundJobQueue::ExecuteMainThreadJobs
0x00007ff60ad9005f (Unity) PreloadManager::WaitForAllAsyncOperationsToComplete
0x00007ff60c553af8 (Unity) <lambda_b37b41f03089e3cb3f55061bbc93253d>::operator()
0x00007ff60c58f422 (Unity) asio::detail::completion_handler<core::mutable_function<void __cdecl(void)>,asio::io_context::basic_executor_type<std::allocator<void>,0> >::do_complete
0x00007ff60c57b3ce (Unity) asio::detail::win_iocp_io_context::do_one
0x00007ff60c57d034 (Unity) asio::detail::win_iocp_io_context::run
0x00007ff60c58d7cc (Unity) IOService::Run
0x00007ff60c560c2f (Unity) AssetImportWorkerClient::Run
0x00007ff60c52c3d7 (Unity) RunAssetImportWorkerClientV2
0x00007ff60c52c45b (Unity) RunAssetImporterV2
0x00007ff60bd231de (Unity) Application::InitializeProject
0x00007ff60c1b8795 (Unity) WinMain
0x00007ff60d5835ce (Unity) __scrt_common_main_seh
0x00007ffa8b87e8d7 (KERNEL32) BaseThreadInitThunk
0x00007ffa8c1714fc (ntdll) RtlUserThreadStart
Unloading 3360 Unused Serialized files (Serialized files now loaded: 0)
Unloading 28 unused Assets / (397.0 KB). Loaded Objects now: 4419.
Memory consumption went from 147.8 MB to 147.4 MB.
Total: 4.295600 ms (FindLiveObjects: 0.252800 ms CreateObjectMapping: 0.104300 ms MarkObjects: 3.686600 ms  DeleteObjects: 0.250600 ms)

Prepare: number of updated asset objects reloaded= 0
AssetImportParameters requested are different than current active one (requested -> active):
  custom:container-demuxer-ogg: 62fdf1f143b41e24485cea50d1cbac27 -> 
  custom:video-codec-MediaFoundation-h265: 746d11721c4dcdbdad8f713fa42b33f4 -> 
  custom:video-decoder-ogg-theora: a1e56fd34408186e4bbccfd4996cb3dc -> 
  custom:framework-win-MediaFoundation: 216162199b28c13a410421893ffa2e32 -> 
  custom:CustomObjectIndexerAttribute: 9a22284fe3817be447336de3de66b15e -> 
  custom:container-demuxer-webm: 4f35f7cbe854078d1ac9338744f61a02 -> 
  custom:container-muxer-webm: aa71ff27fc2769a1b78a27578f13a17b -> 
  custom:video-decoder-webm-vp8: 9c59270c3fd7afecdb556c50c9e8de78 -> 
  custom:SearchIndexIgnoredProperties: e643bd26f0fe6173181afceb89e7c659 -> 
  custom:AudioImporter_EditorPlatform: d09bf68614088b80899f8185d706f6e7 -> 
  custom:video-encoder-webm-vp8: eb34c28f22e8b96e1ab97ce403110664 -> 
  custom:scripting/monoscript/fileName/TextureAnimator.cs: 4ff9f3da57bffade570aa3cdb1c96685 -> 
  custom:audio-decoder-ogg-vorbis: bf7c407c2cedff20999df2af8eb42d56 -> 
  custom:audio-encoder-webm-vorbis: bf7c407c2cedff20999df2af8eb42d56 -> 
  custom:scripting/precompiled-assembly-types:Assembly-CSharp: 36d289a2072fff615a3e377c6f30ddd1 -> d0e4d9b8e3191607d5c08abaebdab676
========================================================================
Received Prepare
Caller must complete domain reload
Begin MonoManager ReloadAssembly
- Loaded All Assemblies, in  0.453 seconds
Native extension for WindowsStandalone target not found
Native extension for Android target not found
Native extension for WebGL target not found
[Package Manager] Server::EnsureServerProcessIsRunning -- launch failed, reason: Unity was launched with the -noUpm command-line argument
[Package Manager] UpmClient::Send -- Unable to send message (not connected to UPM process).
[Package Manager] Cannot connect to Unity Package Manager local server
Failed to sync packages list
UnityEngine.StackTraceUtility:ExtractStackTrace ()
UnityEngine.DebugLogHandler:LogFormat (UnityEngine.LogType,UnityEngine.Object,string,object[])
UnityEngine.Logger:Log (UnityEngine.LogType,object)
UnityEngine.Debug:LogWarning (object)
 .  / :MoveNext ()
System.Runtime.CompilerServices.AsyncVoidMethodBuilder:Start< .  / > ( .  / &)
 .  :  ()
 .⁪/ :MoveNext ()
System.Runtime.CompilerServices.AsyncTaskMethodBuilder:Start< .⁪/ > ( .⁪/ &)
 .⁪:  ()
System.Reflection.RuntimeMethodInfo:Invoke (object,System.Reflection.BindingFlags,System.Reflection.Binder,object[],System.Globalization.CultureInfo)
System.Reflection.MethodBase:Invoke (object,object[])
UnityEditor.EditorAssemblies:ProcessInitializeOnLoadMethodAttributes ()

Mono: successfully reloaded assembly
- Finished resetting the current domain, in  1.061 seconds
Domain Reload Profiling: 1512ms
	BeginReloadAssembly (150ms)
		ExecutionOrderSort (0ms)
		DisableScriptedObjects (5ms)
		BackupInstance (0ms)
		ReleaseScriptingObjects (0ms)
		CreateAndSetChildDomain (34ms)
	RebuildCommonClasses (39ms)
	RebuildNativeTypeToScriptingClass (10ms)
	initialDomainReloadingComplete (33ms)
	LoadAllAssembliesAndSetupDomain (219ms)
		LoadAssemblies (278ms)
		RebuildTransferFunctionScriptingTraits (0ms)
		AnalyzeDomain (18ms)
			TypeCache.Refresh (9ms)
				TypeCache.ScanAssembly (0ms)
			ScanForSourceGeneratedMonoScriptInfo (0ms)
			ResolveRequiredComponents (6ms)
	FinalizeReload (1062ms)
		ReleaseScriptCaches (0ms)
		RebuildScriptCaches (0ms)
		SetupLoadedEditorAssemblies (567ms)
			LogAssemblyErrors (0ms)
			InitializePlatformSupportModulesInManaged (18ms)
			SetLoadedEditorAssemblies (6ms)
			RefreshPlugins (0ms)
			BeforeProcessingInitializeOnLoad (68ms)
			ProcessInitializeOnLoadAttributes (418ms)
			ProcessInitializeOnLoadMethodAttributes (50ms)
			AfterProcessingInitializeOnLoad (7ms)
			EditorAssembliesLoaded (0ms)
		ExecutionOrderSort2 (0ms)
		AwakeInstancesAfterBackupRestoration (7ms)
Refreshing native plugins compatible for Editor in 3.40 ms, found 6 plugins.
Preloading 0 native plugins for Editor in 0.00 ms.
Release of invalid GC handle. The handle is from a previous domain. The release operation is skipped.
Release of invalid GC handle native callstack: 
0x00007ff60b1b424d (Unity) StackWalker::GetCurrentCallstack
0x00007ff60b1b9329 (Unity) StackWalker::ShowCallstack
0x00007ff60c1adae1 (Unity) GetStacktrace
0x00007ff60b0af20d (Unity) ScriptingGCHandle::ReleaseAndClear
0x00007ff60b67748c (Unity) UploadHandlerRaw::`vector deleting destructor'
0x00007ff60b67803d (Unity) UploadHandler::Release
0x00007ff60b6748dd (Unity) UnityWebRequestProto<UnityWebRequestTransport,AtomicRefCounter,RedirectHelper,ResponseHelper,DownloadHandler,UploadHandler,CertificateHandler,HeaderHelper,AsyncOperation>::~UnityWebRequestProto<UnityWebRequestTransport,AtomicRefCounter,RedirectHelper,ResponseHelper,DownloadHandler,UploadHandler,CertificateHandler,HeaderHelper,AsyncOperation>
0x00007ff60b674bd6 (Unity) UnityWebRequest::`vector deleting destructor'
0x00007ff60a3c4b77 (Unity) UnityWebRequestProto<UnityWebRequestTransport,AtomicRefCounter,RedirectHelper,ResponseHelper,DownloadHandler,UploadHandler,CertificateHandler,HeaderHelper,AsyncOperation>::Release
0x00007ff60b676605 (Unity) UnityWebRequestAsyncOperation::InvokeCoroutine
0x00007ff60b6767e1 (Unity) UnityWebRequestProto<UnityWebRequestTransport,AtomicRefCounter,RedirectHelper,ResponseHelper,DownloadHandler,UploadHandler,CertificateHandler,HeaderHelper,AsyncOperation>::Job_InvokeCoroutine
0x00007ff60acdb54a (Unity) BackgroundJobQueue::ExecuteMainThreadJobs
0x00007ff60ad9005f (Unity) PreloadManager::WaitForAllAsyncOperationsToComplete
0x00007ff60c553af8 (Unity) <lambda_b37b41f03089e3cb3f55061bbc93253d>::operator()
0x00007ff60c58f422 (Unity) asio::detail::completion_handler<core::mutable_function<void __cdecl(void)>,asio::io_context::basic_executor_type<std::allocator<void>,0> >::do_complete
0x00007ff60c57b3ce (Unity) asio::detail::win_iocp_io_context::do_one
0x00007ff60c57d034 (Unity) asio::detail::win_iocp_io_context::run
0x00007ff60c58d7cc (Unity) IOService::Run
0x00007ff60c560c2f (Unity) AssetImportWorkerClient::Run
0x00007ff60c52c3d7 (Unity) RunAssetImportWorkerClientV2
0x00007ff60c52c45b (Unity) RunAssetImporterV2
0x00007ff60bd231de (Unity) Application::InitializeProject
0x00007ff60c1b8795 (Unity) WinMain
0x00007ff60d5835ce (Unity) __scrt_common_main_seh
0x00007ffa8b87e8d7 (KERNEL32) BaseThreadInitThunk
0x00007ffa8c1714fc (ntdll) RtlUserThreadStart
Unloading 3360 Unused Serialized files (Serialized files now loaded: 0)
Unloading 28 unused Assets / (396.7 KB). Loaded Objects now: 4424.
Memory consumption went from 148.0 MB to 147.6 MB.
Total: 4.415600 ms (FindLiveObjects: 0.273300 ms CreateObjectMapping: 0.185600 ms MarkObjects: 3.701800 ms  DeleteObjects: 0.253000 ms)

Prepare: number of updated asset objects reloaded= 0
AssetImportParameters requested are different than current active one (requested -> active):
  custom:container-demuxer-ogg: 62fdf1f143b41e24485cea50d1cbac27 -> 
  custom:video-codec-MediaFoundation-h265: 746d11721c4dcdbdad8f713fa42b33f4 -> 
  custom:video-decoder-ogg-theora: a1e56fd34408186e4bbccfd4996cb3dc -> 
  custom:framework-win-MediaFoundation: 216162199b28c13a410421893ffa2e32 -> 
  custom:CustomObjectIndexerAttribute: 9a22284fe3817be447336de3de66b15e -> 
  custom:container-demuxer-webm: 4f35f7cbe854078d1ac9338744f61a02 -> 
  custom:container-muxer-webm: aa71ff27fc2769a1b78a27578f13a17b -> 
  custom:video-decoder-webm-vp8: 9c59270c3fd7afecdb556c50c9e8de78 -> 
  custom:SearchIndexIgnoredProperties: e643bd26f0fe6173181afceb89e7c659 -> 
  custom:AudioImporter_EditorPlatform: d09bf68614088b80899f8185d706f6e7 -> 
  custom:video-encoder-webm-vp8: eb34c28f22e8b96e1ab97ce403110664 -> 
  custom:scripting/monoscript/fileName/TextureAnimator.cs: 4ff9f3da57bffade570aa3cdb1c96685 -> 
  custom:audio-decoder-ogg-vorbis: bf7c407c2cedff20999df2af8eb42d56 -> 
  custom:audio-encoder-webm-vorbis: bf7c407c2cedff20999df2af8eb42d56 -> 
  custom:scripting/precompiled-assembly-types:Assembly-CSharp: 36d289a2072fff615a3e377c6f30ddd1 -> d0e4d9b8e3191607d5c08abaebdab676
========================================================================
Received Prepare
Caller must complete domain reload
Begin MonoManager ReloadAssembly
- Loaded All Assemblies, in  0.475 seconds
Native extension for WindowsStandalone target not found
Native extension for Android target not found
Native extension for WebGL target not found
[Package Manager] Server::EnsureServerProcessIsRunning -- launch failed, reason: Unity was launched with the -noUpm command-line argument
[Package Manager] UpmClient::Send -- Unable to send message (not connected to UPM process).
[Package Manager] Cannot connect to Unity Package Manager local server
Failed to sync packages list
UnityEngine.StackTraceUtility:ExtractStackTrace ()
UnityEngine.DebugLogHandler:LogFormat (UnityEngine.LogType,UnityEngine.Object,string,object[])
UnityEngine.Logger:Log (UnityEngine.LogType,object)
UnityEngine.Debug:LogWarning (object)
 .  / :MoveNext ()
System.Runtime.CompilerServices.AsyncVoidMethodBuilder:Start< .  / > ( .  / &)
 .  :  ()
 .⁪/ :MoveNext ()
System.Runtime.CompilerServices.AsyncTaskMethodBuilder:Start< .⁪/ > ( .⁪/ &)
 .⁪:  ()
System.Reflection.RuntimeMethodInfo:Invoke (object,System.Reflection.BindingFlags,System.Reflection.Binder,object[],System.Globalization.CultureInfo)
System.Reflection.MethodBase:Invoke (object,object[])
UnityEditor.EditorAssemblies:ProcessInitializeOnLoadMethodAttributes ()

Mono: successfully reloaded assembly
- Finished resetting the current domain, in  0.987 seconds
Domain Reload Profiling: 1460ms
	BeginReloadAssembly (171ms)
		ExecutionOrderSort (0ms)
		DisableScriptedObjects (5ms)
		BackupInstance (0ms)
		ReleaseScriptingObjects (0ms)
		CreateAndSetChildDomain (41ms)
	RebuildCommonClasses (34ms)
	RebuildNativeTypeToScriptingClass (11ms)
	initialDomainReloadingComplete (35ms)
	LoadAllAssembliesAndSetupDomain (221ms)
		LoadAssemblies (294ms)
		RebuildTransferFunctionScriptingTraits (0ms)
		AnalyzeDomain (16ms)
			TypeCache.Refresh (6ms)
				TypeCache.ScanAssembly (0ms)
			ScanForSourceGeneratedMonoScriptInfo (0ms)
			ResolveRequiredComponents (6ms)
	FinalizeReload (987ms)
		ReleaseScriptCaches (0ms)
		RebuildScriptCaches (0ms)
		SetupLoadedEditorAssemblies (567ms)
			LogAssemblyErrors (0ms)
			InitializePlatformSupportModulesInManaged (18ms)
			SetLoadedEditorAssemblies (4ms)
			RefreshPlugins (0ms)
			BeforeProcessingInitializeOnLoad (67ms)
			ProcessInitializeOnLoadAttributes (421ms)
			ProcessInitializeOnLoadMethodAttributes (50ms)
			AfterProcessingInitializeOnLoad (7ms)
			EditorAssembliesLoaded (0ms)
		ExecutionOrderSort2 (0ms)
		AwakeInstancesAfterBackupRestoration (10ms)
Refreshing native plugins compatible for Editor in 3.40 ms, found 6 plugins.
Preloading 0 native plugins for Editor in 0.00 ms.
Release of invalid GC handle. The handle is from a previous domain. The release operation is skipped.
Release of invalid GC handle native callstack: 
0x00007ff60b1b424d (Unity) StackWalker::GetCurrentCallstack
0x00007ff60b1b9329 (Unity) StackWalker::ShowCallstack
0x00007ff60c1adae1 (Unity) GetStacktrace
0x00007ff60b0af20d (Unity) ScriptingGCHandle::ReleaseAndClear
0x00007ff60b67748c (Unity) UploadHandlerRaw::`vector deleting destructor'
0x00007ff60b67803d (Unity) UploadHandler::Release
0x00007ff60b6748dd (Unity) UnityWebRequestProto<UnityWebRequestTransport,AtomicRefCounter,RedirectHelper,ResponseHelper,DownloadHandler,UploadHandler,CertificateHandler,HeaderHelper,AsyncOperation>::~UnityWebRequestProto<UnityWebRequestTransport,AtomicRefCounter,RedirectHelper,ResponseHelper,DownloadHandler,UploadHandler,CertificateHandler,HeaderHelper,AsyncOperation>
0x00007ff60b674bd6 (Unity) UnityWebRequest::`vector deleting destructor'
0x00007ff60a3c4b77 (Unity) UnityWebRequestProto<UnityWebRequestTransport,AtomicRefCounter,RedirectHelper,ResponseHelper,DownloadHandler,UploadHandler,CertificateHandler,HeaderHelper,AsyncOperation>::Release
0x00007ff60b676605 (Unity) UnityWebRequestAsyncOperation::InvokeCoroutine
0x00007ff60b6767e1 (Unity) UnityWebRequestProto<UnityWebRequestTransport,AtomicRefCounter,RedirectHelper,ResponseHelper,DownloadHandler,UploadHandler,CertificateHandler,HeaderHelper,AsyncOperation>::Job_InvokeCoroutine
0x00007ff60acdb54a (Unity) BackgroundJobQueue::ExecuteMainThreadJobs
0x00007ff60ad9005f (Unity) PreloadManager::WaitForAllAsyncOperationsToComplete
0x00007ff60c553af8 (Unity) <lambda_b37b41f03089e3cb3f55061bbc93253d>::operator()
0x00007ff60c58f422 (Unity) asio::detail::completion_handler<core::mutable_function<void __cdecl(void)>,asio::io_context::basic_executor_type<std::allocator<void>,0> >::do_complete
0x00007ff60c57b3ce (Unity) asio::detail::win_iocp_io_context::do_one
0x00007ff60c57d034 (Unity) asio::detail::win_iocp_io_context::run
0x00007ff60c58d7cc (Unity) IOService::Run
0x00007ff60c560c2f (Unity) AssetImportWorkerClient::Run
0x00007ff60c52c3d7 (Unity) RunAssetImportWorkerClientV2
0x00007ff60c52c45b (Unity) RunAssetImporterV2
0x00007ff60bd231de (Unity) Application::InitializeProject
0x00007ff60c1b8795 (Unity) WinMain
0x00007ff60d5835ce (Unity) __scrt_common_main_seh
0x00007ffa8b87e8d7 (KERNEL32) BaseThreadInitThunk
0x00007ffa8c1714fc (ntdll) RtlUserThreadStart
Unloading 3360 Unused Serialized files (Serialized files now loaded: 0)
Unloading 28 unused Assets / (396.9 KB). Loaded Objects now: 4429.
Memory consumption went from 148.1 MB to 147.7 MB.
Total: 3.920800 ms (FindLiveObjects: 0.259700 ms CreateObjectMapping: 0.112000 ms MarkObjects: 3.309400 ms  DeleteObjects: 0.238500 ms)

Prepare: number of updated asset objects reloaded= 0
AssetImportParameters requested are different than current active one (requested -> active):
  custom:container-demuxer-ogg: 62fdf1f143b41e24485cea50d1cbac27 -> 
  custom:video-codec-MediaFoundation-h265: 746d11721c4dcdbdad8f713fa42b33f4 -> 
  custom:video-decoder-ogg-theora: a1e56fd34408186e4bbccfd4996cb3dc -> 
  custom:framework-win-MediaFoundation: 216162199b28c13a410421893ffa2e32 -> 
  custom:CustomObjectIndexerAttribute: 9a22284fe3817be447336de3de66b15e -> 
  custom:container-demuxer-webm: 4f35f7cbe854078d1ac9338744f61a02 -> 
  custom:container-muxer-webm: aa71ff27fc2769a1b78a27578f13a17b -> 
  custom:video-decoder-webm-vp8: 9c59270c3fd7afecdb556c50c9e8de78 -> 
  custom:SearchIndexIgnoredProperties: e643bd26f0fe6173181afceb89e7c659 -> 
  custom:AudioImporter_EditorPlatform: d09bf68614088b80899f8185d706f6e7 -> 
  custom:video-encoder-webm-vp8: eb34c28f22e8b96e1ab97ce403110664 -> 
  custom:scripting/monoscript/fileName/TextureAnimator.cs: 4ff9f3da57bffade570aa3cdb1c96685 -> 
  custom:audio-decoder-ogg-vorbis: bf7c407c2cedff20999df2af8eb42d56 -> 
  custom:audio-encoder-webm-vorbis: bf7c407c2cedff20999df2af8eb42d56 -> 
  custom:scripting/precompiled-assembly-types:Assembly-CSharp: 36d289a2072fff615a3e377c6f30ddd1 -> d0e4d9b8e3191607d5c08abaebdab676
========================================================================
Received Prepare
Caller must complete domain reload
Begin MonoManager ReloadAssembly
- Loaded All Assemblies, in  0.513 seconds
Native extension for WindowsStandalone target not found
Native extension for Android target not found
Native extension for WebGL target not found
[Package Manager] Server::EnsureServerProcessIsRunning -- launch failed, reason: Unity was launched with the -noUpm command-line argument
[Package Manager] UpmClient::Send -- Unable to send message (not connected to UPM process).
[Package Manager] Cannot connect to Unity Package Manager local server
Failed to sync packages list
UnityEngine.StackTraceUtility:ExtractStackTrace ()
UnityEngine.DebugLogHandler:LogFormat (UnityEngine.LogType,UnityEngine.Object,string,object[])
UnityEngine.Logger:Log (UnityEngine.LogType,object)
UnityEngine.Debug:LogWarning (object)
 .  / :MoveNext ()
System.Runtime.CompilerServices.AsyncVoidMethodBuilder:Start< .  / > ( .  / &)
 .  :  ()
 .⁪/ :MoveNext ()
System.Runtime.CompilerServices.AsyncTaskMethodBuilder:Start< .⁪/ > ( .⁪/ &)
 .⁪:  ()
System.Reflection.RuntimeMethodInfo:Invoke (object,System.Reflection.BindingFlags,System.Reflection.Binder,object[],System.Globalization.CultureInfo)
System.Reflection.MethodBase:Invoke (object,object[])
UnityEditor.EditorAssemblies:ProcessInitializeOnLoadMethodAttributes ()

Mono: successfully reloaded assembly
- Finished resetting the current domain, in  1.043 seconds
Domain Reload Profiling: 1554ms
	BeginReloadAssembly (193ms)
		ExecutionOrderSort (0ms)
		DisableScriptedObjects (9ms)
		BackupInstance (0ms)
		ReleaseScriptingObjects (0ms)
		CreateAndSetChildDomain (41ms)
	RebuildCommonClasses (35ms)
	RebuildNativeTypeToScriptingClass (11ms)
	initialDomainReloadingComplete (32ms)
	LoadAllAssembliesAndSetupDomain (239ms)
		LoadAssemblies (318ms)
		RebuildTransferFunctionScriptingTraits (0ms)
		AnalyzeDomain (22ms)
			TypeCache.Refresh (8ms)
				TypeCache.ScanAssembly (0ms)
			ScanForSourceGeneratedMonoScriptInfo (7ms)
			ResolveRequiredComponents (5ms)
	FinalizeReload (1044ms)
		ReleaseScriptCaches (0ms)
		RebuildScriptCaches (0ms)
		SetupLoadedEditorAssemblies (624ms)
			LogAssemblyErrors (0ms)
			InitializePlatformSupportModulesInManaged (22ms)
			SetLoadedEditorAssemblies (6ms)
			RefreshPlugins (0ms)
			BeforeProcessingInitializeOnLoad (68ms)
			ProcessInitializeOnLoadAttributes (459ms)
			ProcessInitializeOnLoadMethodAttributes (61ms)
			AfterProcessingInitializeOnLoad (9ms)
			EditorAssembliesLoaded (0ms)
		ExecutionOrderSort2 (0ms)
		AwakeInstancesAfterBackupRestoration (8ms)
Refreshing native plugins compatible for Editor in 3.64 ms, found 6 plugins.
Preloading 0 native plugins for Editor in 0.00 ms.
Release of invalid GC handle. The handle is from a previous domain. The release operation is skipped.
Release of invalid GC handle native callstack: 
0x00007ff60b1b424d (Unity) StackWalker::GetCurrentCallstack
0x00007ff60b1b9329 (Unity) StackWalker::ShowCallstack
0x00007ff60c1adae1 (Unity) GetStacktrace
0x00007ff60b0af20d (Unity) ScriptingGCHandle::ReleaseAndClear
0x00007ff60b67748c (Unity) UploadHandlerRaw::`vector deleting destructor'
0x00007ff60b67803d (Unity) UploadHandler::Release
0x00007ff60b6748dd (Unity) UnityWebRequestProto<UnityWebRequestTransport,AtomicRefCounter,RedirectHelper,ResponseHelper,DownloadHandler,UploadHandler,CertificateHandler,HeaderHelper,AsyncOperation>::~UnityWebRequestProto<UnityWebRequestTransport,AtomicRefCounter,RedirectHelper,ResponseHelper,DownloadHandler,UploadHandler,CertificateHandler,HeaderHelper,AsyncOperation>
0x00007ff60b674bd6 (Unity) UnityWebRequest::`vector deleting destructor'
0x00007ff60a3c4b77 (Unity) UnityWebRequestProto<UnityWebRequestTransport,AtomicRefCounter,RedirectHelper,ResponseHelper,DownloadHandler,UploadHandler,CertificateHandler,HeaderHelper,AsyncOperation>::Release
0x00007ff60b676605 (Unity) UnityWebRequestAsyncOperation::InvokeCoroutine
0x00007ff60b6767e1 (Unity) UnityWebRequestProto<UnityWebRequestTransport,AtomicRefCounter,RedirectHelper,ResponseHelper,DownloadHandler,UploadHandler,CertificateHandler,HeaderHelper,AsyncOperation>::Job_InvokeCoroutine
0x00007ff60acdb54a (Unity) BackgroundJobQueue::ExecuteMainThreadJobs
0x00007ff60ad9005f (Unity) PreloadManager::WaitForAllAsyncOperationsToComplete
0x00007ff60c553af8 (Unity) <lambda_b37b41f03089e3cb3f55061bbc93253d>::operator()
0x00007ff60c58f422 (Unity) asio::detail::completion_handler<core::mutable_function<void __cdecl(void)>,asio::io_context::basic_executor_type<std::allocator<void>,0> >::do_complete
0x00007ff60c57b3ce (Unity) asio::detail::win_iocp_io_context::do_one
0x00007ff60c57d034 (Unity) asio::detail::win_iocp_io_context::run
0x00007ff60c58d7cc (Unity) IOService::Run
0x00007ff60c560c2f (Unity) AssetImportWorkerClient::Run
0x00007ff60c52c3d7 (Unity) RunAssetImportWorkerClientV2
0x00007ff60c52c45b (Unity) RunAssetImporterV2
0x00007ff60bd231de (Unity) Application::InitializeProject
0x00007ff60c1b8795 (Unity) WinMain
0x00007ff60d5835ce (Unity) __scrt_common_main_seh
0x00007ffa8b87e8d7 (KERNEL32) BaseThreadInitThunk
0x00007ffa8c1714fc (ntdll) RtlUserThreadStart
Unloading 3360 Unused Serialized files (Serialized files now loaded: 0)
Unloading 28 unused Assets / (397.0 KB). Loaded Objects now: 4434.
Memory consumption went from 148.3 MB to 147.9 MB.
Total: 3.860500 ms (FindLiveObjects: 0.255500 ms CreateObjectMapping: 0.097200 ms MarkObjects: 3.273100 ms  DeleteObjects: 0.233700 ms)

Prepare: number of updated asset objects reloaded= 0
AssetImportParameters requested are different than current active one (requested -> active):
  custom:container-demuxer-ogg: 62fdf1f143b41e24485cea50d1cbac27 -> 
  custom:video-codec-MediaFoundation-h265: 746d11721c4dcdbdad8f713fa42b33f4 -> 
  custom:video-decoder-ogg-theora: a1e56fd34408186e4bbccfd4996cb3dc -> 
  custom:framework-win-MediaFoundation: 216162199b28c13a410421893ffa2e32 -> 
  custom:CustomObjectIndexerAttribute: 9a22284fe3817be447336de3de66b15e -> 
  custom:container-demuxer-webm: 4f35f7cbe854078d1ac9338744f61a02 -> 
  custom:container-muxer-webm: aa71ff27fc2769a1b78a27578f13a17b -> 
  custom:video-decoder-webm-vp8: 9c59270c3fd7afecdb556c50c9e8de78 -> 
  custom:SearchIndexIgnoredProperties: e643bd26f0fe6173181afceb89e7c659 -> 
  custom:AudioImporter_EditorPlatform: d09bf68614088b80899f8185d706f6e7 -> 
  custom:video-encoder-webm-vp8: eb34c28f22e8b96e1ab97ce403110664 -> 
  custom:scripting/monoscript/fileName/TextureAnimator.cs: 4ff9f3da57bffade570aa3cdb1c96685 -> 
  custom:audio-decoder-ogg-vorbis: bf7c407c2cedff20999df2af8eb42d56 -> 
  custom:audio-encoder-webm-vorbis: bf7c407c2cedff20999df2af8eb42d56 -> 
  custom:scripting/precompiled-assembly-types:Assembly-CSharp: 36d289a2072fff615a3e377c6f30ddd1 -> d0e4d9b8e3191607d5c08abaebdab676
========================================================================
Received Prepare
Caller must complete domain reload
Begin MonoManager ReloadAssembly
- Loaded All Assemblies, in  0.455 seconds
Native extension for WindowsStandalone target not found
Native extension for Android target not found
Native extension for WebGL target not found
[Package Manager] Server::EnsureServerProcessIsRunning -- launch failed, reason: Unity was launched with the -noUpm command-line argument
[Package Manager] UpmClient::Send -- Unable to send message (not connected to UPM process).
[Package Manager] Cannot connect to Unity Package Manager local server
Failed to sync packages list
UnityEngine.StackTraceUtility:ExtractStackTrace ()
UnityEngine.DebugLogHandler:LogFormat (UnityEngine.LogType,UnityEngine.Object,string,object[])
UnityEngine.Logger:Log (UnityEngine.LogType,object)
UnityEngine.Debug:LogWarning (object)
 .  / :MoveNext ()
System.Runtime.CompilerServices.AsyncVoidMethodBuilder:Start< .  / > ( .  / &)
 .  :  ()
 .⁪/ :MoveNext ()
System.Runtime.CompilerServices.AsyncTaskMethodBuilder:Start< .⁪/ > ( .⁪/ &)
 .⁪:  ()
System.Reflection.RuntimeMethodInfo:Invoke (object,System.Reflection.BindingFlags,System.Reflection.Binder,object[],System.Globalization.CultureInfo)
System.Reflection.MethodBase:Invoke (object,object[])
UnityEditor.EditorAssemblies:ProcessInitializeOnLoadMethodAttributes ()

Mono: successfully reloaded assembly
- Finished resetting the current domain, in  0.984 seconds
Domain Reload Profiling: 1436ms
	BeginReloadAssembly (155ms)
		ExecutionOrderSort (0ms)
		DisableScriptedObjects (5ms)
		BackupInstance (0ms)
		ReleaseScriptingObjects (0ms)
		CreateAndSetChildDomain (34ms)
	RebuildCommonClasses (37ms)
	RebuildNativeTypeToScriptingClass (12ms)
	initialDomainReloadingComplete (28ms)
	LoadAllAssembliesAndSetupDomain (219ms)
		LoadAssemblies (286ms)
		RebuildTransferFunctionScriptingTraits (0ms)
		AnalyzeDomain (14ms)
			TypeCache.Refresh (6ms)
				TypeCache.ScanAssembly (0ms)
			ScanForSourceGeneratedMonoScriptInfo (0ms)
			ResolveRequiredComponents (6ms)
	FinalizeReload (984ms)
		ReleaseScriptCaches (0ms)
		RebuildScriptCaches (0ms)
		SetupLoadedEditorAssemblies (567ms)
			LogAssemblyErrors (0ms)
			InitializePlatformSupportModulesInManaged (21ms)
			SetLoadedEditorAssemblies (5ms)
			RefreshPlugins (0ms)
			BeforeProcessingInitializeOnLoad (68ms)
			ProcessInitializeOnLoadAttributes (418ms)
			ProcessInitializeOnLoadMethodAttributes (47ms)
			AfterProcessingInitializeOnLoad (8ms)
			EditorAssembliesLoaded (0ms)
		ExecutionOrderSort2 (0ms)
		AwakeInstancesAfterBackupRestoration (6ms)
Refreshing native plugins compatible for Editor in 3.87 ms, found 6 plugins.
Preloading 0 native plugins for Editor in 0.00 ms.
Release of invalid GC handle. The handle is from a previous domain. The release operation is skipped.
Release of invalid GC handle native callstack: 
0x00007ff60b1b424d (Unity) StackWalker::GetCurrentCallstack
0x00007ff60b1b9329 (Unity) StackWalker::ShowCallstack
0x00007ff60c1adae1 (Unity) GetStacktrace
0x00007ff60b0af20d (Unity) ScriptingGCHandle::ReleaseAndClear
0x00007ff60b67748c (Unity) UploadHandlerRaw::`vector deleting destructor'
0x00007ff60b67803d (Unity) UploadHandler::Release
0x00007ff60b6748dd (Unity) UnityWebRequestProto<UnityWebRequestTransport,AtomicRefCounter,RedirectHelper,ResponseHelper,DownloadHandler,UploadHandler,CertificateHandler,HeaderHelper,AsyncOperation>::~UnityWebRequestProto<UnityWebRequestTransport,AtomicRefCounter,RedirectHelper,ResponseHelper,DownloadHandler,UploadHandler,CertificateHandler,HeaderHelper,AsyncOperation>
0x00007ff60b674bd6 (Unity) UnityWebRequest::`vector deleting destructor'
0x00007ff60a3c4b77 (Unity) UnityWebRequestProto<UnityWebRequestTransport,AtomicRefCounter,RedirectHelper,ResponseHelper,DownloadHandler,UploadHandler,CertificateHandler,HeaderHelper,AsyncOperation>::Release
0x00007ff60b676605 (Unity) UnityWebRequestAsyncOperation::InvokeCoroutine
0x00007ff60b6767e1 (Unity) UnityWebRequestProto<UnityWebRequestTransport,AtomicRefCounter,RedirectHelper,ResponseHelper,DownloadHandler,UploadHandler,CertificateHandler,HeaderHelper,AsyncOperation>::Job_InvokeCoroutine
0x00007ff60acdb54a (Unity) BackgroundJobQueue::ExecuteMainThreadJobs
0x00007ff60ad9005f (Unity) PreloadManager::WaitForAllAsyncOperationsToComplete
0x00007ff60c553af8 (Unity) <lambda_b37b41f03089e3cb3f55061bbc93253d>::operator()
0x00007ff60c58f422 (Unity) asio::detail::completion_handler<core::mutable_function<void __cdecl(void)>,asio::io_context::basic_executor_type<std::allocator<void>,0> >::do_complete
0x00007ff60c57b3ce (Unity) asio::detail::win_iocp_io_context::do_one
0x00007ff60c57d034 (Unity) asio::detail::win_iocp_io_context::run
0x00007ff60c58d7cc (Unity) IOService::Run
0x00007ff60c560c2f (Unity) AssetImportWorkerClient::Run
0x00007ff60c52c3d7 (Unity) RunAssetImportWorkerClientV2
0x00007ff60c52c45b (Unity) RunAssetImporterV2
0x00007ff60bd231de (Unity) Application::InitializeProject
0x00007ff60c1b8795 (Unity) WinMain
0x00007ff60d5835ce (Unity) __scrt_common_main_seh
0x00007ffa8b87e8d7 (KERNEL32) BaseThreadInitThunk
0x00007ffa8c1714fc (ntdll) RtlUserThreadStart
Unloading 3360 Unused Serialized files (Serialized files now loaded: 0)
Unloading 28 unused Assets / (396.6 KB). Loaded Objects now: 4439.
Memory consumption went from 148.4 MB to 148.0 MB.
Total: 4.008900 ms (FindLiveObjects: 0.253400 ms CreateObjectMapping: 0.100900 ms MarkObjects: 3.372600 ms  DeleteObjects: 0.281000 ms)

Prepare: number of updated asset objects reloaded= 0
AssetImportParameters requested are different than current active one (requested -> active):
  custom:container-demuxer-ogg: 62fdf1f143b41e24485cea50d1cbac27 -> 
  custom:video-codec-MediaFoundation-h265: 746d11721c4dcdbdad8f713fa42b33f4 -> 
  custom:video-decoder-ogg-theora: a1e56fd34408186e4bbccfd4996cb3dc -> 
  custom:framework-win-MediaFoundation: 216162199b28c13a410421893ffa2e32 -> 
  custom:CustomObjectIndexerAttribute: 9a22284fe3817be447336de3de66b15e -> 
  custom:container-demuxer-webm: 4f35f7cbe854078d1ac9338744f61a02 -> 
  custom:container-muxer-webm: aa71ff27fc2769a1b78a27578f13a17b -> 
  custom:video-decoder-webm-vp8: 9c59270c3fd7afecdb556c50c9e8de78 -> 
  custom:SearchIndexIgnoredProperties: e643bd26f0fe6173181afceb89e7c659 -> 
  custom:AudioImporter_EditorPlatform: d09bf68614088b80899f8185d706f6e7 -> 
  custom:video-encoder-webm-vp8: eb34c28f22e8b96e1ab97ce403110664 -> 
  custom:scripting/monoscript/fileName/TextureAnimator.cs: 4ff9f3da57bffade570aa3cdb1c96685 -> 
  custom:audio-decoder-ogg-vorbis: bf7c407c2cedff20999df2af8eb42d56 -> 
  custom:audio-encoder-webm-vorbis: bf7c407c2cedff20999df2af8eb42d56 -> 
  custom:scripting/precompiled-assembly-types:Assembly-CSharp: 36d289a2072fff615a3e377c6f30ddd1 -> d0e4d9b8e3191607d5c08abaebdab676
========================================================================
Received Prepare
Caller must complete domain reload
Begin MonoManager ReloadAssembly
- Loaded All Assemblies, in  0.464 seconds
Native extension for WindowsStandalone target not found
Native extension for Android target not found
Native extension for WebGL target not found
[Package Manager] Server::EnsureServerProcessIsRunning -- launch failed, reason: Unity was launched with the -noUpm command-line argument
[Package Manager] UpmClient::Send -- Unable to send message (not connected to UPM process).
[Package Manager] Cannot connect to Unity Package Manager local server
Failed to sync packages list
UnityEngine.StackTraceUtility:ExtractStackTrace ()
UnityEngine.DebugLogHandler:LogFormat (UnityEngine.LogType,UnityEngine.Object,string,object[])
UnityEngine.Logger:Log (UnityEngine.LogType,object)
UnityEngine.Debug:LogWarning (object)
 .  / :MoveNext ()
System.Runtime.CompilerServices.AsyncVoidMethodBuilder:Start< .  / > ( .  / &)
 .  :  ()
 .⁪/ :MoveNext ()
System.Runtime.CompilerServices.AsyncTaskMethodBuilder:Start< .⁪/ > ( .⁪/ &)
 .⁪:  ()
System.Reflection.RuntimeMethodInfo:Invoke (object,System.Reflection.BindingFlags,System.Reflection.Binder,object[],System.Globalization.CultureInfo)
System.Reflection.MethodBase:Invoke (object,object[])
UnityEditor.EditorAssemblies:ProcessInitializeOnLoadMethodAttributes ()

Mono: successfully reloaded assembly
- Finished resetting the current domain, in  1.019 seconds
Domain Reload Profiling: 1482ms
	BeginReloadAssembly (168ms)
		ExecutionOrderSort (0ms)
		DisableScriptedObjects (5ms)
		BackupInstance (0ms)
		ReleaseScriptingObjects (0ms)
		CreateAndSetChildDomain (41ms)
	RebuildCommonClasses (36ms)
	RebuildNativeTypeToScriptingClass (10ms)
	initialDomainReloadingComplete (30ms)
	LoadAllAssembliesAndSetupDomain (217ms)
		LoadAssemblies (289ms)
		RebuildTransferFunctionScriptingTraits (0ms)
		AnalyzeDomain (18ms)
			TypeCache.Refresh (6ms)
				TypeCache.ScanAssembly (0ms)
			ScanForSourceGeneratedMonoScriptInfo (0ms)
			ResolveRequiredComponents (9ms)
	FinalizeReload (1020ms)
		ReleaseScriptCaches (0ms)
		RebuildScriptCaches (0ms)
		SetupLoadedEditorAssemblies (580ms)
			LogAssemblyErrors (0ms)
			InitializePlatformSupportModulesInManaged (22ms)
			SetLoadedEditorAssemblies (4ms)
			RefreshPlugins (0ms)
			BeforeProcessingInitializeOnLoad (67ms)
			ProcessInitializeOnLoadAttributes (430ms)
			ProcessInitializeOnLoadMethodAttributes (48ms)
			AfterProcessingInitializeOnLoad (9ms)
			EditorAssembliesLoaded (0ms)
		ExecutionOrderSort2 (0ms)
		AwakeInstancesAfterBackupRestoration (11ms)
Refreshing native plugins compatible for Editor in 5.75 ms, found 6 plugins.
Preloading 0 native plugins for Editor in 0.00 ms.
Release of invalid GC handle. The handle is from a previous domain. The release operation is skipped.
Release of invalid GC handle native callstack: 
0x00007ff60b1b424d (Unity) StackWalker::GetCurrentCallstack
0x00007ff60b1b9329 (Unity) StackWalker::ShowCallstack
0x00007ff60c1adae1 (Unity) GetStacktrace
0x00007ff60b0af20d (Unity) ScriptingGCHandle::ReleaseAndClear
0x00007ff60b67748c (Unity) UploadHandlerRaw::`vector deleting destructor'
0x00007ff60b67803d (Unity) UploadHandler::Release
0x00007ff60b6748dd (Unity) UnityWebRequestProto<UnityWebRequestTransport,AtomicRefCounter,RedirectHelper,ResponseHelper,DownloadHandler,UploadHandler,CertificateHandler,HeaderHelper,AsyncOperation>::~UnityWebRequestProto<UnityWebRequestTransport,AtomicRefCounter,RedirectHelper,ResponseHelper,DownloadHandler,UploadHandler,CertificateHandler,HeaderHelper,AsyncOperation>
0x00007ff60b674bd6 (Unity) UnityWebRequest::`vector deleting destructor'
0x00007ff60a3c4b77 (Unity) UnityWebRequestProto<UnityWebRequestTransport,AtomicRefCounter,RedirectHelper,ResponseHelper,DownloadHandler,UploadHandler,CertificateHandler,HeaderHelper,AsyncOperation>::Release
0x00007ff60b676605 (Unity) UnityWebRequestAsyncOperation::InvokeCoroutine
0x00007ff60b6767e1 (Unity) UnityWebRequestProto<UnityWebRequestTransport,AtomicRefCounter,RedirectHelper,ResponseHelper,DownloadHandler,UploadHandler,CertificateHandler,HeaderHelper,AsyncOperation>::Job_InvokeCoroutine
0x00007ff60acdb54a (Unity) BackgroundJobQueue::ExecuteMainThreadJobs
0x00007ff60ad9005f (Unity) PreloadManager::WaitForAllAsyncOperationsToComplete
0x00007ff60c553af8 (Unity) <lambda_b37b41f03089e3cb3f55061bbc93253d>::operator()
0x00007ff60c58f422 (Unity) asio::detail::completion_handler<core::mutable_function<void __cdecl(void)>,asio::io_context::basic_executor_type<std::allocator<void>,0> >::do_complete
0x00007ff60c57b3ce (Unity) asio::detail::win_iocp_io_context::do_one
0x00007ff60c57d034 (Unity) asio::detail::win_iocp_io_context::run
0x00007ff60c58d7cc (Unity) IOService::Run
0x00007ff60c560c2f (Unity) AssetImportWorkerClient::Run
0x00007ff60c52c3d7 (Unity) RunAssetImportWorkerClientV2
0x00007ff60c52c45b (Unity) RunAssetImporterV2
0x00007ff60bd231de (Unity) Application::InitializeProject
0x00007ff60c1b8795 (Unity) WinMain
0x00007ff60d5835ce (Unity) __scrt_common_main_seh
0x00007ffa8b87e8d7 (KERNEL32) BaseThreadInitThunk
0x00007ffa8c1714fc (ntdll) RtlUserThreadStart
Unloading 3360 Unused Serialized files (Serialized files now loaded: 0)
Unloading 28 unused Assets / (396.7 KB). Loaded Objects now: 4444.
Memory consumption went from 148.6 MB to 148.2 MB.
Total: 4.375600 ms (FindLiveObjects: 0.240700 ms CreateObjectMapping: 0.098900 ms MarkObjects: 3.785100 ms  DeleteObjects: 0.249300 ms)

Prepare: number of updated asset objects reloaded= 0
AssetImportParameters requested are different than current active one (requested -> active):
  custom:container-demuxer-ogg: 62fdf1f143b41e24485cea50d1cbac27 -> 
  custom:video-codec-MediaFoundation-h265: 746d11721c4dcdbdad8f713fa42b33f4 -> 
  custom:video-decoder-ogg-theora: a1e56fd34408186e4bbccfd4996cb3dc -> 
  custom:framework-win-MediaFoundation: 216162199b28c13a410421893ffa2e32 -> 
  custom:CustomObjectIndexerAttribute: 9a22284fe3817be447336de3de66b15e -> 
  custom:container-demuxer-webm: 4f35f7cbe854078d1ac9338744f61a02 -> 
  custom:container-muxer-webm: aa71ff27fc2769a1b78a27578f13a17b -> 
  custom:video-decoder-webm-vp8: 9c59270c3fd7afecdb556c50c9e8de78 -> 
  custom:SearchIndexIgnoredProperties: e643bd26f0fe6173181afceb89e7c659 -> 
  custom:AudioImporter_EditorPlatform: d09bf68614088b80899f8185d706f6e7 -> 
  custom:video-encoder-webm-vp8: eb34c28f22e8b96e1ab97ce403110664 -> 
  custom:scripting/monoscript/fileName/TextureAnimator.cs: 4ff9f3da57bffade570aa3cdb1c96685 -> 
  custom:audio-decoder-ogg-vorbis: bf7c407c2cedff20999df2af8eb42d56 -> 
  custom:audio-encoder-webm-vorbis: bf7c407c2cedff20999df2af8eb42d56 -> 
  custom:scripting/precompiled-assembly-types:Assembly-CSharp: 36d289a2072fff615a3e377c6f30ddd1 -> d0e4d9b8e3191607d5c08abaebdab676
========================================================================
Received Prepare
Caller must complete domain reload
Begin MonoManager ReloadAssembly
- Loaded All Assemblies, in  0.473 seconds
Native extension for WindowsStandalone target not found
Native extension for Android target not found
Native extension for WebGL target not found
[Package Manager] Server::EnsureServerProcessIsRunning -- launch failed, reason: Unity was launched with the -noUpm command-line argument
[Package Manager] UpmClient::Send -- Unable to send message (not connected to UPM process).
[Package Manager] Cannot connect to Unity Package Manager local server
Failed to sync packages list
UnityEngine.StackTraceUtility:ExtractStackTrace ()
UnityEngine.DebugLogHandler:LogFormat (UnityEngine.LogType,UnityEngine.Object,string,object[])
UnityEngine.Logger:Log (UnityEngine.LogType,object)
UnityEngine.Debug:LogWarning (object)
 .  / :MoveNext ()
System.Runtime.CompilerServices.AsyncVoidMethodBuilder:Start< .  / > ( .  / &)
 .  :  ()
 .⁪/ :MoveNext ()
System.Runtime.CompilerServices.AsyncTaskMethodBuilder:Start< .⁪/ > ( .⁪/ &)
 .⁪:  ()
System.Reflection.RuntimeMethodInfo:Invoke (object,System.Reflection.BindingFlags,System.Reflection.Binder,object[],System.Globalization.CultureInfo)
System.Reflection.MethodBase:Invoke (object,object[])
UnityEditor.EditorAssemblies:ProcessInitializeOnLoadMethodAttributes ()

Mono: successfully reloaded assembly
- Finished resetting the current domain, in  0.987 seconds
Domain Reload Profiling: 1458ms
	BeginReloadAssembly (172ms)
		ExecutionOrderSort (0ms)
		DisableScriptedObjects (5ms)
		BackupInstance (0ms)
		ReleaseScriptingObjects (0ms)
		CreateAndSetChildDomain (40ms)
	RebuildCommonClasses (32ms)
	RebuildNativeTypeToScriptingClass (10ms)
	initialDomainReloadingComplete (33ms)
	LoadAllAssembliesAndSetupDomain (223ms)
		LoadAssemblies (290ms)
		RebuildTransferFunctionScriptingTraits (0ms)
		AnalyzeDomain (15ms)
			TypeCache.Refresh (6ms)
				TypeCache.ScanAssembly (0ms)
			ScanForSourceGeneratedMonoScriptInfo (0ms)
			ResolveRequiredComponents (6ms)
	FinalizeReload (988ms)
		ReleaseScriptCaches (0ms)
		RebuildScriptCaches (0ms)
		SetupLoadedEditorAssemblies (565ms)
			LogAssemblyErrors (0ms)
			InitializePlatformSupportModulesInManaged (21ms)
			SetLoadedEditorAssemblies (4ms)
			RefreshPlugins (0ms)
			BeforeProcessingInitializeOnLoad (62ms)
			ProcessInitializeOnLoadAttributes (421ms)
			ProcessInitializeOnLoadMethodAttributes (48ms)
			AfterProcessingInitializeOnLoad (7ms)
			EditorAssembliesLoaded (0ms)
		ExecutionOrderSort2 (0ms)
		AwakeInstancesAfterBackupRestoration (7ms)
Refreshing native plugins compatible for Editor in 6.82 ms, found 6 plugins.
Preloading 0 native plugins for Editor in 0.00 ms.
Release of invalid GC handle. The handle is from a previous domain. The release operation is skipped.
Release of invalid GC handle native callstack: 
0x00007ff60b1b424d (Unity) StackWalker::GetCurrentCallstack
0x00007ff60b1b9329 (Unity) StackWalker::ShowCallstack
0x00007ff60c1adae1 (Unity) GetStacktrace
0x00007ff60b0af20d (Unity) ScriptingGCHandle::ReleaseAndClear
0x00007ff60b67748c (Unity) UploadHandlerRaw::`vector deleting destructor'
0x00007ff60b67803d (Unity) UploadHandler::Release
0x00007ff60b6748dd (Unity) UnityWebRequestProto<UnityWebRequestTransport,AtomicRefCounter,RedirectHelper,ResponseHelper,DownloadHandler,UploadHandler,CertificateHandler,HeaderHelper,AsyncOperation>::~UnityWebRequestProto<UnityWebRequestTransport,AtomicRefCounter,RedirectHelper,ResponseHelper,DownloadHandler,UploadHandler,CertificateHandler,HeaderHelper,AsyncOperation>
0x00007ff60b674bd6 (Unity) UnityWebRequest::`vector deleting destructor'
0x00007ff60a3c4b77 (Unity) UnityWebRequestProto<UnityWebRequestTransport,AtomicRefCounter,RedirectHelper,ResponseHelper,DownloadHandler,UploadHandler,CertificateHandler,HeaderHelper,AsyncOperation>::Release
0x00007ff60b676605 (Unity) UnityWebRequestAsyncOperation::InvokeCoroutine
0x00007ff60b6767e1 (Unity) UnityWebRequestProto<UnityWebRequestTransport,AtomicRefCounter,RedirectHelper,ResponseHelper,DownloadHandler,UploadHandler,CertificateHandler,HeaderHelper,AsyncOperation>::Job_InvokeCoroutine
0x00007ff60acdb54a (Unity) BackgroundJobQueue::ExecuteMainThreadJobs
0x00007ff60ad9005f (Unity) PreloadManager::WaitForAllAsyncOperationsToComplete
0x00007ff60c553af8 (Unity) <lambda_b37b41f03089e3cb3f55061bbc93253d>::operator()
0x00007ff60c58f422 (Unity) asio::detail::completion_handler<core::mutable_function<void __cdecl(void)>,asio::io_context::basic_executor_type<std::allocator<void>,0> >::do_complete
0x00007ff60c57b3ce (Unity) asio::detail::win_iocp_io_context::do_one
0x00007ff60c57d034 (Unity) asio::detail::win_iocp_io_context::run
0x00007ff60c58d7cc (Unity) IOService::Run
0x00007ff60c560c2f (Unity) AssetImportWorkerClient::Run
0x00007ff60c52c3d7 (Unity) RunAssetImportWorkerClientV2
0x00007ff60c52c45b (Unity) RunAssetImporterV2
0x00007ff60bd231de (Unity) Application::InitializeProject
0x00007ff60c1b8795 (Unity) WinMain
0x00007ff60d5835ce (Unity) __scrt_common_main_seh
0x00007ffa8b87e8d7 (KERNEL32) BaseThreadInitThunk
0x00007ffa8c1714fc (ntdll) RtlUserThreadStart
Unloading 3360 Unused Serialized files (Serialized files now loaded: 0)
Unloading 28 unused Assets / (397.0 KB). Loaded Objects now: 4449.
Memory consumption went from 148.7 MB to 148.4 MB.
Total: 4.980300 ms (FindLiveObjects: 0.335200 ms CreateObjectMapping: 0.124100 ms MarkObjects: 4.249400 ms  DeleteObjects: 0.270400 ms)

Prepare: number of updated asset objects reloaded= 0
AssetImportParameters requested are different than current active one (requested -> active):
  custom:container-demuxer-ogg: 62fdf1f143b41e24485cea50d1cbac27 -> 
  custom:video-codec-MediaFoundation-h265: 746d11721c4dcdbdad8f713fa42b33f4 -> 
  custom:video-decoder-ogg-theora: a1e56fd34408186e4bbccfd4996cb3dc -> 
  custom:framework-win-MediaFoundation: 216162199b28c13a410421893ffa2e32 -> 
  custom:CustomObjectIndexerAttribute: 9a22284fe3817be447336de3de66b15e -> 
  custom:container-demuxer-webm: 4f35f7cbe854078d1ac9338744f61a02 -> 
  custom:container-muxer-webm: aa71ff27fc2769a1b78a27578f13a17b -> 
  custom:video-decoder-webm-vp8: 9c59270c3fd7afecdb556c50c9e8de78 -> 
  custom:SearchIndexIgnoredProperties: e643bd26f0fe6173181afceb89e7c659 -> 
  custom:AudioImporter_EditorPlatform: d09bf68614088b80899f8185d706f6e7 -> 
  custom:video-encoder-webm-vp8: eb34c28f22e8b96e1ab97ce403110664 -> 
  custom:scripting/monoscript/fileName/TextureAnimator.cs: 4ff9f3da57bffade570aa3cdb1c96685 -> 
  custom:audio-decoder-ogg-vorbis: bf7c407c2cedff20999df2af8eb42d56 -> 
  custom:audio-encoder-webm-vorbis: bf7c407c2cedff20999df2af8eb42d56 -> 
  custom:scripting/precompiled-assembly-types:Assembly-CSharp: 36d289a2072fff615a3e377c6f30ddd1 -> d0e4d9b8e3191607d5c08abaebdab676
========================================================================
Received Prepare
Caller must complete domain reload
Begin MonoManager ReloadAssembly
- Loaded All Assemblies, in  0.480 seconds
Native extension for WindowsStandalone target not found
Native extension for Android target not found
Native extension for WebGL target not found
[Package Manager] Server::EnsureServerProcessIsRunning -- launch failed, reason: Unity was launched with the -noUpm command-line argument
[Package Manager] UpmClient::Send -- Unable to send message (not connected to UPM process).
[Package Manager] Cannot connect to Unity Package Manager local server
Failed to sync packages list
UnityEngine.StackTraceUtility:ExtractStackTrace ()
UnityEngine.DebugLogHandler:LogFormat (UnityEngine.LogType,UnityEngine.Object,string,object[])
UnityEngine.Logger:Log (UnityEngine.LogType,object)
UnityEngine.Debug:LogWarning (object)
 .  / :MoveNext ()
System.Runtime.CompilerServices.AsyncVoidMethodBuilder:Start< .  / > ( .  / &)
 .  :  ()
 .⁪/ :MoveNext ()
System.Runtime.CompilerServices.AsyncTaskMethodBuilder:Start< .⁪/ > ( .⁪/ &)
 .⁪:  ()
System.Reflection.RuntimeMethodInfo:Invoke (object,System.Reflection.BindingFlags,System.Reflection.Binder,object[],System.Globalization.CultureInfo)
System.Reflection.MethodBase:Invoke (object,object[])
UnityEditor.EditorAssemblies:ProcessInitializeOnLoadMethodAttributes ()

Mono: successfully reloaded assembly
- Finished resetting the current domain, in  1.024 seconds
Domain Reload Profiling: 1503ms
	BeginReloadAssembly (162ms)
		ExecutionOrderSort (0ms)
		DisableScriptedObjects (5ms)
		BackupInstance (0ms)
		ReleaseScriptingObjects (0ms)
		CreateAndSetChildDomain (37ms)
	RebuildCommonClasses (34ms)
	RebuildNativeTypeToScriptingClass (10ms)
	initialDomainReloadingComplete (32ms)
	LoadAllAssembliesAndSetupDomain (241ms)
		LoadAssemblies (301ms)
		RebuildTransferFunctionScriptingTraits (0ms)
		AnalyzeDomain (17ms)
			TypeCache.Refresh (8ms)
				TypeCache.ScanAssembly (0ms)
			ScanForSourceGeneratedMonoScriptInfo (0ms)
			ResolveRequiredComponents (6ms)
	FinalizeReload (1025ms)
		ReleaseScriptCaches (0ms)
		RebuildScriptCaches (0ms)
		SetupLoadedEditorAssemblies (595ms)
			LogAssemblyErrors (0ms)
			InitializePlatformSupportModulesInManaged (22ms)
			SetLoadedEditorAssemblies (4ms)
			RefreshPlugins (0ms)
			BeforeProcessingInitializeOnLoad (72ms)
			ProcessInitializeOnLoadAttributes (430ms)
			ProcessInitializeOnLoadMethodAttributes (58ms)
			AfterProcessingInitializeOnLoad (7ms)
			EditorAssembliesLoaded (0ms)
		ExecutionOrderSort2 (0ms)
		AwakeInstancesAfterBackupRestoration (6ms)
Refreshing native plugins compatible for Editor in 4.55 ms, found 6 plugins.
Preloading 0 native plugins for Editor in 0.00 ms.
Release of invalid GC handle. The handle is from a previous domain. The release operation is skipped.
Release of invalid GC handle native callstack: 
0x00007ff60b1b424d (Unity) StackWalker::GetCurrentCallstack
0x00007ff60b1b9329 (Unity) StackWalker::ShowCallstack
0x00007ff60c1adae1 (Unity) GetStacktrace
0x00007ff60b0af20d (Unity) ScriptingGCHandle::ReleaseAndClear
0x00007ff60b67748c (Unity) UploadHandlerRaw::`vector deleting destructor'
0x00007ff60b67803d (Unity) UploadHandler::Release
0x00007ff60b6748dd (Unity) UnityWebRequestProto<UnityWebRequestTransport,AtomicRefCounter,RedirectHelper,ResponseHelper,DownloadHandler,UploadHandler,CertificateHandler,HeaderHelper,AsyncOperation>::~UnityWebRequestProto<UnityWebRequestTransport,AtomicRefCounter,RedirectHelper,ResponseHelper,DownloadHandler,UploadHandler,CertificateHandler,HeaderHelper,AsyncOperation>
0x00007ff60b674bd6 (Unity) UnityWebRequest::`vector deleting destructor'
0x00007ff60a3c4b77 (Unity) UnityWebRequestProto<UnityWebRequestTransport,AtomicRefCounter,RedirectHelper,ResponseHelper,DownloadHandler,UploadHandler,CertificateHandler,HeaderHelper,AsyncOperation>::Release
0x00007ff60b676605 (Unity) UnityWebRequestAsyncOperation::InvokeCoroutine
0x00007ff60b6767e1 (Unity) UnityWebRequestProto<UnityWebRequestTransport,AtomicRefCounter,RedirectHelper,ResponseHelper,DownloadHandler,UploadHandler,CertificateHandler,HeaderHelper,AsyncOperation>::Job_InvokeCoroutine
0x00007ff60acdb54a (Unity) BackgroundJobQueue::ExecuteMainThreadJobs
0x00007ff60ad9005f (Unity) PreloadManager::WaitForAllAsyncOperationsToComplete
0x00007ff60c553af8 (Unity) <lambda_b37b41f03089e3cb3f55061bbc93253d>::operator()
0x00007ff60c58f422 (Unity) asio::detail::completion_handler<core::mutable_function<void __cdecl(void)>,asio::io_context::basic_executor_type<std::allocator<void>,0> >::do_complete
0x00007ff60c57b3ce (Unity) asio::detail::win_iocp_io_context::do_one
0x00007ff60c57d034 (Unity) asio::detail::win_iocp_io_context::run
0x00007ff60c58d7cc (Unity) IOService::Run
0x00007ff60c560c2f (Unity) AssetImportWorkerClient::Run
0x00007ff60c52c3d7 (Unity) RunAssetImportWorkerClientV2
0x00007ff60c52c45b (Unity) RunAssetImporterV2
0x00007ff60bd231de (Unity) Application::InitializeProject
0x00007ff60c1b8795 (Unity) WinMain
0x00007ff60d5835ce (Unity) __scrt_common_main_seh
0x00007ffa8b87e8d7 (KERNEL32) BaseThreadInitThunk
0x00007ffa8c1714fc (ntdll) RtlUserThreadStart
Unloading 3360 Unused Serialized files (Serialized files now loaded: 0)
Unloading 28 unused Assets / (396.7 KB). Loaded Objects now: 4454.
Memory consumption went from 148.9 MB to 148.5 MB.
Total: 3.954500 ms (FindLiveObjects: 0.244900 ms CreateObjectMapping: 0.097500 ms MarkObjects: 3.348700 ms  DeleteObjects: 0.262400 ms)

Prepare: number of updated asset objects reloaded= 1
AssetImportParameters requested are different than current active one (requested -> active):
  custom:container-demuxer-ogg: 62fdf1f143b41e24485cea50d1cbac27 -> 
  custom:video-codec-MediaFoundation-h265: 746d11721c4dcdbdad8f713fa42b33f4 -> 
  custom:video-decoder-ogg-theora: a1e56fd34408186e4bbccfd4996cb3dc -> 
  custom:framework-win-MediaFoundation: 216162199b28c13a410421893ffa2e32 -> 
  custom:CustomObjectIndexerAttribute: 9a22284fe3817be447336de3de66b15e -> 
  custom:container-demuxer-webm: 4f35f7cbe854078d1ac9338744f61a02 -> 
  custom:container-muxer-webm: aa71ff27fc2769a1b78a27578f13a17b -> 
  custom:video-decoder-webm-vp8: 9c59270c3fd7afecdb556c50c9e8de78 -> 
  custom:SearchIndexIgnoredProperties: e643bd26f0fe6173181afceb89e7c659 -> 
  custom:AudioImporter_EditorPlatform: d09bf68614088b80899f8185d706f6e7 -> 
  custom:video-encoder-webm-vp8: eb34c28f22e8b96e1ab97ce403110664 -> 
  custom:scripting/monoscript/fileName/TextureAnimator.cs: 4ff9f3da57bffade570aa3cdb1c96685 -> 
  custom:audio-decoder-ogg-vorbis: bf7c407c2cedff20999df2af8eb42d56 -> 
  custom:audio-encoder-webm-vorbis: bf7c407c2cedff20999df2af8eb42d56 -> 
  custom:scripting/precompiled-assembly-types:Assembly-CSharp: 36d289a2072fff615a3e377c6f30ddd1 -> d0e4d9b8e3191607d5c08abaebdab676
========================================================================
Received Prepare
Caller must complete domain reload
Begin MonoManager ReloadAssembly
- Loaded All Assemblies, in  0.476 seconds
Native extension for WindowsStandalone target not found
Native extension for Android target not found
Native extension for WebGL target not found
[Package Manager] Server::EnsureServerProcessIsRunning -- launch failed, reason: Unity was launched with the -noUpm command-line argument
[Package Manager] UpmClient::Send -- Unable to send message (not connected to UPM process).
[Package Manager] Cannot connect to Unity Package Manager local server
Failed to sync packages list
UnityEngine.StackTraceUtility:ExtractStackTrace ()
UnityEngine.DebugLogHandler:LogFormat (UnityEngine.LogType,UnityEngine.Object,string,object[])
UnityEngine.Logger:Log (UnityEngine.LogType,object)
UnityEngine.Debug:LogWarning (object)
 .  / :MoveNext ()
System.Runtime.CompilerServices.AsyncVoidMethodBuilder:Start< .  / > ( .  / &)
 .  :  ()
 .⁪/ :MoveNext ()
System.Runtime.CompilerServices.AsyncTaskMethodBuilder:Start< .⁪/ > ( .⁪/ &)
 .⁪:  ()
System.Reflection.RuntimeMethodInfo:Invoke (object,System.Reflection.BindingFlags,System.Reflection.Binder,object[],System.Globalization.CultureInfo)
System.Reflection.MethodBase:Invoke (object,object[])
UnityEditor.EditorAssemblies:ProcessInitializeOnLoadMethodAttributes ()

Mono: successfully reloaded assembly
- Finished resetting the current domain, in  1.000 seconds
Domain Reload Profiling: 1475ms
	BeginReloadAssembly (176ms)
		ExecutionOrderSort (0ms)
		DisableScriptedObjects (8ms)
		BackupInstance (0ms)
		ReleaseScriptingObjects (0ms)
		CreateAndSetChildDomain (41ms)
	RebuildCommonClasses (35ms)
	RebuildNativeTypeToScriptingClass (10ms)
	initialDomainReloadingComplete (31ms)
	LoadAllAssembliesAndSetupDomain (223ms)
		LoadAssemblies (299ms)
		RebuildTransferFunctionScriptingTraits (0ms)
		AnalyzeDomain (14ms)
			TypeCache.Refresh (5ms)
				TypeCache.ScanAssembly (0ms)
			ScanForSourceGeneratedMonoScriptInfo (0ms)
			ResolveRequiredComponents (6ms)
	FinalizeReload (1000ms)
		ReleaseScriptCaches (0ms)
		RebuildScriptCaches (0ms)
		SetupLoadedEditorAssemblies (592ms)
			LogAssemblyErrors (0ms)
			InitializePlatformSupportModulesInManaged (22ms)
			SetLoadedEditorAssemblies (5ms)
			RefreshPlugins (0ms)
			BeforeProcessingInitializeOnLoad (73ms)
			ProcessInitializeOnLoadAttributes (436ms)
			ProcessInitializeOnLoadMethodAttributes (47ms)
			AfterProcessingInitializeOnLoad (8ms)
			EditorAssembliesLoaded (0ms)
		ExecutionOrderSort2 (0ms)
		AwakeInstancesAfterBackupRestoration (7ms)
Refreshing native plugins compatible for Editor in 3.68 ms, found 6 plugins.
Preloading 0 native plugins for Editor in 0.00 ms.
Release of invalid GC handle. The handle is from a previous domain. The release operation is skipped.
Release of invalid GC handle native callstack: 
0x00007ff60b1b424d (Unity) StackWalker::GetCurrentCallstack
0x00007ff60b1b9329 (Unity) StackWalker::ShowCallstack
0x00007ff60c1adae1 (Unity) GetStacktrace
0x00007ff60b0af20d (Unity) ScriptingGCHandle::ReleaseAndClear
0x00007ff60b67748c (Unity) UploadHandlerRaw::`vector deleting destructor'
0x00007ff60b67803d (Unity) UploadHandler::Release
0x00007ff60b6748dd (Unity) UnityWebRequestProto<UnityWebRequestTransport,AtomicRefCounter,RedirectHelper,ResponseHelper,DownloadHandler,UploadHandler,CertificateHandler,HeaderHelper,AsyncOperation>::~UnityWebRequestProto<UnityWebRequestTransport,AtomicRefCounter,RedirectHelper,ResponseHelper,DownloadHandler,UploadHandler,CertificateHandler,HeaderHelper,AsyncOperation>
0x00007ff60b674bd6 (Unity) UnityWebRequest::`vector deleting destructor'
0x00007ff60a3c4b77 (Unity) UnityWebRequestProto<UnityWebRequestTransport,AtomicRefCounter,RedirectHelper,ResponseHelper,DownloadHandler,UploadHandler,CertificateHandler,HeaderHelper,AsyncOperation>::Release
0x00007ff60b676605 (Unity) UnityWebRequestAsyncOperation::InvokeCoroutine
0x00007ff60b6767e1 (Unity) UnityWebRequestProto<UnityWebRequestTransport,AtomicRefCounter,RedirectHelper,ResponseHelper,DownloadHandler,UploadHandler,CertificateHandler,HeaderHelper,AsyncOperation>::Job_InvokeCoroutine
0x00007ff60acdb54a (Unity) BackgroundJobQueue::ExecuteMainThreadJobs
0x00007ff60ad9005f (Unity) PreloadManager::WaitForAllAsyncOperationsToComplete
0x00007ff60c553af8 (Unity) <lambda_b37b41f03089e3cb3f55061bbc93253d>::operator()
0x00007ff60c58f422 (Unity) asio::detail::completion_handler<core::mutable_function<void __cdecl(void)>,asio::io_context::basic_executor_type<std::allocator<void>,0> >::do_complete
0x00007ff60c57b3ce (Unity) asio::detail::win_iocp_io_context::do_one
0x00007ff60c57d034 (Unity) asio::detail::win_iocp_io_context::run
0x00007ff60c58d7cc (Unity) IOService::Run
0x00007ff60c560c2f (Unity) AssetImportWorkerClient::Run
0x00007ff60c52c3d7 (Unity) RunAssetImportWorkerClientV2
0x00007ff60c52c45b (Unity) RunAssetImporterV2
0x00007ff60bd231de (Unity) Application::InitializeProject
0x00007ff60c1b8795 (Unity) WinMain
0x00007ff60d5835ce (Unity) __scrt_common_main_seh
0x00007ffa8b87e8d7 (KERNEL32) BaseThreadInitThunk
0x00007ffa8c1714fc (ntdll) RtlUserThreadStart
Unloading 3360 Unused Serialized files (Serialized files now loaded: 0)
Unloading 28 unused Assets / (396.8 KB). Loaded Objects now: 4459.
Memory consumption went from 149.0 MB to 148.7 MB.
Total: 3.913200 ms (FindLiveObjects: 0.288200 ms CreateObjectMapping: 0.108200 ms MarkObjects: 3.283300 ms  DeleteObjects: 0.232600 ms)

Prepare: number of updated asset objects reloaded= 0
AssetImportParameters requested are different than current active one (requested -> active):
  custom:container-demuxer-ogg: 62fdf1f143b41e24485cea50d1cbac27 -> 
  custom:video-codec-MediaFoundation-h265: 746d11721c4dcdbdad8f713fa42b33f4 -> 
  custom:video-decoder-ogg-theora: a1e56fd34408186e4bbccfd4996cb3dc -> 
  custom:framework-win-MediaFoundation: 216162199b28c13a410421893ffa2e32 -> 
  custom:CustomObjectIndexerAttribute: 9a22284fe3817be447336de3de66b15e -> 
  custom:container-demuxer-webm: 4f35f7cbe854078d1ac9338744f61a02 -> 
  custom:container-muxer-webm: aa71ff27fc2769a1b78a27578f13a17b -> 
  custom:video-decoder-webm-vp8: 9c59270c3fd7afecdb556c50c9e8de78 -> 
  custom:SearchIndexIgnoredProperties: e643bd26f0fe6173181afceb89e7c659 -> 
  custom:AudioImporter_EditorPlatform: d09bf68614088b80899f8185d706f6e7 -> 
  custom:video-encoder-webm-vp8: eb34c28f22e8b96e1ab97ce403110664 -> 
  custom:scripting/monoscript/fileName/TextureAnimator.cs: 4ff9f3da57bffade570aa3cdb1c96685 -> 
  custom:audio-decoder-ogg-vorbis: bf7c407c2cedff20999df2af8eb42d56 -> 
  custom:audio-encoder-webm-vorbis: bf7c407c2cedff20999df2af8eb42d56 -> 
  custom:scripting/precompiled-assembly-types:Assembly-CSharp: 36d289a2072fff615a3e377c6f30ddd1 -> d0e4d9b8e3191607d5c08abaebdab676
========================================================================
Received Prepare
Caller must complete domain reload
Begin MonoManager ReloadAssembly
- Loaded All Assemblies, in  0.536 seconds
Native extension for WindowsStandalone target not found
Native extension for Android target not found
Native extension for WebGL target not found
[Package Manager] Server::EnsureServerProcessIsRunning -- launch failed, reason: Unity was launched with the -noUpm command-line argument
[Package Manager] UpmClient::Send -- Unable to send message (not connected to UPM process).
[Package Manager] Cannot connect to Unity Package Manager local server
Failed to sync packages list
UnityEngine.StackTraceUtility:ExtractStackTrace ()
UnityEngine.DebugLogHandler:LogFormat (UnityEngine.LogType,UnityEngine.Object,string,object[])
UnityEngine.Logger:Log (UnityEngine.LogType,object)
UnityEngine.Debug:LogWarning (object)
 .  / :MoveNext ()
System.Runtime.CompilerServices.AsyncVoidMethodBuilder:Start< .  / > ( .  / &)
 .  :  ()
 .⁪/ :MoveNext ()
System.Runtime.CompilerServices.AsyncTaskMethodBuilder:Start< .⁪/ > ( .⁪/ &)
 .⁪:  ()
System.Reflection.RuntimeMethodInfo:Invoke (object,System.Reflection.BindingFlags,System.Reflection.Binder,object[],System.Globalization.CultureInfo)
System.Reflection.MethodBase:Invoke (object,object[])
UnityEditor.EditorAssemblies:ProcessInitializeOnLoadMethodAttributes ()

Mono: successfully reloaded assembly
- Finished resetting the current domain, in  1.064 seconds
Domain Reload Profiling: 1598ms
	BeginReloadAssembly (193ms)
		ExecutionOrderSort (0ms)
		DisableScriptedObjects (9ms)
		BackupInstance (0ms)
		ReleaseScriptingObjects (0ms)
		CreateAndSetChildDomain (44ms)
	RebuildCommonClasses (44ms)
	RebuildNativeTypeToScriptingClass (17ms)
	initialDomainReloadingComplete (36ms)
	LoadAllAssembliesAndSetupDomain (242ms)
		LoadAssemblies (311ms)
		RebuildTransferFunctionScriptingTraits (0ms)
		AnalyzeDomain (29ms)
			TypeCache.Refresh (12ms)
				TypeCache.ScanAssembly (0ms)
			ScanForSourceGeneratedMonoScriptInfo (8ms)
			ResolveRequiredComponents (6ms)
	FinalizeReload (1064ms)
		ReleaseScriptCaches (0ms)
		RebuildScriptCaches (0ms)
		SetupLoadedEditorAssemblies (600ms)
			LogAssemblyErrors (0ms)
			InitializePlatformSupportModulesInManaged (17ms)
			SetLoadedEditorAssemblies (4ms)
			RefreshPlugins (0ms)
			BeforeProcessingInitializeOnLoad (73ms)
			ProcessInitializeOnLoadAttributes (446ms)
			ProcessInitializeOnLoadMethodAttributes (51ms)
			AfterProcessingInitializeOnLoad (9ms)
			EditorAssembliesLoaded (0ms)
		ExecutionOrderSort2 (0ms)
		AwakeInstancesAfterBackupRestoration (7ms)
Refreshing native plugins compatible for Editor in 5.26 ms, found 6 plugins.
Preloading 0 native plugins for Editor in 0.00 ms.
Release of invalid GC handle. The handle is from a previous domain. The release operation is skipped.
Release of invalid GC handle native callstack: 
0x00007ff60b1b424d (Unity) StackWalker::GetCurrentCallstack
0x00007ff60b1b9329 (Unity) StackWalker::ShowCallstack
0x00007ff60c1adae1 (Unity) GetStacktrace
0x00007ff60b0af20d (Unity) ScriptingGCHandle::ReleaseAndClear
0x00007ff60b67748c (Unity) UploadHandlerRaw::`vector deleting destructor'
0x00007ff60b67803d (Unity) UploadHandler::Release
0x00007ff60b6748dd (Unity) UnityWebRequestProto<UnityWebRequestTransport,AtomicRefCounter,RedirectHelper,ResponseHelper,DownloadHandler,UploadHandler,CertificateHandler,HeaderHelper,AsyncOperation>::~UnityWebRequestProto<UnityWebRequestTransport,AtomicRefCounter,RedirectHelper,ResponseHelper,DownloadHandler,UploadHandler,CertificateHandler,HeaderHelper,AsyncOperation>
0x00007ff60b674bd6 (Unity) UnityWebRequest::`vector deleting destructor'
0x00007ff60a3c4b77 (Unity) UnityWebRequestProto<UnityWebRequestTransport,AtomicRefCounter,RedirectHelper,ResponseHelper,DownloadHandler,UploadHandler,CertificateHandler,HeaderHelper,AsyncOperation>::Release
0x00007ff60b676605 (Unity) UnityWebRequestAsyncOperation::InvokeCoroutine
0x00007ff60b6767e1 (Unity) UnityWebRequestProto<UnityWebRequestTransport,AtomicRefCounter,RedirectHelper,ResponseHelper,DownloadHandler,UploadHandler,CertificateHandler,HeaderHelper,AsyncOperation>::Job_InvokeCoroutine
0x00007ff60acdb54a (Unity) BackgroundJobQueue::ExecuteMainThreadJobs
0x00007ff60ad9005f (Unity) PreloadManager::WaitForAllAsyncOperationsToComplete
0x00007ff60c553af8 (Unity) <lambda_b37b41f03089e3cb3f55061bbc93253d>::operator()
0x00007ff60c58f422 (Unity) asio::detail::completion_handler<core::mutable_function<void __cdecl(void)>,asio::io_context::basic_executor_type<std::allocator<void>,0> >::do_complete
0x00007ff60c57b3ce (Unity) asio::detail::win_iocp_io_context::do_one
0x00007ff60c57d034 (Unity) asio::detail::win_iocp_io_context::run
0x00007ff60c58d7cc (Unity) IOService::Run
0x00007ff60c560c2f (Unity) AssetImportWorkerClient::Run
0x00007ff60c52c3d7 (Unity) RunAssetImportWorkerClientV2
0x00007ff60c52c45b (Unity) RunAssetImporterV2
0x00007ff60bd231de (Unity) Application::InitializeProject
0x00007ff60c1b8795 (Unity) WinMain
0x00007ff60d5835ce (Unity) __scrt_common_main_seh
0x00007ffa8b87e8d7 (KERNEL32) BaseThreadInitThunk
0x00007ffa8c1714fc (ntdll) RtlUserThreadStart
Unloading 3360 Unused Serialized files (Serialized files now loaded: 0)
Unloading 28 unused Assets / (397.0 KB). Loaded Objects now: 4464.
Memory consumption went from 149.2 MB to 148.8 MB.
Total: 4.327500 ms (FindLiveObjects: 0.270400 ms CreateObjectMapping: 0.115800 ms MarkObjects: 3.687700 ms  DeleteObjects: 0.252400 ms)

Prepare: number of updated asset objects reloaded= 0
AssetImportParameters requested are different than current active one (requested -> active):
  custom:container-demuxer-ogg: 62fdf1f143b41e24485cea50d1cbac27 -> 
  custom:video-codec-MediaFoundation-h265: 746d11721c4dcdbdad8f713fa42b33f4 -> 
  custom:video-decoder-ogg-theora: a1e56fd34408186e4bbccfd4996cb3dc -> 
  custom:framework-win-MediaFoundation: 216162199b28c13a410421893ffa2e32 -> 
  custom:CustomObjectIndexerAttribute: 9a22284fe3817be447336de3de66b15e -> 
  custom:container-demuxer-webm: 4f35f7cbe854078d1ac9338744f61a02 -> 
  custom:container-muxer-webm: aa71ff27fc2769a1b78a27578f13a17b -> 
  custom:video-decoder-webm-vp8: 9c59270c3fd7afecdb556c50c9e8de78 -> 
  custom:SearchIndexIgnoredProperties: e643bd26f0fe6173181afceb89e7c659 -> 
  custom:AudioImporter_EditorPlatform: d09bf68614088b80899f8185d706f6e7 -> 
  custom:video-encoder-webm-vp8: eb34c28f22e8b96e1ab97ce403110664 -> 
  custom:scripting/monoscript/fileName/TextureAnimator.cs: 4ff9f3da57bffade570aa3cdb1c96685 -> 
  custom:audio-decoder-ogg-vorbis: bf7c407c2cedff20999df2af8eb42d56 -> 
  custom:audio-encoder-webm-vorbis: bf7c407c2cedff20999df2af8eb42d56 -> 
  custom:scripting/precompiled-assembly-types:Assembly-CSharp: 36d289a2072fff615a3e377c6f30ddd1 -> d0e4d9b8e3191607d5c08abaebdab676
========================================================================
Received Prepare
Caller must complete domain reload
Begin MonoManager ReloadAssembly
- Loaded All Assemblies, in  0.458 seconds
Native extension for WindowsStandalone target not found
Native extension for Android target not found
Native extension for WebGL target not found
[Package Manager] Server::EnsureServerProcessIsRunning -- launch failed, reason: Unity was launched with the -noUpm command-line argument
[Package Manager] UpmClient::Send -- Unable to send message (not connected to UPM process).
[Package Manager] Cannot connect to Unity Package Manager local server
Failed to sync packages list
UnityEngine.StackTraceUtility:ExtractStackTrace ()
UnityEngine.DebugLogHandler:LogFormat (UnityEngine.LogType,UnityEngine.Object,string,object[])
UnityEngine.Logger:Log (UnityEngine.LogType,object)
UnityEngine.Debug:LogWarning (object)
 .  / :MoveNext ()
System.Runtime.CompilerServices.AsyncVoidMethodBuilder:Start< .  / > ( .  / &)
 .  :  ()
 .⁪/ :MoveNext ()
System.Runtime.CompilerServices.AsyncTaskMethodBuilder:Start< .⁪/ > ( .⁪/ &)
 .⁪:  ()
System.Reflection.RuntimeMethodInfo:Invoke (object,System.Reflection.BindingFlags,System.Reflection.Binder,object[],System.Globalization.CultureInfo)
System.Reflection.MethodBase:Invoke (object,object[])
UnityEditor.EditorAssemblies:ProcessInitializeOnLoadMethodAttributes ()

Mono: successfully reloaded assembly
- Finished resetting the current domain, in  0.990 seconds
Domain Reload Profiling: 1446ms
	BeginReloadAssembly (160ms)
		ExecutionOrderSort (0ms)
		DisableScriptedObjects (5ms)
		BackupInstance (0ms)
		ReleaseScriptingObjects (0ms)
		CreateAndSetChildDomain (32ms)
	RebuildCommonClasses (36ms)
	RebuildNativeTypeToScriptingClass (11ms)
	initialDomainReloadingComplete (29ms)
	LoadAllAssembliesAndSetupDomain (218ms)
		LoadAssemblies (289ms)
		RebuildTransferFunctionScriptingTraits (0ms)
		AnalyzeDomain (14ms)
			TypeCache.Refresh (5ms)
				TypeCache.ScanAssembly (0ms)
			ScanForSourceGeneratedMonoScriptInfo (0ms)
			ResolveRequiredComponents (6ms)
	FinalizeReload (990ms)
		ReleaseScriptCaches (0ms)
		RebuildScriptCaches (0ms)
		SetupLoadedEditorAssemblies (565ms)
			LogAssemblyErrors (0ms)
			InitializePlatformSupportModulesInManaged (18ms)
			SetLoadedEditorAssemblies (4ms)
			RefreshPlugins (0ms)
			BeforeProcessingInitializeOnLoad (66ms)
			ProcessInitializeOnLoadAttributes (420ms)
			ProcessInitializeOnLoadMethodAttributes (51ms)
			AfterProcessingInitializeOnLoad (4ms)
			EditorAssembliesLoaded (0ms)
		ExecutionOrderSort2 (0ms)
		AwakeInstancesAfterBackupRestoration (10ms)
Refreshing native plugins compatible for Editor in 3.43 ms, found 6 plugins.
Preloading 0 native plugins for Editor in 0.00 ms.
Release of invalid GC handle. The handle is from a previous domain. The release operation is skipped.
Release of invalid GC handle native callstack: 
0x00007ff60b1b424d (Unity) StackWalker::GetCurrentCallstack
0x00007ff60b1b9329 (Unity) StackWalker::ShowCallstack
0x00007ff60c1adae1 (Unity) GetStacktrace
0x00007ff60b0af20d (Unity) ScriptingGCHandle::ReleaseAndClear
0x00007ff60b67748c (Unity) UploadHandlerRaw::`vector deleting destructor'
0x00007ff60b67803d (Unity) UploadHandler::Release
0x00007ff60b6748dd (Unity) UnityWebRequestProto<UnityWebRequestTransport,AtomicRefCounter,RedirectHelper,ResponseHelper,DownloadHandler,UploadHandler,CertificateHandler,HeaderHelper,AsyncOperation>::~UnityWebRequestProto<UnityWebRequestTransport,AtomicRefCounter,RedirectHelper,ResponseHelper,DownloadHandler,UploadHandler,CertificateHandler,HeaderHelper,AsyncOperation>
0x00007ff60b674bd6 (Unity) UnityWebRequest::`vector deleting destructor'
0x00007ff60a3c4b77 (Unity) UnityWebRequestProto<UnityWebRequestTransport,AtomicRefCounter,RedirectHelper,ResponseHelper,DownloadHandler,UploadHandler,CertificateHandler,HeaderHelper,AsyncOperation>::Release
0x00007ff60b676605 (Unity) UnityWebRequestAsyncOperation::InvokeCoroutine
0x00007ff60b6767e1 (Unity) UnityWebRequestProto<UnityWebRequestTransport,AtomicRefCounter,RedirectHelper,ResponseHelper,DownloadHandler,UploadHandler,CertificateHandler,HeaderHelper,AsyncOperation>::Job_InvokeCoroutine
0x00007ff60acdb54a (Unity) BackgroundJobQueue::ExecuteMainThreadJobs
0x00007ff60ad9005f (Unity) PreloadManager::WaitForAllAsyncOperationsToComplete
0x00007ff60c553af8 (Unity) <lambda_b37b41f03089e3cb3f55061bbc93253d>::operator()
0x00007ff60c58f422 (Unity) asio::detail::completion_handler<core::mutable_function<void __cdecl(void)>,asio::io_context::basic_executor_type<std::allocator<void>,0> >::do_complete
0x00007ff60c57b3ce (Unity) asio::detail::win_iocp_io_context::do_one
0x00007ff60c57d034 (Unity) asio::detail::win_iocp_io_context::run
0x00007ff60c58d7cc (Unity) IOService::Run
0x00007ff60c560c2f (Unity) AssetImportWorkerClient::Run
0x00007ff60c52c3d7 (Unity) RunAssetImportWorkerClientV2
0x00007ff60c52c45b (Unity) RunAssetImporterV2
0x00007ff60bd231de (Unity) Application::InitializeProject
0x00007ff60c1b8795 (Unity) WinMain
0x00007ff60d5835ce (Unity) __scrt_common_main_seh
0x00007ffa8b87e8d7 (KERNEL32) BaseThreadInitThunk
0x00007ffa8c1714fc (ntdll) RtlUserThreadStart
Unloading 3360 Unused Serialized files (Serialized files now loaded: 0)
Unloading 28 unused Assets / (396.9 KB). Loaded Objects now: 4469.
Memory consumption went from 149.4 MB to 149.0 MB.
Total: 4.375100 ms (FindLiveObjects: 0.262500 ms CreateObjectMapping: 0.236300 ms MarkObjects: 3.635800 ms  DeleteObjects: 0.239000 ms)

Prepare: number of updated asset objects reloaded= 0
AssetImportParameters requested are different than current active one (requested -> active):
  custom:container-demuxer-ogg: 62fdf1f143b41e24485cea50d1cbac27 -> 
  custom:video-codec-MediaFoundation-h265: 746d11721c4dcdbdad8f713fa42b33f4 -> 
  custom:video-decoder-ogg-theora: a1e56fd34408186e4bbccfd4996cb3dc -> 
  custom:framework-win-MediaFoundation: 216162199b28c13a410421893ffa2e32 -> 
  custom:CustomObjectIndexerAttribute: 9a22284fe3817be447336de3de66b15e -> 
  custom:container-demuxer-webm: 4f35f7cbe854078d1ac9338744f61a02 -> 
  custom:container-muxer-webm: aa71ff27fc2769a1b78a27578f13a17b -> 
  custom:video-decoder-webm-vp8: 9c59270c3fd7afecdb556c50c9e8de78 -> 
  custom:SearchIndexIgnoredProperties: e643bd26f0fe6173181afceb89e7c659 -> 
  custom:AudioImporter_EditorPlatform: d09bf68614088b80899f8185d706f6e7 -> 
  custom:video-encoder-webm-vp8: eb34c28f22e8b96e1ab97ce403110664 -> 
  custom:scripting/monoscript/fileName/TextureAnimator.cs: 4ff9f3da57bffade570aa3cdb1c96685 -> 
  custom:audio-decoder-ogg-vorbis: bf7c407c2cedff20999df2af8eb42d56 -> 
  custom:audio-encoder-webm-vorbis: bf7c407c2cedff20999df2af8eb42d56 -> 
  custom:scripting/precompiled-assembly-types:Assembly-CSharp: 36d289a2072fff615a3e377c6f30ddd1 -> d0e4d9b8e3191607d5c08abaebdab676
========================================================================
Received Prepare
Caller must complete domain reload
Begin MonoManager ReloadAssembly
- Loaded All Assemblies, in  0.540 seconds
Native extension for WindowsStandalone target not found
Native extension for Android target not found
Native extension for WebGL target not found
[Package Manager] Server::EnsureServerProcessIsRunning -- launch failed, reason: Unity was launched with the -noUpm command-line argument
[Package Manager] UpmClient::Send -- Unable to send message (not connected to UPM process).
[Package Manager] Cannot connect to Unity Package Manager local server
Failed to sync packages list
UnityEngine.StackTraceUtility:ExtractStackTrace ()
UnityEngine.DebugLogHandler:LogFormat (UnityEngine.LogType,UnityEngine.Object,string,object[])
UnityEngine.Logger:Log (UnityEngine.LogType,object)
UnityEngine.Debug:LogWarning (object)
 .  / :MoveNext ()
System.Runtime.CompilerServices.AsyncVoidMethodBuilder:Start< .  / > ( .  / &)
 .  :  ()
 .⁪/ :MoveNext ()
System.Runtime.CompilerServices.AsyncTaskMethodBuilder:Start< .⁪/ > ( .⁪/ &)
 .⁪:  ()
System.Reflection.RuntimeMethodInfo:Invoke (object,System.Reflection.BindingFlags,System.Reflection.Binder,object[],System.Globalization.CultureInfo)
System.Reflection.MethodBase:Invoke (object,object[])
UnityEditor.EditorAssemblies:ProcessInitializeOnLoadMethodAttributes ()

Mono: successfully reloaded assembly
- Finished resetting the current domain, in  1.038 seconds
Domain Reload Profiling: 1577ms
	BeginReloadAssembly (190ms)
		ExecutionOrderSort (0ms)
		DisableScriptedObjects (7ms)
		BackupInstance (0ms)
		ReleaseScriptingObjects (0ms)
		CreateAndSetChildDomain (42ms)
	RebuildCommonClasses (37ms)
	RebuildNativeTypeToScriptingClass (11ms)
	initialDomainReloadingComplete (32ms)
	LoadAllAssembliesAndSetupDomain (268ms)
		LoadAssemblies (350ms)
		RebuildTransferFunctionScriptingTraits (0ms)
		AnalyzeDomain (17ms)
			TypeCache.Refresh (9ms)
				TypeCache.ScanAssembly (0ms)
			ScanForSourceGeneratedMonoScriptInfo (0ms)
			ResolveRequiredComponents (6ms)
	FinalizeReload (1039ms)
		ReleaseScriptCaches (0ms)
		RebuildScriptCaches (0ms)
		SetupLoadedEditorAssemblies (600ms)
			LogAssemblyErrors (0ms)
			InitializePlatformSupportModulesInManaged (19ms)
			SetLoadedEditorAssemblies (4ms)
			RefreshPlugins (0ms)
			BeforeProcessingInitializeOnLoad (69ms)
			ProcessInitializeOnLoadAttributes (455ms)
			ProcessInitializeOnLoadMethodAttributes (49ms)
			AfterProcessingInitializeOnLoad (4ms)
			EditorAssembliesLoaded (0ms)
		ExecutionOrderSort2 (0ms)
		AwakeInstancesAfterBackupRestoration (9ms)
Refreshing native plugins compatible for Editor in 5.53 ms, found 6 plugins.
Preloading 0 native plugins for Editor in 0.00 ms.
Release of invalid GC handle. The handle is from a previous domain. The release operation is skipped.
Release of invalid GC handle native callstack: 
0x00007ff60b1b424d (Unity) StackWalker::GetCurrentCallstack
0x00007ff60b1b9329 (Unity) StackWalker::ShowCallstack
0x00007ff60c1adae1 (Unity) GetStacktrace
0x00007ff60b0af20d (Unity) ScriptingGCHandle::ReleaseAndClear
0x00007ff60b67748c (Unity) UploadHandlerRaw::`vector deleting destructor'
0x00007ff60b67803d (Unity) UploadHandler::Release
0x00007ff60b6748dd (Unity) UnityWebRequestProto<UnityWebRequestTransport,AtomicRefCounter,RedirectHelper,ResponseHelper,DownloadHandler,UploadHandler,CertificateHandler,HeaderHelper,AsyncOperation>::~UnityWebRequestProto<UnityWebRequestTransport,AtomicRefCounter,RedirectHelper,ResponseHelper,DownloadHandler,UploadHandler,CertificateHandler,HeaderHelper,AsyncOperation>
0x00007ff60b674bd6 (Unity) UnityWebRequest::`vector deleting destructor'
0x00007ff60a3c4b77 (Unity) UnityWebRequestProto<UnityWebRequestTransport,AtomicRefCounter,RedirectHelper,ResponseHelper,DownloadHandler,UploadHandler,CertificateHandler,HeaderHelper,AsyncOperation>::Release
0x00007ff60b676605 (Unity) UnityWebRequestAsyncOperation::InvokeCoroutine
0x00007ff60b6767e1 (Unity) UnityWebRequestProto<UnityWebRequestTransport,AtomicRefCounter,RedirectHelper,ResponseHelper,DownloadHandler,UploadHandler,CertificateHandler,HeaderHelper,AsyncOperation>::Job_InvokeCoroutine
0x00007ff60acdb54a (Unity) BackgroundJobQueue::ExecuteMainThreadJobs
0x00007ff60ad9005f (Unity) PreloadManager::WaitForAllAsyncOperationsToComplete
0x00007ff60c553af8 (Unity) <lambda_b37b41f03089e3cb3f55061bbc93253d>::operator()
0x00007ff60c58f422 (Unity) asio::detail::completion_handler<core::mutable_function<void __cdecl(void)>,asio::io_context::basic_executor_type<std::allocator<void>,0> >::do_complete
0x00007ff60c57b3ce (Unity) asio::detail::win_iocp_io_context::do_one
0x00007ff60c57d034 (Unity) asio::detail::win_iocp_io_context::run
0x00007ff60c58d7cc (Unity) IOService::Run
0x00007ff60c560c2f (Unity) AssetImportWorkerClient::Run
0x00007ff60c52c3d7 (Unity) RunAssetImportWorkerClientV2
0x00007ff60c52c45b (Unity) RunAssetImporterV2
0x00007ff60bd231de (Unity) Application::InitializeProject
0x00007ff60c1b8795 (Unity) WinMain
0x00007ff60d5835ce (Unity) __scrt_common_main_seh
0x00007ffa8b87e8d7 (KERNEL32) BaseThreadInitThunk
0x00007ffa8c1714fc (ntdll) RtlUserThreadStart
Unloading 3360 Unused Serialized files (Serialized files now loaded: 0)
Unloading 28 unused Assets / (396.8 KB). Loaded Objects now: 4474.
Memory consumption went from 149.5 MB to 149.1 MB.
Total: 3.979300 ms (FindLiveObjects: 0.266100 ms CreateObjectMapping: 0.112900 ms MarkObjects: 3.348500 ms  DeleteObjects: 0.250000 ms)

Prepare: number of updated asset objects reloaded= 0
AssetImportParameters requested are different than current active one (requested -> active):
  custom:container-demuxer-ogg: 62fdf1f143b41e24485cea50d1cbac27 -> 
  custom:video-codec-MediaFoundation-h265: 746d11721c4dcdbdad8f713fa42b33f4 -> 
  custom:video-decoder-ogg-theora: a1e56fd34408186e4bbccfd4996cb3dc -> 
  custom:framework-win-MediaFoundation: 216162199b28c13a410421893ffa2e32 -> 
  custom:CustomObjectIndexerAttribute: 9a22284fe3817be447336de3de66b15e -> 
  custom:container-demuxer-webm: 4f35f7cbe854078d1ac9338744f61a02 -> 
  custom:container-muxer-webm: aa71ff27fc2769a1b78a27578f13a17b -> 
  custom:video-decoder-webm-vp8: 9c59270c3fd7afecdb556c50c9e8de78 -> 
  custom:SearchIndexIgnoredProperties: e643bd26f0fe6173181afceb89e7c659 -> 
  custom:AudioImporter_EditorPlatform: d09bf68614088b80899f8185d706f6e7 -> 
  custom:video-encoder-webm-vp8: eb34c28f22e8b96e1ab97ce403110664 -> 
  custom:scripting/monoscript/fileName/TextureAnimator.cs: 4ff9f3da57bffade570aa3cdb1c96685 -> 
  custom:audio-decoder-ogg-vorbis: bf7c407c2cedff20999df2af8eb42d56 -> 
  custom:audio-encoder-webm-vorbis: bf7c407c2cedff20999df2af8eb42d56 -> 
  custom:scripting/precompiled-assembly-types:Assembly-CSharp: 36d289a2072fff615a3e377c6f30ddd1 -> d0e4d9b8e3191607d5c08abaebdab676
========================================================================
Received Prepare
Caller must complete domain reload
Begin MonoManager ReloadAssembly
- Loaded All Assemblies, in  1.071 seconds
Native extension for WindowsStandalone target not found
Native extension for Android target not found
Native extension for WebGL target not found
[Package Manager] Server::EnsureServerProcessIsRunning -- launch failed, reason: Unity was launched with the -noUpm command-line argument
[Package Manager] UpmClient::Send -- Unable to send message (not connected to UPM process).
[Package Manager] Cannot connect to Unity Package Manager local server
Failed to sync packages list
UnityEngine.StackTraceUtility:ExtractStackTrace ()
UnityEngine.DebugLogHandler:LogFormat (UnityEngine.LogType,UnityEngine.Object,string,object[])
UnityEngine.Logger:Log (UnityEngine.LogType,object)
UnityEngine.Debug:LogWarning (object)
 .  / :MoveNext ()
System.Runtime.CompilerServices.AsyncVoidMethodBuilder:Start< .  / > ( .  / &)
 .  :  ()
 .⁪/ :MoveNext ()
System.Runtime.CompilerServices.AsyncTaskMethodBuilder:Start< .⁪/ > ( .⁪/ &)
 .⁪:  ()
System.Reflection.RuntimeMethodInfo:Invoke (object,System.Reflection.BindingFlags,System.Reflection.Binder,object[],System.Globalization.CultureInfo)
System.Reflection.MethodBase:Invoke (object,object[])
UnityEditor.EditorAssemblies:ProcessInitializeOnLoadMethodAttributes ()

Mono: successfully reloaded assembly
- Finished resetting the current domain, in  1.223 seconds
Domain Reload Profiling: 2293ms
	BeginReloadAssembly (571ms)
		ExecutionOrderSort (0ms)
		DisableScriptedObjects (12ms)
		BackupInstance (0ms)
		ReleaseScriptingObjects (0ms)
		CreateAndSetChildDomain (375ms)
	RebuildCommonClasses (46ms)
	RebuildNativeTypeToScriptingClass (18ms)
	initialDomainReloadingComplete (50ms)
	LoadAllAssembliesAndSetupDomain (384ms)
		LoadAssemblies (488ms)
		RebuildTransferFunctionScriptingTraits (0ms)
		AnalyzeDomain (29ms)
			TypeCache.Refresh (9ms)
				TypeCache.ScanAssembly (0ms)
			ScanForSourceGeneratedMonoScriptInfo (9ms)
			ResolveRequiredComponents (9ms)
	FinalizeReload (1224ms)
		ReleaseScriptCaches (0ms)
		RebuildScriptCaches (0ms)
		SetupLoadedEditorAssemblies (575ms)
			LogAssemblyErrors (0ms)
			InitializePlatformSupportModulesInManaged (24ms)
			SetLoadedEditorAssemblies (5ms)
			RefreshPlugins (0ms)
			BeforeProcessingInitializeOnLoad (72ms)
			ProcessInitializeOnLoadAttributes (415ms)
			ProcessInitializeOnLoadMethodAttributes (55ms)
			AfterProcessingInitializeOnLoad (4ms)
			EditorAssembliesLoaded (0ms)
		ExecutionOrderSort2 (0ms)
		AwakeInstancesAfterBackupRestoration (9ms)
Refreshing native plugins compatible for Editor in 3.29 ms, found 6 plugins.
Preloading 0 native plugins for Editor in 0.00 ms.
Release of invalid GC handle. The handle is from a previous domain. The release operation is skipped.
Release of invalid GC handle native callstack: 
0x00007ff60b1b424d (Unity) StackWalker::GetCurrentCallstack
0x00007ff60b1b9329 (Unity) StackWalker::ShowCallstack
0x00007ff60c1adae1 (Unity) GetStacktrace
0x00007ff60b0af20d (Unity) ScriptingGCHandle::ReleaseAndClear
0x00007ff60b67748c (Unity) UploadHandlerRaw::`vector deleting destructor'
0x00007ff60b67803d (Unity) UploadHandler::Release
0x00007ff60b6748dd (Unity) UnityWebRequestProto<UnityWebRequestTransport,AtomicRefCounter,RedirectHelper,ResponseHelper,DownloadHandler,UploadHandler,CertificateHandler,HeaderHelper,AsyncOperation>::~UnityWebRequestProto<UnityWebRequestTransport,AtomicRefCounter,RedirectHelper,ResponseHelper,DownloadHandler,UploadHandler,CertificateHandler,HeaderHelper,AsyncOperation>
0x00007ff60b674bd6 (Unity) UnityWebRequest::`vector deleting destructor'
0x00007ff60a3c4b77 (Unity) UnityWebRequestProto<UnityWebRequestTransport,AtomicRefCounter,RedirectHelper,ResponseHelper,DownloadHandler,UploadHandler,CertificateHandler,HeaderHelper,AsyncOperation>::Release
0x00007ff60b676605 (Unity) UnityWebRequestAsyncOperation::InvokeCoroutine
0x00007ff60b6767e1 (Unity) UnityWebRequestProto<UnityWebRequestTransport,AtomicRefCounter,RedirectHelper,ResponseHelper,DownloadHandler,UploadHandler,CertificateHandler,HeaderHelper,AsyncOperation>::Job_InvokeCoroutine
0x00007ff60acdb54a (Unity) BackgroundJobQueue::ExecuteMainThreadJobs
0x00007ff60ad9005f (Unity) PreloadManager::WaitForAllAsyncOperationsToComplete
0x00007ff60c553af8 (Unity) <lambda_b37b41f03089e3cb3f55061bbc93253d>::operator()
0x00007ff60c58f422 (Unity) asio::detail::completion_handler<core::mutable_function<void __cdecl(void)>,asio::io_context::basic_executor_type<std::allocator<void>,0> >::do_complete
0x00007ff60c57b3ce (Unity) asio::detail::win_iocp_io_context::do_one
0x00007ff60c57d034 (Unity) asio::detail::win_iocp_io_context::run
0x00007ff60c58d7cc (Unity) IOService::Run
0x00007ff60c560c2f (Unity) AssetImportWorkerClient::Run
0x00007ff60c52c3d7 (Unity) RunAssetImportWorkerClientV2
0x00007ff60c52c45b (Unity) RunAssetImporterV2
0x00007ff60bd231de (Unity) Application::InitializeProject
0x00007ff60c1b8795 (Unity) WinMain
0x00007ff60d5835ce (Unity) __scrt_common_main_seh
0x00007ffa8b87e8d7 (KERNEL32) BaseThreadInitThunk
0x00007ffa8c1714fc (ntdll) RtlUserThreadStart
Unloading 3360 Unused Serialized files (Serialized files now loaded: 0)
Unloading 28 unused Assets / (396.5 KB). Loaded Objects now: 4479.
Memory consumption went from 149.7 MB to 149.3 MB.
Total: 5.273700 ms (FindLiveObjects: 0.253200 ms CreateObjectMapping: 0.098900 ms MarkObjects: 4.671100 ms  DeleteObjects: 0.248800 ms)

Prepare: number of updated asset objects reloaded= 0
AssetImportParameters requested are different than current active one (requested -> active):
  custom:scripting/monoscript/fileName/MoneyMovePoints.cs: 8f3998f0de39a4570c23bab30029369a -> 
  custom:container-demuxer-ogg: 62fdf1f143b41e24485cea50d1cbac27 -> 
  custom:video-codec-MediaFoundation-h265: 746d11721c4dcdbdad8f713fa42b33f4 -> 
  custom:video-decoder-ogg-theora: a1e56fd34408186e4bbccfd4996cb3dc -> 
  custom:framework-win-MediaFoundation: 216162199b28c13a410421893ffa2e32 -> 
  custom:CustomObjectIndexerAttribute: 9a22284fe3817be447336de3de66b15e -> 
  custom:container-demuxer-webm: 4f35f7cbe854078d1ac9338744f61a02 -> 
  custom:container-muxer-webm: aa71ff27fc2769a1b78a27578f13a17b -> 
  custom:video-decoder-webm-vp8: 9c59270c3fd7afecdb556c50c9e8de78 -> 
  custom:SearchIndexIgnoredProperties: e643bd26f0fe6173181afceb89e7c659 -> 
  custom:AudioImporter_EditorPlatform: d09bf68614088b80899f8185d706f6e7 -> 
  custom:video-encoder-webm-vp8: eb34c28f22e8b96e1ab97ce403110664 -> 
  custom:scripting/monoscript/fileName/TextureAnimator.cs: 4ff9f3da57bffade570aa3cdb1c96685 -> 
  custom:audio-decoder-ogg-vorbis: bf7c407c2cedff20999df2af8eb42d56 -> 
  custom:audio-encoder-webm-vorbis: bf7c407c2cedff20999df2af8eb42d56 -> 
  custom:scripting/precompiled-assembly-types:Assembly-CSharp: 13f06a14e66adf6fc41628a23be852ef -> d0e4d9b8e3191607d5c08abaebdab676
========================================================================
Received Prepare
Caller must complete domain reload
Begin MonoManager ReloadAssembly
- Loaded All Assemblies, in  0.518 seconds
Native extension for WindowsStandalone target not found
Native extension for Android target not found
Native extension for WebGL target not found
[Package Manager] Server::EnsureServerProcessIsRunning -- launch failed, reason: Unity was launched with the -noUpm command-line argument
[Package Manager] UpmClient::Send -- Unable to send message (not connected to UPM process).
[Package Manager] Cannot connect to Unity Package Manager local server
Failed to sync packages list
UnityEngine.StackTraceUtility:ExtractStackTrace ()
UnityEngine.DebugLogHandler:LogFormat (UnityEngine.LogType,UnityEngine.Object,string,object[])
UnityEngine.Logger:Log (UnityEngine.LogType,object)
UnityEngine.Debug:LogWarning (object)
 .  / :MoveNext ()
System.Runtime.CompilerServices.AsyncVoidMethodBuilder:Start< .  / > ( .  / &)
 .  :  ()
 .⁪/ :MoveNext ()
System.Runtime.CompilerServices.AsyncTaskMethodBuilder:Start< .⁪/ > ( .⁪/ &)
 .⁪:  ()
System.Reflection.RuntimeMethodInfo:Invoke (object,System.Reflection.BindingFlags,System.Reflection.Binder,object[],System.Globalization.CultureInfo)
System.Reflection.MethodBase:Invoke (object,object[])
UnityEditor.EditorAssemblies:ProcessInitializeOnLoadMethodAttributes ()

Mono: successfully reloaded assembly
- Finished resetting the current domain, in  1.083 seconds
Domain Reload Profiling: 1599ms
	BeginReloadAssembly (171ms)
		ExecutionOrderSort (0ms)
		DisableScriptedObjects (8ms)
		BackupInstance (0ms)
		ReleaseScriptingObjects (0ms)
		CreateAndSetChildDomain (37ms)
	RebuildCommonClasses (45ms)
	RebuildNativeTypeToScriptingClass (16ms)
	initialDomainReloadingComplete (39ms)
	LoadAllAssembliesAndSetupDomain (245ms)
		LoadAssemblies (308ms)
		RebuildTransferFunctionScriptingTraits (0ms)
		AnalyzeDomain (26ms)
			TypeCache.Refresh (9ms)
				TypeCache.ScanAssembly (0ms)
			ScanForSourceGeneratedMonoScriptInfo (7ms)
			ResolveRequiredComponents (8ms)
	FinalizeReload (1084ms)
		ReleaseScriptCaches (0ms)
		RebuildScriptCaches (0ms)
		SetupLoadedEditorAssemblies (595ms)
			LogAssemblyErrors (0ms)
			InitializePlatformSupportModulesInManaged (22ms)
			SetLoadedEditorAssemblies (5ms)
			RefreshPlugins (0ms)
			BeforeProcessingInitializeOnLoad (80ms)
			ProcessInitializeOnLoadAttributes (429ms)
			ProcessInitializeOnLoadMethodAttributes (53ms)
			AfterProcessingInitializeOnLoad (5ms)
			EditorAssembliesLoaded (0ms)
		ExecutionOrderSort2 (0ms)
		AwakeInstancesAfterBackupRestoration (12ms)
Refreshing native plugins compatible for Editor in 4.77 ms, found 6 plugins.
Preloading 0 native plugins for Editor in 0.00 ms.
Release of invalid GC handle. The handle is from a previous domain. The release operation is skipped.
Release of invalid GC handle native callstack: 
0x00007ff60b1b424d (Unity) StackWalker::GetCurrentCallstack
0x00007ff60b1b9329 (Unity) StackWalker::ShowCallstack
0x00007ff60c1adae1 (Unity) GetStacktrace
0x00007ff60b0af20d (Unity) ScriptingGCHandle::ReleaseAndClear
0x00007ff60b67748c (Unity) UploadHandlerRaw::`vector deleting destructor'
0x00007ff60b67803d (Unity) UploadHandler::Release
0x00007ff60b6748dd (Unity) UnityWebRequestProto<UnityWebRequestTransport,AtomicRefCounter,RedirectHelper,ResponseHelper,DownloadHandler,UploadHandler,CertificateHandler,HeaderHelper,AsyncOperation>::~UnityWebRequestProto<UnityWebRequestTransport,AtomicRefCounter,RedirectHelper,ResponseHelper,DownloadHandler,UploadHandler,CertificateHandler,HeaderHelper,AsyncOperation>
0x00007ff60b674bd6 (Unity) UnityWebRequest::`vector deleting destructor'
0x00007ff60a3c4b77 (Unity) UnityWebRequestProto<UnityWebRequestTransport,AtomicRefCounter,RedirectHelper,ResponseHelper,DownloadHandler,UploadHandler,CertificateHandler,HeaderHelper,AsyncOperation>::Release
0x00007ff60b676605 (Unity) UnityWebRequestAsyncOperation::InvokeCoroutine
0x00007ff60b6767e1 (Unity) UnityWebRequestProto<UnityWebRequestTransport,AtomicRefCounter,RedirectHelper,ResponseHelper,DownloadHandler,UploadHandler,CertificateHandler,HeaderHelper,AsyncOperation>::Job_InvokeCoroutine
0x00007ff60acdb54a (Unity) BackgroundJobQueue::ExecuteMainThreadJobs
0x00007ff60ad9005f (Unity) PreloadManager::WaitForAllAsyncOperationsToComplete
0x00007ff60c553af8 (Unity) <lambda_b37b41f03089e3cb3f55061bbc93253d>::operator()
0x00007ff60c58f422 (Unity) asio::detail::completion_handler<core::mutable_function<void __cdecl(void)>,asio::io_context::basic_executor_type<std::allocator<void>,0> >::do_complete
0x00007ff60c57b3ce (Unity) asio::detail::win_iocp_io_context::do_one
0x00007ff60c57d034 (Unity) asio::detail::win_iocp_io_context::run
0x00007ff60c58d7cc (Unity) IOService::Run
0x00007ff60c560c2f (Unity) AssetImportWorkerClient::Run
0x00007ff60c52c3d7 (Unity) RunAssetImportWorkerClientV2
0x00007ff60c52c45b (Unity) RunAssetImporterV2
0x00007ff60bd231de (Unity) Application::InitializeProject
0x00007ff60c1b8795 (Unity) WinMain
0x00007ff60d5835ce (Unity) __scrt_common_main_seh
0x00007ffa8b87e8d7 (KERNEL32) BaseThreadInitThunk
0x00007ffa8c1714fc (ntdll) RtlUserThreadStart
Unloading 3360 Unused Serialized files (Serialized files now loaded: 0)
Unloading 28 unused Assets / (396.9 KB). Loaded Objects now: 4484.
Memory consumption went from 149.8 MB to 149.4 MB.
Total: 4.664700 ms (FindLiveObjects: 0.372600 ms CreateObjectMapping: 0.155200 ms MarkObjects: 3.766700 ms  DeleteObjects: 0.368400 ms)

Prepare: number of updated asset objects reloaded= 0
AssetImportParameters requested are different than current active one (requested -> active):
  custom:scripting/monoscript/fileName/MoneyMovePoints.cs: 8f3998f0de39a4570c23bab30029369a -> 
  custom:container-demuxer-ogg: 62fdf1f143b41e24485cea50d1cbac27 -> 
  custom:video-codec-MediaFoundation-h265: 746d11721c4dcdbdad8f713fa42b33f4 -> 
  custom:video-decoder-ogg-theora: a1e56fd34408186e4bbccfd4996cb3dc -> 
  custom:framework-win-MediaFoundation: 216162199b28c13a410421893ffa2e32 -> 
  custom:CustomObjectIndexerAttribute: 9a22284fe3817be447336de3de66b15e -> 
  custom:container-demuxer-webm: 4f35f7cbe854078d1ac9338744f61a02 -> 
  custom:container-muxer-webm: aa71ff27fc2769a1b78a27578f13a17b -> 
  custom:video-decoder-webm-vp8: 9c59270c3fd7afecdb556c50c9e8de78 -> 
  custom:SearchIndexIgnoredProperties: e643bd26f0fe6173181afceb89e7c659 -> 
  custom:scripting/monoscript/fileName/ItemMovePoints.cs: e44b4dcd52eced158d9b783c73375721 -> 8f3998f0de39a4570c23bab30029369a
  custom:AudioImporter_EditorPlatform: d09bf68614088b80899f8185d706f6e7 -> 
  custom:video-encoder-webm-vp8: eb34c28f22e8b96e1ab97ce403110664 -> 
  custom:scripting/monoscript/fileName/TextureAnimator.cs: 4ff9f3da57bffade570aa3cdb1c96685 -> 
  custom:audio-decoder-ogg-vorbis: bf7c407c2cedff20999df2af8eb42d56 -> 
  custom:audio-encoder-webm-vorbis: bf7c407c2cedff20999df2af8eb42d56 -> 
  custom:scripting/precompiled-assembly-types:Assembly-CSharp: dc7f11063a2db03226534fb5c58edf2c -> d0e4d9b8e3191607d5c08abaebdab676
========================================================================
Received Prepare
Caller must complete domain reload
Begin MonoManager ReloadAssembly
- Loaded All Assemblies, in  0.534 seconds
Native extension for WindowsStandalone target not found
Native extension for Android target not found
Native extension for WebGL target not found
[Package Manager] Server::EnsureServerProcessIsRunning -- launch failed, reason: Unity was launched with the -noUpm command-line argument
[Package Manager] UpmClient::Send -- Unable to send message (not connected to UPM process).
[Package Manager] Cannot connect to Unity Package Manager local server
Failed to sync packages list
UnityEngine.StackTraceUtility:ExtractStackTrace ()
UnityEngine.DebugLogHandler:LogFormat (UnityEngine.LogType,UnityEngine.Object,string,object[])
UnityEngine.Logger:Log (UnityEngine.LogType,object)
UnityEngine.Debug:LogWarning (object)
 .  / :MoveNext ()
System.Runtime.CompilerServices.AsyncVoidMethodBuilder:Start< .  / > ( .  / &)
 .  :  ()
 .⁪/ :MoveNext ()
System.Runtime.CompilerServices.AsyncTaskMethodBuilder:Start< .⁪/ > ( .⁪/ &)
 .⁪:  ()
System.Reflection.RuntimeMethodInfo:Invoke (object,System.Reflection.BindingFlags,System.Reflection.Binder,object[],System.Globalization.CultureInfo)
System.Reflection.MethodBase:Invoke (object,object[])
UnityEditor.EditorAssemblies:ProcessInitializeOnLoadMethodAttributes ()

Mono: successfully reloaded assembly
- Finished resetting the current domain, in  1.067 seconds
Domain Reload Profiling: 1599ms
	BeginReloadAssembly (197ms)
		ExecutionOrderSort (0ms)
		DisableScriptedObjects (6ms)
		BackupInstance (0ms)
		ReleaseScriptingObjects (0ms)
		CreateAndSetChildDomain (45ms)
	RebuildCommonClasses (39ms)
	RebuildNativeTypeToScriptingClass (10ms)
	initialDomainReloadingComplete (30ms)
	LoadAllAssembliesAndSetupDomain (255ms)
		LoadAssemblies (333ms)
		RebuildTransferFunctionScriptingTraits (0ms)
		AnalyzeDomain (25ms)
			TypeCache.Refresh (9ms)
				TypeCache.ScanAssembly (0ms)
			ScanForSourceGeneratedMonoScriptInfo (8ms)
			ResolveRequiredComponents (6ms)
	FinalizeReload (1067ms)
		ReleaseScriptCaches (0ms)
		RebuildScriptCaches (0ms)
		SetupLoadedEditorAssemblies (578ms)
			LogAssemblyErrors (0ms)
			InitializePlatformSupportModulesInManaged (19ms)
			SetLoadedEditorAssemblies (6ms)
			RefreshPlugins (0ms)
			BeforeProcessingInitializeOnLoad (64ms)
			ProcessInitializeOnLoadAttributes (437ms)
			ProcessInitializeOnLoadMethodAttributes (48ms)
			AfterProcessingInitializeOnLoad (4ms)
			EditorAssembliesLoaded (0ms)
		ExecutionOrderSort2 (0ms)
		AwakeInstancesAfterBackupRestoration (7ms)
Refreshing native plugins compatible for Editor in 3.18 ms, found 6 plugins.
Preloading 0 native plugins for Editor in 0.00 ms.
Release of invalid GC handle. The handle is from a previous domain. The release operation is skipped.
Release of invalid GC handle native callstack: 
0x00007ff60b1b424d (Unity) StackWalker::GetCurrentCallstack
0x00007ff60b1b9329 (Unity) StackWalker::ShowCallstack
0x00007ff60c1adae1 (Unity) GetStacktrace
0x00007ff60b0af20d (Unity) ScriptingGCHandle::ReleaseAndClear
0x00007ff60b67748c (Unity) UploadHandlerRaw::`vector deleting destructor'
0x00007ff60b67803d (Unity) UploadHandler::Release
0x00007ff60b6748dd (Unity) UnityWebRequestProto<UnityWebRequestTransport,AtomicRefCounter,RedirectHelper,ResponseHelper,DownloadHandler,UploadHandler,CertificateHandler,HeaderHelper,AsyncOperation>::~UnityWebRequestProto<UnityWebRequestTransport,AtomicRefCounter,RedirectHelper,ResponseHelper,DownloadHandler,UploadHandler,CertificateHandler,HeaderHelper,AsyncOperation>
0x00007ff60b674bd6 (Unity) UnityWebRequest::`vector deleting destructor'
0x00007ff60a3c4b77 (Unity) UnityWebRequestProto<UnityWebRequestTransport,AtomicRefCounter,RedirectHelper,ResponseHelper,DownloadHandler,UploadHandler,CertificateHandler,HeaderHelper,AsyncOperation>::Release
0x00007ff60b676605 (Unity) UnityWebRequestAsyncOperation::InvokeCoroutine
0x00007ff60b6767e1 (Unity) UnityWebRequestProto<UnityWebRequestTransport,AtomicRefCounter,RedirectHelper,ResponseHelper,DownloadHandler,UploadHandler,CertificateHandler,HeaderHelper,AsyncOperation>::Job_InvokeCoroutine
0x00007ff60acdb54a (Unity) BackgroundJobQueue::ExecuteMainThreadJobs
0x00007ff60ad9005f (Unity) PreloadManager::WaitForAllAsyncOperationsToComplete
0x00007ff60c553af8 (Unity) <lambda_b37b41f03089e3cb3f55061bbc93253d>::operator()
0x00007ff60c58f422 (Unity) asio::detail::completion_handler<core::mutable_function<void __cdecl(void)>,asio::io_context::basic_executor_type<std::allocator<void>,0> >::do_complete
0x00007ff60c57b3ce (Unity) asio::detail::win_iocp_io_context::do_one
0x00007ff60c57d034 (Unity) asio::detail::win_iocp_io_context::run
0x00007ff60c58d7cc (Unity) IOService::Run
0x00007ff60c560c2f (Unity) AssetImportWorkerClient::Run
0x00007ff60c52c3d7 (Unity) RunAssetImportWorkerClientV2
0x00007ff60c52c45b (Unity) RunAssetImporterV2
0x00007ff60bd231de (Unity) Application::InitializeProject
0x00007ff60c1b8795 (Unity) WinMain
0x00007ff60d5835ce (Unity) __scrt_common_main_seh
0x00007ffa8b87e8d7 (KERNEL32) BaseThreadInitThunk
0x00007ffa8c1714fc (ntdll) RtlUserThreadStart
Unloading 3361 Unused Serialized files (Serialized files now loaded: 0)
Unloading 28 unused Assets / (396.7 KB). Loaded Objects now: 4490.
Memory consumption went from 150.0 MB to 149.6 MB.
Total: 4.348400 ms (FindLiveObjects: 0.256000 ms CreateObjectMapping: 0.103700 ms MarkObjects: 3.738800 ms  DeleteObjects: 0.247200 ms)

Prepare: number of updated asset objects reloaded= 0
AssetImportParameters requested are different than current active one (requested -> active):
  custom:scripting/monoscript/fileName/MoneyMovePoints.cs: 38b3189acda4699c880355e19027608b -> 
  custom:container-demuxer-ogg: 62fdf1f143b41e24485cea50d1cbac27 -> 
  custom:video-codec-MediaFoundation-h265: 746d11721c4dcdbdad8f713fa42b33f4 -> 
  custom:video-decoder-ogg-theora: a1e56fd34408186e4bbccfd4996cb3dc -> 
  custom:framework-win-MediaFoundation: 216162199b28c13a410421893ffa2e32 -> 
  custom:CustomObjectIndexerAttribute: 9a22284fe3817be447336de3de66b15e -> 
  custom:container-demuxer-webm: 4f35f7cbe854078d1ac9338744f61a02 -> 
  custom:container-muxer-webm: aa71ff27fc2769a1b78a27578f13a17b -> 
  custom:video-decoder-webm-vp8: 9c59270c3fd7afecdb556c50c9e8de78 -> 
  custom:SearchIndexIgnoredProperties: e643bd26f0fe6173181afceb89e7c659 -> 
  custom:AudioImporter_EditorPlatform: d09bf68614088b80899f8185d706f6e7 -> 
  custom:video-encoder-webm-vp8: eb34c28f22e8b96e1ab97ce403110664 -> 
  custom:scripting/monoscript/fileName/TextureAnimator.cs: 4ff9f3da57bffade570aa3cdb1c96685 -> 
  custom:audio-decoder-ogg-vorbis: bf7c407c2cedff20999df2af8eb42d56 -> 
  custom:audio-encoder-webm-vorbis: bf7c407c2cedff20999df2af8eb42d56 -> 
  custom:scripting/precompiled-assembly-types:Assembly-CSharp: 0680b4c04036a0b99f9d81ea860127cf -> d0e4d9b8e3191607d5c08abaebdab676
========================================================================
Received Import Request.
  Time since last request: 8950.073917 seconds.
  path: Assets/Resources/Truck/Truck.mat
  artifactKey: Guid(0d5a4695fff9c834ea2b761287d3c6c2) Importer(815301076,1909f56bfc062723c751e8b465ee728b)
Start importing Assets/Resources/Truck/Truck.mat using Guid(0d5a4695fff9c834ea2b761287d3c6c2) Importer(815301076,1909f56bfc062723c751e8b465ee728b) [PhysX] Initialized MultithreadedTaskDispatcher with 12 workers.
[PhysX] Initialized MultithreadedTaskDispatcher with 12 workers.
 -> (artifact id: 'b125a66eb9989ee44887c657e1da1a51') in 0.396758 seconds
Number of updated asset objects reloaded before import = 0
Number of asset objects unloaded after import = 2
========================================================================
Received Prepare
Caller must complete domain reload
Begin MonoManager ReloadAssembly
- Loaded All Assemblies, in  0.539 seconds
Native extension for WindowsStandalone target not found
Native extension for Android target not found
Native extension for WebGL target not found
[Package Manager] Server::EnsureServerProcessIsRunning -- launch failed, reason: Unity was launched with the -noUpm command-line argument
[Package Manager] UpmClient::Send -- Unable to send message (not connected to UPM process).
[Package Manager] Cannot connect to Unity Package Manager local server
Failed to sync packages list
UnityEngine.StackTraceUtility:ExtractStackTrace ()
UnityEngine.DebugLogHandler:LogFormat (UnityEngine.LogType,UnityEngine.Object,string,object[])
UnityEngine.Logger:Log (UnityEngine.LogType,object)
UnityEngine.Debug:LogWarning (object)
 .  / :MoveNext ()
System.Runtime.CompilerServices.AsyncVoidMethodBuilder:Start< .  / > ( .  / &)
 .  :  ()
 .⁪/ :MoveNext ()
System.Runtime.CompilerServices.AsyncTaskMethodBuilder:Start< .⁪/ > ( .⁪/ &)
 .⁪:  ()
System.Reflection.RuntimeMethodInfo:Invoke (object,System.Reflection.BindingFlags,System.Reflection.Binder,object[],System.Globalization.CultureInfo)
System.Reflection.MethodBase:Invoke (object,object[])
UnityEditor.EditorAssemblies:ProcessInitializeOnLoadMethodAttributes ()

Mono: successfully reloaded assembly
- Finished resetting the current domain, in  1.038 seconds
Domain Reload Profiling: 1576ms
	BeginReloadAssembly (203ms)
		ExecutionOrderSort (0ms)
		DisableScriptedObjects (8ms)
		BackupInstance (0ms)
		ReleaseScriptingObjects (0ms)
		CreateAndSetChildDomain (49ms)
	RebuildCommonClasses (38ms)
	RebuildNativeTypeToScriptingClass (13ms)
	initialDomainReloadingComplete (35ms)
	LoadAllAssembliesAndSetupDomain (248ms)
		LoadAssemblies (321ms)
		RebuildTransferFunctionScriptingTraits (0ms)
		AnalyzeDomain (26ms)
			TypeCache.Refresh (9ms)
				TypeCache.ScanAssembly (0ms)
			ScanForSourceGeneratedMonoScriptInfo (7ms)
			ResolveRequiredComponents (8ms)
	FinalizeReload (1039ms)
		ReleaseScriptCaches (0ms)
		RebuildScriptCaches (0ms)
		SetupLoadedEditorAssemblies (614ms)
			LogAssemblyErrors (0ms)
			InitializePlatformSupportModulesInManaged (19ms)
			SetLoadedEditorAssemblies (4ms)
			RefreshPlugins (0ms)
			BeforeProcessingInitializeOnLoad (70ms)
			ProcessInitializeOnLoadAttributes (467ms)
			ProcessInitializeOnLoadMethodAttributes (46ms)
			AfterProcessingInitializeOnLoad (7ms)
			EditorAssembliesLoaded (0ms)
		ExecutionOrderSort2 (0ms)
		AwakeInstancesAfterBackupRestoration (7ms)
Refreshing native plugins compatible for Editor in 5.41 ms, found 6 plugins.
Preloading 0 native plugins for Editor in 0.00 ms.
Release of invalid GC handle. The handle is from a previous domain. The release operation is skipped.
Release of invalid GC handle native callstack: 
0x00007ff60b1b424d (Unity) StackWalker::GetCurrentCallstack
0x00007ff60b1b9329 (Unity) StackWalker::ShowCallstack
0x00007ff60c1adae1 (Unity) GetStacktrace
0x00007ff60b0af20d (Unity) ScriptingGCHandle::ReleaseAndClear
0x00007ff60b67748c (Unity) UploadHandlerRaw::`vector deleting destructor'
0x00007ff60b67803d (Unity) UploadHandler::Release
0x00007ff60b6748dd (Unity) UnityWebRequestProto<UnityWebRequestTransport,AtomicRefCounter,RedirectHelper,ResponseHelper,DownloadHandler,UploadHandler,CertificateHandler,HeaderHelper,AsyncOperation>::~UnityWebRequestProto<UnityWebRequestTransport,AtomicRefCounter,RedirectHelper,ResponseHelper,DownloadHandler,UploadHandler,CertificateHandler,HeaderHelper,AsyncOperation>
0x00007ff60b674bd6 (Unity) UnityWebRequest::`vector deleting destructor'
0x00007ff60a3c4b77 (Unity) UnityWebRequestProto<UnityWebRequestTransport,AtomicRefCounter,RedirectHelper,ResponseHelper,DownloadHandler,UploadHandler,CertificateHandler,HeaderHelper,AsyncOperation>::Release
0x00007ff60b676605 (Unity) UnityWebRequestAsyncOperation::InvokeCoroutine
0x00007ff60b6767e1 (Unity) UnityWebRequestProto<UnityWebRequestTransport,AtomicRefCounter,RedirectHelper,ResponseHelper,DownloadHandler,UploadHandler,CertificateHandler,HeaderHelper,AsyncOperation>::Job_InvokeCoroutine
0x00007ff60acdb54a (Unity) BackgroundJobQueue::ExecuteMainThreadJobs
0x00007ff60ad9005f (Unity) PreloadManager::WaitForAllAsyncOperationsToComplete
0x00007ff60c553af8 (Unity) <lambda_b37b41f03089e3cb3f55061bbc93253d>::operator()
0x00007ff60c58f422 (Unity) asio::detail::completion_handler<core::mutable_function<void __cdecl(void)>,asio::io_context::basic_executor_type<std::allocator<void>,0> >::do_complete
0x00007ff60c57b3ce (Unity) asio::detail::win_iocp_io_context::do_one
0x00007ff60c57d034 (Unity) asio::detail::win_iocp_io_context::run
0x00007ff60c58d7cc (Unity) IOService::Run
0x00007ff60c560c2f (Unity) AssetImportWorkerClient::Run
0x00007ff60c52c3d7 (Unity) RunAssetImportWorkerClientV2
0x00007ff60c52c45b (Unity) RunAssetImporterV2
0x00007ff60bd231de (Unity) Application::InitializeProject
0x00007ff60c1b8795 (Unity) WinMain
0x00007ff60d5835ce (Unity) __scrt_common_main_seh
0x00007ffa8b87e8d7 (KERNEL32) BaseThreadInitThunk
0x00007ffa8c1714fc (ntdll) RtlUserThreadStart
Unloading 3360 Unused Serialized files (Serialized files now loaded: 0)
Unloading 28 unused Assets / (396.7 KB). Loaded Objects now: 4495.
Memory consumption went from 149.9 MB to 149.5 MB.
Total: 4.047000 ms (FindLiveObjects: 0.252700 ms CreateObjectMapping: 0.105300 ms MarkObjects: 3.423300 ms  DeleteObjects: 0.264600 ms)

Prepare: number of updated asset objects reloaded= 0
AssetImportParameters requested are different than current active one (requested -> active):
  custom:scripting/monoscript/fileName/MoneyMovePoints.cs: 38b3189acda4699c880355e19027608b -> 
  custom:container-demuxer-ogg: 62fdf1f143b41e24485cea50d1cbac27 -> 
  custom:video-codec-MediaFoundation-h265: 746d11721c4dcdbdad8f713fa42b33f4 -> 
  custom:video-decoder-ogg-theora: a1e56fd34408186e4bbccfd4996cb3dc -> 
  custom:framework-win-MediaFoundation: 216162199b28c13a410421893ffa2e32 -> 
  custom:CustomObjectIndexerAttribute: 9a22284fe3817be447336de3de66b15e -> 
  custom:container-demuxer-webm: 4f35f7cbe854078d1ac9338744f61a02 -> 
  custom:container-muxer-webm: aa71ff27fc2769a1b78a27578f13a17b -> 
  custom:video-decoder-webm-vp8: 9c59270c3fd7afecdb556c50c9e8de78 -> 
  custom:SearchIndexIgnoredProperties: e643bd26f0fe6173181afceb89e7c659 -> 
  custom:AudioImporter_EditorPlatform: d09bf68614088b80899f8185d706f6e7 -> 
  custom:video-encoder-webm-vp8: eb34c28f22e8b96e1ab97ce403110664 -> 
  custom:scripting/monoscript/fileName/TextureAnimator.cs: 4ff9f3da57bffade570aa3cdb1c96685 -> 
  custom:audio-decoder-ogg-vorbis: bf7c407c2cedff20999df2af8eb42d56 -> 
  custom:audio-encoder-webm-vorbis: bf7c407c2cedff20999df2af8eb42d56 -> 
  custom:scripting/precompiled-assembly-types:Assembly-CSharp: 0680b4c04036a0b99f9d81ea860127cf -> d0e4d9b8e3191607d5c08abaebdab676
========================================================================
Received Prepare
Caller must complete domain reload
Begin MonoManager ReloadAssembly
- Loaded All Assemblies, in  0.465 seconds
Native extension for WindowsStandalone target not found
Native extension for Android target not found
Native extension for WebGL target not found
[Package Manager] Server::EnsureServerProcessIsRunning -- launch failed, reason: Unity was launched with the -noUpm command-line argument
[Package Manager] UpmClient::Send -- Unable to send message (not connected to UPM process).
[Package Manager] Cannot connect to Unity Package Manager local server
Failed to sync packages list
UnityEngine.StackTraceUtility:ExtractStackTrace ()
UnityEngine.DebugLogHandler:LogFormat (UnityEngine.LogType,UnityEngine.Object,string,object[])
UnityEngine.Logger:Log (UnityEngine.LogType,object)
UnityEngine.Debug:LogWarning (object)
 .  / :MoveNext ()
System.Runtime.CompilerServices.AsyncVoidMethodBuilder:Start< .  / > ( .  / &)
 .  :  ()
 .⁪/ :MoveNext ()
System.Runtime.CompilerServices.AsyncTaskMethodBuilder:Start< .⁪/ > ( .⁪/ &)
 .⁪:  ()
System.Reflection.RuntimeMethodInfo:Invoke (object,System.Reflection.BindingFlags,System.Reflection.Binder,object[],System.Globalization.CultureInfo)
System.Reflection.MethodBase:Invoke (object,object[])
UnityEditor.EditorAssemblies:ProcessInitializeOnLoadMethodAttributes ()

Mono: successfully reloaded assembly
- Finished resetting the current domain, in  0.993 seconds
Domain Reload Profiling: 1457ms
	BeginReloadAssembly (159ms)
		ExecutionOrderSort (0ms)
		DisableScriptedObjects (5ms)
		BackupInstance (0ms)
		ReleaseScriptingObjects (0ms)
		CreateAndSetChildDomain (33ms)
	RebuildCommonClasses (36ms)
	RebuildNativeTypeToScriptingClass (10ms)
	initialDomainReloadingComplete (27ms)
	LoadAllAssembliesAndSetupDomain (230ms)
		LoadAssemblies (304ms)
		RebuildTransferFunctionScriptingTraits (0ms)
		AnalyzeDomain (15ms)
			TypeCache.Refresh (6ms)
				TypeCache.ScanAssembly (0ms)
			ScanForSourceGeneratedMonoScriptInfo (0ms)
			ResolveRequiredComponents (7ms)
	FinalizeReload (994ms)
		ReleaseScriptCaches (0ms)
		RebuildScriptCaches (0ms)
		SetupLoadedEditorAssemblies (550ms)
			LogAssemblyErrors (0ms)
			InitializePlatformSupportModulesInManaged (18ms)
			SetLoadedEditorAssemblies (4ms)
			RefreshPlugins (0ms)
			BeforeProcessingInitializeOnLoad (63ms)
			ProcessInitializeOnLoadAttributes (403ms)
			ProcessInitializeOnLoadMethodAttributes (55ms)
			AfterProcessingInitializeOnLoad (6ms)
			EditorAssembliesLoaded (0ms)
		ExecutionOrderSort2 (0ms)
		AwakeInstancesAfterBackupRestoration (7ms)
Refreshing native plugins compatible for Editor in 5.04 ms, found 6 plugins.
Preloading 0 native plugins for Editor in 0.00 ms.
Release of invalid GC handle. The handle is from a previous domain. The release operation is skipped.
Release of invalid GC handle native callstack: 
0x00007ff60b1b424d (Unity) StackWalker::GetCurrentCallstack
0x00007ff60b1b9329 (Unity) StackWalker::ShowCallstack
0x00007ff60c1adae1 (Unity) GetStacktrace
0x00007ff60b0af20d (Unity) ScriptingGCHandle::ReleaseAndClear
0x00007ff60b67748c (Unity) UploadHandlerRaw::`vector deleting destructor'
0x00007ff60b67803d (Unity) UploadHandler::Release
0x00007ff60b6748dd (Unity) UnityWebRequestProto<UnityWebRequestTransport,AtomicRefCounter,RedirectHelper,ResponseHelper,DownloadHandler,UploadHandler,CertificateHandler,HeaderHelper,AsyncOperation>::~UnityWebRequestProto<UnityWebRequestTransport,AtomicRefCounter,RedirectHelper,ResponseHelper,DownloadHandler,UploadHandler,CertificateHandler,HeaderHelper,AsyncOperation>
0x00007ff60b674bd6 (Unity) UnityWebRequest::`vector deleting destructor'
0x00007ff60a3c4b77 (Unity) UnityWebRequestProto<UnityWebRequestTransport,AtomicRefCounter,RedirectHelper,ResponseHelper,DownloadHandler,UploadHandler,CertificateHandler,HeaderHelper,AsyncOperation>::Release
0x00007ff60b676605 (Unity) UnityWebRequestAsyncOperation::InvokeCoroutine
0x00007ff60b6767e1 (Unity) UnityWebRequestProto<UnityWebRequestTransport,AtomicRefCounter,RedirectHelper,ResponseHelper,DownloadHandler,UploadHandler,CertificateHandler,HeaderHelper,AsyncOperation>::Job_InvokeCoroutine
0x00007ff60acdb54a (Unity) BackgroundJobQueue::ExecuteMainThreadJobs
0x00007ff60ad9005f (Unity) PreloadManager::WaitForAllAsyncOperationsToComplete
0x00007ff60c553af8 (Unity) <lambda_b37b41f03089e3cb3f55061bbc93253d>::operator()
0x00007ff60c58f422 (Unity) asio::detail::completion_handler<core::mutable_function<void __cdecl(void)>,asio::io_context::basic_executor_type<std::allocator<void>,0> >::do_complete
0x00007ff60c57b3ce (Unity) asio::detail::win_iocp_io_context::do_one
0x00007ff60c57d034 (Unity) asio::detail::win_iocp_io_context::run
0x00007ff60c58d7cc (Unity) IOService::Run
0x00007ff60c560c2f (Unity) AssetImportWorkerClient::Run
0x00007ff60c52c3d7 (Unity) RunAssetImportWorkerClientV2
0x00007ff60c52c45b (Unity) RunAssetImporterV2
0x00007ff60bd231de (Unity) Application::InitializeProject
0x00007ff60c1b8795 (Unity) WinMain
0x00007ff60d5835ce (Unity) __scrt_common_main_seh
0x00007ffa8b87e8d7 (KERNEL32) BaseThreadInitThunk
0x00007ffa8c1714fc (ntdll) RtlUserThreadStart
Unloading 3361 Unused Serialized files (Serialized files now loaded: 0)
Unloading 28 unused Assets / (397.2 KB). Loaded Objects now: 4500.
Memory consumption went from 150.3 MB to 149.9 MB.
Total: 5.500500 ms (FindLiveObjects: 0.508600 ms CreateObjectMapping: 0.141100 ms MarkObjects: 4.573800 ms  DeleteObjects: 0.275700 ms)

Prepare: number of updated asset objects reloaded= 0
AssetImportParameters requested are different than current active one (requested -> active):
  custom:scripting/monoscript/fileName/MoneyMovePoints.cs: 38b3189acda4699c880355e19027608b -> 
  custom:container-demuxer-ogg: 62fdf1f143b41e24485cea50d1cbac27 -> 
  custom:video-codec-MediaFoundation-h265: 746d11721c4dcdbdad8f713fa42b33f4 -> 
  custom:video-decoder-ogg-theora: a1e56fd34408186e4bbccfd4996cb3dc -> 
  custom:framework-win-MediaFoundation: 216162199b28c13a410421893ffa2e32 -> 
  custom:CustomObjectIndexerAttribute: 9a22284fe3817be447336de3de66b15e -> 
  custom:container-demuxer-webm: 4f35f7cbe854078d1ac9338744f61a02 -> 
  custom:container-muxer-webm: aa71ff27fc2769a1b78a27578f13a17b -> 
  custom:video-decoder-webm-vp8: 9c59270c3fd7afecdb556c50c9e8de78 -> 
  custom:SearchIndexIgnoredProperties: e643bd26f0fe6173181afceb89e7c659 -> 
  custom:AudioImporter_EditorPlatform: d09bf68614088b80899f8185d706f6e7 -> 
  custom:video-encoder-webm-vp8: eb34c28f22e8b96e1ab97ce403110664 -> 
  custom:scripting/monoscript/fileName/TextureAnimator.cs: 4ff9f3da57bffade570aa3cdb1c96685 -> 
  custom:audio-decoder-ogg-vorbis: bf7c407c2cedff20999df2af8eb42d56 -> 
  custom:audio-encoder-webm-vorbis: bf7c407c2cedff20999df2af8eb42d56 -> 
  custom:scripting/precompiled-assembly-types:Assembly-CSharp: 0680b4c04036a0b99f9d81ea860127cf -> d0e4d9b8e3191607d5c08abaebdab676
========================================================================
Received Prepare
Caller must complete domain reload
Begin MonoManager ReloadAssembly
- Loaded All Assemblies, in  0.472 seconds
Native extension for WindowsStandalone target not found
Native extension for Android target not found
Native extension for WebGL target not found
[Package Manager] Server::EnsureServerProcessIsRunning -- launch failed, reason: Unity was launched with the -noUpm command-line argument
[Package Manager] UpmClient::Send -- Unable to send message (not connected to UPM process).
[Package Manager] Cannot connect to Unity Package Manager local server
Failed to sync packages list
UnityEngine.StackTraceUtility:ExtractStackTrace ()
UnityEngine.DebugLogHandler:LogFormat (UnityEngine.LogType,UnityEngine.Object,string,object[])
UnityEngine.Logger:Log (UnityEngine.LogType,object)
UnityEngine.Debug:LogWarning (object)
 .  / :MoveNext ()
System.Runtime.CompilerServices.AsyncVoidMethodBuilder:Start< .  / > ( .  / &)
 .  :  ()
 .⁪/ :MoveNext ()
System.Runtime.CompilerServices.AsyncTaskMethodBuilder:Start< .⁪/ > ( .⁪/ &)
 .⁪:  ()
System.Reflection.RuntimeMethodInfo:Invoke (object,System.Reflection.BindingFlags,System.Reflection.Binder,object[],System.Globalization.CultureInfo)
System.Reflection.MethodBase:Invoke (object,object[])
UnityEditor.EditorAssemblies:ProcessInitializeOnLoadMethodAttributes ()

Mono: successfully reloaded assembly
- Finished resetting the current domain, in  0.980 seconds
Domain Reload Profiling: 1451ms
	BeginReloadAssembly (162ms)
		ExecutionOrderSort (0ms)
		DisableScriptedObjects (5ms)
		BackupInstance (0ms)
		ReleaseScriptingObjects (0ms)
		CreateAndSetChildDomain (32ms)
	RebuildCommonClasses (36ms)
	RebuildNativeTypeToScriptingClass (10ms)
	initialDomainReloadingComplete (36ms)
	LoadAllAssembliesAndSetupDomain (226ms)
		LoadAssemblies (305ms)
		RebuildTransferFunctionScriptingTraits (0ms)
		AnalyzeDomain (14ms)
			TypeCache.Refresh (6ms)
				TypeCache.ScanAssembly (0ms)
			ScanForSourceGeneratedMonoScriptInfo (0ms)
			ResolveRequiredComponents (6ms)
	FinalizeReload (981ms)
		ReleaseScriptCaches (0ms)
		RebuildScriptCaches (0ms)
		SetupLoadedEditorAssemblies (553ms)
			LogAssemblyErrors (0ms)
			InitializePlatformSupportModulesInManaged (20ms)
			SetLoadedEditorAssemblies (3ms)
			RefreshPlugins (0ms)
			BeforeProcessingInitializeOnLoad (83ms)
			ProcessInitializeOnLoadAttributes (393ms)
			ProcessInitializeOnLoadMethodAttributes (48ms)
			AfterProcessingInitializeOnLoad (4ms)
			EditorAssembliesLoaded (0ms)
		ExecutionOrderSort2 (0ms)
		AwakeInstancesAfterBackupRestoration (8ms)
Refreshing native plugins compatible for Editor in 4.50 ms, found 6 plugins.
Preloading 0 native plugins for Editor in 0.00 ms.
Release of invalid GC handle. The handle is from a previous domain. The release operation is skipped.
Release of invalid GC handle native callstack: 
0x00007ff60b1b424d (Unity) StackWalker::GetCurrentCallstack
0x00007ff60b1b9329 (Unity) StackWalker::ShowCallstack
0x00007ff60c1adae1 (Unity) GetStacktrace
0x00007ff60b0af20d (Unity) ScriptingGCHandle::ReleaseAndClear
0x00007ff60b67748c (Unity) UploadHandlerRaw::`vector deleting destructor'
0x00007ff60b67803d (Unity) UploadHandler::Release
0x00007ff60b6748dd (Unity) UnityWebRequestProto<UnityWebRequestTransport,AtomicRefCounter,RedirectHelper,ResponseHelper,DownloadHandler,UploadHandler,CertificateHandler,HeaderHelper,AsyncOperation>::~UnityWebRequestProto<UnityWebRequestTransport,AtomicRefCounter,RedirectHelper,ResponseHelper,DownloadHandler,UploadHandler,CertificateHandler,HeaderHelper,AsyncOperation>
0x00007ff60b674bd6 (Unity) UnityWebRequest::`vector deleting destructor'
0x00007ff60a3c4b77 (Unity) UnityWebRequestProto<UnityWebRequestTransport,AtomicRefCounter,RedirectHelper,ResponseHelper,DownloadHandler,UploadHandler,CertificateHandler,HeaderHelper,AsyncOperation>::Release
0x00007ff60b676605 (Unity) UnityWebRequestAsyncOperation::InvokeCoroutine
0x00007ff60b6767e1 (Unity) UnityWebRequestProto<UnityWebRequestTransport,AtomicRefCounter,RedirectHelper,ResponseHelper,DownloadHandler,UploadHandler,CertificateHandler,HeaderHelper,AsyncOperation>::Job_InvokeCoroutine
0x00007ff60acdb54a (Unity) BackgroundJobQueue::ExecuteMainThreadJobs
0x00007ff60ad9005f (Unity) PreloadManager::WaitForAllAsyncOperationsToComplete
0x00007ff60c553af8 (Unity) <lambda_b37b41f03089e3cb3f55061bbc93253d>::operator()
0x00007ff60c58f422 (Unity) asio::detail::completion_handler<core::mutable_function<void __cdecl(void)>,asio::io_context::basic_executor_type<std::allocator<void>,0> >::do_complete
0x00007ff60c57b3ce (Unity) asio::detail::win_iocp_io_context::do_one
0x00007ff60c57d034 (Unity) asio::detail::win_iocp_io_context::run
0x00007ff60c58d7cc (Unity) IOService::Run
0x00007ff60c560c2f (Unity) AssetImportWorkerClient::Run
0x00007ff60c52c3d7 (Unity) RunAssetImportWorkerClientV2
0x00007ff60c52c45b (Unity) RunAssetImporterV2
0x00007ff60bd231de (Unity) Application::InitializeProject
0x00007ff60c1b8795 (Unity) WinMain
0x00007ff60d5835ce (Unity) __scrt_common_main_seh
0x00007ffa8b87e8d7 (KERNEL32) BaseThreadInitThunk
0x00007ffa8c1714fc (ntdll) RtlUserThreadStart
Unloading 3361 Unused Serialized files (Serialized files now loaded: 0)
Unloading 28 unused Assets / (396.6 KB). Loaded Objects now: 4505.
Memory consumption went from 150.5 MB to 150.1 MB.
Total: 4.203700 ms (FindLiveObjects: 0.270800 ms CreateObjectMapping: 0.109600 ms MarkObjects: 3.573900 ms  DeleteObjects: 0.248400 ms)

Prepare: number of updated asset objects reloaded= 0
AssetImportParameters requested are different than current active one (requested -> active):
  custom:scripting/monoscript/fileName/MoneyMovePoints.cs: 38b3189acda4699c880355e19027608b -> 
  custom:container-demuxer-ogg: 62fdf1f143b41e24485cea50d1cbac27 -> 
  custom:video-codec-MediaFoundation-h265: 746d11721c4dcdbdad8f713fa42b33f4 -> 
  custom:video-decoder-ogg-theora: a1e56fd34408186e4bbccfd4996cb3dc -> 
  custom:framework-win-MediaFoundation: 216162199b28c13a410421893ffa2e32 -> 
  custom:CustomObjectIndexerAttribute: 9a22284fe3817be447336de3de66b15e -> 
  custom:container-demuxer-webm: 4f35f7cbe854078d1ac9338744f61a02 -> 
  custom:container-muxer-webm: aa71ff27fc2769a1b78a27578f13a17b -> 
  custom:video-decoder-webm-vp8: 9c59270c3fd7afecdb556c50c9e8de78 -> 
  custom:SearchIndexIgnoredProperties: e643bd26f0fe6173181afceb89e7c659 -> 
  custom:AudioImporter_EditorPlatform: d09bf68614088b80899f8185d706f6e7 -> 
  custom:video-encoder-webm-vp8: eb34c28f22e8b96e1ab97ce403110664 -> 
  custom:scripting/monoscript/fileName/TextureAnimator.cs: 4ff9f3da57bffade570aa3cdb1c96685 -> 
  custom:audio-decoder-ogg-vorbis: bf7c407c2cedff20999df2af8eb42d56 -> 
  custom:audio-encoder-webm-vorbis: bf7c407c2cedff20999df2af8eb42d56 -> 
  custom:scripting/precompiled-assembly-types:Assembly-CSharp: 0680b4c04036a0b99f9d81ea860127cf -> d0e4d9b8e3191607d5c08abaebdab676
========================================================================
Received Prepare
Caller must complete domain reload
Begin MonoManager ReloadAssembly
- Loaded All Assemblies, in  0.463 seconds
Native extension for WindowsStandalone target not found
Native extension for Android target not found
Native extension for WebGL target not found
[Package Manager] Server::EnsureServerProcessIsRunning -- launch failed, reason: Unity was launched with the -noUpm command-line argument
[Package Manager] UpmClient::Send -- Unable to send message (not connected to UPM process).
[Package Manager] Cannot connect to Unity Package Manager local server
Failed to sync packages list
UnityEngine.StackTraceUtility:ExtractStackTrace ()
UnityEngine.DebugLogHandler:LogFormat (UnityEngine.LogType,UnityEngine.Object,string,object[])
UnityEngine.Logger:Log (UnityEngine.LogType,object)
UnityEngine.Debug:LogWarning (object)
 .  / :MoveNext ()
System.Runtime.CompilerServices.AsyncVoidMethodBuilder:Start< .  / > ( .  / &)
 .  :  ()
 .⁪/ :MoveNext ()
System.Runtime.CompilerServices.AsyncTaskMethodBuilder:Start< .⁪/ > ( .⁪/ &)
 .⁪:  ()
System.Reflection.RuntimeMethodInfo:Invoke (object,System.Reflection.BindingFlags,System.Reflection.Binder,object[],System.Globalization.CultureInfo)
System.Reflection.MethodBase:Invoke (object,object[])
UnityEditor.EditorAssemblies:ProcessInitializeOnLoadMethodAttributes ()

Mono: successfully reloaded assembly
- Finished resetting the current domain, in  0.995 seconds
Domain Reload Profiling: 1458ms
	BeginReloadAssembly (160ms)
		ExecutionOrderSort (0ms)
		DisableScriptedObjects (5ms)
		BackupInstance (0ms)
		ReleaseScriptingObjects (0ms)
		CreateAndSetChildDomain (37ms)
	RebuildCommonClasses (35ms)
	RebuildNativeTypeToScriptingClass (10ms)
	initialDomainReloadingComplete (32ms)
	LoadAllAssembliesAndSetupDomain (223ms)
		LoadAssemblies (293ms)
		RebuildTransferFunctionScriptingTraits (0ms)
		AnalyzeDomain (15ms)
			TypeCache.Refresh (6ms)
				TypeCache.ScanAssembly (0ms)
			ScanForSourceGeneratedMonoScriptInfo (0ms)
			ResolveRequiredComponents (6ms)
	FinalizeReload (996ms)
		ReleaseScriptCaches (0ms)
		RebuildScriptCaches (0ms)
		SetupLoadedEditorAssemblies (558ms)
			LogAssemblyErrors (0ms)
			InitializePlatformSupportModulesInManaged (18ms)
			SetLoadedEditorAssemblies (7ms)
			RefreshPlugins (0ms)
			BeforeProcessingInitializeOnLoad (77ms)
			ProcessInitializeOnLoadAttributes (395ms)
			ProcessInitializeOnLoadMethodAttributes (55ms)
			AfterProcessingInitializeOnLoad (4ms)
			EditorAssembliesLoaded (0ms)
		ExecutionOrderSort2 (0ms)
		AwakeInstancesAfterBackupRestoration (7ms)
Refreshing native plugins compatible for Editor in 5.76 ms, found 6 plugins.
Preloading 0 native plugins for Editor in 0.00 ms.
Release of invalid GC handle. The handle is from a previous domain. The release operation is skipped.
Release of invalid GC handle native callstack: 
0x00007ff60b1b424d (Unity) StackWalker::GetCurrentCallstack
0x00007ff60b1b9329 (Unity) StackWalker::ShowCallstack
0x00007ff60c1adae1 (Unity) GetStacktrace
0x00007ff60b0af20d (Unity) ScriptingGCHandle::ReleaseAndClear
0x00007ff60b67748c (Unity) UploadHandlerRaw::`vector deleting destructor'
0x00007ff60b67803d (Unity) UploadHandler::Release
0x00007ff60b6748dd (Unity) UnityWebRequestProto<UnityWebRequestTransport,AtomicRefCounter,RedirectHelper,ResponseHelper,DownloadHandler,UploadHandler,CertificateHandler,HeaderHelper,AsyncOperation>::~UnityWebRequestProto<UnityWebRequestTransport,AtomicRefCounter,RedirectHelper,ResponseHelper,DownloadHandler,UploadHandler,CertificateHandler,HeaderHelper,AsyncOperation>
0x00007ff60b674bd6 (Unity) UnityWebRequest::`vector deleting destructor'
0x00007ff60a3c4b77 (Unity) UnityWebRequestProto<UnityWebRequestTransport,AtomicRefCounter,RedirectHelper,ResponseHelper,DownloadHandler,UploadHandler,CertificateHandler,HeaderHelper,AsyncOperation>::Release
0x00007ff60b676605 (Unity) UnityWebRequestAsyncOperation::InvokeCoroutine
0x00007ff60b6767e1 (Unity) UnityWebRequestProto<UnityWebRequestTransport,AtomicRefCounter,RedirectHelper,ResponseHelper,DownloadHandler,UploadHandler,CertificateHandler,HeaderHelper,AsyncOperation>::Job_InvokeCoroutine
0x00007ff60acdb54a (Unity) BackgroundJobQueue::ExecuteMainThreadJobs
0x00007ff60ad9005f (Unity) PreloadManager::WaitForAllAsyncOperationsToComplete
0x00007ff60c553af8 (Unity) <lambda_b37b41f03089e3cb3f55061bbc93253d>::operator()
0x00007ff60c58f422 (Unity) asio::detail::completion_handler<core::mutable_function<void __cdecl(void)>,asio::io_context::basic_executor_type<std::allocator<void>,0> >::do_complete
0x00007ff60c57b3ce (Unity) asio::detail::win_iocp_io_context::do_one
0x00007ff60c57d034 (Unity) asio::detail::win_iocp_io_context::run
0x00007ff60c58d7cc (Unity) IOService::Run
0x00007ff60c560c2f (Unity) AssetImportWorkerClient::Run
0x00007ff60c52c3d7 (Unity) RunAssetImportWorkerClientV2
0x00007ff60c52c45b (Unity) RunAssetImporterV2
0x00007ff60bd231de (Unity) Application::InitializeProject
0x00007ff60c1b8795 (Unity) WinMain
0x00007ff60d5835ce (Unity) __scrt_common_main_seh
0x00007ffa8b87e8d7 (KERNEL32) BaseThreadInitThunk
0x00007ffa8c1714fc (ntdll) RtlUserThreadStart
Unloading 3361 Unused Serialized files (Serialized files now loaded: 0)
Unloading 28 unused Assets / (396.8 KB). Loaded Objects now: 4510.
Memory consumption went from 150.6 MB to 150.2 MB.
Total: 4.163700 ms (FindLiveObjects: 0.266900 ms CreateObjectMapping: 0.104700 ms MarkObjects: 3.484800 ms  DeleteObjects: 0.306200 ms)

Prepare: number of updated asset objects reloaded= 0
AssetImportParameters requested are different than current active one (requested -> active):
  custom:scripting/monoscript/fileName/MoneyMovePoints.cs: 38b3189acda4699c880355e19027608b -> 
  custom:container-demuxer-ogg: 62fdf1f143b41e24485cea50d1cbac27 -> 
  custom:video-codec-MediaFoundation-h265: 746d11721c4dcdbdad8f713fa42b33f4 -> 
  custom:video-decoder-ogg-theora: a1e56fd34408186e4bbccfd4996cb3dc -> 
  custom:framework-win-MediaFoundation: 216162199b28c13a410421893ffa2e32 -> 
  custom:CustomObjectIndexerAttribute: 9a22284fe3817be447336de3de66b15e -> 
  custom:container-demuxer-webm: 4f35f7cbe854078d1ac9338744f61a02 -> 
  custom:container-muxer-webm: aa71ff27fc2769a1b78a27578f13a17b -> 
  custom:video-decoder-webm-vp8: 9c59270c3fd7afecdb556c50c9e8de78 -> 
  custom:SearchIndexIgnoredProperties: e643bd26f0fe6173181afceb89e7c659 -> 
  custom:AudioImporter_EditorPlatform: d09bf68614088b80899f8185d706f6e7 -> 
  custom:video-encoder-webm-vp8: eb34c28f22e8b96e1ab97ce403110664 -> 
  custom:scripting/monoscript/fileName/TextureAnimator.cs: 4ff9f3da57bffade570aa3cdb1c96685 -> 
  custom:audio-decoder-ogg-vorbis: bf7c407c2cedff20999df2af8eb42d56 -> 
  custom:audio-encoder-webm-vorbis: bf7c407c2cedff20999df2af8eb42d56 -> 
  custom:scripting/precompiled-assembly-types:Assembly-CSharp: 0680b4c04036a0b99f9d81ea860127cf -> d0e4d9b8e3191607d5c08abaebdab676
========================================================================
Received Prepare
Caller must complete domain reload
Begin MonoManager ReloadAssembly
- Loaded All Assemblies, in  0.578 seconds
Native extension for WindowsStandalone target not found
Native extension for Android target not found
Native extension for WebGL target not found
[Package Manager] Server::EnsureServerProcessIsRunning -- launch failed, reason: Unity was launched with the -noUpm command-line argument
[Package Manager] UpmClient::Send -- Unable to send message (not connected to UPM process).
[Package Manager] Cannot connect to Unity Package Manager local server
Failed to sync packages list
UnityEngine.StackTraceUtility:ExtractStackTrace ()
UnityEngine.DebugLogHandler:LogFormat (UnityEngine.LogType,UnityEngine.Object,string,object[])
UnityEngine.Logger:Log (UnityEngine.LogType,object)
UnityEngine.Debug:LogWarning (object)
 .  / :MoveNext ()
System.Runtime.CompilerServices.AsyncVoidMethodBuilder:Start< .  / > ( .  / &)
 .  :  ()
 .⁪/ :MoveNext ()
System.Runtime.CompilerServices.AsyncTaskMethodBuilder:Start< .⁪/ > ( .⁪/ &)
 .⁪:  ()
System.Reflection.RuntimeMethodInfo:Invoke (object,System.Reflection.BindingFlags,System.Reflection.Binder,object[],System.Globalization.CultureInfo)
System.Reflection.MethodBase:Invoke (object,object[])
UnityEditor.EditorAssemblies:ProcessInitializeOnLoadMethodAttributes ()

Mono: successfully reloaded assembly
- Finished resetting the current domain, in  1.034 seconds
Domain Reload Profiling: 1610ms
	BeginReloadAssembly (183ms)
		ExecutionOrderSort (0ms)
		DisableScriptedObjects (6ms)
		BackupInstance (0ms)
		ReleaseScriptingObjects (0ms)
		CreateAndSetChildDomain (41ms)
	RebuildCommonClasses (37ms)
	RebuildNativeTypeToScriptingClass (11ms)
	initialDomainReloadingComplete (39ms)
	LoadAllAssembliesAndSetupDomain (306ms)
		LoadAssemblies (377ms)
		RebuildTransferFunctionScriptingTraits (0ms)
		AnalyzeDomain (24ms)
			TypeCache.Refresh (9ms)
				TypeCache.ScanAssembly (1ms)
			ScanForSourceGeneratedMonoScriptInfo (7ms)
			ResolveRequiredComponents (6ms)
	FinalizeReload (1034ms)
		ReleaseScriptCaches (0ms)
		RebuildScriptCaches (0ms)
		SetupLoadedEditorAssemblies (571ms)
			LogAssemblyErrors (0ms)
			InitializePlatformSupportModulesInManaged (21ms)
			SetLoadedEditorAssemblies (5ms)
			RefreshPlugins (0ms)
			BeforeProcessingInitializeOnLoad (67ms)
			ProcessInitializeOnLoadAttributes (425ms)
			ProcessInitializeOnLoadMethodAttributes (48ms)
			AfterProcessingInitializeOnLoad (5ms)
			EditorAssembliesLoaded (0ms)
		ExecutionOrderSort2 (0ms)
		AwakeInstancesAfterBackupRestoration (7ms)
Refreshing native plugins compatible for Editor in 5.31 ms, found 6 plugins.
Preloading 0 native plugins for Editor in 0.00 ms.
Release of invalid GC handle. The handle is from a previous domain. The release operation is skipped.
Release of invalid GC handle native callstack: 
0x00007ff60b1b424d (Unity) StackWalker::GetCurrentCallstack
0x00007ff60b1b9329 (Unity) StackWalker::ShowCallstack
0x00007ff60c1adae1 (Unity) GetStacktrace
0x00007ff60b0af20d (Unity) ScriptingGCHandle::ReleaseAndClear
0x00007ff60b67748c (Unity) UploadHandlerRaw::`vector deleting destructor'
0x00007ff60b67803d (Unity) UploadHandler::Release
0x00007ff60b6748dd (Unity) UnityWebRequestProto<UnityWebRequestTransport,AtomicRefCounter,RedirectHelper,ResponseHelper,DownloadHandler,UploadHandler,CertificateHandler,HeaderHelper,AsyncOperation>::~UnityWebRequestProto<UnityWebRequestTransport,AtomicRefCounter,RedirectHelper,ResponseHelper,DownloadHandler,UploadHandler,CertificateHandler,HeaderHelper,AsyncOperation>
0x00007ff60b674bd6 (Unity) UnityWebRequest::`vector deleting destructor'
0x00007ff60a3c4b77 (Unity) UnityWebRequestProto<UnityWebRequestTransport,AtomicRefCounter,RedirectHelper,ResponseHelper,DownloadHandler,UploadHandler,CertificateHandler,HeaderHelper,AsyncOperation>::Release
0x00007ff60b676605 (Unity) UnityWebRequestAsyncOperation::InvokeCoroutine
0x00007ff60b6767e1 (Unity) UnityWebRequestProto<UnityWebRequestTransport,AtomicRefCounter,RedirectHelper,ResponseHelper,DownloadHandler,UploadHandler,CertificateHandler,HeaderHelper,AsyncOperation>::Job_InvokeCoroutine
0x00007ff60acdb54a (Unity) BackgroundJobQueue::ExecuteMainThreadJobs
0x00007ff60ad9005f (Unity) PreloadManager::WaitForAllAsyncOperationsToComplete
0x00007ff60c553af8 (Unity) <lambda_b37b41f03089e3cb3f55061bbc93253d>::operator()
0x00007ff60c58f422 (Unity) asio::detail::completion_handler<core::mutable_function<void __cdecl(void)>,asio::io_context::basic_executor_type<std::allocator<void>,0> >::do_complete
0x00007ff60c57b3ce (Unity) asio::detail::win_iocp_io_context::do_one
0x00007ff60c57d034 (Unity) asio::detail::win_iocp_io_context::run
0x00007ff60c58d7cc (Unity) IOService::Run
0x00007ff60c560c2f (Unity) AssetImportWorkerClient::Run
0x00007ff60c52c3d7 (Unity) RunAssetImportWorkerClientV2
0x00007ff60c52c45b (Unity) RunAssetImporterV2
0x00007ff60bd231de (Unity) Application::InitializeProject
0x00007ff60c1b8795 (Unity) WinMain
0x00007ff60d5835ce (Unity) __scrt_common_main_seh
0x00007ffa8b87e8d7 (KERNEL32) BaseThreadInitThunk
0x00007ffa8c1714fc (ntdll) RtlUserThreadStart
Unloading 3361 Unused Serialized files (Serialized files now loaded: 0)
Unloading 28 unused Assets / (396.7 KB). Loaded Objects now: 4515.
Memory consumption went from 150.8 MB to 150.4 MB.
Total: 4.008100 ms (FindLiveObjects: 0.274000 ms CreateObjectMapping: 0.104100 ms MarkObjects: 3.388500 ms  DeleteObjects: 0.240400 ms)

Prepare: number of updated asset objects reloaded= 0
AssetImportParameters requested are different than current active one (requested -> active):
  custom:scripting/monoscript/fileName/MoneyMovePoints.cs: 38b3189acda4699c880355e19027608b -> 
  custom:container-demuxer-ogg: 62fdf1f143b41e24485cea50d1cbac27 -> 
  custom:video-codec-MediaFoundation-h265: 746d11721c4dcdbdad8f713fa42b33f4 -> 
  custom:video-decoder-ogg-theora: a1e56fd34408186e4bbccfd4996cb3dc -> 
  custom:framework-win-MediaFoundation: 216162199b28c13a410421893ffa2e32 -> 
  custom:CustomObjectIndexerAttribute: 9a22284fe3817be447336de3de66b15e -> 
  custom:container-demuxer-webm: 4f35f7cbe854078d1ac9338744f61a02 -> 
  custom:container-muxer-webm: aa71ff27fc2769a1b78a27578f13a17b -> 
  custom:video-decoder-webm-vp8: 9c59270c3fd7afecdb556c50c9e8de78 -> 
  custom:SearchIndexIgnoredProperties: e643bd26f0fe6173181afceb89e7c659 -> 
  custom:AudioImporter_EditorPlatform: d09bf68614088b80899f8185d706f6e7 -> 
  custom:video-encoder-webm-vp8: eb34c28f22e8b96e1ab97ce403110664 -> 
  custom:scripting/monoscript/fileName/TextureAnimator.cs: 4ff9f3da57bffade570aa3cdb1c96685 -> 
  custom:audio-decoder-ogg-vorbis: bf7c407c2cedff20999df2af8eb42d56 -> 
  custom:audio-encoder-webm-vorbis: bf7c407c2cedff20999df2af8eb42d56 -> 
  custom:scripting/precompiled-assembly-types:Assembly-CSharp: 7a78a6978f9f32ede4f56949f7c14f0c -> d0e4d9b8e3191607d5c08abaebdab676
========================================================================
Received Prepare
Caller must complete domain reload
Begin MonoManager ReloadAssembly
- Loaded All Assemblies, in  0.514 seconds
Native extension for WindowsStandalone target not found
Native extension for Android target not found
Native extension for WebGL target not found
[Package Manager] Server::EnsureServerProcessIsRunning -- launch failed, reason: Unity was launched with the -noUpm command-line argument
[Package Manager] UpmClient::Send -- Unable to send message (not connected to UPM process).
[Package Manager] Cannot connect to Unity Package Manager local server
Failed to sync packages list
UnityEngine.StackTraceUtility:ExtractStackTrace ()
UnityEngine.DebugLogHandler:LogFormat (UnityEngine.LogType,UnityEngine.Object,string,object[])
UnityEngine.Logger:Log (UnityEngine.LogType,object)
UnityEngine.Debug:LogWarning (object)
 .  / :MoveNext ()
System.Runtime.CompilerServices.AsyncVoidMethodBuilder:Start< .  / > ( .  / &)
 .  :  ()
 .⁪/ :MoveNext ()
System.Runtime.CompilerServices.AsyncTaskMethodBuilder:Start< .⁪/ > ( .⁪/ &)
 .⁪:  ()
System.Reflection.RuntimeMethodInfo:Invoke (object,System.Reflection.BindingFlags,System.Reflection.Binder,object[],System.Globalization.CultureInfo)
System.Reflection.MethodBase:Invoke (object,object[])
UnityEditor.EditorAssemblies:ProcessInitializeOnLoadMethodAttributes ()

Mono: successfully reloaded assembly
- Finished resetting the current domain, in  0.979 seconds
Domain Reload Profiling: 1492ms
	BeginReloadAssembly (179ms)
		ExecutionOrderSort (0ms)
		DisableScriptedObjects (5ms)
		BackupInstance (0ms)
		ReleaseScriptingObjects (0ms)
		CreateAndSetChildDomain (37ms)
	RebuildCommonClasses (41ms)
	RebuildNativeTypeToScriptingClass (11ms)
	initialDomainReloadingComplete (29ms)
	LoadAllAssembliesAndSetupDomain (252ms)
		LoadAssemblies (331ms)
		RebuildTransferFunctionScriptingTraits (0ms)
		AnalyzeDomain (24ms)
			TypeCache.Refresh (8ms)
				TypeCache.ScanAssembly (0ms)
			ScanForSourceGeneratedMonoScriptInfo (8ms)
			ResolveRequiredComponents (5ms)
	FinalizeReload (980ms)
		ReleaseScriptCaches (0ms)
		RebuildScriptCaches (0ms)
		SetupLoadedEditorAssemblies (558ms)
			LogAssemblyErrors (0ms)
			InitializePlatformSupportModulesInManaged (21ms)
			SetLoadedEditorAssemblies (6ms)
			RefreshPlugins (0ms)
			BeforeProcessingInitializeOnLoad (64ms)
			ProcessInitializeOnLoadAttributes (415ms)
			ProcessInitializeOnLoadMethodAttributes (49ms)
			AfterProcessingInitializeOnLoad (4ms)
			EditorAssembliesLoaded (0ms)
		ExecutionOrderSort2 (0ms)
		AwakeInstancesAfterBackupRestoration (6ms)
Refreshing native plugins compatible for Editor in 3.70 ms, found 6 plugins.
Preloading 0 native plugins for Editor in 0.00 ms.
Release of invalid GC handle. The handle is from a previous domain. The release operation is skipped.
Release of invalid GC handle native callstack: 
0x00007ff60b1b424d (Unity) StackWalker::GetCurrentCallstack
0x00007ff60b1b9329 (Unity) StackWalker::ShowCallstack
0x00007ff60c1adae1 (Unity) GetStacktrace
0x00007ff60b0af20d (Unity) ScriptingGCHandle::ReleaseAndClear
0x00007ff60b67748c (Unity) UploadHandlerRaw::`vector deleting destructor'
0x00007ff60b67803d (Unity) UploadHandler::Release
0x00007ff60b6748dd (Unity) UnityWebRequestProto<UnityWebRequestTransport,AtomicRefCounter,RedirectHelper,ResponseHelper,DownloadHandler,UploadHandler,CertificateHandler,HeaderHelper,AsyncOperation>::~UnityWebRequestProto<UnityWebRequestTransport,AtomicRefCounter,RedirectHelper,ResponseHelper,DownloadHandler,UploadHandler,CertificateHandler,HeaderHelper,AsyncOperation>
0x00007ff60b674bd6 (Unity) UnityWebRequest::`vector deleting destructor'
0x00007ff60a3c4b77 (Unity) UnityWebRequestProto<UnityWebRequestTransport,AtomicRefCounter,RedirectHelper,ResponseHelper,DownloadHandler,UploadHandler,CertificateHandler,HeaderHelper,AsyncOperation>::Release
0x00007ff60b676605 (Unity) UnityWebRequestAsyncOperation::InvokeCoroutine
0x00007ff60b6767e1 (Unity) UnityWebRequestProto<UnityWebRequestTransport,AtomicRefCounter,RedirectHelper,ResponseHelper,DownloadHandler,UploadHandler,CertificateHandler,HeaderHelper,AsyncOperation>::Job_InvokeCoroutine
0x00007ff60acdb54a (Unity) BackgroundJobQueue::ExecuteMainThreadJobs
0x00007ff60ad9005f (Unity) PreloadManager::WaitForAllAsyncOperationsToComplete
0x00007ff60c553af8 (Unity) <lambda_b37b41f03089e3cb3f55061bbc93253d>::operator()
0x00007ff60c58f422 (Unity) asio::detail::completion_handler<core::mutable_function<void __cdecl(void)>,asio::io_context::basic_executor_type<std::allocator<void>,0> >::do_complete
0x00007ff60c57b3ce (Unity) asio::detail::win_iocp_io_context::do_one
0x00007ff60c57d034 (Unity) asio::detail::win_iocp_io_context::run
0x00007ff60c58d7cc (Unity) IOService::Run
0x00007ff60c560c2f (Unity) AssetImportWorkerClient::Run
0x00007ff60c52c3d7 (Unity) RunAssetImportWorkerClientV2
0x00007ff60c52c45b (Unity) RunAssetImporterV2
0x00007ff60bd231de (Unity) Application::InitializeProject
0x00007ff60c1b8795 (Unity) WinMain
0x00007ff60d5835ce (Unity) __scrt_common_main_seh
0x00007ffa8b87e8d7 (KERNEL32) BaseThreadInitThunk
0x00007ffa8c1714fc (ntdll) RtlUserThreadStart
Unloading 3361 Unused Serialized files (Serialized files now loaded: 0)
Unloading 28 unused Assets / (396.9 KB). Loaded Objects now: 4520.
Memory consumption went from 150.9 MB to 150.5 MB.
Total: 4.265700 ms (FindLiveObjects: 0.266400 ms CreateObjectMapping: 0.104600 ms MarkObjects: 3.508900 ms  DeleteObjects: 0.384600 ms)

Prepare: number of updated asset objects reloaded= 0
AssetImportParameters requested are different than current active one (requested -> active):
  custom:scripting/monoscript/fileName/MoneyMovePoints.cs: 38b3189acda4699c880355e19027608b -> 
  custom:container-demuxer-ogg: 62fdf1f143b41e24485cea50d1cbac27 -> 
  custom:video-codec-MediaFoundation-h265: 746d11721c4dcdbdad8f713fa42b33f4 -> 
  custom:video-decoder-ogg-theora: a1e56fd34408186e4bbccfd4996cb3dc -> 
  custom:framework-win-MediaFoundation: 216162199b28c13a410421893ffa2e32 -> 
  custom:CustomObjectIndexerAttribute: 9a22284fe3817be447336de3de66b15e -> 
  custom:container-demuxer-webm: 4f35f7cbe854078d1ac9338744f61a02 -> 
  custom:container-muxer-webm: aa71ff27fc2769a1b78a27578f13a17b -> 
  custom:video-decoder-webm-vp8: 9c59270c3fd7afecdb556c50c9e8de78 -> 
  custom:SearchIndexIgnoredProperties: e643bd26f0fe6173181afceb89e7c659 -> 
  custom:AudioImporter_EditorPlatform: d09bf68614088b80899f8185d706f6e7 -> 
  custom:video-encoder-webm-vp8: eb34c28f22e8b96e1ab97ce403110664 -> 
  custom:scripting/monoscript/fileName/TextureAnimator.cs: 4ff9f3da57bffade570aa3cdb1c96685 -> 
  custom:audio-decoder-ogg-vorbis: bf7c407c2cedff20999df2af8eb42d56 -> 
  custom:audio-encoder-webm-vorbis: bf7c407c2cedff20999df2af8eb42d56 -> 
  custom:scripting/precompiled-assembly-types:Assembly-CSharp: 7a78a6978f9f32ede4f56949f7c14f0c -> d0e4d9b8e3191607d5c08abaebdab676
========================================================================
Received Prepare
Caller must complete domain reload
Begin MonoManager ReloadAssembly
- Loaded All Assemblies, in  0.518 seconds
Native extension for WindowsStandalone target not found
Native extension for Android target not found
Native extension for WebGL target not found
[Package Manager] Server::EnsureServerProcessIsRunning -- launch failed, reason: Unity was launched with the -noUpm command-line argument
[Package Manager] UpmClient::Send -- Unable to send message (not connected to UPM process).
[Package Manager] Cannot connect to Unity Package Manager local server
Failed to sync packages list
UnityEngine.StackTraceUtility:ExtractStackTrace ()
UnityEngine.DebugLogHandler:LogFormat (UnityEngine.LogType,UnityEngine.Object,string,object[])
UnityEngine.Logger:Log (UnityEngine.LogType,object)
UnityEngine.Debug:LogWarning (object)
 .  / :MoveNext ()
System.Runtime.CompilerServices.AsyncVoidMethodBuilder:Start< .  / > ( .  / &)
 .  :  ()
 .⁪/ :MoveNext ()
System.Runtime.CompilerServices.AsyncTaskMethodBuilder:Start< .⁪/ > ( .⁪/ &)
 .⁪:  ()
System.Reflection.RuntimeMethodInfo:Invoke (object,System.Reflection.BindingFlags,System.Reflection.Binder,object[],System.Globalization.CultureInfo)
System.Reflection.MethodBase:Invoke (object,object[])
UnityEditor.EditorAssemblies:ProcessInitializeOnLoadMethodAttributes ()

Mono: successfully reloaded assembly
- Finished resetting the current domain, in  1.047 seconds
Domain Reload Profiling: 1563ms
	BeginReloadAssembly (194ms)
		ExecutionOrderSort (0ms)
		DisableScriptedObjects (10ms)
		BackupInstance (0ms)
		ReleaseScriptingObjects (0ms)
		CreateAndSetChildDomain (38ms)
	RebuildCommonClasses (36ms)
	RebuildNativeTypeToScriptingClass (10ms)
	initialDomainReloadingComplete (31ms)
	LoadAllAssembliesAndSetupDomain (246ms)
		LoadAssemblies (324ms)
		RebuildTransferFunctionScriptingTraits (0ms)
		AnalyzeDomain (26ms)
			TypeCache.Refresh (9ms)
				TypeCache.ScanAssembly (0ms)
			ScanForSourceGeneratedMonoScriptInfo (9ms)
			ResolveRequiredComponents (6ms)
	FinalizeReload (1048ms)
		ReleaseScriptCaches (0ms)
		RebuildScriptCaches (0ms)
		SetupLoadedEditorAssemblies (598ms)
			LogAssemblyErrors (0ms)
			InitializePlatformSupportModulesInManaged (23ms)
			SetLoadedEditorAssemblies (4ms)
			RefreshPlugins (0ms)
			BeforeProcessingInitializeOnLoad (71ms)
			ProcessInitializeOnLoadAttributes (443ms)
			ProcessInitializeOnLoadMethodAttributes (52ms)
			AfterProcessingInitializeOnLoad (4ms)
			EditorAssembliesLoaded (0ms)
		ExecutionOrderSort2 (0ms)
		AwakeInstancesAfterBackupRestoration (7ms)
Callback registration failed. Increase kMaxCallback.
Fatal Error! Callback registration failed. Increase kMaxCallback.
Crash!!!
SymInit: Symbol-SearchPath: '.;C:\Users\Andrey\Desktop\GIT\Lumber2\Lumber2;C:\Users\Andrey\Desktop\GIT\Lumber2\Lumber2\Library\BurstCache\JIT;C:\Program Files\Unity\Hub\Editor\Editor\2022.3.58f1\Editor;C:\WINDOWS;C:\WINDOWS\system32;', symOptions: 534, UserName: 'Andrey'
OS-Version: 10.0.0
C:\Program Files\Unity\Hub\Editor\Editor\2022.3.58f1\Editor\Unity.exe:Unity.exe (00007FF609FC0000), size: 82513920 (result: 0), SymType: 'PDB', PDB: 'C:\Program Files\Unity\Hub\Editor\Editor\2022.3.58f1\Editor\Unity_x64.pdb', fileVersion: 2022.3.58.32622
C:\WINDOWS\SYSTEM32\ntdll.dll:ntdll.dll (00007FFA8C0C0000), size: 2490368 (result: 0), SymType: '-exported-', PDB: 'C:\WINDOWS\SYSTEM32\ntdll.dll', fileVersion: 10.0.26100.3775
C:\WINDOWS\System32\KERNEL32.DLL:KERNEL32.DLL (00007FFA8B850000), size: 815104 (result: 0), SymType: '-exported-', PDB: 'C:\WINDOWS\System32\KERNEL32.DLL', fileVersion: 10.0.26100.3775
C:\WINDOWS\System32\KERNELBASE.dll:KERNELBASE.dll (00007FFA89AF0000), size: 3973120 (result: 0), SymType: '-exported-', PDB: 'C:\WINDOWS\System32\KERNELBASE.dll', fileVersion: 10.0.26100.3775
C:\WINDOWS\System32\CRYPT32.dll:CRYPT32.dll (00007FFA892A0000), size: 1536000 (result: 0), SymType: '-exported-', PDB: 'C:\WINDOWS\System32\CRYPT32.dll', fileVersion: 10.0.26100.3775
C:\WINDOWS\System32\ucrtbase.dll:ucrtbase.dll (00007FFA898F0000), size: 1355776 (result: 0), SymType: '-exported-', PDB: 'C:\WINDOWS\System32\ucrtbase.dll', fileVersion: 10.0.26100.3624
C:\WINDOWS\System32\USER32.dll:USER32.dll (00007FFA89EC0000), size: 1884160 (result: 0), SymType: '-exported-', PDB: 'C:\WINDOWS\System32\USER32.dll', fileVersion: 10.0.26100.3775
C:\WINDOWS\System32\win32u.dll:win32u.dll (00007FFA89420000), size: 159744 (result: 0), SymType: '-exported-', PDB: 'C:\WINDOWS\System32\win32u.dll', fileVersion: 10.0.26100.3775
C:\WINDOWS\System32\GDI32.dll:GDI32.dll (00007FFA8C000000), size: 172032 (result: 0), SymType: '-exported-', PDB: 'C:\WINDOWS\System32\GDI32.dll', fileVersion: 10.0.26100.3775
C:\Program Files\Unity\Hub\Editor\Editor\2022.3.58f1\Editor\libfbxsdk.dll:libfbxsdk.dll (00007FFA09110000), size: 8019968 (result: 0), SymType: '-exported-', PDB: 'C:\Program Files\Unity\Hub\Editor\Editor\2022.3.58f1\Editor\libfbxsdk.dll', fileVersion: 2020.3.7.0
C:\WINDOWS\System32\gdi32full.dll:gdi32full.dll (00007FFA89580000), size: 1249280 (result: 0), SymType: '-exported-', PDB: 'C:\WINDOWS\System32\gdi32full.dll', fileVersion: 10.0.26100.3775
C:\Program Files\Unity\Hub\Editor\Editor\2022.3.58f1\Editor\etccompress.dll:etccompress.dll (00007FFA160C0000), size: 5070848 (result: 0), SymType: '-exported-', PDB: 'C:\Program Files\Unity\Hub\Editor\Editor\2022.3.58f1\Editor\etccompress.dll'
C:\WINDOWS\System32\msvcp_win.dll:msvcp_win.dll (00007FFA89A40000), size: 667648 (result: 0), SymType: '-exported-', PDB: 'C:\WINDOWS\System32\msvcp_win.dll', fileVersion: 10.0.26100.1882
C:\WINDOWS\System32\ADVAPI32.dll:ADVAPI32.dll (00007FFA8A410000), size: 729088 (result: 0), SymType: '-exported-', PDB: 'C:\WINDOWS\System32\ADVAPI32.dll', fileVersion: 10.0.26100.3775
C:\WINDOWS\System32\msvcrt.dll:msvcrt.dll (00007FFA8BEC0000), size: 692224 (result: 0), SymType: '-exported-', PDB: 'C:\WINDOWS\System32\msvcrt.dll', fileVersion: 7.0.26100.1882
C:\WINDOWS\System32\SHELL32.dll:SHELL32.dll (00007FFA8AE50000), size: 7507968 (result: 0), SymType: '-exported-', PDB: 'C:\WINDOWS\System32\SHELL32.dll', fileVersion: 10.0.26100.3624
C:\Program Files\Unity\Hub\Editor\Editor\2022.3.58f1\Editor\ispc_texcomp.dll:ispc_texcomp.dll (00007FFA5A530000), size: 1826816 (result: 0), SymType: '-exported-', PDB: 'C:\Program Files\Unity\Hub\Editor\Editor\2022.3.58f1\Editor\ispc_texcomp.dll'
C:\WINDOWS\System32\sechost.dll:sechost.dll (00007FFA8A740000), size: 679936 (result: 0), SymType: '-exported-', PDB: 'C:\WINDOWS\System32\sechost.dll', fileVersion: 10.0.26100.3775
C:\WINDOWS\System32\wintypes.dll:wintypes.dll (00007FFA89780000), size: 1474560 (result: 0), SymType: '-exported-', PDB: 'C:\WINDOWS\System32\wintypes.dll', fileVersion: 10.0.26100.3037
C:\Program Files\Unity\Hub\Editor\Editor\2022.3.58f1\Editor\compress_bc7e.dll:compress_bc7e.dll (00007FFA2F8C0000), size: 1433600 (result: 0), SymType: '-exported-', PDB: 'C:\Program Files\Unity\Hub\Editor\Editor\2022.3.58f1\Editor\compress_bc7e.dll'
C:\WINDOWS\System32\RPCRT4.dll:RPCRT4.dll (00007FFA8BDA0000), size: 1138688 (result: 0), SymType: '-exported-', PDB: 'C:\WINDOWS\System32\RPCRT4.dll', fileVersion: 10.0.26100.3037
C:\WINDOWS\System32\combase.dll:combase.dll (00007FFA8B920000), size: 3678208 (result: 0), SymType: '-exported-', PDB: 'C:\WINDOWS\System32\combase.dll', fileVersion: 10.0.26100.3775
C:\Program Files\Unity\Hub\Editor\Editor\2022.3.58f1\Editor\FreeImage.dll:FreeImage.dll (0000000180000000), size: 5783552 (result: 0), SymType: '-exported-', PDB: 'C:\Program Files\Unity\Hub\Editor\Editor\2022.3.58f1\Editor\FreeImage.dll', fileVersion: 3.18.0.0
C:\Program Files\Unity\Hub\Editor\Editor\2022.3.58f1\Editor\s3tcompress.dll:s3tcompress.dll (00007FFA824D0000), size: 180224 (result: 0), SymType: '-exported-', PDB: 'C:\Program Files\Unity\Hub\Editor\Editor\2022.3.58f1\Editor\s3tcompress.dll'
C:\WINDOWS\System32\SHLWAPI.dll:SHLWAPI.dll (00007FFA8B7E0000), size: 409600 (result: 0), SymType: '-exported-', PDB: 'C:\WINDOWS\System32\SHLWAPI.dll', fileVersion: 10.0.26100.3624
C:\Program Files\Unity\Hub\Editor\Editor\2022.3.58f1\Editor\WinPixEventRuntime.dll:WinPixEventRuntime.dll (00007FFA84590000), size: 45056 (result: 0), SymType: '-exported-', PDB: 'C:\Program Files\Unity\Hub\Editor\Editor\2022.3.58f1\Editor\WinPixEventRuntime.dll', fileVersion: 1.0.1812.6001
C:\WINDOWS\System32\WS2_32.dll:WS2_32.dll (00007FFA8A820000), size: 475136 (result: 0), SymType: '-exported-', PDB: 'C:\WINDOWS\System32\WS2_32.dll', fileVersion: 10.0.26100.1882
C:\WINDOWS\System32\ole32.dll:ole32.dll (00007FFA8A270000), size: 1662976 (result: 0), SymType: '-exported-', PDB: 'C:\WINDOWS\System32\ole32.dll', fileVersion: 10.0.26100.3624
C:\Program Files\Unity\Hub\Editor\Editor\2022.3.58f1\Editor\umbraoptimizer64.dll:umbraoptimizer64.dll (00007FFA5E2E0000), size: 1187840 (result: 0), SymType: '-exported-', PDB: 'C:\Program Files\Unity\Hub\Editor\Editor\2022.3.58f1\Editor\umbraoptimizer64.dll'
C:\WINDOWS\System32\IMM32.dll:IMM32.dll (00007FFA8A230000), size: 192512 (result: 0), SymType: '-exported-', PDB: 'C:\WINDOWS\System32\IMM32.dll', fileVersion: 10.0.26100.3775
C:\WINDOWS\System32\SETUPAPI.dll:SETUPAPI.dll (00007FFA8A8B0000), size: 4743168 (result: 0), SymType: '-exported-', PDB: 'C:\WINDOWS\System32\SETUPAPI.dll', fileVersion: 10.0.26100.3624
C:\WINDOWS\SYSTEM32\MSVCP140.dll:MSVCP140.dll (00007FFA82150000), size: 577536 (result: 0), SymType: '-exported-', PDB: 'C:\WINDOWS\SYSTEM32\MSVCP140.dll', fileVersion: 14.42.34438.0
C:\WINDOWS\System32\OLEAUT32.dll:OLEAUT32.dll (00007FFA8A4E0000), size: 876544 (result: 0), SymType: '-exported-', PDB: 'C:\WINDOWS\System32\OLEAUT32.dll', fileVersion: 10.0.26100.3624
C:\WINDOWS\SYSTEM32\VCRUNTIME140.dll:VCRUNTIME140.dll (00007FFA2CE00000), size: 122880 (result: 0), SymType: '-exported-', PDB: 'C:\WINDOWS\SYSTEM32\VCRUNTIME140.dll', fileVersion: 14.42.34438.0
C:\WINDOWS\SYSTEM32\VCRUNTIME140_1.dll:VCRUNTIME140_1.dll (00007FFA82490000), size: 49152 (result: 0), SymType: '-exported-', PDB: 'C:\WINDOWS\SYSTEM32\VCRUNTIME140_1.dll', fileVersion: 14.42.34438.0
C:\WINDOWS\System32\WINTRUST.dll:WINTRUST.dll (00007FFA89450000), size: 520192 (result: 0), SymType: '-exported-', PDB: 'C:\WINDOWS\System32\WINTRUST.dll', fileVersion: 10.0.26100.3624
C:\WINDOWS\SYSTEM32\OPENGL32.dll:OPENGL32.dll (00007FFA6EA50000), size: 1097728 (result: 0), SymType: '-exported-', PDB: 'C:\WINDOWS\SYSTEM32\OPENGL32.dll', fileVersion: 10.0.26100.3624
C:\WINDOWS\SYSTEM32\IPHLPAPI.DLL:IPHLPAPI.DLL (00007FFA87B60000), size: 208896 (result: 0), SymType: '-exported-', PDB: 'C:\WINDOWS\SYSTEM32\IPHLPAPI.DLL', fileVersion: 10.0.26100.3624
C:\WINDOWS\SYSTEM32\GLU32.dll:GLU32.dll (00007FFA82B30000), size: 184320 (result: 0), SymType: '-exported-', PDB: 'C:\WINDOWS\SYSTEM32\GLU32.dll', fileVersion: 10.0.26100.1150
C:\WINDOWS\SYSTEM32\WINHTTP.dll:WINHTTP.dll (00007FFA80CC0000), size: 1167360 (result: 0), SymType: '-exported-', PDB: 'C:\WINDOWS\SYSTEM32\WINHTTP.dll', fileVersion: 10.0.26100.3624
C:\WINDOWS\SYSTEM32\bcrypt.dll:bcrypt.dll (00007FFA891C0000), size: 155648 (result: 0), SymType: '-exported-', PDB: 'C:\WINDOWS\SYSTEM32\bcrypt.dll', fileVersion: 10.0.26100.3037
C:\WINDOWS\SYSTEM32\WINMM.dll:WINMM.dll (00007FFA85CF0000), size: 221184 (result: 0), SymType: '-exported-', PDB: 'C:\WINDOWS\SYSTEM32\WINMM.dll', fileVersion: 10.0.26100.3624
C:\WINDOWS\SYSTEM32\HID.DLL:HID.DLL (00007FFA87790000), size: 61440 (result: 0), SymType: '-exported-', PDB: 'C:\WINDOWS\SYSTEM32\HID.DLL', fileVersion: 10.0.26100.1150
C:\WINDOWS\SYSTEM32\dwmapi.dll:dwmapi.dll (00007FFA86300000), size: 221184 (result: 0), SymType: '-exported-', PDB: 'C:\WINDOWS\SYSTEM32\dwmapi.dll', fileVersion: 10.0.26100.3775
C:\Program Files\Unity\Hub\Editor\Editor\2022.3.58f1\Editor\SketchUpAPI.dll:SketchUpAPI.dll (00007FFA08070000), size: 8990720 (result: 0), SymType: '-exported-', PDB: 'C:\Program Files\Unity\Hub\Editor\Editor\2022.3.58f1\Editor\SketchUpAPI.dll', fileVersion: 23.0.0.0
C:\Program Files\Unity\Hub\Editor\Editor\2022.3.58f1\Editor\NativeProxyHelper.dll:NativeProxyHelper.dll (00007FFA2DEA0000), size: 1789952 (result: 0), SymType: '-exported-', PDB: 'C:\Program Files\Unity\Hub\Editor\Editor\2022.3.58f1\Editor\NativeProxyHelper.dll'
C:\WINDOWS\SYSTEM32\VERSION.dll:VERSION.dll (00007FFA7E290000), size: 45056 (result: 0), SymType: '-exported-', PDB: 'C:\WINDOWS\SYSTEM32\VERSION.dll', fileVersion: 10.0.26100.1150
C:\WINDOWS\SYSTEM32\WSOCK32.dll:WSOCK32.dll (00007FFA82480000), size: 40960 (result: 0), SymType: '-exported-', PDB: 'C:\WINDOWS\SYSTEM32\WSOCK32.dll', fileVersion: 10.0.26100.1
C:\Program Files\Unity\Hub\Editor\Editor\2022.3.58f1\Editor\SketchUpCommonPreferences.dll:SketchUpCommonPreferences.dll (00007FFA668E0000), size: 499712 (result: 0), SymType: '-exported-', PDB: 'C:\Program Files\Unity\Hub\Editor\Editor\2022.3.58f1\Editor\SketchUpCommonPreferences.dll', fileVersion: 23.0.0.0
C:\WINDOWS\SYSTEM32\Secur32.dll:Secur32.dll (00007FFA84690000), size: 53248 (result: 0), SymType: '-exported-', PDB: 'C:\WINDOWS\SYSTEM32\Secur32.dll', fileVersion: 10.0.26100.1
C:\WINDOWS\SYSTEM32\dxcore.dll:dxcore.dll (00007FFA863B0000), size: 290816 (result: 0), SymType: '-exported-', PDB: 'C:\WINDOWS\SYSTEM32\dxcore.dll', fileVersion: 10.0.26100.3624
C:\WINDOWS\SYSTEM32\SSPICLI.DLL:SSPICLI.DLL (00007FFA88470000), size: 294912 (result: 0), SymType: '-exported-', PDB: 'C:\WINDOWS\SYSTEM32\SSPICLI.DLL', fileVersion: 10.0.26100.3775
C:\Program Files\Unity\Hub\Editor\Editor\2022.3.58f1\Editor\OpenRL.dll:OpenRL.dll (00000190EE700000), size: 12779520 (result: 0), SymType: '-exported-', PDB: 'C:\Program Files\Unity\Hub\Editor\Editor\2022.3.58f1\Editor\OpenRL.dll', fileVersion: 1.5.0.2907
C:\WINDOWS\SYSTEM32\MSVCP100.dll:MSVCP100.dll (000000005C800000), size: 622592 (result: 0), SymType: '-exported-', PDB: 'C:\WINDOWS\SYSTEM32\MSVCP100.dll', fileVersion: 10.0.40219.325
C:\WINDOWS\SYSTEM32\MSVCR100.dll:MSVCR100.dll (000000005C720000), size: 860160 (result: 0), SymType: '-exported-', PDB: 'C:\WINDOWS\SYSTEM32\MSVCR100.dll', fileVersion: 10.0.40219.325
C:\Program Files\Unity\Hub\Editor\Editor\2022.3.58f1\Editor\embree.dll:embree.dll (00007FF9F0D20000), size: 16711680 (result: 0), SymType: '-exported-', PDB: 'C:\Program Files\Unity\Hub\Editor\Editor\2022.3.58f1\Editor\embree.dll', fileVersion: 2.14.0.0
C:\WINDOWS\SYSTEM32\cfgmgr32.DLL:cfgmgr32.DLL (00007FFA88E60000), size: 389120 (result: 0), SymType: '-exported-', PDB: 'C:\WINDOWS\SYSTEM32\cfgmgr32.DLL', fileVersion: 10.0.26100.3624
C:\Program Files\Unity\Hub\Editor\Editor\2022.3.58f1\Editor\tbb.dll:tbb.dll (00007FFA642B0000), size: 413696 (result: 0), SymType: '-exported-', PDB: 'C:\Program Files\Unity\Hub\Editor\Editor\2022.3.58f1\Editor\tbb.dll', fileVersion: 2017.0.2016.1004
C:\WINDOWS\SYSTEM32\MSWSOCK.DLL:MSWSOCK.DLL (00007FFA886F0000), size: 434176 (result: 0), SymType: '-exported-', PDB: 'C:\WINDOWS\SYSTEM32\MSWSOCK.DLL', fileVersion: 10.0.26100.3624
C:\WINDOWS\SYSTEM32\MSVCP120.dll:MSVCP120.dll (00007FFA5EA40000), size: 679936 (result: 0), SymType: '-exported-', PDB: 'C:\WINDOWS\SYSTEM32\MSVCP120.dll', fileVersion: 12.0.21005.1
C:\WINDOWS\SYSTEM32\MSVCR120.dll:MSVCR120.dll (00007FFA5A440000), size: 978944 (result: 0), SymType: '-exported-', PDB: 'C:\WINDOWS\SYSTEM32\MSVCR120.dll', fileVersion: 12.0.21005.1
C:\Program Files\Unity\Hub\Editor\Editor\2022.3.58f1\Editor\OpenRL_pthread.dll:OpenRL_pthread.dll (00000190EE4F0000), size: 61440 (result: 0), SymType: '-exported-', PDB: 'C:\Program Files\Unity\Hub\Editor\Editor\2022.3.58f1\Editor\OpenRL_pthread.dll', fileVersion: 2.9.0.0
C:\WINDOWS\SYSTEM32\MSASN1.dll:MSASN1.dll (00007FFA88A00000), size: 77824 (result: 0), SymType: '-exported-', PDB: 'C:\WINDOWS\SYSTEM32\MSASN1.dll', fileVersion: 10.0.26100.2894
C:\WINDOWS\System32\bcryptprimitives.dll:bcryptprimitives.dll (00007FFA894E0000), size: 626688 (result: 0), SymType: '-exported-', PDB: 'C:\WINDOWS\System32\bcryptprimitives.dll', fileVersion: 10.0.26100.3037
C:\WINDOWS\SYSTEM32\kernel.appcore.dll:kernel.appcore.dll (00007FFA881D0000), size: 106496 (result: 0), SymType: '-exported-', PDB: 'C:\WINDOWS\SYSTEM32\kernel.appcore.dll', fileVersion: 10.0.26100.1591
C:\WINDOWS\system32\uxtheme.dll:uxtheme.dll (00007FFA85B60000), size: 712704 (result: 0), SymType: '-exported-', PDB: 'C:\WINDOWS\system32\uxtheme.dll', fileVersion: 10.0.26100.3624
C:\WINDOWS\SYSTEM32\windows.storage.dll:windows.storage.dll (00007FFA86F30000), size: 8724480 (result: 0), SymType: '-exported-', PDB: 'C:\WINDOWS\SYSTEM32\windows.storage.dll', fileVersion: 10.0.26100.3624
C:\WINDOWS\System32\SHCORE.dll:SHCORE.dll (00007FFA8BCB0000), size: 970752 (result: 0), SymType: '-exported-', PDB: 'C:\WINDOWS\System32\SHCORE.dll', fileVersion: 10.0.26100.3775
C:\WINDOWS\SYSTEM32\profapi.dll:profapi.dll (00007FFA89180000), size: 192512 (result: 0), SymType: '-nosymbols-', PDB: 'C:\WINDOWS\SYSTEM32\profapi.dll', fileVersion: 10.0.26100.3624
C:\WINDOWS\system32\IconCodecService.dll:IconCodecService.dll (00007FFA74090000), size: 45056 (result: 0), SymType: '-nosymbols-', PDB: 'C:\WINDOWS\system32\IconCodecService.dll', fileVersion: 10.0.26100.1
C:\WINDOWS\SYSTEM32\WindowsCodecs.dll:WindowsCodecs.dll (00007FFA85850000), size: 2285568 (result: 0), SymType: '-exported-', PDB: 'C:\WINDOWS\SYSTEM32\WindowsCodecs.dll', fileVersion: 10.0.26100.3624
C:\WINDOWS\System32\clbcatq.dll:clbcatq.dll (00007FFA8A090000), size: 688128 (result: 0), SymType: '-exported-', PDB: 'C:\WINDOWS\System32\clbcatq.dll', fileVersion: 2001.12.10941.16384
C:\WINDOWS\System32\netprofm.dll:netprofm.dll (00007FFA85000000), size: 413696 (result: 0), SymType: '-exported-', PDB: 'C:\WINDOWS\System32\netprofm.dll', fileVersion: 10.0.26100.2454
C:\WINDOWS\System32\npmproxy.dll:npmproxy.dll (00007FFA7DB10000), size: 102400 (result: 0), SymType: '-exported-', PDB: 'C:\WINDOWS\System32\npmproxy.dll', fileVersion: 10.0.26100.1150
C:\WINDOWS\System32\NSI.dll:NSI.dll (00007FFA8AD40000), size: 40960 (result: 0), SymType: '-exported-', PDB: 'C:\WINDOWS\System32\NSI.dll', fileVersion: 10.0.26100.2894
C:\WINDOWS\SYSTEM32\dhcpcsvc6.DLL:dhcpcsvc6.DLL (00007FFA809E0000), size: 126976 (result: 0), SymType: '-exported-', PDB: 'C:\WINDOWS\SYSTEM32\dhcpcsvc6.DLL', fileVersion: 10.0.26100.3624
C:\WINDOWS\SYSTEM32\dhcpcsvc.DLL:dhcpcsvc.DLL (00007FFA809A0000), size: 151552 (result: 0), SymType: '-exported-', PDB: 'C:\WINDOWS\SYSTEM32\dhcpcsvc.DLL', fileVersion: 10.0.26100.3624
C:\WINDOWS\SYSTEM32\DNSAPI.dll:DNSAPI.dll (00007FFA87BF0000), size: 1200128 (result: 0), SymType: '-exported-', PDB: 'C:\WINDOWS\SYSTEM32\DNSAPI.dll', fileVersion: 10.0.26100.3624
C:\WINDOWS\system32\napinsp.dll:napinsp.dll (00007FFA81160000), size: 98304 (result: 0), SymType: '-exported-', PDB: 'C:\WINDOWS\system32\napinsp.dll', fileVersion: 10.0.26100.1150
C:\WINDOWS\System32\winrnr.dll:winrnr.dll (00007FFA81120000), size: 73728 (result: 0), SymType: '-exported-', PDB: 'C:\WINDOWS\System32\winrnr.dll', fileVersion: 10.0.26100.1882
C:\WINDOWS\system32\nlansp_c.dll:nlansp_c.dll (00007FFA22600000), size: 196608 (result: 0), SymType: '-exported-', PDB: 'C:\WINDOWS\system32\nlansp_c.dll', fileVersion: 10.0.26100.3624
C:\WINDOWS\system32\wshbth.dll:wshbth.dll (00007FFA7E460000), size: 90112 (result: 0), SymType: '-exported-', PDB: 'C:\WINDOWS\system32\wshbth.dll', fileVersion: 10.0.26100.1882
C:\WINDOWS\System32\fwpuclnt.dll:fwpuclnt.dll (00007FFA7E2A0000), size: 544768 (result: 0), SymType: '-exported-', PDB: 'C:\WINDOWS\System32\fwpuclnt.dll', fileVersion: 10.0.26100.3624
C:\Windows\System32\rasadhlp.dll:rasadhlp.dll (00007FFA7E450000), size: 45056 (result: 0), SymType: '-exported-', PDB: 'C:\Windows\System32\rasadhlp.dll', fileVersion: 10.0.26100.1150
C:\Program Files\Unity\Hub\Editor\Editor\2022.3.58f1\Editor\NVUnityPlugin.DLL:NVUnityPlugin.DLL (00007FFA2DA30000), size: 1609728 (result: 0), SymType: '-exported-', PDB: 'C:\Program Files\Unity\Hub\Editor\Editor\2022.3.58f1\Editor\NVUnityPlugin.DLL'
C:\Program Files\Unity\Hub\Editor\Editor\2022.3.58f1\Editor\Data\Tools\astcenc-avx2.dll:astcenc-avx2.dll (00007FFA60F30000), size: 540672 (result: 0), SymType: '-exported-', PDB: 'C:\Program Files\Unity\Hub\Editor\Editor\2022.3.58f1\Editor\Data\Tools\astcenc-avx2.dll'
C:\WINDOWS\System32\MMDevApi.dll:MMDevApi.dll (00007FFA80780000), size: 630784 (result: 0), SymType: '-exported-', PDB: 'C:\WINDOWS\System32\MMDevApi.dll', fileVersion: 10.0.26100.3624
C:\WINDOWS\System32\DEVOBJ.dll:DEVOBJ.dll (00007FFA88ED0000), size: 184320 (result: 0), SymType: '-exported-', PDB: 'C:\WINDOWS\System32\DEVOBJ.dll', fileVersion: 10.0.26100.1150
C:\WINDOWS\SYSTEM32\d3d11.dll:d3d11.dll (00007FFA7F560000), size: 2514944 (result: 0), SymType: '-exported-', PDB: 'C:\WINDOWS\SYSTEM32\d3d11.dll', fileVersion: 10.0.26100.3624
C:\WINDOWS\SYSTEM32\dxgi.dll:dxgi.dll (00007FFA86160000), size: 1236992 (result: 0), SymType: '-exported-', PDB: 'C:\WINDOWS\SYSTEM32\dxgi.dll', fileVersion: 10.0.26100.3624
C:\WINDOWS\SYSTEM32\directxdatabasehelper.dll:directxdatabasehelper.dll (00007FFA860A0000), size: 385024 (result: 0), SymType: '-nosymbols-', PDB: 'C:\WINDOWS\SYSTEM32\directxdatabasehelper.dll', fileVersion: 10.0.26100.3624
C:\WINDOWS\System32\DriverStore\FileRepository\nvlt.inf_amd64_7aa6916b4470db08\nvldumdx.dll:nvldumdx.dll (00007FFA5A170000), size: 802816 (result: 0), SymType: '-exported-', PDB: 'C:\WINDOWS\System32\DriverStore\FileRepository\nvlt.inf_amd64_7aa6916b4470db08\nvldumdx.dll', fileVersion: 32.0.15.6650
C:\WINDOWS\SYSTEM32\cryptnet.dll:cryptnet.dll (00007FFA7E250000), size: 241664 (result: 0), SymType: '-exported-', PDB: 'C:\WINDOWS\SYSTEM32\cryptnet.dll', fileVersion: 10.0.26100.3624
C:\WINDOWS\SYSTEM32\cryptbase.dll:cryptbase.dll (00007FFA889B0000), size: 49152 (result: 0), SymType: '-exported-', PDB: 'C:\WINDOWS\SYSTEM32\cryptbase.dll', fileVersion: 10.0.26100.2894
C:\WINDOWS\SYSTEM32\wldp.dll:wldp.dll (00007FFA88A70000), size: 380928 (result: 0), SymType: '-exported-', PDB: 'C:\WINDOWS\SYSTEM32\wldp.dll', fileVersion: 10.0.26100.3624
C:\WINDOWS\SYSTEM32\drvstore.dll:drvstore.dll (00007FFA7DED0000), size: 1556480 (result: 0), SymType: '-exported-', PDB: 'C:\WINDOWS\SYSTEM32\drvstore.dll', fileVersion: 10.0.26100.3624
C:\WINDOWS\System32\imagehlp.dll:imagehlp.dll (00007FFA8A7F0000), size: 131072 (result: 0), SymType: '-exported-', PDB: 'C:\WINDOWS\System32\imagehlp.dll', fileVersion: 10.0.26100.1150
C:\WINDOWS\SYSTEM32\CRYPTSP.dll:CRYPTSP.dll (00007FFA88990000), size: 114688 (result: 0), SymType: '-exported-', PDB: 'C:\WINDOWS\SYSTEM32\CRYPTSP.dll', fileVersion: 10.0.26100.2454
C:\WINDOWS\system32\rsaenh.dll:rsaenh.dll (00007FFA88130000), size: 237568 (result: 0), SymType: '-exported-', PDB: 'C:\WINDOWS\system32\rsaenh.dll', fileVersion: 10.0.26100.3624
C:\WINDOWS\System32\DriverStore\FileRepository\nvlt.inf_amd64_7aa6916b4470db08\nvgpucomp64.dll:nvgpucomp64.dll (00007FFA1AA20000), size: 47251456 (result: 0), SymType: '-exported-', PDB: 'C:\WINDOWS\System32\DriverStore\FileRepository\nvlt.inf_amd64_7aa6916b4470db08\nvgpucomp64.dll', fileVersion: 32.0.15.6650
C:\WINDOWS\System32\DriverStore\FileRepository\nvlt.inf_amd64_7aa6916b4470db08\Display.NvContainer\NvMessageBus.dll:NvMessageBus.dll (00007FFA6D4B0000), size: 3506176 (result: 0), SymType: '-exported-', PDB: 'C:\WINDOWS\System32\DriverStore\FileRepository\nvlt.inf_amd64_7aa6916b4470db08\Display.NvContainer\NvMessageBus.dll', fileVersion: 3.12.3354.5005
C:\WINDOWS\System32\DriverStore\FileRepository\nvlt.inf_amd64_7aa6916b4470db08\nvwgf2umx.dll:nvwgf2umx.dll (00007FF9F1D10000), size: 71819264 (result: 0), SymType: '-exported-', PDB: 'C:\WINDOWS\System32\DriverStore\FileRepository\nvlt.inf_amd64_7aa6916b4470db08\nvwgf2umx.dll', fileVersion: 32.0.15.6650
C:\WINDOWS\SYSTEM32\powrprof.dll:powrprof.dll (00007FFA87F30000), size: 385024 (result: 0), SymType: '-exported-', PDB: 'C:\WINDOWS\SYSTEM32\powrprof.dll', fileVersion: 10.0.26100.3624
C:\WINDOWS\SYSTEM32\UMPDC.dll:UMPDC.dll (00007FFA87F10000), size: 81920 (result: 0), SymType: '-exported-', PDB: 'C:\WINDOWS\SYSTEM32\UMPDC.dll', fileVersion: 10.0.26100.1301
C:\WINDOWS\System32\DriverStore\FileRepository\nvlt.inf_amd64_7aa6916b4470db08\nvppex.dll:nvppex.dll (00007FFA12D50000), size: 1396736 (result: 0), SymType: '-exported-', PDB: 'C:\WINDOWS\System32\DriverStore\FileRepository\nvlt.inf_amd64_7aa6916b4470db08\nvppex.dll', fileVersion: 32.0.15.6650
C:\WINDOWS\system32\wbem\wbemprox.dll:wbemprox.dll (00007FFA72F60000), size: 73728 (result: 0), SymType: '-exported-', PDB: 'C:\WINDOWS\system32\wbem\wbemprox.dll', fileVersion: 10.0.26100.1000
C:\WINDOWS\SYSTEM32\wbemcomn.dll:wbemcomn.dll (00007FFA759D0000), size: 499712 (result: 0), SymType: '-exported-', PDB: 'C:\WINDOWS\SYSTEM32\wbemcomn.dll', fileVersion: 10.0.26100.1150
C:\WINDOWS\system32\wbem\wbemsvc.dll:wbemsvc.dll (00007FFA72DC0000), size: 86016 (result: 0), SymType: '-exported-', PDB: 'C:\WINDOWS\system32\wbem\wbemsvc.dll', fileVersion: 10.0.26100.1000
C:\WINDOWS\system32\wbem\fastprox.dll:fastprox.dll (00007FFA723B0000), size: 983040 (result: 0), SymType: '-exported-', PDB: 'C:\WINDOWS\system32\wbem\fastprox.dll', fileVersion: 10.0.26100.3624
C:\WINDOWS\SYSTEM32\amsi.dll:amsi.dll (00007FFA7D470000), size: 118784 (result: 0), SymType: '-exported-', PDB: 'C:\WINDOWS\SYSTEM32\amsi.dll', fileVersion: 10.0.26100.1150
C:\WINDOWS\SYSTEM32\USERENV.dll:USERENV.dll (00007FFA88790000), size: 176128 (result: 0), SymType: '-exported-', PDB: 'C:\WINDOWS\SYSTEM32\USERENV.dll', fileVersion: 10.0.26100.2454
C:\ProgramData\Microsoft\Windows Defender\Platform\4.18.25030.2-0\MpOav.dll:MpOav.dll (00007FFA10330000), size: 634880 (result: 0), SymType: '-exported-', PDB: 'C:\ProgramData\Microsoft\Windows Defender\Platform\4.18.25030.2-0\MpOav.dll', fileVersion: 4.18.25030.2
C:\Program Files\Unity\Hub\Editor\Editor\2022.3.58f1\Editor\cudart64_90.dll:cudart64_90.dll (00007FFA5E5F0000), size: 397312 (result: 0), SymType: '-exported-', PDB: 'C:\Program Files\Unity\Hub\Editor\Editor\2022.3.58f1\Editor\cudart64_90.dll', fileVersion: 6.14.11.9000
C:\WINDOWS\SYSTEM32\opencl.dll:opencl.dll (00007FFA5E460000), size: 483328 (result: 0), SymType: '-exported-', PDB: 'C:\WINDOWS\SYSTEM32\opencl.dll', fileVersion: 3.0.6.0
C:\Program Files\Unity\Hub\Editor\Editor\2022.3.58f1\Editor\radeonrays.dll:radeonrays.dll (00007FFA5DCD0000), size: 557056 (result: 0), SymType: '-exported-', PDB: 'C:\Program Files\Unity\Hub\Editor\Editor\2022.3.58f1\Editor\radeonrays.dll'
C:\Program Files\Unity\Hub\Editor\Editor\2022.3.58f1\Editor\Data\MonoBleedingEdge\EmbedRuntime\mono-2.0-bdwgc.dll:mono-2.0-bdwgc.dll (00007FF9FA420000), size: 10825728 (result: 0), SymType: 'PDB', PDB: 'C:\Program Files\Unity\Hub\Editor\Editor\2022.3.58f1\Editor\mono-2.0-bdwgc.pdb'
C:\WINDOWS\SYSTEM32\PROPSYS.dll:PROPSYS.dll (00007FFA852D0000), size: 1032192 (result: 0), SymType: '-exported-', PDB: 'C:\WINDOWS\SYSTEM32\PROPSYS.dll', fileVersion: 7.0.26100.3624
C:\WINDOWS\SYSTEM32\edputil.dll:edputil.dll (00007FFA63E30000), size: 167936 (result: 0), SymType: '-exported-', PDB: 'C:\WINDOWS\SYSTEM32\edputil.dll', fileVersion: 10.0.26100.3037
C:\Windows\System32\Windows.StateRepositoryPS.dll:Windows.StateRepositoryPS.dll (00007FFA64D20000), size: 802816 (result: 0), SymType: '-exported-', PDB: 'C:\Windows\System32\Windows.StateRepositoryPS.dll', fileVersion: 10.0.26100.1882
C:\WINDOWS\SYSTEM32\urlmon.dll:urlmon.dll (00007FFA75A80000), size: 1949696 (result: 0), SymType: '-exported-', PDB: 'C:\WINDOWS\SYSTEM32\urlmon.dll', fileVersion: 11.0.26100.3624
C:\WINDOWS\SYSTEM32\iertutil.dll:iertutil.dll (00007FFA75340000), size: 2928640 (result: 0), SymType: '-exported-', PDB: 'C:\WINDOWS\SYSTEM32\iertutil.dll', fileVersion: 11.0.26100.3775
C:\WINDOWS\SYSTEM32\srvcli.dll:srvcli.dll (00007FFA75140000), size: 167936 (result: 0), SymType: '-exported-', PDB: 'C:\WINDOWS\SYSTEM32\srvcli.dll', fileVersion: 10.0.26100.1150
C:\WINDOWS\SYSTEM32\netutils.dll:netutils.dll (00007FFA87D80000), size: 53248 (result: 0), SymType: '-exported-', PDB: 'C:\WINDOWS\SYSTEM32\netutils.dll', fileVersion: 10.0.26100.1882
C:\WINDOWS\SYSTEM32\virtdisk.dll:virtdisk.dll (00007FFA618D0000), size: 94208 (result: 0), SymType: '-exported-', PDB: 'C:\WINDOWS\SYSTEM32\virtdisk.dll', fileVersion: 10.0.26100.1591
C:\WINDOWS\SYSTEM32\gpapi.dll:gpapi.dll (00007FFA88760000), size: 159744 (result: 0), SymType: '-exported-', PDB: 'C:\WINDOWS\SYSTEM32\gpapi.dll', fileVersion: 10.0.26100.3323
C:\WINDOWS\SYSTEM32\dbghelp.dll:dbghelp.dll (00007FFA86B20000), size: 2363392 (result: 0), SymType: '-exported-', PDB: 'C:\WINDOWS\SYSTEM32\dbghelp.dll', fileVersion: 10.0.26100.3037

========== OUTPUTTING STACK TRACE ==================

0x00007FFA89BB933A (KERNELBASE) RaiseException
0x00007FF60BBA2F00 (Unity) EditorMonoConsole::LogToConsoleImplementation
0x00007FF60BBA397D (Unity) EditorMonoConsole::LogToConsoleImplementation
0x00007FF60C86AADF (Unity) DebugStringToFilePostprocessedStacktrace
0x00007FF60C86A23A (Unity) DebugStringToFile
0x00007FF60C04AB69 (Unity) LoadDomainAndUserAssemblies
0x00007FF60C532824 (Unity) WorkerDomainReloadV2
0x00007FF60C553A45 (Unity) <lambda_b37b41f03089e3cb3f55061bbc93253d>::operator()
0x00007FF60C58F422 (Unity) asio::detail::completion_handler<core::mutable_function<void __cdecl(void)>,asio::io_context::basic_executor_type<std::allocator<void>,0> >::do_complete
0x00007FF60C57B3CE (Unity) asio::detail::win_iocp_io_context::do_one
0x00007FF60C57D034 (Unity) asio::detail::win_iocp_io_context::run
0x00007FF60C58D7CC (Unity) IOService::Run
0x00007FF60C560C2F (Unity) AssetImportWorkerClient::Run
0x00007FF60C52C3D7 (Unity) RunAssetImportWorkerClientV2
0x00007FF60C52C45B (Unity) RunAssetImporterV2
0x00007FF60BD231DE (Unity) Application::InitializeProject
0x00007FF60C1B8795 (Unity) WinMain
0x00007FF60D5835CE (Unity) __scrt_common_main_seh
0x00007FFA8B87E8D7 (KERNEL32) BaseThreadInitThunk
0x00007FFA8C1714FC (ntdll) RtlUserThreadStart

========== END OF STACKTRACE ===========

A crash has been intercepted by the crash handler. For call stack and other details, see the latest crash report generated in:
 * C:/Users/Andrey/AppData/Local/Temp/Unity/Editor/Crashes
