Using pre-set license
Built from '2022.3/staging' branch; Version is '2022.3.58f1 (ed7f6eacb62e) revision 15564654'; Using compiler version '192829333'; Build Type 'Release'
OS: 'Windows 11  (10.0.26100) 64bit Professional' Language: 'ru' Physical Memory: 16091 MB
BatchMode: 1, IsHumanControllingUs: 0, StartBugReporterOnCrash: 0, Is64bit: 1, IsPro: 1

COMMAND LINE ARGUMENTS:
C:\Program Files\Unity\Hub\Editor\Editor\2022.3.58f1\Editor\Unity.exe
-adb2
-batchMode
-noUpm
-name
AssetImportWorker1
-projectPath
C:/Users/Andrey/Desktop/GIT/Lumber2/Lumber2
-logFile
Logs/AssetImportWorker1.log
-srvPort
52385
Successfully changed project path to: C:/Users/Andrey/Desktop/GIT/Lumber2/Lumber2
C:/Users/Andrey/Desktop/GIT/Lumber2/Lumber2
[UnityMemory] Configuration Parameters - Can be set up in boot.config
    "memorysetup-bucket-allocator-granularity=16"
    "memorysetup-bucket-allocator-bucket-count=8"
    "memorysetup-bucket-allocator-block-size=33554432"
    "memorysetup-bucket-allocator-block-count=8"
    "memorysetup-main-allocator-block-size=16777216"
    "memorysetup-thread-allocator-block-size=16777216"
    "memorysetup-gfx-main-allocator-block-size=16777216"
    "memorysetup-gfx-thread-allocator-block-size=16777216"
    "memorysetup-cache-allocator-block-size=4194304"
    "memorysetup-typetree-allocator-block-size=2097152"
    "memorysetup-profiler-bucket-allocator-granularity=16"
    "memorysetup-profiler-bucket-allocator-bucket-count=8"
    "memorysetup-profiler-bucket-allocator-block-size=33554432"
    "memorysetup-profiler-bucket-allocator-block-count=8"
    "memorysetup-profiler-allocator-block-size=16777216"
    "memorysetup-profiler-editor-allocator-block-size=1048576"
    "memorysetup-temp-allocator-size-main=16777216"
    "memorysetup-job-temp-allocator-block-size=2097152"
    "memorysetup-job-temp-allocator-block-size-background=1048576"
    "memorysetup-job-temp-allocator-reduction-small-platforms=262144"
    "memorysetup-allocator-temp-initial-block-size-main=262144"
    "memorysetup-allocator-temp-initial-block-size-worker=262144"
    "memorysetup-temp-allocator-size-background-worker=32768"
    "memorysetup-temp-allocator-size-job-worker=262144"
    "memorysetup-temp-allocator-size-preload-manager=33554432"
    "memorysetup-temp-allocator-size-nav-mesh-worker=65536"
    "memorysetup-temp-allocator-size-audio-worker=65536"
    "memorysetup-temp-allocator-size-cloud-worker=32768"
    "memorysetup-temp-allocator-size-gi-baking-worker=262144"
    "memorysetup-temp-allocator-size-gfx=262144"
Player connection [36372]  Target information:

Player connection [36372]  * "[IP] 192.168.100.135 [Port] 0 [Flags] 2 [Guid] 674377314 [EditorId] 674377314 [Version] 1048832 [Id] WindowsEditor(7,DESKTOP-CA91C3D) [Debug] 1 [PackageName] WindowsEditor [ProjectName] Editor" 

Player connection [36372] Host joined multi-casting on [225.0.0.222:54997]...
Player connection [36372] Host joined alternative multi-casting on [225.0.0.222:34997]...
Input System module state changed to: Initialized.
[PhysX] Initialized MultithreadedTaskDispatcher with 12 workers.
Refreshing native plugins compatible for Editor in 7.58 ms, found 6 plugins.
Preloading 0 native plugins for Editor in 0.00 ms.
Initialize engine version: 2022.3.58f1 (ed7f6eacb62e)
[Subsystems] Discovering subsystems at path C:/Program Files/Unity/Hub/Editor/Editor/2022.3.58f1/Editor/Data/Resources/UnitySubsystems
[Subsystems] Discovering subsystems at path C:/Users/Andrey/Desktop/GIT/Lumber2/Lumber2/Assets
GfxDevice: creating device client; threaded=0; jobified=0
Direct3D:
    Version:  Direct3D 11.0 [level 11.1]
    Renderer: NVIDIA GeForce RTX 4050 Laptop GPU (ID=0x28e1)
    Vendor:   NVIDIA
    VRAM:     5921 MB
    Driver:   32.0.15.6650
Initialize mono
Mono path[0] = 'C:/Program Files/Unity/Hub/Editor/Editor/2022.3.58f1/Editor/Data/Managed'
Mono path[1] = 'C:/Program Files/Unity/Hub/Editor/Editor/2022.3.58f1/Editor/Data/MonoBleedingEdge/lib/mono/unityjit-win32'
Mono config path = 'C:/Program Files/Unity/Hub/Editor/Editor/2022.3.58f1/Editor/Data/MonoBleedingEdge/etc'
Using monoOptions --debugger-agent=transport=dt_socket,embedding=1,server=y,suspend=n,address=127.0.0.1:56528
Begin MonoManager ReloadAssembly
Registering precompiled unity dll's ...
Register platform support module: C:/Program Files/Unity/Hub/Editor/Editor/2022.3.58f1/Editor/Data/PlaybackEngines/WebGLSupport/UnityEditor.WebGL.Extensions.dll
Register platform support module: C:/Program Files/Unity/Hub/Editor/Editor/2022.3.58f1/Editor/Data/PlaybackEngines/AndroidPlayer/UnityEditor.Android.Extensions.dll
Register platform support module: C:/Program Files/Unity/Hub/Editor/Editor/2022.3.58f1/Editor/Data/PlaybackEngines/WindowsStandaloneSupport/UnityEditor.WindowsStandalone.Extensions.dll
Registered in 0.005593 seconds.
- Loaded All Assemblies, in  0.318 seconds
Native extension for WindowsStandalone target not found
Native extension for Android target not found
Android Extension - Scanning For ADB Devices 230 ms
Native extension for WebGL target not found
Mono: successfully reloaded assembly
- Finished resetting the current domain, in  0.498 seconds
Domain Reload Profiling: 816ms
	BeginReloadAssembly (96ms)
		ExecutionOrderSort (0ms)
		DisableScriptedObjects (0ms)
		BackupInstance (0ms)
		ReleaseScriptingObjects (0ms)
		CreateAndSetChildDomain (1ms)
	RebuildCommonClasses (28ms)
	RebuildNativeTypeToScriptingClass (8ms)
	initialDomainReloadingComplete (46ms)
	LoadAllAssembliesAndSetupDomain (138ms)
		LoadAssemblies (95ms)
		RebuildTransferFunctionScriptingTraits (0ms)
		AnalyzeDomain (136ms)
			TypeCache.Refresh (135ms)
				TypeCache.ScanAssembly (124ms)
			ScanForSourceGeneratedMonoScriptInfo (0ms)
			ResolveRequiredComponents (0ms)
	FinalizeReload (499ms)
		ReleaseScriptCaches (0ms)
		RebuildScriptCaches (0ms)
		SetupLoadedEditorAssemblies (457ms)
			LogAssemblyErrors (0ms)
			InitializePlatformSupportModulesInManaged (302ms)
			SetLoadedEditorAssemblies (4ms)
			RefreshPlugins (0ms)
			BeforeProcessingInitializeOnLoad (2ms)
			ProcessInitializeOnLoadAttributes (109ms)
			ProcessInitializeOnLoadMethodAttributes (40ms)
			AfterProcessingInitializeOnLoad (0ms)
			EditorAssembliesLoaded (0ms)
		ExecutionOrderSort2 (0ms)
		AwakeInstancesAfterBackupRestoration (0ms)
========================================================================
Worker process is ready to serve import requests
Caller must complete domain reload
Begin MonoManager ReloadAssembly
- Loaded All Assemblies, in  0.729 seconds
Native extension for WindowsStandalone target not found
Native extension for Android target not found
Native extension for WebGL target not found
Package Manager log level set to [2]
[Package Manager] Server::EnsureServerProcessIsRunning -- launch failed, reason: Unity was launched with the -noUpm command-line argument
[Package Manager] UpmClient::Send -- Unable to send message (not connected to UPM process).
[Package Manager] Cannot connect to Unity Package Manager local server
Failed to sync packages list
UnityEngine.StackTraceUtility:ExtractStackTrace ()
UnityEngine.DebugLogHandler:LogFormat (UnityEngine.LogType,UnityEngine.Object,string,object[])
UnityEngine.Logger:Log (UnityEngine.LogType,object)
UnityEngine.Debug:LogWarning (object)
 .  / :MoveNext ()
System.Runtime.CompilerServices.AsyncVoidMethodBuilder:Start< .  / > ( .  / &)
 .  :  ()
 .⁪/ :MoveNext ()
System.Runtime.CompilerServices.AsyncTaskMethodBuilder:Start< .⁪/ > ( .⁪/ &)
 .⁪:  ()
System.Reflection.RuntimeMethodInfo:Invoke (object,System.Reflection.BindingFlags,System.Reflection.Binder,object[],System.Globalization.CultureInfo)
System.Reflection.MethodBase:Invoke (object,object[])
UnityEditor.EditorAssemblies:ProcessInitializeOnLoadMethodAttributes ()

Mono: successfully reloaded assembly
- Finished resetting the current domain, in  1.193 seconds
Domain Reload Profiling: 1921ms
	BeginReloadAssembly (143ms)
		ExecutionOrderSort (0ms)
		DisableScriptedObjects (8ms)
		BackupInstance (0ms)
		ReleaseScriptingObjects (0ms)
		CreateAndSetChildDomain (20ms)
	RebuildCommonClasses (38ms)
	RebuildNativeTypeToScriptingClass (10ms)
	initialDomainReloadingComplete (45ms)
	LoadAllAssembliesAndSetupDomain (491ms)
		LoadAssemblies (346ms)
		RebuildTransferFunctionScriptingTraits (0ms)
		AnalyzeDomain (228ms)
			TypeCache.Refresh (195ms)
				TypeCache.ScanAssembly (176ms)
			ScanForSourceGeneratedMonoScriptInfo (22ms)
			ResolveRequiredComponents (8ms)
	FinalizeReload (1194ms)
		ReleaseScriptCaches (0ms)
		RebuildScriptCaches (0ms)
		SetupLoadedEditorAssemblies (958ms)
			LogAssemblyErrors (0ms)
			InitializePlatformSupportModulesInManaged (23ms)
			SetLoadedEditorAssemblies (6ms)
			RefreshPlugins (0ms)
			BeforeProcessingInitializeOnLoad (78ms)
			ProcessInitializeOnLoadAttributes (735ms)
			ProcessInitializeOnLoadMethodAttributes (106ms)
			AfterProcessingInitializeOnLoad (9ms)
			EditorAssembliesLoaded (0ms)
		ExecutionOrderSort2 (0ms)
		AwakeInstancesAfterBackupRestoration (14ms)
Launched and connected shader compiler UnityShaderCompiler.exe after 0.11 seconds
Refreshing native plugins compatible for Editor in 9.43 ms, found 6 plugins.
Preloading 0 native plugins for Editor in 0.00 ms.
Unloading 3366 Unused Serialized files (Serialized files now loaded: 0)
Unloading 23 unused Assets / (55.0 KB). Loaded Objects now: 3865.
Memory consumption went from 132.4 MB to 132.4 MB.
Total: 7.312600 ms (FindLiveObjects: 0.460100 ms CreateObjectMapping: 0.180100 ms MarkObjects: 6.533200 ms  DeleteObjects: 0.137000 ms)

AssetImportParameters requested are different than current active one (requested -> active):
  custom:container-demuxer-ogg: 62fdf1f143b41e24485cea50d1cbac27 -> 
  custom:video-codec-MediaFoundation-h265: 746d11721c4dcdbdad8f713fa42b33f4 -> 
  custom:video-decoder-ogg-theora: a1e56fd34408186e4bbccfd4996cb3dc -> 
  custom:framework-win-MediaFoundation: 216162199b28c13a410421893ffa2e32 -> 
  custom:CustomObjectIndexerAttribute: 9a22284fe3817be447336de3de66b15e -> 
  custom:container-demuxer-webm: 4f35f7cbe854078d1ac9338744f61a02 -> 
  custom:container-muxer-webm: aa71ff27fc2769a1b78a27578f13a17b -> 
  custom:video-decoder-webm-vp8: 9c59270c3fd7afecdb556c50c9e8de78 -> 
  custom:SearchIndexIgnoredProperties: e643bd26f0fe6173181afceb89e7c659 -> 
  custom:AudioImporter_EditorPlatform: d09bf68614088b80899f8185d706f6e7 -> 
  custom:video-encoder-webm-vp8: eb34c28f22e8b96e1ab97ce403110664 -> 
  custom:audio-decoder-ogg-vorbis: bf7c407c2cedff20999df2af8eb42d56 -> 
  custom:audio-encoder-webm-vorbis: bf7c407c2cedff20999df2af8eb42d56 -> 
========================================================================
Received Import Request.
  Time since last request: 223069.381991 seconds.
  path: Assets/Scripts/Logic/Place/TreeUnloadPlace.cs
  artifactKey: Guid(b992be0a6f2c472097846436c14f17ac) Importer(815301076,1909f56bfc062723c751e8b465ee728b)
Start importing Assets/Scripts/Logic/Place/TreeUnloadPlace.cs using Guid(b992be0a6f2c472097846436c14f17ac) Importer(815301076,1909f56bfc062723c751e8b465ee728b) [PhysX] Initialized MultithreadedTaskDispatcher with 12 workers.
 -> (artifact id: 'ee42656e2707c28e8cafa72bf55c6e01') in 0.013945 seconds
Number of updated asset objects reloaded before import = 0
Number of asset objects unloaded after import = 0
========================================================================
Received Import Request.
  Time since last request: 0.000052 seconds.
  path: Assets/Scripts/Logic/Place/UnloadPlace.cs
  artifactKey: Guid(9ed4367d502c7b4428cefa6ee1335df7) Importer(815301076,1909f56bfc062723c751e8b465ee728b)
Start importing Assets/Scripts/Logic/Place/UnloadPlace.cs using Guid(9ed4367d502c7b4428cefa6ee1335df7) Importer(815301076,1909f56bfc062723c751e8b465ee728b) [PhysX] Initialized MultithreadedTaskDispatcher with 12 workers.
 -> (artifact id: 'b19fb857720196110ca071c12e6cae39') in 0.000812 seconds
Number of updated asset objects reloaded before import = 0
Number of asset objects unloaded after import = 0
========================================================================
Received Prepare
Caller must complete domain reload
Begin MonoManager ReloadAssembly
- Loaded All Assemblies, in  0.744 seconds
Native extension for WindowsStandalone target not found
Native extension for Android target not found
Native extension for WebGL target not found
[Package Manager] Server::EnsureServerProcessIsRunning -- launch failed, reason: Unity was launched with the -noUpm command-line argument
[Package Manager] UpmClient::Send -- Unable to send message (not connected to UPM process).
[Package Manager] Cannot connect to Unity Package Manager local server
Failed to sync packages list
UnityEngine.StackTraceUtility:ExtractStackTrace ()
UnityEngine.DebugLogHandler:LogFormat (UnityEngine.LogType,UnityEngine.Object,string,object[])
UnityEngine.Logger:Log (UnityEngine.LogType,object)
UnityEngine.Debug:LogWarning (object)
 .  / :MoveNext ()
System.Runtime.CompilerServices.AsyncVoidMethodBuilder:Start< .  / > ( .  / &)
 .  :  ()
 .⁪/ :MoveNext ()
System.Runtime.CompilerServices.AsyncTaskMethodBuilder:Start< .⁪/ > ( .⁪/ &)
 .⁪:  ()
System.Reflection.RuntimeMethodInfo:Invoke (object,System.Reflection.BindingFlags,System.Reflection.Binder,object[],System.Globalization.CultureInfo)
System.Reflection.MethodBase:Invoke (object,object[])
UnityEditor.EditorAssemblies:ProcessInitializeOnLoadMethodAttributes ()

Mono: successfully reloaded assembly
- Finished resetting the current domain, in  0.812 seconds
Domain Reload Profiling: 1551ms
	BeginReloadAssembly (296ms)
		ExecutionOrderSort (0ms)
		DisableScriptedObjects (10ms)
		BackupInstance (0ms)
		ReleaseScriptingObjects (0ms)
		CreateAndSetChildDomain (62ms)
	RebuildCommonClasses (60ms)
	RebuildNativeTypeToScriptingClass (20ms)
	initialDomainReloadingComplete (52ms)
	LoadAllAssembliesAndSetupDomain (312ms)
		LoadAssemblies (454ms)
		RebuildTransferFunctionScriptingTraits (0ms)
		AnalyzeDomain (26ms)
			TypeCache.Refresh (8ms)
				TypeCache.ScanAssembly (0ms)
			ScanForSourceGeneratedMonoScriptInfo (8ms)
			ResolveRequiredComponents (8ms)
	FinalizeReload (812ms)
		ReleaseScriptCaches (0ms)
		RebuildScriptCaches (0ms)
		SetupLoadedEditorAssemblies (421ms)
			LogAssemblyErrors (0ms)
			InitializePlatformSupportModulesInManaged (16ms)
			SetLoadedEditorAssemblies (4ms)
			RefreshPlugins (0ms)
			BeforeProcessingInitializeOnLoad (52ms)
			ProcessInitializeOnLoadAttributes (309ms)
			ProcessInitializeOnLoadMethodAttributes (36ms)
			AfterProcessingInitializeOnLoad (4ms)
			EditorAssembliesLoaded (0ms)
		ExecutionOrderSort2 (0ms)
		AwakeInstancesAfterBackupRestoration (5ms)
Refreshing native plugins compatible for Editor in 2.77 ms, found 6 plugins.
Preloading 0 native plugins for Editor in 0.00 ms.
Release of invalid GC handle. The handle is from a previous domain. The release operation is skipped.
Unloading 3348 Unused Serialized files (Serialized files now loaded: 0)
Release of invalid GC handle native callstack: 
0x00007ff755b0424d (Unity) StackWalker::GetCurrentCallstack
0x00007ff755b09329 (Unity) StackWalker::ShowCallstack
0x00007ff756afdae1 (Unity) GetStacktrace
0x00007ff7559ff20d (Unity) ScriptingGCHandle::ReleaseAndClear
0x00007ff755fc748c (Unity) UploadHandlerRaw::`vector deleting destructor'
0x00007ff755fc803d (Unity) UploadHandler::Release
0x00007ff755fc48dd (Unity) UnityWebRequestProto<UnityWebRequestTransport,AtomicRefCounter,RedirectHelper,ResponseHelper,DownloadHandler,UploadHandler,CertificateHandler,HeaderHelper,AsyncOperation>::~UnityWebRequestProto<UnityWebRequestTransport,AtomicRefCounter,RedirectHelper,ResponseHelper,DownloadHandler,UploadHandler,CertificateHandler,HeaderHelper,AsyncOperation>
0x00007ff755fc4bd6 (Unity) UnityWebRequest::`vector deleting destructor'
0x00007ff754d14b77 (Unity) UnityWebRequestProto<UnityWebRequestTransport,AtomicRefCounter,RedirectHelper,ResponseHelper,DownloadHandler,UploadHandler,CertificateHandler,HeaderHelper,AsyncOperation>::Release
0x00007ff755fc6605 (Unity) UnityWebRequestAsyncOperation::InvokeCoroutine
0x00007ff755fc67e1 (Unity) UnityWebRequestProto<UnityWebRequestTransport,AtomicRefCounter,RedirectHelper,ResponseHelper,DownloadHandler,UploadHandler,CertificateHandler,HeaderHelper,AsyncOperation>::Job_InvokeCoroutine
0x00007ff75562b54a (Unity) BackgroundJobQueue::ExecuteMainThreadJobs
0x00007ff7556e005f (Unity) PreloadManager::WaitForAllAsyncOperationsToComplete
0x00007ff756ea3af8 (Unity) <lambda_b37b41f03089e3cb3f55061bbc93253d>::operator()
0x00007ff756edf422 (Unity) asio::detail::completion_handler<core::mutable_function<void __cdecl(void)>,asio::io_context::basic_executor_type<std::allocator<void>,0> >::do_complete
0x00007ff756ecb3ce (Unity) asio::detail::win_iocp_io_context::do_one
0x00007ff756ecd034 (Unity) asio::detail::win_iocp_io_context::run
0x00007ff756edd7cc (Unity) IOService::Run
0x00007ff756eb0c2f (Unity) AssetImportWorkerClient::Run
0x00007ff756e7c3d7 (Unity) RunAssetImportWorkerClientV2
0x00007ff756e7c45b (Unity) RunAssetImporterV2
0x00007ff7566731de (Unity) Application::InitializeProject
0x00007ff756b08795 (Unity) WinMain
0x00007ff757ed35ce (Unity) __scrt_common_main_seh
0x00007ffa8b87e8d7 (KERNEL32) BaseThreadInitThunk
0x00007ffa8c1714fc (ntdll) RtlUserThreadStart
Unloading 18 unused Assets / (29.0 KB). Loaded Objects now: 3870.
Memory consumption went from 128.7 MB to 128.7 MB.
Total: 4.361900 ms (FindLiveObjects: 0.352700 ms CreateObjectMapping: 0.087800 ms MarkObjects: 3.859100 ms  DeleteObjects: 0.060900 ms)

Prepare: number of updated asset objects reloaded= 0
AssetImportParameters requested are different than current active one (requested -> active):
  custom:container-demuxer-ogg: 62fdf1f143b41e24485cea50d1cbac27 -> 
  custom:video-codec-MediaFoundation-h265: 746d11721c4dcdbdad8f713fa42b33f4 -> 
  custom:video-decoder-ogg-theora: a1e56fd34408186e4bbccfd4996cb3dc -> 
  custom:framework-win-MediaFoundation: 216162199b28c13a410421893ffa2e32 -> 
  custom:CustomObjectIndexerAttribute: 9a22284fe3817be447336de3de66b15e -> 
  custom:container-demuxer-webm: 4f35f7cbe854078d1ac9338744f61a02 -> 
  custom:container-muxer-webm: aa71ff27fc2769a1b78a27578f13a17b -> 
  custom:video-decoder-webm-vp8: 9c59270c3fd7afecdb556c50c9e8de78 -> 
  custom:SearchIndexIgnoredProperties: e643bd26f0fe6173181afceb89e7c659 -> 
  custom:AudioImporter_EditorPlatform: d09bf68614088b80899f8185d706f6e7 -> 
  custom:video-encoder-webm-vp8: eb34c28f22e8b96e1ab97ce403110664 -> 
  custom:audio-decoder-ogg-vorbis: bf7c407c2cedff20999df2af8eb42d56 -> 
  custom:audio-encoder-webm-vorbis: bf7c407c2cedff20999df2af8eb42d56 -> 
  custom:scripting/precompiled-assembly-types:Assembly-CSharp: 31867f22fc3227943da2a819a6bd3ea1 -> 2ad395828298d9b165b4e94b19c7f645
========================================================================
Received Prepare
Caller must complete domain reload
Begin MonoManager ReloadAssembly
- Loaded All Assemblies, in  0.371 seconds
Native extension for WindowsStandalone target not found
Native extension for Android target not found
Native extension for WebGL target not found
[Package Manager] Server::EnsureServerProcessIsRunning -- launch failed, reason: Unity was launched with the -noUpm command-line argument
[Package Manager] UpmClient::Send -- Unable to send message (not connected to UPM process).
[Package Manager] Cannot connect to Unity Package Manager local server
Failed to sync packages list
UnityEngine.StackTraceUtility:ExtractStackTrace ()
UnityEngine.DebugLogHandler:LogFormat (UnityEngine.LogType,UnityEngine.Object,string,object[])
UnityEngine.Logger:Log (UnityEngine.LogType,object)
UnityEngine.Debug:LogWarning (object)
 .  / :MoveNext ()
System.Runtime.CompilerServices.AsyncVoidMethodBuilder:Start< .  / > ( .  / &)
 .  :  ()
 .⁪/ :MoveNext ()
System.Runtime.CompilerServices.AsyncTaskMethodBuilder:Start< .⁪/ > ( .⁪/ &)
 .⁪:  ()
System.Reflection.RuntimeMethodInfo:Invoke (object,System.Reflection.BindingFlags,System.Reflection.Binder,object[],System.Globalization.CultureInfo)
System.Reflection.MethodBase:Invoke (object,object[])
UnityEditor.EditorAssemblies:ProcessInitializeOnLoadMethodAttributes ()

Mono: successfully reloaded assembly
- Finished resetting the current domain, in  0.789 seconds
Domain Reload Profiling: 1159ms
	BeginReloadAssembly (133ms)
		ExecutionOrderSort (0ms)
		DisableScriptedObjects (4ms)
		BackupInstance (0ms)
		ReleaseScriptingObjects (0ms)
		CreateAndSetChildDomain (28ms)
	RebuildCommonClasses (28ms)
	RebuildNativeTypeToScriptingClass (8ms)
	initialDomainReloadingComplete (22ms)
	LoadAllAssembliesAndSetupDomain (178ms)
		LoadAssemblies (240ms)
		RebuildTransferFunctionScriptingTraits (0ms)
		AnalyzeDomain (12ms)
			TypeCache.Refresh (5ms)
				TypeCache.ScanAssembly (0ms)
			ScanForSourceGeneratedMonoScriptInfo (0ms)
			ResolveRequiredComponents (5ms)
	FinalizeReload (789ms)
		ReleaseScriptCaches (0ms)
		RebuildScriptCaches (0ms)
		SetupLoadedEditorAssemblies (452ms)
			LogAssemblyErrors (0ms)
			InitializePlatformSupportModulesInManaged (19ms)
			SetLoadedEditorAssemblies (4ms)
			RefreshPlugins (0ms)
			BeforeProcessingInitializeOnLoad (55ms)
			ProcessInitializeOnLoadAttributes (328ms)
			ProcessInitializeOnLoadMethodAttributes (42ms)
			AfterProcessingInitializeOnLoad (4ms)
			EditorAssembliesLoaded (0ms)
		ExecutionOrderSort2 (0ms)
		AwakeInstancesAfterBackupRestoration (6ms)
Refreshing native plugins compatible for Editor in 3.09 ms, found 6 plugins.
Preloading 0 native plugins for Editor in 0.00 ms.
Release of invalid GC handle. The handle is from a previous domain. The release operation is skipped.
Release of invalid GC handle native callstack: 
0x00007ff755b0424d (Unity) StackWalker::GetCurrentCallstack
0x00007ff755b09329 (Unity) StackWalker::ShowCallstack
0x00007ff756afdae1 (Unity) GetStacktrace
0x00007ff7559ff20d (Unity) ScriptingGCHandle::ReleaseAndClear
0x00007ff755fc748c (Unity) UploadHandlerRaw::`vector deleting destructor'
0x00007ff755fc803d (Unity) UploadHandler::Release
0x00007ff755fc48dd (Unity) UnityWebRequestProto<UnityWebRequestTransport,AtomicRefCounter,RedirectHelper,ResponseHelper,DownloadHandler,UploadHandler,CertificateHandler,HeaderHelper,AsyncOperation>::~UnityWebRequestProto<UnityWebRequestTransport,AtomicRefCounter,RedirectHelper,ResponseHelper,DownloadHandler,UploadHandler,CertificateHandler,HeaderHelper,AsyncOperation>
0x00007ff755fc4bd6 (Unity) UnityWebRequest::`vector deleting destructor'
0x00007ff754d14b77 (Unity) UnityWebRequestProto<UnityWebRequestTransport,AtomicRefCounter,RedirectHelper,ResponseHelper,DownloadHandler,UploadHandler,CertificateHandler,HeaderHelper,AsyncOperation>::Release
0x00007ff755fc6605 (Unity) UnityWebRequestAsyncOperation::InvokeCoroutine
0x00007ff755fc67e1 (Unity) UnityWebRequestProto<UnityWebRequestTransport,AtomicRefCounter,RedirectHelper,ResponseHelper,DownloadHandler,UploadHandler,CertificateHandler,HeaderHelper,AsyncOperation>::Job_InvokeCoroutine
0x00007ff75562b54a (Unity) BackgroundJobQueue::ExecuteMainThreadJobs
0x00007ff7556e005f (Unity) PreloadManager::WaitForAllAsyncOperationsToComplete
0x00007ff756ea3af8 (Unity) <lambda_b37b41f03089e3cb3f55061bbc93253d>::operator()
0x00007ff756edf422 (Unity) asio::detail::completion_handler<core::mutable_function<void __cdecl(void)>,asio::io_context::basic_executor_type<std::allocator<void>,0> >::do_complete
0x00007ff756ecb3ce (Unity) asio::detail::win_iocp_io_context::do_one
0x00007ff756ecd034 (Unity) asio::detail::win_iocp_io_context::run
0x00007ff756edd7cc (Unity) IOService::Run
0x00007ff756eb0c2f (Unity) AssetImportWorkerClient::Run
0x00007ff756e7c3d7 (Unity) RunAssetImportWorkerClientV2
0x00007ff756e7c45b (Unity) RunAssetImporterV2
0x00007ff7566731de (Unity) Application::InitializeProject
0x00007ff756b08795 (Unity) WinMain
0x00007ff757ed35ce (Unity) __scrt_common_main_seh
0x00007ffa8b87e8d7 (KERNEL32) BaseThreadInitThunk
0x00007ffa8c1714fc (ntdll) RtlUserThreadStart
Unloading 3349 Unused Serialized files (Serialized files now loaded: 0)
Unloading 18 unused Assets / (29.0 KB). Loaded Objects now: 3875.
Memory consumption went from 129.1 MB to 129.1 MB.
Total: 3.062700 ms (FindLiveObjects: 0.201300 ms CreateObjectMapping: 0.077400 ms MarkObjects: 2.742700 ms  DeleteObjects: 0.040100 ms)

Prepare: number of updated asset objects reloaded= 0
AssetImportParameters requested are different than current active one (requested -> active):
  custom:container-demuxer-ogg: 62fdf1f143b41e24485cea50d1cbac27 -> 
  custom:video-codec-MediaFoundation-h265: 746d11721c4dcdbdad8f713fa42b33f4 -> 
  custom:video-decoder-ogg-theora: a1e56fd34408186e4bbccfd4996cb3dc -> 
  custom:framework-win-MediaFoundation: 216162199b28c13a410421893ffa2e32 -> 
  custom:CustomObjectIndexerAttribute: 9a22284fe3817be447336de3de66b15e -> 
  custom:container-demuxer-webm: 4f35f7cbe854078d1ac9338744f61a02 -> 
  custom:container-muxer-webm: aa71ff27fc2769a1b78a27578f13a17b -> 
  custom:video-decoder-webm-vp8: 9c59270c3fd7afecdb556c50c9e8de78 -> 
  custom:SearchIndexIgnoredProperties: e643bd26f0fe6173181afceb89e7c659 -> 
  custom:AudioImporter_EditorPlatform: d09bf68614088b80899f8185d706f6e7 -> 
  custom:video-encoder-webm-vp8: eb34c28f22e8b96e1ab97ce403110664 -> 
  custom:audio-decoder-ogg-vorbis: bf7c407c2cedff20999df2af8eb42d56 -> 
  custom:audio-encoder-webm-vorbis: bf7c407c2cedff20999df2af8eb42d56 -> 
  custom:scripting/precompiled-assembly-types:Assembly-CSharp: 31867f22fc3227943da2a819a6bd3ea1 -> 2ad395828298d9b165b4e94b19c7f645
========================================================================
Received Prepare
Caller must complete domain reload
Begin MonoManager ReloadAssembly
- Loaded All Assemblies, in  0.413 seconds
Native extension for WindowsStandalone target not found
Native extension for Android target not found
Native extension for WebGL target not found
[Package Manager] Server::EnsureServerProcessIsRunning -- launch failed, reason: Unity was launched with the -noUpm command-line argument
[Package Manager] UpmClient::Send -- Unable to send message (not connected to UPM process).
[Package Manager] Cannot connect to Unity Package Manager local server
Failed to sync packages list
UnityEngine.StackTraceUtility:ExtractStackTrace ()
UnityEngine.DebugLogHandler:LogFormat (UnityEngine.LogType,UnityEngine.Object,string,object[])
UnityEngine.Logger:Log (UnityEngine.LogType,object)
UnityEngine.Debug:LogWarning (object)
 .  / :MoveNext ()
System.Runtime.CompilerServices.AsyncVoidMethodBuilder:Start< .  / > ( .  / &)
 .  :  ()
 .⁪/ :MoveNext ()
System.Runtime.CompilerServices.AsyncTaskMethodBuilder:Start< .⁪/ > ( .⁪/ &)
 .⁪:  ()
System.Reflection.RuntimeMethodInfo:Invoke (object,System.Reflection.BindingFlags,System.Reflection.Binder,object[],System.Globalization.CultureInfo)
System.Reflection.MethodBase:Invoke (object,object[])
UnityEditor.EditorAssemblies:ProcessInitializeOnLoadMethodAttributes ()

Mono: successfully reloaded assembly
- Finished resetting the current domain, in  0.913 seconds
Domain Reload Profiling: 1324ms
	BeginReloadAssembly (146ms)
		ExecutionOrderSort (0ms)
		DisableScriptedObjects (4ms)
		BackupInstance (0ms)
		ReleaseScriptingObjects (0ms)
		CreateAndSetChildDomain (30ms)
	RebuildCommonClasses (31ms)
	RebuildNativeTypeToScriptingClass (10ms)
	initialDomainReloadingComplete (27ms)
	LoadAllAssembliesAndSetupDomain (198ms)
		LoadAssemblies (267ms)
		RebuildTransferFunctionScriptingTraits (0ms)
		AnalyzeDomain (12ms)
			TypeCache.Refresh (5ms)
				TypeCache.ScanAssembly (0ms)
			ScanForSourceGeneratedMonoScriptInfo (0ms)
			ResolveRequiredComponents (5ms)
	FinalizeReload (913ms)
		ReleaseScriptCaches (0ms)
		RebuildScriptCaches (0ms)
		SetupLoadedEditorAssemblies (508ms)
			LogAssemblyErrors (0ms)
			InitializePlatformSupportModulesInManaged (17ms)
			SetLoadedEditorAssemblies (5ms)
			RefreshPlugins (0ms)
			BeforeProcessingInitializeOnLoad (60ms)
			ProcessInitializeOnLoadAttributes (377ms)
			ProcessInitializeOnLoadMethodAttributes (44ms)
			AfterProcessingInitializeOnLoad (5ms)
			EditorAssembliesLoaded (0ms)
		ExecutionOrderSort2 (0ms)
		AwakeInstancesAfterBackupRestoration (7ms)
Refreshing native plugins compatible for Editor in 3.28 ms, found 6 plugins.
Preloading 0 native plugins for Editor in 0.00 ms.
Release of invalid GC handle. The handle is from a previous domain. The release operation is skipped.
Release of invalid GC handle native callstack: 
0x00007ff755b0424d (Unity) StackWalker::GetCurrentCallstack
0x00007ff755b09329 (Unity) StackWalker::ShowCallstack
0x00007ff756afdae1 (Unity) GetStacktrace
0x00007ff7559ff20d (Unity) ScriptingGCHandle::ReleaseAndClear
0x00007ff755fc748c (Unity) UploadHandlerRaw::`vector deleting destructor'
0x00007ff755fc803d (Unity) UploadHandler::Release
0x00007ff755fc48dd (Unity) UnityWebRequestProto<UnityWebRequestTransport,AtomicRefCounter,RedirectHelper,ResponseHelper,DownloadHandler,UploadHandler,CertificateHandler,HeaderHelper,AsyncOperation>::~UnityWebRequestProto<UnityWebRequestTransport,AtomicRefCounter,RedirectHelper,ResponseHelper,DownloadHandler,UploadHandler,CertificateHandler,HeaderHelper,AsyncOperation>
0x00007ff755fc4bd6 (Unity) UnityWebRequest::`vector deleting destructor'
0x00007ff754d14b77 (Unity) UnityWebRequestProto<UnityWebRequestTransport,AtomicRefCounter,RedirectHelper,ResponseHelper,DownloadHandler,UploadHandler,CertificateHandler,HeaderHelper,AsyncOperation>::Release
0x00007ff755fc6605 (Unity) UnityWebRequestAsyncOperation::InvokeCoroutine
0x00007ff755fc67e1 (Unity) UnityWebRequestProto<UnityWebRequestTransport,AtomicRefCounter,RedirectHelper,ResponseHelper,DownloadHandler,UploadHandler,CertificateHandler,HeaderHelper,AsyncOperation>::Job_InvokeCoroutine
0x00007ff75562b54a (Unity) BackgroundJobQueue::ExecuteMainThreadJobs
0x00007ff7556e005f (Unity) PreloadManager::WaitForAllAsyncOperationsToComplete
0x00007ff756ea3af8 (Unity) <lambda_b37b41f03089e3cb3f55061bbc93253d>::operator()
0x00007ff756edf422 (Unity) asio::detail::completion_handler<core::mutable_function<void __cdecl(void)>,asio::io_context::basic_executor_type<std::allocator<void>,0> >::do_complete
0x00007ff756ecb3ce (Unity) asio::detail::win_iocp_io_context::do_one
0x00007ff756ecd034 (Unity) asio::detail::win_iocp_io_context::run
0x00007ff756edd7cc (Unity) IOService::Run
0x00007ff756eb0c2f (Unity) AssetImportWorkerClient::Run
0x00007ff756e7c3d7 (Unity) RunAssetImportWorkerClientV2
0x00007ff756e7c45b (Unity) RunAssetImporterV2
0x00007ff7566731de (Unity) Application::InitializeProject
0x00007ff756b08795 (Unity) WinMain
0x00007ff757ed35ce (Unity) __scrt_common_main_seh
0x00007ffa8b87e8d7 (KERNEL32) BaseThreadInitThunk
0x00007ffa8c1714fc (ntdll) RtlUserThreadStart
Unloading 3349 Unused Serialized files (Serialized files now loaded: 0)
Unloading 18 unused Assets / (29.0 KB). Loaded Objects now: 3880.
Memory consumption went from 129.3 MB to 129.2 MB.
Total: 3.307000 ms (FindLiveObjects: 0.179700 ms CreateObjectMapping: 0.131800 ms MarkObjects: 2.958400 ms  DeleteObjects: 0.036200 ms)

Prepare: number of updated asset objects reloaded= 0
AssetImportParameters requested are different than current active one (requested -> active):
  custom:container-demuxer-ogg: 62fdf1f143b41e24485cea50d1cbac27 -> 
  custom:video-codec-MediaFoundation-h265: 746d11721c4dcdbdad8f713fa42b33f4 -> 
  custom:video-decoder-ogg-theora: a1e56fd34408186e4bbccfd4996cb3dc -> 
  custom:framework-win-MediaFoundation: 216162199b28c13a410421893ffa2e32 -> 
  custom:CustomObjectIndexerAttribute: 9a22284fe3817be447336de3de66b15e -> 
  custom:container-demuxer-webm: 4f35f7cbe854078d1ac9338744f61a02 -> 
  custom:container-muxer-webm: aa71ff27fc2769a1b78a27578f13a17b -> 
  custom:video-decoder-webm-vp8: 9c59270c3fd7afecdb556c50c9e8de78 -> 
  custom:SearchIndexIgnoredProperties: e643bd26f0fe6173181afceb89e7c659 -> 
  custom:AudioImporter_EditorPlatform: d09bf68614088b80899f8185d706f6e7 -> 
  custom:video-encoder-webm-vp8: eb34c28f22e8b96e1ab97ce403110664 -> 
  custom:audio-decoder-ogg-vorbis: bf7c407c2cedff20999df2af8eb42d56 -> 
  custom:audio-encoder-webm-vorbis: bf7c407c2cedff20999df2af8eb42d56 -> 
  custom:scripting/precompiled-assembly-types:Assembly-CSharp: 31867f22fc3227943da2a819a6bd3ea1 -> 2ad395828298d9b165b4e94b19c7f645
========================================================================
Received Prepare
Caller must complete domain reload
Begin MonoManager ReloadAssembly
- Loaded All Assemblies, in  0.369 seconds
Native extension for WindowsStandalone target not found
Native extension for Android target not found
Native extension for WebGL target not found
[Package Manager] Server::EnsureServerProcessIsRunning -- launch failed, reason: Unity was launched with the -noUpm command-line argument
[Package Manager] UpmClient::Send -- Unable to send message (not connected to UPM process).
[Package Manager] Cannot connect to Unity Package Manager local server
Failed to sync packages list
UnityEngine.StackTraceUtility:ExtractStackTrace ()
UnityEngine.DebugLogHandler:LogFormat (UnityEngine.LogType,UnityEngine.Object,string,object[])
UnityEngine.Logger:Log (UnityEngine.LogType,object)
UnityEngine.Debug:LogWarning (object)
 .  / :MoveNext ()
System.Runtime.CompilerServices.AsyncVoidMethodBuilder:Start< .  / > ( .  / &)
 .  :  ()
 .⁪/ :MoveNext ()
System.Runtime.CompilerServices.AsyncTaskMethodBuilder:Start< .⁪/ > ( .⁪/ &)
 .⁪:  ()
System.Reflection.RuntimeMethodInfo:Invoke (object,System.Reflection.BindingFlags,System.Reflection.Binder,object[],System.Globalization.CultureInfo)
System.Reflection.MethodBase:Invoke (object,object[])
UnityEditor.EditorAssemblies:ProcessInitializeOnLoadMethodAttributes ()

Mono: successfully reloaded assembly
- Finished resetting the current domain, in  0.798 seconds
Domain Reload Profiling: 1166ms
	BeginReloadAssembly (132ms)
		ExecutionOrderSort (0ms)
		DisableScriptedObjects (4ms)
		BackupInstance (0ms)
		ReleaseScriptingObjects (0ms)
		CreateAndSetChildDomain (28ms)
	RebuildCommonClasses (25ms)
	RebuildNativeTypeToScriptingClass (8ms)
	initialDomainReloadingComplete (21ms)
	LoadAllAssembliesAndSetupDomain (181ms)
		LoadAssemblies (235ms)
		RebuildTransferFunctionScriptingTraits (0ms)
		AnalyzeDomain (14ms)
			TypeCache.Refresh (5ms)
				TypeCache.ScanAssembly (0ms)
			ScanForSourceGeneratedMonoScriptInfo (0ms)
			ResolveRequiredComponents (7ms)
	FinalizeReload (799ms)
		ReleaseScriptCaches (0ms)
		RebuildScriptCaches (0ms)
		SetupLoadedEditorAssemblies (463ms)
			LogAssemblyErrors (0ms)
			InitializePlatformSupportModulesInManaged (17ms)
			SetLoadedEditorAssemblies (4ms)
			RefreshPlugins (0ms)
			BeforeProcessingInitializeOnLoad (54ms)
			ProcessInitializeOnLoadAttributes (343ms)
			ProcessInitializeOnLoadMethodAttributes (42ms)
			AfterProcessingInitializeOnLoad (4ms)
			EditorAssembliesLoaded (0ms)
		ExecutionOrderSort2 (0ms)
		AwakeInstancesAfterBackupRestoration (6ms)
Refreshing native plugins compatible for Editor in 3.62 ms, found 6 plugins.
Preloading 0 native plugins for Editor in 0.00 ms.
Release of invalid GC handle. The handle is from a previous domain. The release operation is skipped.
Release of invalid GC handle native callstack: 
0x00007ff755b0424d (Unity) StackWalker::GetCurrentCallstack
0x00007ff755b09329 (Unity) StackWalker::ShowCallstack
0x00007ff756afdae1 (Unity) GetStacktrace
0x00007ff7559ff20d (Unity) ScriptingGCHandle::ReleaseAndClear
0x00007ff755fc748c (Unity) UploadHandlerRaw::`vector deleting destructor'
0x00007ff755fc803d (Unity) UploadHandler::Release
0x00007ff755fc48dd (Unity) UnityWebRequestProto<UnityWebRequestTransport,AtomicRefCounter,RedirectHelper,ResponseHelper,DownloadHandler,UploadHandler,CertificateHandler,HeaderHelper,AsyncOperation>::~UnityWebRequestProto<UnityWebRequestTransport,AtomicRefCounter,RedirectHelper,ResponseHelper,DownloadHandler,UploadHandler,CertificateHandler,HeaderHelper,AsyncOperation>
0x00007ff755fc4bd6 (Unity) UnityWebRequest::`vector deleting destructor'
0x00007ff754d14b77 (Unity) UnityWebRequestProto<UnityWebRequestTransport,AtomicRefCounter,RedirectHelper,ResponseHelper,DownloadHandler,UploadHandler,CertificateHandler,HeaderHelper,AsyncOperation>::Release
0x00007ff755fc6605 (Unity) UnityWebRequestAsyncOperation::InvokeCoroutine
0x00007ff755fc67e1 (Unity) UnityWebRequestProto<UnityWebRequestTransport,AtomicRefCounter,RedirectHelper,ResponseHelper,DownloadHandler,UploadHandler,CertificateHandler,HeaderHelper,AsyncOperation>::Job_InvokeCoroutine
0x00007ff75562b54a (Unity) BackgroundJobQueue::ExecuteMainThreadJobs
0x00007ff7556e005f (Unity) PreloadManager::WaitForAllAsyncOperationsToComplete
0x00007ff756ea3af8 (Unity) <lambda_b37b41f03089e3cb3f55061bbc93253d>::operator()
0x00007ff756edf422 (Unity) asio::detail::completion_handler<core::mutable_function<void __cdecl(void)>,asio::io_context::basic_executor_type<std::allocator<void>,0> >::do_complete
0x00007ff756ecb3ce (Unity) asio::detail::win_iocp_io_context::do_one
0x00007ff756ecd034 (Unity) asio::detail::win_iocp_io_context::run
0x00007ff756edd7cc (Unity) IOService::Run
0x00007ff756eb0c2f (Unity) AssetImportWorkerClient::Run
0x00007ff756e7c3d7 (Unity) RunAssetImportWorkerClientV2
0x00007ff756e7c45b (Unity) RunAssetImporterV2
0x00007ff7566731de (Unity) Application::InitializeProject
0x00007ff756b08795 (Unity) WinMain
0x00007ff757ed35ce (Unity) __scrt_common_main_seh
0x00007ffa8b87e8d7 (KERNEL32) BaseThreadInitThunk
0x00007ffa8c1714fc (ntdll) RtlUserThreadStart
Unloading 3349 Unused Serialized files (Serialized files now loaded: 0)
Unloading 18 unused Assets / (31.7 KB). Loaded Objects now: 3885.
Memory consumption went from 129.4 MB to 129.4 MB.
Total: 3.796300 ms (FindLiveObjects: 0.666700 ms CreateObjectMapping: 0.086500 ms MarkObjects: 2.949700 ms  DeleteObjects: 0.091900 ms)

Prepare: number of updated asset objects reloaded= 0
AssetImportParameters requested are different than current active one (requested -> active):
  custom:container-demuxer-ogg: 62fdf1f143b41e24485cea50d1cbac27 -> 
  custom:video-codec-MediaFoundation-h265: 746d11721c4dcdbdad8f713fa42b33f4 -> 
  custom:video-decoder-ogg-theora: a1e56fd34408186e4bbccfd4996cb3dc -> 
  custom:framework-win-MediaFoundation: 216162199b28c13a410421893ffa2e32 -> 
  custom:CustomObjectIndexerAttribute: 9a22284fe3817be447336de3de66b15e -> 
  custom:container-demuxer-webm: 4f35f7cbe854078d1ac9338744f61a02 -> 
  custom:container-muxer-webm: aa71ff27fc2769a1b78a27578f13a17b -> 
  custom:video-decoder-webm-vp8: 9c59270c3fd7afecdb556c50c9e8de78 -> 
  custom:SearchIndexIgnoredProperties: e643bd26f0fe6173181afceb89e7c659 -> 
  custom:AudioImporter_EditorPlatform: d09bf68614088b80899f8185d706f6e7 -> 
  custom:video-encoder-webm-vp8: eb34c28f22e8b96e1ab97ce403110664 -> 
  custom:audio-decoder-ogg-vorbis: bf7c407c2cedff20999df2af8eb42d56 -> 
  custom:audio-encoder-webm-vorbis: bf7c407c2cedff20999df2af8eb42d56 -> 
  custom:scripting/precompiled-assembly-types:Assembly-CSharp: 31867f22fc3227943da2a819a6bd3ea1 -> 2ad395828298d9b165b4e94b19c7f645
========================================================================
Received Prepare
Caller must complete domain reload
Begin MonoManager ReloadAssembly
- Loaded All Assemblies, in  0.905 seconds
Native extension for WindowsStandalone target not found
Native extension for Android target not found
Native extension for WebGL target not found
[Package Manager] Server::EnsureServerProcessIsRunning -- launch failed, reason: Unity was launched with the -noUpm command-line argument
[Package Manager] UpmClient::Send -- Unable to send message (not connected to UPM process).
[Package Manager] Cannot connect to Unity Package Manager local server
Failed to sync packages list
UnityEngine.StackTraceUtility:ExtractStackTrace ()
UnityEngine.DebugLogHandler:LogFormat (UnityEngine.LogType,UnityEngine.Object,string,object[])
UnityEngine.Logger:Log (UnityEngine.LogType,object)
UnityEngine.Debug:LogWarning (object)
 .  / :MoveNext ()
System.Runtime.CompilerServices.AsyncVoidMethodBuilder:Start< .  / > ( .  / &)
 .  :  ()
 .⁪/ :MoveNext ()
System.Runtime.CompilerServices.AsyncTaskMethodBuilder:Start< .⁪/ > ( .⁪/ &)
 .⁪:  ()
System.Reflection.RuntimeMethodInfo:Invoke (object,System.Reflection.BindingFlags,System.Reflection.Binder,object[],System.Globalization.CultureInfo)
System.Reflection.MethodBase:Invoke (object,object[])
UnityEditor.EditorAssemblies:ProcessInitializeOnLoadMethodAttributes ()

Mono: successfully reloaded assembly
- Finished resetting the current domain, in  0.905 seconds
Domain Reload Profiling: 1806ms
	BeginReloadAssembly (288ms)
		ExecutionOrderSort (0ms)
		DisableScriptedObjects (11ms)
		BackupInstance (0ms)
		ReleaseScriptingObjects (0ms)
		CreateAndSetChildDomain (50ms)
	RebuildCommonClasses (65ms)
	RebuildNativeTypeToScriptingClass (21ms)
	initialDomainReloadingComplete (61ms)
	LoadAllAssembliesAndSetupDomain (465ms)
		LoadAssemblies (605ms)
		RebuildTransferFunctionScriptingTraits (0ms)
		AnalyzeDomain (20ms)
			TypeCache.Refresh (8ms)
				TypeCache.ScanAssembly (0ms)
			ScanForSourceGeneratedMonoScriptInfo (6ms)
			ResolveRequiredComponents (6ms)
	FinalizeReload (906ms)
		ReleaseScriptCaches (0ms)
		RebuildScriptCaches (0ms)
		SetupLoadedEditorAssemblies (493ms)
			LogAssemblyErrors (0ms)
			InitializePlatformSupportModulesInManaged (18ms)
			SetLoadedEditorAssemblies (5ms)
			RefreshPlugins (0ms)
			BeforeProcessingInitializeOnLoad (57ms)
			ProcessInitializeOnLoadAttributes (364ms)
			ProcessInitializeOnLoadMethodAttributes (46ms)
			AfterProcessingInitializeOnLoad (3ms)
			EditorAssembliesLoaded (0ms)
		ExecutionOrderSort2 (0ms)
		AwakeInstancesAfterBackupRestoration (6ms)
Refreshing native plugins compatible for Editor in 3.07 ms, found 6 plugins.
Preloading 0 native plugins for Editor in 0.00 ms.
Release of invalid GC handle. The handle is from a previous domain. The release operation is skipped.
Release of invalid GC handle native callstack: 
0x00007ff755b0424d (Unity) StackWalker::GetCurrentCallstack
0x00007ff755b09329 (Unity) StackWalker::ShowCallstack
0x00007ff756afdae1 (Unity) GetStacktrace
0x00007ff7559ff20d (Unity) ScriptingGCHandle::ReleaseAndClear
0x00007ff755fc748c (Unity) UploadHandlerRaw::`vector deleting destructor'
0x00007ff755fc803d (Unity) UploadHandler::Release
0x00007ff755fc48dd (Unity) UnityWebRequestProto<UnityWebRequestTransport,AtomicRefCounter,RedirectHelper,ResponseHelper,DownloadHandler,UploadHandler,CertificateHandler,HeaderHelper,AsyncOperation>::~UnityWebRequestProto<UnityWebRequestTransport,AtomicRefCounter,RedirectHelper,ResponseHelper,DownloadHandler,UploadHandler,CertificateHandler,HeaderHelper,AsyncOperation>
0x00007ff755fc4bd6 (Unity) UnityWebRequest::`vector deleting destructor'
0x00007ff754d14b77 (Unity) UnityWebRequestProto<UnityWebRequestTransport,AtomicRefCounter,RedirectHelper,ResponseHelper,DownloadHandler,UploadHandler,CertificateHandler,HeaderHelper,AsyncOperation>::Release
0x00007ff755fc6605 (Unity) UnityWebRequestAsyncOperation::InvokeCoroutine
0x00007ff755fc67e1 (Unity) UnityWebRequestProto<UnityWebRequestTransport,AtomicRefCounter,RedirectHelper,ResponseHelper,DownloadHandler,UploadHandler,CertificateHandler,HeaderHelper,AsyncOperation>::Job_InvokeCoroutine
0x00007ff75562b54a (Unity) BackgroundJobQueue::ExecuteMainThreadJobs
0x00007ff7556e005f (Unity) PreloadManager::WaitForAllAsyncOperationsToComplete
0x00007ff756ea3af8 (Unity) <lambda_b37b41f03089e3cb3f55061bbc93253d>::operator()
0x00007ff756edf422 (Unity) asio::detail::completion_handler<core::mutable_function<void __cdecl(void)>,asio::io_context::basic_executor_type<std::allocator<void>,0> >::do_complete
0x00007ff756ecb3ce (Unity) asio::detail::win_iocp_io_context::do_one
0x00007ff756ecd034 (Unity) asio::detail::win_iocp_io_context::run
0x00007ff756edd7cc (Unity) IOService::Run
0x00007ff756eb0c2f (Unity) AssetImportWorkerClient::Run
0x00007ff756e7c3d7 (Unity) RunAssetImportWorkerClientV2
0x00007ff756e7c45b (Unity) RunAssetImporterV2
0x00007ff7566731de (Unity) Application::InitializeProject
0x00007ff756b08795 (Unity) WinMain
0x00007ff757ed35ce (Unity) __scrt_common_main_seh
0x00007ffa8b87e8d7 (KERNEL32) BaseThreadInitThunk
0x00007ffa8c1714fc (ntdll) RtlUserThreadStart
Unloading 3349 Unused Serialized files (Serialized files now loaded: 0)
Unloading 18 unused Assets / (29.1 KB). Loaded Objects now: 3890.
Memory consumption went from 129.6 MB to 129.5 MB.
Total: 3.359900 ms (FindLiveObjects: 0.177800 ms CreateObjectMapping: 0.076300 ms MarkObjects: 3.065700 ms  DeleteObjects: 0.038400 ms)

Prepare: number of updated asset objects reloaded= 0
AssetImportParameters requested are different than current active one (requested -> active):
  custom:container-demuxer-ogg: 62fdf1f143b41e24485cea50d1cbac27 -> 
  custom:video-codec-MediaFoundation-h265: 746d11721c4dcdbdad8f713fa42b33f4 -> 
  custom:video-decoder-ogg-theora: a1e56fd34408186e4bbccfd4996cb3dc -> 
  custom:framework-win-MediaFoundation: 216162199b28c13a410421893ffa2e32 -> 
  custom:CustomObjectIndexerAttribute: 9a22284fe3817be447336de3de66b15e -> 
  custom:container-demuxer-webm: 4f35f7cbe854078d1ac9338744f61a02 -> 
  custom:container-muxer-webm: aa71ff27fc2769a1b78a27578f13a17b -> 
  custom:video-decoder-webm-vp8: 9c59270c3fd7afecdb556c50c9e8de78 -> 
  custom:SearchIndexIgnoredProperties: e643bd26f0fe6173181afceb89e7c659 -> 
  custom:AudioImporter_EditorPlatform: d09bf68614088b80899f8185d706f6e7 -> 
  custom:video-encoder-webm-vp8: eb34c28f22e8b96e1ab97ce403110664 -> 
  custom:audio-decoder-ogg-vorbis: bf7c407c2cedff20999df2af8eb42d56 -> 
  custom:audio-encoder-webm-vorbis: bf7c407c2cedff20999df2af8eb42d56 -> 
  custom:scripting/precompiled-assembly-types:Assembly-CSharp: 1343253fb9c0b8157f3aef8be8fd6aee -> 2ad395828298d9b165b4e94b19c7f645
========================================================================
Received Prepare
Caller must complete domain reload
Begin MonoManager ReloadAssembly
- Loaded All Assemblies, in  0.429 seconds
Native extension for WindowsStandalone target not found
Native extension for Android target not found
Native extension for WebGL target not found
[Package Manager] Server::EnsureServerProcessIsRunning -- launch failed, reason: Unity was launched with the -noUpm command-line argument
[Package Manager] UpmClient::Send -- Unable to send message (not connected to UPM process).
[Package Manager] Cannot connect to Unity Package Manager local server
Failed to sync packages list
UnityEngine.StackTraceUtility:ExtractStackTrace ()
UnityEngine.DebugLogHandler:LogFormat (UnityEngine.LogType,UnityEngine.Object,string,object[])
UnityEngine.Logger:Log (UnityEngine.LogType,object)
UnityEngine.Debug:LogWarning (object)
 .  / :MoveNext ()
System.Runtime.CompilerServices.AsyncVoidMethodBuilder:Start< .  / > ( .  / &)
 .  :  ()
 .⁪/ :MoveNext ()
System.Runtime.CompilerServices.AsyncTaskMethodBuilder:Start< .⁪/ > ( .⁪/ &)
 .⁪:  ()
System.Reflection.RuntimeMethodInfo:Invoke (object,System.Reflection.BindingFlags,System.Reflection.Binder,object[],System.Globalization.CultureInfo)
System.Reflection.MethodBase:Invoke (object,object[])
UnityEditor.EditorAssemblies:ProcessInitializeOnLoadMethodAttributes ()

Mono: successfully reloaded assembly
- Finished resetting the current domain, in  0.847 seconds
Domain Reload Profiling: 1274ms
	BeginReloadAssembly (147ms)
		ExecutionOrderSort (0ms)
		DisableScriptedObjects (4ms)
		BackupInstance (0ms)
		ReleaseScriptingObjects (0ms)
		CreateAndSetChildDomain (32ms)
	RebuildCommonClasses (28ms)
	RebuildNativeTypeToScriptingClass (8ms)
	initialDomainReloadingComplete (29ms)
	LoadAllAssembliesAndSetupDomain (215ms)
		LoadAssemblies (272ms)
		RebuildTransferFunctionScriptingTraits (0ms)
		AnalyzeDomain (22ms)
			TypeCache.Refresh (8ms)
				TypeCache.ScanAssembly (0ms)
			ScanForSourceGeneratedMonoScriptInfo (5ms)
			ResolveRequiredComponents (7ms)
	FinalizeReload (847ms)
		ReleaseScriptCaches (0ms)
		RebuildScriptCaches (0ms)
		SetupLoadedEditorAssemblies (483ms)
			LogAssemblyErrors (0ms)
			InitializePlatformSupportModulesInManaged (17ms)
			SetLoadedEditorAssemblies (3ms)
			RefreshPlugins (0ms)
			BeforeProcessingInitializeOnLoad (57ms)
			ProcessInitializeOnLoadAttributes (363ms)
			ProcessInitializeOnLoadMethodAttributes (39ms)
			AfterProcessingInitializeOnLoad (4ms)
			EditorAssembliesLoaded (0ms)
		ExecutionOrderSort2 (0ms)
		AwakeInstancesAfterBackupRestoration (5ms)
Refreshing native plugins compatible for Editor in 2.71 ms, found 6 plugins.
Preloading 0 native plugins for Editor in 0.00 ms.
Release of invalid GC handle. The handle is from a previous domain. The release operation is skipped.
Release of invalid GC handle native callstack: 
0x00007ff755b0424d (Unity) StackWalker::GetCurrentCallstack
0x00007ff755b09329 (Unity) StackWalker::ShowCallstack
0x00007ff756afdae1 (Unity) GetStacktrace
0x00007ff7559ff20d (Unity) ScriptingGCHandle::ReleaseAndClear
0x00007ff755fc748c (Unity) UploadHandlerRaw::`vector deleting destructor'
0x00007ff755fc803d (Unity) UploadHandler::Release
0x00007ff755fc48dd (Unity) UnityWebRequestProto<UnityWebRequestTransport,AtomicRefCounter,RedirectHelper,ResponseHelper,DownloadHandler,UploadHandler,CertificateHandler,HeaderHelper,AsyncOperation>::~UnityWebRequestProto<UnityWebRequestTransport,AtomicRefCounter,RedirectHelper,ResponseHelper,DownloadHandler,UploadHandler,CertificateHandler,HeaderHelper,AsyncOperation>
0x00007ff755fc4bd6 (Unity) UnityWebRequest::`vector deleting destructor'
0x00007ff754d14b77 (Unity) UnityWebRequestProto<UnityWebRequestTransport,AtomicRefCounter,RedirectHelper,ResponseHelper,DownloadHandler,UploadHandler,CertificateHandler,HeaderHelper,AsyncOperation>::Release
0x00007ff755fc6605 (Unity) UnityWebRequestAsyncOperation::InvokeCoroutine
0x00007ff755fc67e1 (Unity) UnityWebRequestProto<UnityWebRequestTransport,AtomicRefCounter,RedirectHelper,ResponseHelper,DownloadHandler,UploadHandler,CertificateHandler,HeaderHelper,AsyncOperation>::Job_InvokeCoroutine
0x00007ff75562b54a (Unity) BackgroundJobQueue::ExecuteMainThreadJobs
0x00007ff7556e005f (Unity) PreloadManager::WaitForAllAsyncOperationsToComplete
0x00007ff756ea3af8 (Unity) <lambda_b37b41f03089e3cb3f55061bbc93253d>::operator()
0x00007ff756edf422 (Unity) asio::detail::completion_handler<core::mutable_function<void __cdecl(void)>,asio::io_context::basic_executor_type<std::allocator<void>,0> >::do_complete
0x00007ff756ecb3ce (Unity) asio::detail::win_iocp_io_context::do_one
0x00007ff756ecd034 (Unity) asio::detail::win_iocp_io_context::run
0x00007ff756edd7cc (Unity) IOService::Run
0x00007ff756eb0c2f (Unity) AssetImportWorkerClient::Run
0x00007ff756e7c3d7 (Unity) RunAssetImportWorkerClientV2
0x00007ff756e7c45b (Unity) RunAssetImporterV2
0x00007ff7566731de (Unity) Application::InitializeProject
0x00007ff756b08795 (Unity) WinMain
0x00007ff757ed35ce (Unity) __scrt_common_main_seh
0x00007ffa8b87e8d7 (KERNEL32) BaseThreadInitThunk
0x00007ffa8c1714fc (ntdll) RtlUserThreadStart
Unloading 3349 Unused Serialized files (Serialized files now loaded: 0)
Unloading 18 unused Assets / (29.0 KB). Loaded Objects now: 3895.
Memory consumption went from 129.7 MB to 129.7 MB.
Total: 2.956600 ms (FindLiveObjects: 0.242000 ms CreateObjectMapping: 0.078700 ms MarkObjects: 2.596500 ms  DeleteObjects: 0.038100 ms)

Prepare: number of updated asset objects reloaded= 0
AssetImportParameters requested are different than current active one (requested -> active):
  custom:container-demuxer-ogg: 62fdf1f143b41e24485cea50d1cbac27 -> 
  custom:video-codec-MediaFoundation-h265: 746d11721c4dcdbdad8f713fa42b33f4 -> 
  custom:video-decoder-ogg-theora: a1e56fd34408186e4bbccfd4996cb3dc -> 
  custom:framework-win-MediaFoundation: 216162199b28c13a410421893ffa2e32 -> 
  custom:CustomObjectIndexerAttribute: 9a22284fe3817be447336de3de66b15e -> 
  custom:container-demuxer-webm: 4f35f7cbe854078d1ac9338744f61a02 -> 
  custom:container-muxer-webm: aa71ff27fc2769a1b78a27578f13a17b -> 
  custom:video-decoder-webm-vp8: 9c59270c3fd7afecdb556c50c9e8de78 -> 
  custom:SearchIndexIgnoredProperties: e643bd26f0fe6173181afceb89e7c659 -> 
  custom:AudioImporter_EditorPlatform: d09bf68614088b80899f8185d706f6e7 -> 
  custom:video-encoder-webm-vp8: eb34c28f22e8b96e1ab97ce403110664 -> 
  custom:audio-decoder-ogg-vorbis: bf7c407c2cedff20999df2af8eb42d56 -> 
  custom:audio-encoder-webm-vorbis: bf7c407c2cedff20999df2af8eb42d56 -> 
  custom:scripting/precompiled-assembly-types:Assembly-CSharp: 1343253fb9c0b8157f3aef8be8fd6aee -> 2ad395828298d9b165b4e94b19c7f645
========================================================================
Received Prepare
Caller must complete domain reload
Begin MonoManager ReloadAssembly
- Loaded All Assemblies, in  0.409 seconds
Native extension for WindowsStandalone target not found
Native extension for Android target not found
Native extension for WebGL target not found
[Package Manager] Server::EnsureServerProcessIsRunning -- launch failed, reason: Unity was launched with the -noUpm command-line argument
[Package Manager] UpmClient::Send -- Unable to send message (not connected to UPM process).
[Package Manager] Cannot connect to Unity Package Manager local server
Failed to sync packages list
UnityEngine.StackTraceUtility:ExtractStackTrace ()
UnityEngine.DebugLogHandler:LogFormat (UnityEngine.LogType,UnityEngine.Object,string,object[])
UnityEngine.Logger:Log (UnityEngine.LogType,object)
UnityEngine.Debug:LogWarning (object)
 .  / :MoveNext ()
System.Runtime.CompilerServices.AsyncVoidMethodBuilder:Start< .  / > ( .  / &)
 .  :  ()
 .⁪/ :MoveNext ()
System.Runtime.CompilerServices.AsyncTaskMethodBuilder:Start< .⁪/ > ( .⁪/ &)
 .⁪:  ()
System.Reflection.RuntimeMethodInfo:Invoke (object,System.Reflection.BindingFlags,System.Reflection.Binder,object[],System.Globalization.CultureInfo)
System.Reflection.MethodBase:Invoke (object,object[])
UnityEditor.EditorAssemblies:ProcessInitializeOnLoadMethodAttributes ()

Mono: successfully reloaded assembly
- Finished resetting the current domain, in  0.812 seconds
Domain Reload Profiling: 1220ms
	BeginReloadAssembly (139ms)
		ExecutionOrderSort (0ms)
		DisableScriptedObjects (4ms)
		BackupInstance (0ms)
		ReleaseScriptingObjects (0ms)
		CreateAndSetChildDomain (29ms)
	RebuildCommonClasses (27ms)
	RebuildNativeTypeToScriptingClass (9ms)
	initialDomainReloadingComplete (22ms)
	LoadAllAssembliesAndSetupDomain (211ms)
		LoadAssemblies (264ms)
		RebuildTransferFunctionScriptingTraits (0ms)
		AnalyzeDomain (18ms)
			TypeCache.Refresh (8ms)
				TypeCache.ScanAssembly (0ms)
			ScanForSourceGeneratedMonoScriptInfo (0ms)
			ResolveRequiredComponents (7ms)
	FinalizeReload (812ms)
		ReleaseScriptCaches (0ms)
		RebuildScriptCaches (0ms)
		SetupLoadedEditorAssemblies (443ms)
			LogAssemblyErrors (0ms)
			InitializePlatformSupportModulesInManaged (16ms)
			SetLoadedEditorAssemblies (4ms)
			RefreshPlugins (0ms)
			BeforeProcessingInitializeOnLoad (53ms)
			ProcessInitializeOnLoadAttributes (324ms)
			ProcessInitializeOnLoadMethodAttributes (42ms)
			AfterProcessingInitializeOnLoad (4ms)
			EditorAssembliesLoaded (0ms)
		ExecutionOrderSort2 (0ms)
		AwakeInstancesAfterBackupRestoration (6ms)
Refreshing native plugins compatible for Editor in 3.63 ms, found 6 plugins.
Preloading 0 native plugins for Editor in 0.00 ms.
Release of invalid GC handle. The handle is from a previous domain. The release operation is skipped.
Release of invalid GC handle native callstack: 
0x00007ff755b0424d (Unity) StackWalker::GetCurrentCallstack
0x00007ff755b09329 (Unity) StackWalker::ShowCallstack
0x00007ff756afdae1 (Unity) GetStacktrace
0x00007ff7559ff20d (Unity) ScriptingGCHandle::ReleaseAndClear
0x00007ff755fc748c (Unity) UploadHandlerRaw::`vector deleting destructor'
0x00007ff755fc803d (Unity) UploadHandler::Release
0x00007ff755fc48dd (Unity) UnityWebRequestProto<UnityWebRequestTransport,AtomicRefCounter,RedirectHelper,ResponseHelper,DownloadHandler,UploadHandler,CertificateHandler,HeaderHelper,AsyncOperation>::~UnityWebRequestProto<UnityWebRequestTransport,AtomicRefCounter,RedirectHelper,ResponseHelper,DownloadHandler,UploadHandler,CertificateHandler,HeaderHelper,AsyncOperation>
0x00007ff755fc4bd6 (Unity) UnityWebRequest::`vector deleting destructor'
0x00007ff754d14b77 (Unity) UnityWebRequestProto<UnityWebRequestTransport,AtomicRefCounter,RedirectHelper,ResponseHelper,DownloadHandler,UploadHandler,CertificateHandler,HeaderHelper,AsyncOperation>::Release
0x00007ff755fc6605 (Unity) UnityWebRequestAsyncOperation::InvokeCoroutine
0x00007ff755fc67e1 (Unity) UnityWebRequestProto<UnityWebRequestTransport,AtomicRefCounter,RedirectHelper,ResponseHelper,DownloadHandler,UploadHandler,CertificateHandler,HeaderHelper,AsyncOperation>::Job_InvokeCoroutine
0x00007ff75562b54a (Unity) BackgroundJobQueue::ExecuteMainThreadJobs
0x00007ff7556e005f (Unity) PreloadManager::WaitForAllAsyncOperationsToComplete
0x00007ff756ea3af8 (Unity) <lambda_b37b41f03089e3cb3f55061bbc93253d>::operator()
0x00007ff756edf422 (Unity) asio::detail::completion_handler<core::mutable_function<void __cdecl(void)>,asio::io_context::basic_executor_type<std::allocator<void>,0> >::do_complete
0x00007ff756ecb3ce (Unity) asio::detail::win_iocp_io_context::do_one
0x00007ff756ecd034 (Unity) asio::detail::win_iocp_io_context::run
0x00007ff756edd7cc (Unity) IOService::Run
0x00007ff756eb0c2f (Unity) AssetImportWorkerClient::Run
0x00007ff756e7c3d7 (Unity) RunAssetImportWorkerClientV2
0x00007ff756e7c45b (Unity) RunAssetImporterV2
0x00007ff7566731de (Unity) Application::InitializeProject
0x00007ff756b08795 (Unity) WinMain
0x00007ff757ed35ce (Unity) __scrt_common_main_seh
0x00007ffa8b87e8d7 (KERNEL32) BaseThreadInitThunk
0x00007ffa8c1714fc (ntdll) RtlUserThreadStart
Unloading 3349 Unused Serialized files (Serialized files now loaded: 0)
Unloading 18 unused Assets / (29.0 KB). Loaded Objects now: 3900.
Memory consumption went from 129.9 MB to 129.9 MB.
Total: 3.000100 ms (FindLiveObjects: 0.192400 ms CreateObjectMapping: 0.085900 ms MarkObjects: 2.679700 ms  DeleteObjects: 0.040000 ms)

Prepare: number of updated asset objects reloaded= 0
AssetImportParameters requested are different than current active one (requested -> active):
  custom:container-demuxer-ogg: 62fdf1f143b41e24485cea50d1cbac27 -> 
  custom:video-codec-MediaFoundation-h265: 746d11721c4dcdbdad8f713fa42b33f4 -> 
  custom:video-decoder-ogg-theora: a1e56fd34408186e4bbccfd4996cb3dc -> 
  custom:framework-win-MediaFoundation: 216162199b28c13a410421893ffa2e32 -> 
  custom:CustomObjectIndexerAttribute: 9a22284fe3817be447336de3de66b15e -> 
  custom:container-demuxer-webm: 4f35f7cbe854078d1ac9338744f61a02 -> 
  custom:container-muxer-webm: aa71ff27fc2769a1b78a27578f13a17b -> 
  custom:video-decoder-webm-vp8: 9c59270c3fd7afecdb556c50c9e8de78 -> 
  custom:SearchIndexIgnoredProperties: e643bd26f0fe6173181afceb89e7c659 -> 
  custom:AudioImporter_EditorPlatform: d09bf68614088b80899f8185d706f6e7 -> 
  custom:video-encoder-webm-vp8: eb34c28f22e8b96e1ab97ce403110664 -> 
  custom:audio-decoder-ogg-vorbis: bf7c407c2cedff20999df2af8eb42d56 -> 
  custom:audio-encoder-webm-vorbis: bf7c407c2cedff20999df2af8eb42d56 -> 
  custom:scripting/precompiled-assembly-types:Assembly-CSharp: 1343253fb9c0b8157f3aef8be8fd6aee -> 2ad395828298d9b165b4e94b19c7f645
========================================================================
Received Prepare
Caller must complete domain reload
Begin MonoManager ReloadAssembly
- Loaded All Assemblies, in  0.858 seconds
Native extension for WindowsStandalone target not found
Native extension for Android target not found
Native extension for WebGL target not found
[Package Manager] Server::EnsureServerProcessIsRunning -- launch failed, reason: Unity was launched with the -noUpm command-line argument
[Package Manager] UpmClient::Send -- Unable to send message (not connected to UPM process).
[Package Manager] Cannot connect to Unity Package Manager local server
Failed to sync packages list
UnityEngine.StackTraceUtility:ExtractStackTrace ()
UnityEngine.DebugLogHandler:LogFormat (UnityEngine.LogType,UnityEngine.Object,string,object[])
UnityEngine.Logger:Log (UnityEngine.LogType,object)
UnityEngine.Debug:LogWarning (object)
 .  / :MoveNext ()
System.Runtime.CompilerServices.AsyncVoidMethodBuilder:Start< .  / > ( .  / &)
 .  :  ()
 .⁪/ :MoveNext ()
System.Runtime.CompilerServices.AsyncTaskMethodBuilder:Start< .⁪/ > ( .⁪/ &)
 .⁪:  ()
System.Reflection.RuntimeMethodInfo:Invoke (object,System.Reflection.BindingFlags,System.Reflection.Binder,object[],System.Globalization.CultureInfo)
System.Reflection.MethodBase:Invoke (object,object[])
UnityEditor.EditorAssemblies:ProcessInitializeOnLoadMethodAttributes ()

Mono: successfully reloaded assembly
- Finished resetting the current domain, in  1.688 seconds
Domain Reload Profiling: 2542ms
	BeginReloadAssembly (268ms)
		ExecutionOrderSort (0ms)
		DisableScriptedObjects (11ms)
		BackupInstance (0ms)
		ReleaseScriptingObjects (0ms)
		CreateAndSetChildDomain (50ms)
	RebuildCommonClasses (77ms)
	RebuildNativeTypeToScriptingClass (21ms)
	initialDomainReloadingComplete (50ms)
	LoadAllAssembliesAndSetupDomain (438ms)
		LoadAssemblies (541ms)
		RebuildTransferFunctionScriptingTraits (0ms)
		AnalyzeDomain (42ms)
			TypeCache.Refresh (15ms)
				TypeCache.ScanAssembly (1ms)
			ScanForSourceGeneratedMonoScriptInfo (12ms)
			ResolveRequiredComponents (12ms)
	FinalizeReload (1689ms)
		ReleaseScriptCaches (0ms)
		RebuildScriptCaches (0ms)
		SetupLoadedEditorAssemblies (516ms)
			LogAssemblyErrors (0ms)
			InitializePlatformSupportModulesInManaged (41ms)
			SetLoadedEditorAssemblies (8ms)
			RefreshPlugins (0ms)
			BeforeProcessingInitializeOnLoad (100ms)
			ProcessInitializeOnLoadAttributes (319ms)
			ProcessInitializeOnLoadMethodAttributes (44ms)
			AfterProcessingInitializeOnLoad (4ms)
			EditorAssembliesLoaded (0ms)
		ExecutionOrderSort2 (0ms)
		AwakeInstancesAfterBackupRestoration (6ms)
Refreshing native plugins compatible for Editor in 2.72 ms, found 6 plugins.
Preloading 0 native plugins for Editor in 0.00 ms.
Release of invalid GC handle. The handle is from a previous domain. The release operation is skipped.
Release of invalid GC handle native callstack: 
0x00007ff755b0424d (Unity) StackWalker::GetCurrentCallstack
0x00007ff755b09329 (Unity) StackWalker::ShowCallstack
0x00007ff756afdae1 (Unity) GetStacktrace
0x00007ff7559ff20d (Unity) ScriptingGCHandle::ReleaseAndClear
0x00007ff755fc748c (Unity) UploadHandlerRaw::`vector deleting destructor'
0x00007ff755fc803d (Unity) UploadHandler::Release
0x00007ff755fc48dd (Unity) UnityWebRequestProto<UnityWebRequestTransport,AtomicRefCounter,RedirectHelper,ResponseHelper,DownloadHandler,UploadHandler,CertificateHandler,HeaderHelper,AsyncOperation>::~UnityWebRequestProto<UnityWebRequestTransport,AtomicRefCounter,RedirectHelper,ResponseHelper,DownloadHandler,UploadHandler,CertificateHandler,HeaderHelper,AsyncOperation>
0x00007ff755fc4bd6 (Unity) UnityWebRequest::`vector deleting destructor'
0x00007ff754d14b77 (Unity) UnityWebRequestProto<UnityWebRequestTransport,AtomicRefCounter,RedirectHelper,ResponseHelper,DownloadHandler,UploadHandler,CertificateHandler,HeaderHelper,AsyncOperation>::Release
0x00007ff755fc6605 (Unity) UnityWebRequestAsyncOperation::InvokeCoroutine
0x00007ff755fc67e1 (Unity) UnityWebRequestProto<UnityWebRequestTransport,AtomicRefCounter,RedirectHelper,ResponseHelper,DownloadHandler,UploadHandler,CertificateHandler,HeaderHelper,AsyncOperation>::Job_InvokeCoroutine
0x00007ff75562b54a (Unity) BackgroundJobQueue::ExecuteMainThreadJobs
0x00007ff7556e005f (Unity) PreloadManager::WaitForAllAsyncOperationsToComplete
0x00007ff756ea3af8 (Unity) <lambda_b37b41f03089e3cb3f55061bbc93253d>::operator()
0x00007ff756edf422 (Unity) asio::detail::completion_handler<core::mutable_function<void __cdecl(void)>,asio::io_context::basic_executor_type<std::allocator<void>,0> >::do_complete
0x00007ff756ecb3ce (Unity) asio::detail::win_iocp_io_context::do_one
0x00007ff756ecd034 (Unity) asio::detail::win_iocp_io_context::run
0x00007ff756edd7cc (Unity) IOService::Run
0x00007ff756eb0c2f (Unity) AssetImportWorkerClient::Run
0x00007ff756e7c3d7 (Unity) RunAssetImportWorkerClientV2
0x00007ff756e7c45b (Unity) RunAssetImporterV2
0x00007ff7566731de (Unity) Application::InitializeProject
0x00007ff756b08795 (Unity) WinMain
0x00007ff757ed35ce (Unity) __scrt_common_main_seh
0x00007ffa8b87e8d7 (KERNEL32) BaseThreadInitThunk
0x00007ffa8c1714fc (ntdll) RtlUserThreadStart
Unloading 3349 Unused Serialized files (Serialized files now loaded: 0)
Unloading 18 unused Assets / (29.0 KB). Loaded Objects now: 3905.
Memory consumption went from 130.0 MB to 130.0 MB.
Total: 3.870300 ms (FindLiveObjects: 0.259400 ms CreateObjectMapping: 0.082200 ms MarkObjects: 3.490800 ms  DeleteObjects: 0.036900 ms)

Prepare: number of updated asset objects reloaded= 0
AssetImportParameters requested are different than current active one (requested -> active):
  custom:container-demuxer-ogg: 62fdf1f143b41e24485cea50d1cbac27 -> 
  custom:video-codec-MediaFoundation-h265: 746d11721c4dcdbdad8f713fa42b33f4 -> 
  custom:video-decoder-ogg-theora: a1e56fd34408186e4bbccfd4996cb3dc -> 
  custom:framework-win-MediaFoundation: 216162199b28c13a410421893ffa2e32 -> 
  custom:CustomObjectIndexerAttribute: 9a22284fe3817be447336de3de66b15e -> 
  custom:container-demuxer-webm: 4f35f7cbe854078d1ac9338744f61a02 -> 
  custom:container-muxer-webm: aa71ff27fc2769a1b78a27578f13a17b -> 
  custom:video-decoder-webm-vp8: 9c59270c3fd7afecdb556c50c9e8de78 -> 
  custom:SearchIndexIgnoredProperties: e643bd26f0fe6173181afceb89e7c659 -> 
  custom:AudioImporter_EditorPlatform: d09bf68614088b80899f8185d706f6e7 -> 
  custom:video-encoder-webm-vp8: eb34c28f22e8b96e1ab97ce403110664 -> 
  custom:audio-decoder-ogg-vorbis: bf7c407c2cedff20999df2af8eb42d56 -> 
  custom:audio-encoder-webm-vorbis: bf7c407c2cedff20999df2af8eb42d56 -> 
  custom:scripting/precompiled-assembly-types:Assembly-CSharp: 1343253fb9c0b8157f3aef8be8fd6aee -> 2ad395828298d9b165b4e94b19c7f645
========================================================================
Received Prepare
Caller must complete domain reload
Begin MonoManager ReloadAssembly
- Loaded All Assemblies, in  0.398 seconds
Native extension for WindowsStandalone target not found
Native extension for Android target not found
Native extension for WebGL target not found
[Package Manager] Server::EnsureServerProcessIsRunning -- launch failed, reason: Unity was launched with the -noUpm command-line argument
[Package Manager] UpmClient::Send -- Unable to send message (not connected to UPM process).
[Package Manager] Cannot connect to Unity Package Manager local server
Failed to sync packages list
UnityEngine.StackTraceUtility:ExtractStackTrace ()
UnityEngine.DebugLogHandler:LogFormat (UnityEngine.LogType,UnityEngine.Object,string,object[])
UnityEngine.Logger:Log (UnityEngine.LogType,object)
UnityEngine.Debug:LogWarning (object)
 .  / :MoveNext ()
System.Runtime.CompilerServices.AsyncVoidMethodBuilder:Start< .  / > ( .  / &)
 .  :  ()
 .⁪/ :MoveNext ()
System.Runtime.CompilerServices.AsyncTaskMethodBuilder:Start< .⁪/ > ( .⁪/ &)
 .⁪:  ()
System.Reflection.RuntimeMethodInfo:Invoke (object,System.Reflection.BindingFlags,System.Reflection.Binder,object[],System.Globalization.CultureInfo)
System.Reflection.MethodBase:Invoke (object,object[])
UnityEditor.EditorAssemblies:ProcessInitializeOnLoadMethodAttributes ()

Mono: successfully reloaded assembly
- Finished resetting the current domain, in  0.858 seconds
Domain Reload Profiling: 1255ms
	BeginReloadAssembly (142ms)
		ExecutionOrderSort (0ms)
		DisableScriptedObjects (4ms)
		BackupInstance (0ms)
		ReleaseScriptingObjects (0ms)
		CreateAndSetChildDomain (28ms)
	RebuildCommonClasses (34ms)
	RebuildNativeTypeToScriptingClass (9ms)
	initialDomainReloadingComplete (22ms)
	LoadAllAssembliesAndSetupDomain (190ms)
		LoadAssemblies (257ms)
		RebuildTransferFunctionScriptingTraits (0ms)
		AnalyzeDomain (13ms)
			TypeCache.Refresh (5ms)
				TypeCache.ScanAssembly (0ms)
			ScanForSourceGeneratedMonoScriptInfo (0ms)
			ResolveRequiredComponents (6ms)
	FinalizeReload (858ms)
		ReleaseScriptCaches (0ms)
		RebuildScriptCaches (0ms)
		SetupLoadedEditorAssemblies (481ms)
			LogAssemblyErrors (0ms)
			InitializePlatformSupportModulesInManaged (19ms)
			SetLoadedEditorAssemblies (5ms)
			RefreshPlugins (0ms)
			BeforeProcessingInitializeOnLoad (53ms)
			ProcessInitializeOnLoadAttributes (354ms)
			ProcessInitializeOnLoadMethodAttributes (45ms)
			AfterProcessingInitializeOnLoad (5ms)
			EditorAssembliesLoaded (0ms)
		ExecutionOrderSort2 (0ms)
		AwakeInstancesAfterBackupRestoration (6ms)
Refreshing native plugins compatible for Editor in 3.01 ms, found 6 plugins.
Preloading 0 native plugins for Editor in 0.00 ms.
Release of invalid GC handle. The handle is from a previous domain. The release operation is skipped.
Release of invalid GC handle native callstack: 
0x00007ff755b0424d (Unity) StackWalker::GetCurrentCallstack
0x00007ff755b09329 (Unity) StackWalker::ShowCallstack
0x00007ff756afdae1 (Unity) GetStacktrace
0x00007ff7559ff20d (Unity) ScriptingGCHandle::ReleaseAndClear
0x00007ff755fc748c (Unity) UploadHandlerRaw::`vector deleting destructor'
0x00007ff755fc803d (Unity) UploadHandler::Release
0x00007ff755fc48dd (Unity) UnityWebRequestProto<UnityWebRequestTransport,AtomicRefCounter,RedirectHelper,ResponseHelper,DownloadHandler,UploadHandler,CertificateHandler,HeaderHelper,AsyncOperation>::~UnityWebRequestProto<UnityWebRequestTransport,AtomicRefCounter,RedirectHelper,ResponseHelper,DownloadHandler,UploadHandler,CertificateHandler,HeaderHelper,AsyncOperation>
0x00007ff755fc4bd6 (Unity) UnityWebRequest::`vector deleting destructor'
0x00007ff754d14b77 (Unity) UnityWebRequestProto<UnityWebRequestTransport,AtomicRefCounter,RedirectHelper,ResponseHelper,DownloadHandler,UploadHandler,CertificateHandler,HeaderHelper,AsyncOperation>::Release
0x00007ff755fc6605 (Unity) UnityWebRequestAsyncOperation::InvokeCoroutine
0x00007ff755fc67e1 (Unity) UnityWebRequestProto<UnityWebRequestTransport,AtomicRefCounter,RedirectHelper,ResponseHelper,DownloadHandler,UploadHandler,CertificateHandler,HeaderHelper,AsyncOperation>::Job_InvokeCoroutine
0x00007ff75562b54a (Unity) BackgroundJobQueue::ExecuteMainThreadJobs
0x00007ff7556e005f (Unity) PreloadManager::WaitForAllAsyncOperationsToComplete
0x00007ff756ea3af8 (Unity) <lambda_b37b41f03089e3cb3f55061bbc93253d>::operator()
0x00007ff756edf422 (Unity) asio::detail::completion_handler<core::mutable_function<void __cdecl(void)>,asio::io_context::basic_executor_type<std::allocator<void>,0> >::do_complete
0x00007ff756ecb3ce (Unity) asio::detail::win_iocp_io_context::do_one
0x00007ff756ecd034 (Unity) asio::detail::win_iocp_io_context::run
0x00007ff756edd7cc (Unity) IOService::Run
0x00007ff756eb0c2f (Unity) AssetImportWorkerClient::Run
0x00007ff756e7c3d7 (Unity) RunAssetImportWorkerClientV2
0x00007ff756e7c45b (Unity) RunAssetImporterV2
0x00007ff7566731de (Unity) Application::InitializeProject
0x00007ff756b08795 (Unity) WinMain
0x00007ff757ed35ce (Unity) __scrt_common_main_seh
0x00007ffa8b87e8d7 (KERNEL32) BaseThreadInitThunk
0x00007ffa8c1714fc (ntdll) RtlUserThreadStart
Unloading 3349 Unused Serialized files (Serialized files now loaded: 0)
Unloading 18 unused Assets / (29.0 KB). Loaded Objects now: 3910.
Memory consumption went from 130.2 MB to 130.2 MB.
Total: 3.218400 ms (FindLiveObjects: 0.235900 ms CreateObjectMapping: 0.087400 ms MarkObjects: 2.855100 ms  DeleteObjects: 0.038500 ms)

Prepare: number of updated asset objects reloaded= 0
AssetImportParameters requested are different than current active one (requested -> active):
  custom:container-demuxer-ogg: 62fdf1f143b41e24485cea50d1cbac27 -> 
  custom:video-codec-MediaFoundation-h265: 746d11721c4dcdbdad8f713fa42b33f4 -> 
  custom:video-decoder-ogg-theora: a1e56fd34408186e4bbccfd4996cb3dc -> 
  custom:framework-win-MediaFoundation: 216162199b28c13a410421893ffa2e32 -> 
  custom:CustomObjectIndexerAttribute: 9a22284fe3817be447336de3de66b15e -> 
  custom:container-demuxer-webm: 4f35f7cbe854078d1ac9338744f61a02 -> 
  custom:container-muxer-webm: aa71ff27fc2769a1b78a27578f13a17b -> 
  custom:video-decoder-webm-vp8: 9c59270c3fd7afecdb556c50c9e8de78 -> 
  custom:SearchIndexIgnoredProperties: e643bd26f0fe6173181afceb89e7c659 -> 
  custom:AudioImporter_EditorPlatform: d09bf68614088b80899f8185d706f6e7 -> 
  custom:video-encoder-webm-vp8: eb34c28f22e8b96e1ab97ce403110664 -> 
  custom:audio-decoder-ogg-vorbis: bf7c407c2cedff20999df2af8eb42d56 -> 
  custom:audio-encoder-webm-vorbis: bf7c407c2cedff20999df2af8eb42d56 -> 
  custom:scripting/precompiled-assembly-types:Assembly-CSharp: 1343253fb9c0b8157f3aef8be8fd6aee -> 2ad395828298d9b165b4e94b19c7f645
========================================================================
Received Prepare
Caller must complete domain reload
Begin MonoManager ReloadAssembly
- Loaded All Assemblies, in  0.385 seconds
Native extension for WindowsStandalone target not found
Native extension for Android target not found
Native extension for WebGL target not found
[Package Manager] Server::EnsureServerProcessIsRunning -- launch failed, reason: Unity was launched with the -noUpm command-line argument
[Package Manager] UpmClient::Send -- Unable to send message (not connected to UPM process).
[Package Manager] Cannot connect to Unity Package Manager local server
Failed to sync packages list
UnityEngine.StackTraceUtility:ExtractStackTrace ()
UnityEngine.DebugLogHandler:LogFormat (UnityEngine.LogType,UnityEngine.Object,string,object[])
UnityEngine.Logger:Log (UnityEngine.LogType,object)
UnityEngine.Debug:LogWarning (object)
 .  / :MoveNext ()
System.Runtime.CompilerServices.AsyncVoidMethodBuilder:Start< .  / > ( .  / &)
 .  :  ()
 .⁪/ :MoveNext ()
System.Runtime.CompilerServices.AsyncTaskMethodBuilder:Start< .⁪/ > ( .⁪/ &)
 .⁪:  ()
System.Reflection.RuntimeMethodInfo:Invoke (object,System.Reflection.BindingFlags,System.Reflection.Binder,object[],System.Globalization.CultureInfo)
System.Reflection.MethodBase:Invoke (object,object[])
UnityEditor.EditorAssemblies:ProcessInitializeOnLoadMethodAttributes ()

Mono: successfully reloaded assembly
- Finished resetting the current domain, in  0.805 seconds
Domain Reload Profiling: 1189ms
	BeginReloadAssembly (135ms)
		ExecutionOrderSort (0ms)
		DisableScriptedObjects (4ms)
		BackupInstance (0ms)
		ReleaseScriptingObjects (0ms)
		CreateAndSetChildDomain (28ms)
	RebuildCommonClasses (27ms)
	RebuildNativeTypeToScriptingClass (8ms)
	initialDomainReloadingComplete (21ms)
	LoadAllAssembliesAndSetupDomain (191ms)
		LoadAssemblies (251ms)
		RebuildTransferFunctionScriptingTraits (0ms)
		AnalyzeDomain (13ms)
			TypeCache.Refresh (5ms)
				TypeCache.ScanAssembly (0ms)
			ScanForSourceGeneratedMonoScriptInfo (0ms)
			ResolveRequiredComponents (5ms)
	FinalizeReload (806ms)
		ReleaseScriptCaches (0ms)
		RebuildScriptCaches (0ms)
		SetupLoadedEditorAssemblies (435ms)
			LogAssemblyErrors (0ms)
			InitializePlatformSupportModulesInManaged (16ms)
			SetLoadedEditorAssemblies (4ms)
			RefreshPlugins (0ms)
			BeforeProcessingInitializeOnLoad (52ms)
			ProcessInitializeOnLoadAttributes (317ms)
			ProcessInitializeOnLoadMethodAttributes (43ms)
			AfterProcessingInitializeOnLoad (4ms)
			EditorAssembliesLoaded (0ms)
		ExecutionOrderSort2 (0ms)
		AwakeInstancesAfterBackupRestoration (6ms)
Refreshing native plugins compatible for Editor in 3.80 ms, found 6 plugins.
Preloading 0 native plugins for Editor in 0.00 ms.
Release of invalid GC handle. The handle is from a previous domain. The release operation is skipped.
Release of invalid GC handle native callstack: 
0x00007ff755b0424d (Unity) StackWalker::GetCurrentCallstack
0x00007ff755b09329 (Unity) StackWalker::ShowCallstack
0x00007ff756afdae1 (Unity) GetStacktrace
0x00007ff7559ff20d (Unity) ScriptingGCHandle::ReleaseAndClear
0x00007ff755fc748c (Unity) UploadHandlerRaw::`vector deleting destructor'
0x00007ff755fc803d (Unity) UploadHandler::Release
0x00007ff755fc48dd (Unity) UnityWebRequestProto<UnityWebRequestTransport,AtomicRefCounter,RedirectHelper,ResponseHelper,DownloadHandler,UploadHandler,CertificateHandler,HeaderHelper,AsyncOperation>::~UnityWebRequestProto<UnityWebRequestTransport,AtomicRefCounter,RedirectHelper,ResponseHelper,DownloadHandler,UploadHandler,CertificateHandler,HeaderHelper,AsyncOperation>
0x00007ff755fc4bd6 (Unity) UnityWebRequest::`vector deleting destructor'
0x00007ff754d14b77 (Unity) UnityWebRequestProto<UnityWebRequestTransport,AtomicRefCounter,RedirectHelper,ResponseHelper,DownloadHandler,UploadHandler,CertificateHandler,HeaderHelper,AsyncOperation>::Release
0x00007ff755fc6605 (Unity) UnityWebRequestAsyncOperation::InvokeCoroutine
0x00007ff755fc67e1 (Unity) UnityWebRequestProto<UnityWebRequestTransport,AtomicRefCounter,RedirectHelper,ResponseHelper,DownloadHandler,UploadHandler,CertificateHandler,HeaderHelper,AsyncOperation>::Job_InvokeCoroutine
0x00007ff75562b54a (Unity) BackgroundJobQueue::ExecuteMainThreadJobs
0x00007ff7556e005f (Unity) PreloadManager::WaitForAllAsyncOperationsToComplete
0x00007ff756ea3af8 (Unity) <lambda_b37b41f03089e3cb3f55061bbc93253d>::operator()
0x00007ff756edf422 (Unity) asio::detail::completion_handler<core::mutable_function<void __cdecl(void)>,asio::io_context::basic_executor_type<std::allocator<void>,0> >::do_complete
0x00007ff756ecb3ce (Unity) asio::detail::win_iocp_io_context::do_one
0x00007ff756ecd034 (Unity) asio::detail::win_iocp_io_context::run
0x00007ff756edd7cc (Unity) IOService::Run
0x00007ff756eb0c2f (Unity) AssetImportWorkerClient::Run
0x00007ff756e7c3d7 (Unity) RunAssetImportWorkerClientV2
0x00007ff756e7c45b (Unity) RunAssetImporterV2
0x00007ff7566731de (Unity) Application::InitializeProject
0x00007ff756b08795 (Unity) WinMain
0x00007ff757ed35ce (Unity) __scrt_common_main_seh
0x00007ffa8b87e8d7 (KERNEL32) BaseThreadInitThunk
0x00007ffa8c1714fc (ntdll) RtlUserThreadStart
Unloading 3349 Unused Serialized files (Serialized files now loaded: 0)
Unloading 18 unused Assets / (29.0 KB). Loaded Objects now: 3915.
Memory consumption went from 130.3 MB to 130.3 MB.
Total: 7.666200 ms (FindLiveObjects: 0.176500 ms CreateObjectMapping: 0.077400 ms MarkObjects: 7.361300 ms  DeleteObjects: 0.049100 ms)

Prepare: number of updated asset objects reloaded= 0
AssetImportParameters requested are different than current active one (requested -> active):
  custom:container-demuxer-ogg: 62fdf1f143b41e24485cea50d1cbac27 -> 
  custom:video-codec-MediaFoundation-h265: 746d11721c4dcdbdad8f713fa42b33f4 -> 
  custom:video-decoder-ogg-theora: a1e56fd34408186e4bbccfd4996cb3dc -> 
  custom:framework-win-MediaFoundation: 216162199b28c13a410421893ffa2e32 -> 
  custom:CustomObjectIndexerAttribute: 9a22284fe3817be447336de3de66b15e -> 
  custom:container-demuxer-webm: 4f35f7cbe854078d1ac9338744f61a02 -> 
  custom:container-muxer-webm: aa71ff27fc2769a1b78a27578f13a17b -> 
  custom:video-decoder-webm-vp8: 9c59270c3fd7afecdb556c50c9e8de78 -> 
  custom:SearchIndexIgnoredProperties: e643bd26f0fe6173181afceb89e7c659 -> 
  custom:AudioImporter_EditorPlatform: d09bf68614088b80899f8185d706f6e7 -> 
  custom:video-encoder-webm-vp8: eb34c28f22e8b96e1ab97ce403110664 -> 
  custom:audio-decoder-ogg-vorbis: bf7c407c2cedff20999df2af8eb42d56 -> 
  custom:audio-encoder-webm-vorbis: bf7c407c2cedff20999df2af8eb42d56 -> 
  custom:scripting/precompiled-assembly-types:Assembly-CSharp: 1343253fb9c0b8157f3aef8be8fd6aee -> 2ad395828298d9b165b4e94b19c7f645
========================================================================
Received Prepare
Caller must complete domain reload
Begin MonoManager ReloadAssembly
- Loaded All Assemblies, in  0.584 seconds
Native extension for WindowsStandalone target not found
Native extension for Android target not found
Native extension for WebGL target not found
[Package Manager] Server::EnsureServerProcessIsRunning -- launch failed, reason: Unity was launched with the -noUpm command-line argument
[Package Manager] UpmClient::Send -- Unable to send message (not connected to UPM process).
[Package Manager] Cannot connect to Unity Package Manager local server
Failed to sync packages list
UnityEngine.StackTraceUtility:ExtractStackTrace ()
UnityEngine.DebugLogHandler:LogFormat (UnityEngine.LogType,UnityEngine.Object,string,object[])
UnityEngine.Logger:Log (UnityEngine.LogType,object)
UnityEngine.Debug:LogWarning (object)
 .  / :MoveNext ()
System.Runtime.CompilerServices.AsyncVoidMethodBuilder:Start< .  / > ( .  / &)
 .  :  ()
 .⁪/ :MoveNext ()
System.Runtime.CompilerServices.AsyncTaskMethodBuilder:Start< .⁪/ > ( .⁪/ &)
 .⁪:  ()
System.Reflection.RuntimeMethodInfo:Invoke (object,System.Reflection.BindingFlags,System.Reflection.Binder,object[],System.Globalization.CultureInfo)
System.Reflection.MethodBase:Invoke (object,object[])
UnityEditor.EditorAssemblies:ProcessInitializeOnLoadMethodAttributes ()

Mono: successfully reloaded assembly
- Finished resetting the current domain, in  1.396 seconds
Domain Reload Profiling: 1977ms
	BeginReloadAssembly (206ms)
		ExecutionOrderSort (0ms)
		DisableScriptedObjects (8ms)
		BackupInstance (0ms)
		ReleaseScriptingObjects (0ms)
		CreateAndSetChildDomain (37ms)
	RebuildCommonClasses (41ms)
	RebuildNativeTypeToScriptingClass (14ms)
	initialDomainReloadingComplete (39ms)
	LoadAllAssembliesAndSetupDomain (281ms)
		LoadAssemblies (379ms)
		RebuildTransferFunctionScriptingTraits (0ms)
		AnalyzeDomain (21ms)
			TypeCache.Refresh (7ms)
				TypeCache.ScanAssembly (0ms)
			ScanForSourceGeneratedMonoScriptInfo (5ms)
			ResolveRequiredComponents (6ms)
	FinalizeReload (1397ms)
		ReleaseScriptCaches (0ms)
		RebuildScriptCaches (0ms)
		SetupLoadedEditorAssemblies (445ms)
			LogAssemblyErrors (0ms)
			InitializePlatformSupportModulesInManaged (14ms)
			SetLoadedEditorAssemblies (4ms)
			RefreshPlugins (0ms)
			BeforeProcessingInitializeOnLoad (50ms)
			ProcessInitializeOnLoadAttributes (334ms)
			ProcessInitializeOnLoadMethodAttributes (38ms)
			AfterProcessingInitializeOnLoad (4ms)
			EditorAssembliesLoaded (0ms)
		ExecutionOrderSort2 (0ms)
		AwakeInstancesAfterBackupRestoration (7ms)
Refreshing native plugins compatible for Editor in 3.42 ms, found 6 plugins.
Preloading 0 native plugins for Editor in 0.00 ms.
Release of invalid GC handle. The handle is from a previous domain. The release operation is skipped.
Release of invalid GC handle native callstack: 
0x00007ff755b0424d (Unity) StackWalker::GetCurrentCallstack
0x00007ff755b09329 (Unity) StackWalker::ShowCallstack
0x00007ff756afdae1 (Unity) GetStacktrace
0x00007ff7559ff20d (Unity) ScriptingGCHandle::ReleaseAndClear
0x00007ff755fc748c (Unity) UploadHandlerRaw::`vector deleting destructor'
0x00007ff755fc803d (Unity) UploadHandler::Release
0x00007ff755fc48dd (Unity) UnityWebRequestProto<UnityWebRequestTransport,AtomicRefCounter,RedirectHelper,ResponseHelper,DownloadHandler,UploadHandler,CertificateHandler,HeaderHelper,AsyncOperation>::~UnityWebRequestProto<UnityWebRequestTransport,AtomicRefCounter,RedirectHelper,ResponseHelper,DownloadHandler,UploadHandler,CertificateHandler,HeaderHelper,AsyncOperation>
0x00007ff755fc4bd6 (Unity) UnityWebRequest::`vector deleting destructor'
0x00007ff754d14b77 (Unity) UnityWebRequestProto<UnityWebRequestTransport,AtomicRefCounter,RedirectHelper,ResponseHelper,DownloadHandler,UploadHandler,CertificateHandler,HeaderHelper,AsyncOperation>::Release
0x00007ff755fc6605 (Unity) UnityWebRequestAsyncOperation::InvokeCoroutine
0x00007ff755fc67e1 (Unity) UnityWebRequestProto<UnityWebRequestTransport,AtomicRefCounter,RedirectHelper,ResponseHelper,DownloadHandler,UploadHandler,CertificateHandler,HeaderHelper,AsyncOperation>::Job_InvokeCoroutine
0x00007ff75562b54a (Unity) BackgroundJobQueue::ExecuteMainThreadJobs
0x00007ff7556e005f (Unity) PreloadManager::WaitForAllAsyncOperationsToComplete
0x00007ff756ea3af8 (Unity) <lambda_b37b41f03089e3cb3f55061bbc93253d>::operator()
0x00007ff756edf422 (Unity) asio::detail::completion_handler<core::mutable_function<void __cdecl(void)>,asio::io_context::basic_executor_type<std::allocator<void>,0> >::do_complete
0x00007ff756ecb3ce (Unity) asio::detail::win_iocp_io_context::do_one
0x00007ff756ecd034 (Unity) asio::detail::win_iocp_io_context::run
0x00007ff756edd7cc (Unity) IOService::Run
0x00007ff756eb0c2f (Unity) AssetImportWorkerClient::Run
0x00007ff756e7c3d7 (Unity) RunAssetImportWorkerClientV2
0x00007ff756e7c45b (Unity) RunAssetImporterV2
0x00007ff7566731de (Unity) Application::InitializeProject
0x00007ff756b08795 (Unity) WinMain
0x00007ff757ed35ce (Unity) __scrt_common_main_seh
0x00007ffa8b87e8d7 (KERNEL32) BaseThreadInitThunk
0x00007ffa8c1714fc (ntdll) RtlUserThreadStart
Unloading 3349 Unused Serialized files (Serialized files now loaded: 0)
Unloading 18 unused Assets / (29.0 KB). Loaded Objects now: 3920.
Memory consumption went from 130.5 MB to 130.5 MB.
Total: 4.655500 ms (FindLiveObjects: 0.190900 ms CreateObjectMapping: 0.081800 ms MarkObjects: 4.338400 ms  DeleteObjects: 0.043300 ms)

Prepare: number of updated asset objects reloaded= 0
AssetImportParameters requested are different than current active one (requested -> active):
  custom:container-demuxer-ogg: 62fdf1f143b41e24485cea50d1cbac27 -> 
  custom:video-codec-MediaFoundation-h265: 746d11721c4dcdbdad8f713fa42b33f4 -> 
  custom:video-decoder-ogg-theora: a1e56fd34408186e4bbccfd4996cb3dc -> 
  custom:framework-win-MediaFoundation: 216162199b28c13a410421893ffa2e32 -> 
  custom:CustomObjectIndexerAttribute: 9a22284fe3817be447336de3de66b15e -> 
  custom:container-demuxer-webm: 4f35f7cbe854078d1ac9338744f61a02 -> 
  custom:container-muxer-webm: aa71ff27fc2769a1b78a27578f13a17b -> 
  custom:video-decoder-webm-vp8: 9c59270c3fd7afecdb556c50c9e8de78 -> 
  custom:SearchIndexIgnoredProperties: e643bd26f0fe6173181afceb89e7c659 -> 
  custom:AudioImporter_EditorPlatform: d09bf68614088b80899f8185d706f6e7 -> 
  custom:video-encoder-webm-vp8: eb34c28f22e8b96e1ab97ce403110664 -> 
  custom:audio-decoder-ogg-vorbis: bf7c407c2cedff20999df2af8eb42d56 -> 
  custom:audio-encoder-webm-vorbis: bf7c407c2cedff20999df2af8eb42d56 -> 
  custom:scripting/precompiled-assembly-types:Assembly-CSharp: 1343253fb9c0b8157f3aef8be8fd6aee -> 2ad395828298d9b165b4e94b19c7f645
========================================================================
Received Prepare
Caller must complete domain reload
Begin MonoManager ReloadAssembly
- Loaded All Assemblies, in  0.376 seconds
Native extension for WindowsStandalone target not found
Native extension for Android target not found
Native extension for WebGL target not found
[Package Manager] Server::EnsureServerProcessIsRunning -- launch failed, reason: Unity was launched with the -noUpm command-line argument
[Package Manager] UpmClient::Send -- Unable to send message (not connected to UPM process).
[Package Manager] Cannot connect to Unity Package Manager local server
Failed to sync packages list
UnityEngine.StackTraceUtility:ExtractStackTrace ()
UnityEngine.DebugLogHandler:LogFormat (UnityEngine.LogType,UnityEngine.Object,string,object[])
UnityEngine.Logger:Log (UnityEngine.LogType,object)
UnityEngine.Debug:LogWarning (object)
 .  / :MoveNext ()
System.Runtime.CompilerServices.AsyncVoidMethodBuilder:Start< .  / > ( .  / &)
 .  :  ()
 .⁪/ :MoveNext ()
System.Runtime.CompilerServices.AsyncTaskMethodBuilder:Start< .⁪/ > ( .⁪/ &)
 .⁪:  ()
System.Reflection.RuntimeMethodInfo:Invoke (object,System.Reflection.BindingFlags,System.Reflection.Binder,object[],System.Globalization.CultureInfo)
System.Reflection.MethodBase:Invoke (object,object[])
UnityEditor.EditorAssemblies:ProcessInitializeOnLoadMethodAttributes ()

Mono: successfully reloaded assembly
- Finished resetting the current domain, in  0.810 seconds
Domain Reload Profiling: 1185ms
	BeginReloadAssembly (128ms)
		ExecutionOrderSort (0ms)
		DisableScriptedObjects (6ms)
		BackupInstance (0ms)
		ReleaseScriptingObjects (0ms)
		CreateAndSetChildDomain (28ms)
	RebuildCommonClasses (32ms)
	RebuildNativeTypeToScriptingClass (8ms)
	initialDomainReloadingComplete (21ms)
	LoadAllAssembliesAndSetupDomain (186ms)
		LoadAssemblies (233ms)
		RebuildTransferFunctionScriptingTraits (0ms)
		AnalyzeDomain (17ms)
			TypeCache.Refresh (6ms)
				TypeCache.ScanAssembly (0ms)
			ScanForSourceGeneratedMonoScriptInfo (0ms)
			ResolveRequiredComponents (8ms)
	FinalizeReload (810ms)
		ReleaseScriptCaches (0ms)
		RebuildScriptCaches (0ms)
		SetupLoadedEditorAssemblies (465ms)
			LogAssemblyErrors (0ms)
			InitializePlatformSupportModulesInManaged (15ms)
			SetLoadedEditorAssemblies (5ms)
			RefreshPlugins (0ms)
			BeforeProcessingInitializeOnLoad (58ms)
			ProcessInitializeOnLoadAttributes (342ms)
			ProcessInitializeOnLoadMethodAttributes (40ms)
			AfterProcessingInitializeOnLoad (5ms)
			EditorAssembliesLoaded (0ms)
		ExecutionOrderSort2 (0ms)
		AwakeInstancesAfterBackupRestoration (7ms)
Refreshing native plugins compatible for Editor in 3.33 ms, found 6 plugins.
Preloading 0 native plugins for Editor in 0.00 ms.
Release of invalid GC handle. The handle is from a previous domain. The release operation is skipped.
Release of invalid GC handle native callstack: 
0x00007ff755b0424d (Unity) StackWalker::GetCurrentCallstack
0x00007ff755b09329 (Unity) StackWalker::ShowCallstack
0x00007ff756afdae1 (Unity) GetStacktrace
0x00007ff7559ff20d (Unity) ScriptingGCHandle::ReleaseAndClear
0x00007ff755fc748c (Unity) UploadHandlerRaw::`vector deleting destructor'
0x00007ff755fc803d (Unity) UploadHandler::Release
0x00007ff755fc48dd (Unity) UnityWebRequestProto<UnityWebRequestTransport,AtomicRefCounter,RedirectHelper,ResponseHelper,DownloadHandler,UploadHandler,CertificateHandler,HeaderHelper,AsyncOperation>::~UnityWebRequestProto<UnityWebRequestTransport,AtomicRefCounter,RedirectHelper,ResponseHelper,DownloadHandler,UploadHandler,CertificateHandler,HeaderHelper,AsyncOperation>
0x00007ff755fc4bd6 (Unity) UnityWebRequest::`vector deleting destructor'
0x00007ff754d14b77 (Unity) UnityWebRequestProto<UnityWebRequestTransport,AtomicRefCounter,RedirectHelper,ResponseHelper,DownloadHandler,UploadHandler,CertificateHandler,HeaderHelper,AsyncOperation>::Release
0x00007ff755fc6605 (Unity) UnityWebRequestAsyncOperation::InvokeCoroutine
0x00007ff755fc67e1 (Unity) UnityWebRequestProto<UnityWebRequestTransport,AtomicRefCounter,RedirectHelper,ResponseHelper,DownloadHandler,UploadHandler,CertificateHandler,HeaderHelper,AsyncOperation>::Job_InvokeCoroutine
0x00007ff75562b54a (Unity) BackgroundJobQueue::ExecuteMainThreadJobs
0x00007ff7556e005f (Unity) PreloadManager::WaitForAllAsyncOperationsToComplete
0x00007ff756ea3af8 (Unity) <lambda_b37b41f03089e3cb3f55061bbc93253d>::operator()
0x00007ff756edf422 (Unity) asio::detail::completion_handler<core::mutable_function<void __cdecl(void)>,asio::io_context::basic_executor_type<std::allocator<void>,0> >::do_complete
0x00007ff756ecb3ce (Unity) asio::detail::win_iocp_io_context::do_one
0x00007ff756ecd034 (Unity) asio::detail::win_iocp_io_context::run
0x00007ff756edd7cc (Unity) IOService::Run
0x00007ff756eb0c2f (Unity) AssetImportWorkerClient::Run
0x00007ff756e7c3d7 (Unity) RunAssetImportWorkerClientV2
0x00007ff756e7c45b (Unity) RunAssetImporterV2
0x00007ff7566731de (Unity) Application::InitializeProject
0x00007ff756b08795 (Unity) WinMain
0x00007ff757ed35ce (Unity) __scrt_common_main_seh
0x00007ffa8b87e8d7 (KERNEL32) BaseThreadInitThunk
0x00007ffa8c1714fc (ntdll) RtlUserThreadStart
Unloading 3349 Unused Serialized files (Serialized files now loaded: 0)
Unloading 18 unused Assets / (29.0 KB). Loaded Objects now: 3925.
Memory consumption went from 130.7 MB to 130.6 MB.
Total: 4.580600 ms (FindLiveObjects: 0.205600 ms CreateObjectMapping: 0.105700 ms MarkObjects: 4.220600 ms  DeleteObjects: 0.047300 ms)

Prepare: number of updated asset objects reloaded= 0
AssetImportParameters requested are different than current active one (requested -> active):
  custom:container-demuxer-ogg: 62fdf1f143b41e24485cea50d1cbac27 -> 
  custom:video-codec-MediaFoundation-h265: 746d11721c4dcdbdad8f713fa42b33f4 -> 
  custom:video-decoder-ogg-theora: a1e56fd34408186e4bbccfd4996cb3dc -> 
  custom:framework-win-MediaFoundation: 216162199b28c13a410421893ffa2e32 -> 
  custom:CustomObjectIndexerAttribute: 9a22284fe3817be447336de3de66b15e -> 
  custom:container-demuxer-webm: 4f35f7cbe854078d1ac9338744f61a02 -> 
  custom:container-muxer-webm: aa71ff27fc2769a1b78a27578f13a17b -> 
  custom:video-decoder-webm-vp8: 9c59270c3fd7afecdb556c50c9e8de78 -> 
  custom:SearchIndexIgnoredProperties: e643bd26f0fe6173181afceb89e7c659 -> 
  custom:AudioImporter_EditorPlatform: d09bf68614088b80899f8185d706f6e7 -> 
  custom:video-encoder-webm-vp8: eb34c28f22e8b96e1ab97ce403110664 -> 
  custom:audio-decoder-ogg-vorbis: bf7c407c2cedff20999df2af8eb42d56 -> 
  custom:audio-encoder-webm-vorbis: bf7c407c2cedff20999df2af8eb42d56 -> 
  custom:scripting/precompiled-assembly-types:Assembly-CSharp: 1343253fb9c0b8157f3aef8be8fd6aee -> 2ad395828298d9b165b4e94b19c7f645
========================================================================
Received Prepare
Caller must complete domain reload
Begin MonoManager ReloadAssembly
- Loaded All Assemblies, in  0.834 seconds
Native extension for WindowsStandalone target not found
Native extension for Android target not found
Native extension for WebGL target not found
[Package Manager] Server::EnsureServerProcessIsRunning -- launch failed, reason: Unity was launched with the -noUpm command-line argument
[Package Manager] UpmClient::Send -- Unable to send message (not connected to UPM process).
[Package Manager] Cannot connect to Unity Package Manager local server
Failed to sync packages list
UnityEngine.StackTraceUtility:ExtractStackTrace ()
UnityEngine.DebugLogHandler:LogFormat (UnityEngine.LogType,UnityEngine.Object,string,object[])
UnityEngine.Logger:Log (UnityEngine.LogType,object)
UnityEngine.Debug:LogWarning (object)
 .  / :MoveNext ()
System.Runtime.CompilerServices.AsyncVoidMethodBuilder:Start< .  / > ( .  / &)
 .  :  ()
 .⁪/ :MoveNext ()
System.Runtime.CompilerServices.AsyncTaskMethodBuilder:Start< .⁪/ > ( .⁪/ &)
 .⁪:  ()
System.Reflection.RuntimeMethodInfo:Invoke (object,System.Reflection.BindingFlags,System.Reflection.Binder,object[],System.Globalization.CultureInfo)
System.Reflection.MethodBase:Invoke (object,object[])
UnityEditor.EditorAssemblies:ProcessInitializeOnLoadMethodAttributes ()

Mono: successfully reloaded assembly
- Finished resetting the current domain, in  2.016 seconds
Domain Reload Profiling: 2846ms
	BeginReloadAssembly (254ms)
		ExecutionOrderSort (0ms)
		DisableScriptedObjects (11ms)
		BackupInstance (0ms)
		ReleaseScriptingObjects (0ms)
		CreateAndSetChildDomain (48ms)
	RebuildCommonClasses (57ms)
	RebuildNativeTypeToScriptingClass (17ms)
	initialDomainReloadingComplete (53ms)
	LoadAllAssembliesAndSetupDomain (449ms)
		LoadAssemblies (551ms)
		RebuildTransferFunctionScriptingTraits (0ms)
		AnalyzeDomain (39ms)
			TypeCache.Refresh (14ms)
				TypeCache.ScanAssembly (1ms)
			ScanForSourceGeneratedMonoScriptInfo (11ms)
			ResolveRequiredComponents (11ms)
	FinalizeReload (2016ms)
		ReleaseScriptCaches (0ms)
		RebuildScriptCaches (0ms)
		SetupLoadedEditorAssemblies (993ms)
			LogAssemblyErrors (0ms)
			InitializePlatformSupportModulesInManaged (43ms)
			SetLoadedEditorAssemblies (10ms)
			RefreshPlugins (0ms)
			BeforeProcessingInitializeOnLoad (119ms)
			ProcessInitializeOnLoadAttributes (729ms)
			ProcessInitializeOnLoadMethodAttributes (80ms)
			AfterProcessingInitializeOnLoad (12ms)
			EditorAssembliesLoaded (0ms)
		ExecutionOrderSort2 (0ms)
		AwakeInstancesAfterBackupRestoration (11ms)
Refreshing native plugins compatible for Editor in 8.75 ms, found 6 plugins.
Preloading 0 native plugins for Editor in 0.00 ms.
Release of invalid GC handle. The handle is from a previous domain. The release operation is skipped.
Release of invalid GC handle native callstack: 
0x00007ff755b0424d (Unity) StackWalker::GetCurrentCallstack
0x00007ff755b09329 (Unity) StackWalker::ShowCallstack
0x00007ff756afdae1 (Unity) GetStacktrace
0x00007ff7559ff20d (Unity) ScriptingGCHandle::ReleaseAndClear
0x00007ff755fc748c (Unity) UploadHandlerRaw::`vector deleting destructor'
0x00007ff755fc803d (Unity) UploadHandler::Release
0x00007ff755fc48dd (Unity) UnityWebRequestProto<UnityWebRequestTransport,AtomicRefCounter,RedirectHelper,ResponseHelper,DownloadHandler,UploadHandler,CertificateHandler,HeaderHelper,AsyncOperation>::~UnityWebRequestProto<UnityWebRequestTransport,AtomicRefCounter,RedirectHelper,ResponseHelper,DownloadHandler,UploadHandler,CertificateHandler,HeaderHelper,AsyncOperation>
0x00007ff755fc4bd6 (Unity) UnityWebRequest::`vector deleting destructor'
0x00007ff754d14b77 (Unity) UnityWebRequestProto<UnityWebRequestTransport,AtomicRefCounter,RedirectHelper,ResponseHelper,DownloadHandler,UploadHandler,CertificateHandler,HeaderHelper,AsyncOperation>::Release
0x00007ff755fc6605 (Unity) UnityWebRequestAsyncOperation::InvokeCoroutine
0x00007ff755fc67e1 (Unity) UnityWebRequestProto<UnityWebRequestTransport,AtomicRefCounter,RedirectHelper,ResponseHelper,DownloadHandler,UploadHandler,CertificateHandler,HeaderHelper,AsyncOperation>::Job_InvokeCoroutine
0x00007ff75562b54a (Unity) BackgroundJobQueue::ExecuteMainThreadJobs
0x00007ff7556e005f (Unity) PreloadManager::WaitForAllAsyncOperationsToComplete
0x00007ff756ea3af8 (Unity) <lambda_b37b41f03089e3cb3f55061bbc93253d>::operator()
0x00007ff756edf422 (Unity) asio::detail::completion_handler<core::mutable_function<void __cdecl(void)>,asio::io_context::basic_executor_type<std::allocator<void>,0> >::do_complete
0x00007ff756ecb3ce (Unity) asio::detail::win_iocp_io_context::do_one
0x00007ff756ecd034 (Unity) asio::detail::win_iocp_io_context::run
0x00007ff756edd7cc (Unity) IOService::Run
0x00007ff756eb0c2f (Unity) AssetImportWorkerClient::Run
0x00007ff756e7c3d7 (Unity) RunAssetImportWorkerClientV2
0x00007ff756e7c45b (Unity) RunAssetImporterV2
0x00007ff7566731de (Unity) Application::InitializeProject
0x00007ff756b08795 (Unity) WinMain
0x00007ff757ed35ce (Unity) __scrt_common_main_seh
0x00007ffa8b87e8d7 (KERNEL32) BaseThreadInitThunk
0x00007ffa8c1714fc (ntdll) RtlUserThreadStart
Unloading 3349 Unused Serialized files (Serialized files now loaded: 0)
Unloading 18 unused Assets / (29.0 KB). Loaded Objects now: 3930.
Memory consumption went from 130.8 MB to 130.8 MB.
Total: 11.327600 ms (FindLiveObjects: 0.562900 ms CreateObjectMapping: 0.157500 ms MarkObjects: 10.547900 ms  DeleteObjects: 0.057600 ms)

Prepare: number of updated asset objects reloaded= 0
AssetImportParameters requested are different than current active one (requested -> active):
  custom:container-demuxer-ogg: 62fdf1f143b41e24485cea50d1cbac27 -> 
  custom:video-codec-MediaFoundation-h265: 746d11721c4dcdbdad8f713fa42b33f4 -> 
  custom:video-decoder-ogg-theora: a1e56fd34408186e4bbccfd4996cb3dc -> 
  custom:framework-win-MediaFoundation: 216162199b28c13a410421893ffa2e32 -> 
  custom:CustomObjectIndexerAttribute: 9a22284fe3817be447336de3de66b15e -> 
  custom:container-demuxer-webm: 4f35f7cbe854078d1ac9338744f61a02 -> 
  custom:container-muxer-webm: aa71ff27fc2769a1b78a27578f13a17b -> 
  custom:video-decoder-webm-vp8: 9c59270c3fd7afecdb556c50c9e8de78 -> 
  custom:SearchIndexIgnoredProperties: e643bd26f0fe6173181afceb89e7c659 -> 
  custom:AudioImporter_EditorPlatform: d09bf68614088b80899f8185d706f6e7 -> 
  custom:video-encoder-webm-vp8: eb34c28f22e8b96e1ab97ce403110664 -> 
  custom:audio-decoder-ogg-vorbis: bf7c407c2cedff20999df2af8eb42d56 -> 
  custom:audio-encoder-webm-vorbis: bf7c407c2cedff20999df2af8eb42d56 -> 
  custom:scripting/precompiled-assembly-types:Assembly-CSharp: f2f4518f0dc4abe6ee2708aa644d28ab -> 2ad395828298d9b165b4e94b19c7f645
========================================================================
Received Prepare
Caller must complete domain reload
Begin MonoManager ReloadAssembly
- Loaded All Assemblies, in  0.805 seconds
Native extension for WindowsStandalone target not found
Native extension for Android target not found
Native extension for WebGL target not found
[Package Manager] Server::EnsureServerProcessIsRunning -- launch failed, reason: Unity was launched with the -noUpm command-line argument
[Package Manager] UpmClient::Send -- Unable to send message (not connected to UPM process).
[Package Manager] Cannot connect to Unity Package Manager local server
Failed to sync packages list
UnityEngine.StackTraceUtility:ExtractStackTrace ()
UnityEngine.DebugLogHandler:LogFormat (UnityEngine.LogType,UnityEngine.Object,string,object[])
UnityEngine.Logger:Log (UnityEngine.LogType,object)
UnityEngine.Debug:LogWarning (object)
 .  / :MoveNext ()
System.Runtime.CompilerServices.AsyncVoidMethodBuilder:Start< .  / > ( .  / &)
 .  :  ()
 .⁪/ :MoveNext ()
System.Runtime.CompilerServices.AsyncTaskMethodBuilder:Start< .⁪/ > ( .⁪/ &)
 .⁪:  ()
System.Reflection.RuntimeMethodInfo:Invoke (object,System.Reflection.BindingFlags,System.Reflection.Binder,object[],System.Globalization.CultureInfo)
System.Reflection.MethodBase:Invoke (object,object[])
UnityEditor.EditorAssemblies:ProcessInitializeOnLoadMethodAttributes ()

Mono: successfully reloaded assembly
- Finished resetting the current domain, in  0.988 seconds
Domain Reload Profiling: 1789ms
	BeginReloadAssembly (247ms)
		ExecutionOrderSort (0ms)
		DisableScriptedObjects (9ms)
		BackupInstance (0ms)
		ReleaseScriptingObjects (0ms)
		CreateAndSetChildDomain (49ms)
	RebuildCommonClasses (53ms)
	RebuildNativeTypeToScriptingClass (19ms)
	initialDomainReloadingComplete (50ms)
	LoadAllAssembliesAndSetupDomain (432ms)
		LoadAssemblies (542ms)
		RebuildTransferFunctionScriptingTraits (0ms)
		AnalyzeDomain (23ms)
			TypeCache.Refresh (9ms)
				TypeCache.ScanAssembly (0ms)
			ScanForSourceGeneratedMonoScriptInfo (0ms)
			ResolveRequiredComponents (10ms)
	FinalizeReload (988ms)
		ReleaseScriptCaches (0ms)
		RebuildScriptCaches (0ms)
		SetupLoadedEditorAssemblies (456ms)
			LogAssemblyErrors (0ms)
			InitializePlatformSupportModulesInManaged (16ms)
			SetLoadedEditorAssemblies (4ms)
			RefreshPlugins (0ms)
			BeforeProcessingInitializeOnLoad (52ms)
			ProcessInitializeOnLoadAttributes (337ms)
			ProcessInitializeOnLoadMethodAttributes (43ms)
			AfterProcessingInitializeOnLoad (4ms)
			EditorAssembliesLoaded (0ms)
		ExecutionOrderSort2 (0ms)
		AwakeInstancesAfterBackupRestoration (5ms)
Refreshing native plugins compatible for Editor in 2.84 ms, found 6 plugins.
Preloading 0 native plugins for Editor in 0.00 ms.
Release of invalid GC handle. The handle is from a previous domain. The release operation is skipped.
Release of invalid GC handle native callstack: 
0x00007ff755b0424d (Unity) StackWalker::GetCurrentCallstack
0x00007ff755b09329 (Unity) StackWalker::ShowCallstack
0x00007ff756afdae1 (Unity) GetStacktrace
0x00007ff7559ff20d (Unity) ScriptingGCHandle::ReleaseAndClear
0x00007ff755fc748c (Unity) UploadHandlerRaw::`vector deleting destructor'
0x00007ff755fc803d (Unity) UploadHandler::Release
0x00007ff755fc48dd (Unity) UnityWebRequestProto<UnityWebRequestTransport,AtomicRefCounter,RedirectHelper,ResponseHelper,DownloadHandler,UploadHandler,CertificateHandler,HeaderHelper,AsyncOperation>::~UnityWebRequestProto<UnityWebRequestTransport,AtomicRefCounter,RedirectHelper,ResponseHelper,DownloadHandler,UploadHandler,CertificateHandler,HeaderHelper,AsyncOperation>
0x00007ff755fc4bd6 (Unity) UnityWebRequest::`vector deleting destructor'
0x00007ff754d14b77 (Unity) UnityWebRequestProto<UnityWebRequestTransport,AtomicRefCounter,RedirectHelper,ResponseHelper,DownloadHandler,UploadHandler,CertificateHandler,HeaderHelper,AsyncOperation>::Release
0x00007ff755fc6605 (Unity) UnityWebRequestAsyncOperation::InvokeCoroutine
0x00007ff755fc67e1 (Unity) UnityWebRequestProto<UnityWebRequestTransport,AtomicRefCounter,RedirectHelper,ResponseHelper,DownloadHandler,UploadHandler,CertificateHandler,HeaderHelper,AsyncOperation>::Job_InvokeCoroutine
0x00007ff75562b54a (Unity) BackgroundJobQueue::ExecuteMainThreadJobs
0x00007ff7556e005f (Unity) PreloadManager::WaitForAllAsyncOperationsToComplete
0x00007ff756ea3af8 (Unity) <lambda_b37b41f03089e3cb3f55061bbc93253d>::operator()
0x00007ff756edf422 (Unity) asio::detail::completion_handler<core::mutable_function<void __cdecl(void)>,asio::io_context::basic_executor_type<std::allocator<void>,0> >::do_complete
0x00007ff756ecb3ce (Unity) asio::detail::win_iocp_io_context::do_one
0x00007ff756ecd034 (Unity) asio::detail::win_iocp_io_context::run
0x00007ff756edd7cc (Unity) IOService::Run
0x00007ff756eb0c2f (Unity) AssetImportWorkerClient::Run
0x00007ff756e7c3d7 (Unity) RunAssetImportWorkerClientV2
0x00007ff756e7c45b (Unity) RunAssetImporterV2
0x00007ff7566731de (Unity) Application::InitializeProject
0x00007ff756b08795 (Unity) WinMain
0x00007ff757ed35ce (Unity) __scrt_common_main_seh
0x00007ffa8b87e8d7 (KERNEL32) BaseThreadInitThunk
0x00007ffa8c1714fc (ntdll) RtlUserThreadStart
Unloading 3349 Unused Serialized files (Serialized files now loaded: 0)
Unloading 18 unused Assets / (29.0 KB). Loaded Objects now: 3935.
Memory consumption went from 131.0 MB to 130.9 MB.
Total: 3.170400 ms (FindLiveObjects: 0.293900 ms CreateObjectMapping: 0.083000 ms MarkObjects: 2.753100 ms  DeleteObjects: 0.039700 ms)

Prepare: number of updated asset objects reloaded= 0
AssetImportParameters requested are different than current active one (requested -> active):
  custom:container-demuxer-ogg: 62fdf1f143b41e24485cea50d1cbac27 -> 
  custom:video-codec-MediaFoundation-h265: 746d11721c4dcdbdad8f713fa42b33f4 -> 
  custom:video-decoder-ogg-theora: a1e56fd34408186e4bbccfd4996cb3dc -> 
  custom:framework-win-MediaFoundation: 216162199b28c13a410421893ffa2e32 -> 
  custom:CustomObjectIndexerAttribute: 9a22284fe3817be447336de3de66b15e -> 
  custom:container-demuxer-webm: 4f35f7cbe854078d1ac9338744f61a02 -> 
  custom:container-muxer-webm: aa71ff27fc2769a1b78a27578f13a17b -> 
  custom:video-decoder-webm-vp8: 9c59270c3fd7afecdb556c50c9e8de78 -> 
  custom:SearchIndexIgnoredProperties: e643bd26f0fe6173181afceb89e7c659 -> 
  custom:AudioImporter_EditorPlatform: d09bf68614088b80899f8185d706f6e7 -> 
  custom:video-encoder-webm-vp8: eb34c28f22e8b96e1ab97ce403110664 -> 
  custom:audio-decoder-ogg-vorbis: bf7c407c2cedff20999df2af8eb42d56 -> 
  custom:audio-encoder-webm-vorbis: bf7c407c2cedff20999df2af8eb42d56 -> 
  custom:scripting/precompiled-assembly-types:Assembly-CSharp: f2f4518f0dc4abe6ee2708aa644d28ab -> 2ad395828298d9b165b4e94b19c7f645
========================================================================
Received Prepare
Caller must complete domain reload
Begin MonoManager ReloadAssembly
- Loaded All Assemblies, in  0.834 seconds
Native extension for WindowsStandalone target not found
Native extension for Android target not found
Native extension for WebGL target not found
[Package Manager] Server::EnsureServerProcessIsRunning -- launch failed, reason: Unity was launched with the -noUpm command-line argument
[Package Manager] UpmClient::Send -- Unable to send message (not connected to UPM process).
[Package Manager] Cannot connect to Unity Package Manager local server
Failed to sync packages list
UnityEngine.StackTraceUtility:ExtractStackTrace ()
UnityEngine.DebugLogHandler:LogFormat (UnityEngine.LogType,UnityEngine.Object,string,object[])
UnityEngine.Logger:Log (UnityEngine.LogType,object)
UnityEngine.Debug:LogWarning (object)
 .  / :MoveNext ()
System.Runtime.CompilerServices.AsyncVoidMethodBuilder:Start< .  / > ( .  / &)
 .  :  ()
 .⁪/ :MoveNext ()
System.Runtime.CompilerServices.AsyncTaskMethodBuilder:Start< .⁪/ > ( .⁪/ &)
 .⁪:  ()
System.Reflection.RuntimeMethodInfo:Invoke (object,System.Reflection.BindingFlags,System.Reflection.Binder,object[],System.Globalization.CultureInfo)
System.Reflection.MethodBase:Invoke (object,object[])
UnityEditor.EditorAssemblies:ProcessInitializeOnLoadMethodAttributes ()

Mono: successfully reloaded assembly
- Finished resetting the current domain, in  1.783 seconds
Domain Reload Profiling: 2610ms
	BeginReloadAssembly (257ms)
		ExecutionOrderSort (0ms)
		DisableScriptedObjects (9ms)
		BackupInstance (0ms)
		ReleaseScriptingObjects (0ms)
		CreateAndSetChildDomain (50ms)
	RebuildCommonClasses (54ms)
	RebuildNativeTypeToScriptingClass (20ms)
	initialDomainReloadingComplete (51ms)
	LoadAllAssembliesAndSetupDomain (445ms)
		LoadAssemblies (550ms)
		RebuildTransferFunctionScriptingTraits (0ms)
		AnalyzeDomain (35ms)
			TypeCache.Refresh (13ms)
				TypeCache.ScanAssembly (1ms)
			ScanForSourceGeneratedMonoScriptInfo (10ms)
			ResolveRequiredComponents (9ms)
	FinalizeReload (1784ms)
		ReleaseScriptCaches (0ms)
		RebuildScriptCaches (0ms)
		SetupLoadedEditorAssemblies (766ms)
			LogAssemblyErrors (0ms)
			InitializePlatformSupportModulesInManaged (33ms)
			SetLoadedEditorAssemblies (6ms)
			RefreshPlugins (0ms)
			BeforeProcessingInitializeOnLoad (111ms)
			ProcessInitializeOnLoadAttributes (560ms)
			ProcessInitializeOnLoadMethodAttributes (53ms)
			AfterProcessingInitializeOnLoad (4ms)
			EditorAssembliesLoaded (0ms)
		ExecutionOrderSort2 (0ms)
		AwakeInstancesAfterBackupRestoration (6ms)
Refreshing native plugins compatible for Editor in 2.94 ms, found 6 plugins.
Preloading 0 native plugins for Editor in 0.00 ms.
Release of invalid GC handle. The handle is from a previous domain. The release operation is skipped.
Release of invalid GC handle native callstack: 
0x00007ff755b0424d (Unity) StackWalker::GetCurrentCallstack
0x00007ff755b09329 (Unity) StackWalker::ShowCallstack
0x00007ff756afdae1 (Unity) GetStacktrace
0x00007ff7559ff20d (Unity) ScriptingGCHandle::ReleaseAndClear
0x00007ff755fc748c (Unity) UploadHandlerRaw::`vector deleting destructor'
0x00007ff755fc803d (Unity) UploadHandler::Release
0x00007ff755fc48dd (Unity) UnityWebRequestProto<UnityWebRequestTransport,AtomicRefCounter,RedirectHelper,ResponseHelper,DownloadHandler,UploadHandler,CertificateHandler,HeaderHelper,AsyncOperation>::~UnityWebRequestProto<UnityWebRequestTransport,AtomicRefCounter,RedirectHelper,ResponseHelper,DownloadHandler,UploadHandler,CertificateHandler,HeaderHelper,AsyncOperation>
0x00007ff755fc4bd6 (Unity) UnityWebRequest::`vector deleting destructor'
0x00007ff754d14b77 (Unity) UnityWebRequestProto<UnityWebRequestTransport,AtomicRefCounter,RedirectHelper,ResponseHelper,DownloadHandler,UploadHandler,CertificateHandler,HeaderHelper,AsyncOperation>::Release
0x00007ff755fc6605 (Unity) UnityWebRequestAsyncOperation::InvokeCoroutine
0x00007ff755fc67e1 (Unity) UnityWebRequestProto<UnityWebRequestTransport,AtomicRefCounter,RedirectHelper,ResponseHelper,DownloadHandler,UploadHandler,CertificateHandler,HeaderHelper,AsyncOperation>::Job_InvokeCoroutine
0x00007ff75562b54a (Unity) BackgroundJobQueue::ExecuteMainThreadJobs
0x00007ff7556e005f (Unity) PreloadManager::WaitForAllAsyncOperationsToComplete
0x00007ff756ea3af8 (Unity) <lambda_b37b41f03089e3cb3f55061bbc93253d>::operator()
0x00007ff756edf422 (Unity) asio::detail::completion_handler<core::mutable_function<void __cdecl(void)>,asio::io_context::basic_executor_type<std::allocator<void>,0> >::do_complete
0x00007ff756ecb3ce (Unity) asio::detail::win_iocp_io_context::do_one
0x00007ff756ecd034 (Unity) asio::detail::win_iocp_io_context::run
0x00007ff756edd7cc (Unity) IOService::Run
0x00007ff756eb0c2f (Unity) AssetImportWorkerClient::Run
0x00007ff756e7c3d7 (Unity) RunAssetImportWorkerClientV2
0x00007ff756e7c45b (Unity) RunAssetImporterV2
0x00007ff7566731de (Unity) Application::InitializeProject
0x00007ff756b08795 (Unity) WinMain
0x00007ff757ed35ce (Unity) __scrt_common_main_seh
0x00007ffa8b87e8d7 (KERNEL32) BaseThreadInitThunk
0x00007ffa8c1714fc (ntdll) RtlUserThreadStart
Unloading 3349 Unused Serialized files (Serialized files now loaded: 0)
Unloading 18 unused Assets / (29.0 KB). Loaded Objects now: 3940.
Memory consumption went from 131.1 MB to 131.1 MB.
Total: 3.222300 ms (FindLiveObjects: 0.191000 ms CreateObjectMapping: 0.086300 ms MarkObjects: 2.900500 ms  DeleteObjects: 0.043000 ms)

Prepare: number of updated asset objects reloaded= 0
AssetImportParameters requested are different than current active one (requested -> active):
  custom:container-demuxer-ogg: 62fdf1f143b41e24485cea50d1cbac27 -> 
  custom:video-codec-MediaFoundation-h265: 746d11721c4dcdbdad8f713fa42b33f4 -> 
  custom:video-decoder-ogg-theora: a1e56fd34408186e4bbccfd4996cb3dc -> 
  custom:framework-win-MediaFoundation: 216162199b28c13a410421893ffa2e32 -> 
  custom:CustomObjectIndexerAttribute: 9a22284fe3817be447336de3de66b15e -> 
  custom:container-demuxer-webm: 4f35f7cbe854078d1ac9338744f61a02 -> 
  custom:container-muxer-webm: aa71ff27fc2769a1b78a27578f13a17b -> 
  custom:video-decoder-webm-vp8: 9c59270c3fd7afecdb556c50c9e8de78 -> 
  custom:SearchIndexIgnoredProperties: e643bd26f0fe6173181afceb89e7c659 -> 
  custom:AudioImporter_EditorPlatform: d09bf68614088b80899f8185d706f6e7 -> 
  custom:video-encoder-webm-vp8: eb34c28f22e8b96e1ab97ce403110664 -> 
  custom:audio-decoder-ogg-vorbis: bf7c407c2cedff20999df2af8eb42d56 -> 
  custom:audio-encoder-webm-vorbis: bf7c407c2cedff20999df2af8eb42d56 -> 
  custom:scripting/precompiled-assembly-types:Assembly-CSharp: f2f4518f0dc4abe6ee2708aa644d28ab -> 2ad395828298d9b165b4e94b19c7f645
========================================================================
Received Prepare
Caller must complete domain reload
Begin MonoManager ReloadAssembly
- Loaded All Assemblies, in  0.380 seconds
Native extension for WindowsStandalone target not found
Native extension for Android target not found
Native extension for WebGL target not found
[Package Manager] Server::EnsureServerProcessIsRunning -- launch failed, reason: Unity was launched with the -noUpm command-line argument
[Package Manager] UpmClient::Send -- Unable to send message (not connected to UPM process).
[Package Manager] Cannot connect to Unity Package Manager local server
Failed to sync packages list
UnityEngine.StackTraceUtility:ExtractStackTrace ()
UnityEngine.DebugLogHandler:LogFormat (UnityEngine.LogType,UnityEngine.Object,string,object[])
UnityEngine.Logger:Log (UnityEngine.LogType,object)
UnityEngine.Debug:LogWarning (object)
 .  / :MoveNext ()
System.Runtime.CompilerServices.AsyncVoidMethodBuilder:Start< .  / > ( .  / &)
 .  :  ()
 .⁪/ :MoveNext ()
System.Runtime.CompilerServices.AsyncTaskMethodBuilder:Start< .⁪/ > ( .⁪/ &)
 .⁪:  ()
System.Reflection.RuntimeMethodInfo:Invoke (object,System.Reflection.BindingFlags,System.Reflection.Binder,object[],System.Globalization.CultureInfo)
System.Reflection.MethodBase:Invoke (object,object[])
UnityEditor.EditorAssemblies:ProcessInitializeOnLoadMethodAttributes ()

Mono: successfully reloaded assembly
- Finished resetting the current domain, in  0.801 seconds
Domain Reload Profiling: 1180ms
	BeginReloadAssembly (132ms)
		ExecutionOrderSort (0ms)
		DisableScriptedObjects (7ms)
		BackupInstance (0ms)
		ReleaseScriptingObjects (0ms)
		CreateAndSetChildDomain (28ms)
	RebuildCommonClasses (28ms)
	RebuildNativeTypeToScriptingClass (9ms)
	initialDomainReloadingComplete (22ms)
	LoadAllAssembliesAndSetupDomain (188ms)
		LoadAssemblies (242ms)
		RebuildTransferFunctionScriptingTraits (0ms)
		AnalyzeDomain (12ms)
			TypeCache.Refresh (5ms)
				TypeCache.ScanAssembly (0ms)
			ScanForSourceGeneratedMonoScriptInfo (0ms)
			ResolveRequiredComponents (5ms)
	FinalizeReload (802ms)
		ReleaseScriptCaches (0ms)
		RebuildScriptCaches (0ms)
		SetupLoadedEditorAssemblies (460ms)
			LogAssemblyErrors (0ms)
			InitializePlatformSupportModulesInManaged (15ms)
			SetLoadedEditorAssemblies (4ms)
			RefreshPlugins (0ms)
			BeforeProcessingInitializeOnLoad (53ms)
			ProcessInitializeOnLoadAttributes (342ms)
			ProcessInitializeOnLoadMethodAttributes (41ms)
			AfterProcessingInitializeOnLoad (4ms)
			EditorAssembliesLoaded (0ms)
		ExecutionOrderSort2 (0ms)
		AwakeInstancesAfterBackupRestoration (7ms)
Refreshing native plugins compatible for Editor in 3.46 ms, found 6 plugins.
Preloading 0 native plugins for Editor in 0.00 ms.
Release of invalid GC handle. The handle is from a previous domain. The release operation is skipped.
Release of invalid GC handle native callstack: 
0x00007ff755b0424d (Unity) StackWalker::GetCurrentCallstack
0x00007ff755b09329 (Unity) StackWalker::ShowCallstack
0x00007ff756afdae1 (Unity) GetStacktrace
0x00007ff7559ff20d (Unity) ScriptingGCHandle::ReleaseAndClear
0x00007ff755fc748c (Unity) UploadHandlerRaw::`vector deleting destructor'
0x00007ff755fc803d (Unity) UploadHandler::Release
0x00007ff755fc48dd (Unity) UnityWebRequestProto<UnityWebRequestTransport,AtomicRefCounter,RedirectHelper,ResponseHelper,DownloadHandler,UploadHandler,CertificateHandler,HeaderHelper,AsyncOperation>::~UnityWebRequestProto<UnityWebRequestTransport,AtomicRefCounter,RedirectHelper,ResponseHelper,DownloadHandler,UploadHandler,CertificateHandler,HeaderHelper,AsyncOperation>
0x00007ff755fc4bd6 (Unity) UnityWebRequest::`vector deleting destructor'
0x00007ff754d14b77 (Unity) UnityWebRequestProto<UnityWebRequestTransport,AtomicRefCounter,RedirectHelper,ResponseHelper,DownloadHandler,UploadHandler,CertificateHandler,HeaderHelper,AsyncOperation>::Release
0x00007ff755fc6605 (Unity) UnityWebRequestAsyncOperation::InvokeCoroutine
0x00007ff755fc67e1 (Unity) UnityWebRequestProto<UnityWebRequestTransport,AtomicRefCounter,RedirectHelper,ResponseHelper,DownloadHandler,UploadHandler,CertificateHandler,HeaderHelper,AsyncOperation>::Job_InvokeCoroutine
0x00007ff75562b54a (Unity) BackgroundJobQueue::ExecuteMainThreadJobs
0x00007ff7556e005f (Unity) PreloadManager::WaitForAllAsyncOperationsToComplete
0x00007ff756ea3af8 (Unity) <lambda_b37b41f03089e3cb3f55061bbc93253d>::operator()
0x00007ff756edf422 (Unity) asio::detail::completion_handler<core::mutable_function<void __cdecl(void)>,asio::io_context::basic_executor_type<std::allocator<void>,0> >::do_complete
0x00007ff756ecb3ce (Unity) asio::detail::win_iocp_io_context::do_one
0x00007ff756ecd034 (Unity) asio::detail::win_iocp_io_context::run
0x00007ff756edd7cc (Unity) IOService::Run
0x00007ff756eb0c2f (Unity) AssetImportWorkerClient::Run
0x00007ff756e7c3d7 (Unity) RunAssetImportWorkerClientV2
0x00007ff756e7c45b (Unity) RunAssetImporterV2
0x00007ff7566731de (Unity) Application::InitializeProject
0x00007ff756b08795 (Unity) WinMain
0x00007ff757ed35ce (Unity) __scrt_common_main_seh
0x00007ffa8b87e8d7 (KERNEL32) BaseThreadInitThunk
0x00007ffa8c1714fc (ntdll) RtlUserThreadStart
Unloading 3349 Unused Serialized files (Serialized files now loaded: 0)
Unloading 18 unused Assets / (29.1 KB). Loaded Objects now: 3945.
Memory consumption went from 131.3 MB to 131.2 MB.
Total: 3.417400 ms (FindLiveObjects: 0.198500 ms CreateObjectMapping: 0.083000 ms MarkObjects: 3.091200 ms  DeleteObjects: 0.042800 ms)

Prepare: number of updated asset objects reloaded= 0
AssetImportParameters requested are different than current active one (requested -> active):
  custom:container-demuxer-ogg: 62fdf1f143b41e24485cea50d1cbac27 -> 
  custom:video-codec-MediaFoundation-h265: 746d11721c4dcdbdad8f713fa42b33f4 -> 
  custom:video-decoder-ogg-theora: a1e56fd34408186e4bbccfd4996cb3dc -> 
  custom:framework-win-MediaFoundation: 216162199b28c13a410421893ffa2e32 -> 
  custom:CustomObjectIndexerAttribute: 9a22284fe3817be447336de3de66b15e -> 
  custom:container-demuxer-webm: 4f35f7cbe854078d1ac9338744f61a02 -> 
  custom:container-muxer-webm: aa71ff27fc2769a1b78a27578f13a17b -> 
  custom:video-decoder-webm-vp8: 9c59270c3fd7afecdb556c50c9e8de78 -> 
  custom:SearchIndexIgnoredProperties: e643bd26f0fe6173181afceb89e7c659 -> 
  custom:AudioImporter_EditorPlatform: d09bf68614088b80899f8185d706f6e7 -> 
  custom:video-encoder-webm-vp8: eb34c28f22e8b96e1ab97ce403110664 -> 
  custom:audio-decoder-ogg-vorbis: bf7c407c2cedff20999df2af8eb42d56 -> 
  custom:audio-encoder-webm-vorbis: bf7c407c2cedff20999df2af8eb42d56 -> 
  custom:scripting/precompiled-assembly-types:Assembly-CSharp: f2f4518f0dc4abe6ee2708aa644d28ab -> 2ad395828298d9b165b4e94b19c7f645
========================================================================
Received Prepare
Caller must complete domain reload
Begin MonoManager ReloadAssembly
- Loaded All Assemblies, in  0.410 seconds
Native extension for WindowsStandalone target not found
Native extension for Android target not found
Native extension for WebGL target not found
[Package Manager] Server::EnsureServerProcessIsRunning -- launch failed, reason: Unity was launched with the -noUpm command-line argument
[Package Manager] UpmClient::Send -- Unable to send message (not connected to UPM process).
[Package Manager] Cannot connect to Unity Package Manager local server
Failed to sync packages list
UnityEngine.StackTraceUtility:ExtractStackTrace ()
UnityEngine.DebugLogHandler:LogFormat (UnityEngine.LogType,UnityEngine.Object,string,object[])
UnityEngine.Logger:Log (UnityEngine.LogType,object)
UnityEngine.Debug:LogWarning (object)
 .  / :MoveNext ()
System.Runtime.CompilerServices.AsyncVoidMethodBuilder:Start< .  / > ( .  / &)
 .  :  ()
 .⁪/ :MoveNext ()
System.Runtime.CompilerServices.AsyncTaskMethodBuilder:Start< .⁪/ > ( .⁪/ &)
 .⁪:  ()
System.Reflection.RuntimeMethodInfo:Invoke (object,System.Reflection.BindingFlags,System.Reflection.Binder,object[],System.Globalization.CultureInfo)
System.Reflection.MethodBase:Invoke (object,object[])
UnityEditor.EditorAssemblies:ProcessInitializeOnLoadMethodAttributes ()

Mono: successfully reloaded assembly
- Finished resetting the current domain, in  0.879 seconds
Domain Reload Profiling: 1286ms
	BeginReloadAssembly (134ms)
		ExecutionOrderSort (0ms)
		DisableScriptedObjects (4ms)
		BackupInstance (0ms)
		ReleaseScriptingObjects (0ms)
		CreateAndSetChildDomain (28ms)
	RebuildCommonClasses (31ms)
	RebuildNativeTypeToScriptingClass (12ms)
	initialDomainReloadingComplete (29ms)
	LoadAllAssembliesAndSetupDomain (201ms)
		LoadAssemblies (256ms)
		RebuildTransferFunctionScriptingTraits (0ms)
		AnalyzeDomain (14ms)
			TypeCache.Refresh (5ms)
				TypeCache.ScanAssembly (0ms)
			ScanForSourceGeneratedMonoScriptInfo (0ms)
			ResolveRequiredComponents (5ms)
	FinalizeReload (879ms)
		ReleaseScriptCaches (0ms)
		RebuildScriptCaches (0ms)
		SetupLoadedEditorAssemblies (500ms)
			LogAssemblyErrors (0ms)
			InitializePlatformSupportModulesInManaged (18ms)
			SetLoadedEditorAssemblies (4ms)
			RefreshPlugins (0ms)
			BeforeProcessingInitializeOnLoad (61ms)
			ProcessInitializeOnLoadAttributes (364ms)
			ProcessInitializeOnLoadMethodAttributes (48ms)
			AfterProcessingInitializeOnLoad (6ms)
			EditorAssembliesLoaded (0ms)
		ExecutionOrderSort2 (0ms)
		AwakeInstancesAfterBackupRestoration (5ms)
Refreshing native plugins compatible for Editor in 2.85 ms, found 6 plugins.
Preloading 0 native plugins for Editor in 0.00 ms.
Release of invalid GC handle. The handle is from a previous domain. The release operation is skipped.
Release of invalid GC handle native callstack: 
0x00007ff755b0424d (Unity) StackWalker::GetCurrentCallstack
0x00007ff755b09329 (Unity) StackWalker::ShowCallstack
0x00007ff756afdae1 (Unity) GetStacktrace
0x00007ff7559ff20d (Unity) ScriptingGCHandle::ReleaseAndClear
0x00007ff755fc748c (Unity) UploadHandlerRaw::`vector deleting destructor'
0x00007ff755fc803d (Unity) UploadHandler::Release
0x00007ff755fc48dd (Unity) UnityWebRequestProto<UnityWebRequestTransport,AtomicRefCounter,RedirectHelper,ResponseHelper,DownloadHandler,UploadHandler,CertificateHandler,HeaderHelper,AsyncOperation>::~UnityWebRequestProto<UnityWebRequestTransport,AtomicRefCounter,RedirectHelper,ResponseHelper,DownloadHandler,UploadHandler,CertificateHandler,HeaderHelper,AsyncOperation>
0x00007ff755fc4bd6 (Unity) UnityWebRequest::`vector deleting destructor'
0x00007ff754d14b77 (Unity) UnityWebRequestProto<UnityWebRequestTransport,AtomicRefCounter,RedirectHelper,ResponseHelper,DownloadHandler,UploadHandler,CertificateHandler,HeaderHelper,AsyncOperation>::Release
0x00007ff755fc6605 (Unity) UnityWebRequestAsyncOperation::InvokeCoroutine
0x00007ff755fc67e1 (Unity) UnityWebRequestProto<UnityWebRequestTransport,AtomicRefCounter,RedirectHelper,ResponseHelper,DownloadHandler,UploadHandler,CertificateHandler,HeaderHelper,AsyncOperation>::Job_InvokeCoroutine
0x00007ff75562b54a (Unity) BackgroundJobQueue::ExecuteMainThreadJobs
0x00007ff7556e005f (Unity) PreloadManager::WaitForAllAsyncOperationsToComplete
0x00007ff756ea3af8 (Unity) <lambda_b37b41f03089e3cb3f55061bbc93253d>::operator()
0x00007ff756edf422 (Unity) asio::detail::completion_handler<core::mutable_function<void __cdecl(void)>,asio::io_context::basic_executor_type<std::allocator<void>,0> >::do_complete
0x00007ff756ecb3ce (Unity) asio::detail::win_iocp_io_context::do_one
0x00007ff756ecd034 (Unity) asio::detail::win_iocp_io_context::run
0x00007ff756edd7cc (Unity) IOService::Run
0x00007ff756eb0c2f (Unity) AssetImportWorkerClient::Run
0x00007ff756e7c3d7 (Unity) RunAssetImportWorkerClientV2
0x00007ff756e7c45b (Unity) RunAssetImporterV2
0x00007ff7566731de (Unity) Application::InitializeProject
0x00007ff756b08795 (Unity) WinMain
0x00007ff757ed35ce (Unity) __scrt_common_main_seh
0x00007ffa8b87e8d7 (KERNEL32) BaseThreadInitThunk
0x00007ffa8c1714fc (ntdll) RtlUserThreadStart
Unloading 3349 Unused Serialized files (Serialized files now loaded: 0)
Unloading 18 unused Assets / (27.4 KB). Loaded Objects now: 3950.
Memory consumption went from 131.4 MB to 131.4 MB.
Total: 5.076600 ms (FindLiveObjects: 0.492900 ms CreateObjectMapping: 0.134800 ms MarkObjects: 4.401400 ms  DeleteObjects: 0.046400 ms)

Prepare: number of updated asset objects reloaded= 0
AssetImportParameters requested are different than current active one (requested -> active):
  custom:container-demuxer-ogg: 62fdf1f143b41e24485cea50d1cbac27 -> 
  custom:video-codec-MediaFoundation-h265: 746d11721c4dcdbdad8f713fa42b33f4 -> 
  custom:video-decoder-ogg-theora: a1e56fd34408186e4bbccfd4996cb3dc -> 
  custom:framework-win-MediaFoundation: 216162199b28c13a410421893ffa2e32 -> 
  custom:CustomObjectIndexerAttribute: 9a22284fe3817be447336de3de66b15e -> 
  custom:container-demuxer-webm: 4f35f7cbe854078d1ac9338744f61a02 -> 
  custom:container-muxer-webm: aa71ff27fc2769a1b78a27578f13a17b -> 
  custom:video-decoder-webm-vp8: 9c59270c3fd7afecdb556c50c9e8de78 -> 
  custom:SearchIndexIgnoredProperties: e643bd26f0fe6173181afceb89e7c659 -> 
  custom:AudioImporter_EditorPlatform: d09bf68614088b80899f8185d706f6e7 -> 
  custom:video-encoder-webm-vp8: eb34c28f22e8b96e1ab97ce403110664 -> 
  custom:audio-decoder-ogg-vorbis: bf7c407c2cedff20999df2af8eb42d56 -> 
  custom:audio-encoder-webm-vorbis: bf7c407c2cedff20999df2af8eb42d56 -> 
  custom:scripting/precompiled-assembly-types:Assembly-CSharp: f2f4518f0dc4abe6ee2708aa644d28ab -> 2ad395828298d9b165b4e94b19c7f645
========================================================================
Received Prepare
Caller must complete domain reload
Begin MonoManager ReloadAssembly
- Loaded All Assemblies, in  0.877 seconds
Native extension for WindowsStandalone target not found
Native extension for Android target not found
Native extension for WebGL target not found
[Package Manager] Server::EnsureServerProcessIsRunning -- launch failed, reason: Unity was launched with the -noUpm command-line argument
[Package Manager] UpmClient::Send -- Unable to send message (not connected to UPM process).
[Package Manager] Cannot connect to Unity Package Manager local server
Failed to sync packages list
UnityEngine.StackTraceUtility:ExtractStackTrace ()
UnityEngine.DebugLogHandler:LogFormat (UnityEngine.LogType,UnityEngine.Object,string,object[])
UnityEngine.Logger:Log (UnityEngine.LogType,object)
UnityEngine.Debug:LogWarning (object)
 .  / :MoveNext ()
System.Runtime.CompilerServices.AsyncVoidMethodBuilder:Start< .  / > ( .  / &)
 .  :  ()
 .⁪/ :MoveNext ()
System.Runtime.CompilerServices.AsyncTaskMethodBuilder:Start< .⁪/ > ( .⁪/ &)
 .⁪:  ()
System.Reflection.RuntimeMethodInfo:Invoke (object,System.Reflection.BindingFlags,System.Reflection.Binder,object[],System.Globalization.CultureInfo)
System.Reflection.MethodBase:Invoke (object,object[])
UnityEditor.EditorAssemblies:ProcessInitializeOnLoadMethodAttributes ()

Mono: successfully reloaded assembly
- Finished resetting the current domain, in  1.734 seconds
Domain Reload Profiling: 2606ms
	BeginReloadAssembly (278ms)
		ExecutionOrderSort (0ms)
		DisableScriptedObjects (18ms)
		BackupInstance (0ms)
		ReleaseScriptingObjects (0ms)
		CreateAndSetChildDomain (58ms)
	RebuildCommonClasses (55ms)
	RebuildNativeTypeToScriptingClass (19ms)
	initialDomainReloadingComplete (53ms)
	LoadAllAssembliesAndSetupDomain (468ms)
		LoadAssemblies (575ms)
		RebuildTransferFunctionScriptingTraits (0ms)
		AnalyzeDomain (39ms)
			TypeCache.Refresh (15ms)
				TypeCache.ScanAssembly (0ms)
			ScanForSourceGeneratedMonoScriptInfo (11ms)
			ResolveRequiredComponents (11ms)
	FinalizeReload (1735ms)
		ReleaseScriptCaches (0ms)
		RebuildScriptCaches (0ms)
		SetupLoadedEditorAssemblies (634ms)
			LogAssemblyErrors (0ms)
			InitializePlatformSupportModulesInManaged (38ms)
			SetLoadedEditorAssemblies (6ms)
			RefreshPlugins (0ms)
			BeforeProcessingInitializeOnLoad (109ms)
			ProcessInitializeOnLoadAttributes (439ms)
			ProcessInitializeOnLoadMethodAttributes (37ms)
			AfterProcessingInitializeOnLoad (3ms)
			EditorAssembliesLoaded (0ms)
		ExecutionOrderSort2 (0ms)
		AwakeInstancesAfterBackupRestoration (5ms)
Refreshing native plugins compatible for Editor in 3.40 ms, found 6 plugins.
Preloading 0 native plugins for Editor in 0.00 ms.
Release of invalid GC handle. The handle is from a previous domain. The release operation is skipped.
Release of invalid GC handle native callstack: 
0x00007ff755b0424d (Unity) StackWalker::GetCurrentCallstack
0x00007ff755b09329 (Unity) StackWalker::ShowCallstack
0x00007ff756afdae1 (Unity) GetStacktrace
0x00007ff7559ff20d (Unity) ScriptingGCHandle::ReleaseAndClear
0x00007ff755fc748c (Unity) UploadHandlerRaw::`vector deleting destructor'
0x00007ff755fc803d (Unity) UploadHandler::Release
0x00007ff755fc48dd (Unity) UnityWebRequestProto<UnityWebRequestTransport,AtomicRefCounter,RedirectHelper,ResponseHelper,DownloadHandler,UploadHandler,CertificateHandler,HeaderHelper,AsyncOperation>::~UnityWebRequestProto<UnityWebRequestTransport,AtomicRefCounter,RedirectHelper,ResponseHelper,DownloadHandler,UploadHandler,CertificateHandler,HeaderHelper,AsyncOperation>
0x00007ff755fc4bd6 (Unity) UnityWebRequest::`vector deleting destructor'
0x00007ff754d14b77 (Unity) UnityWebRequestProto<UnityWebRequestTransport,AtomicRefCounter,RedirectHelper,ResponseHelper,DownloadHandler,UploadHandler,CertificateHandler,HeaderHelper,AsyncOperation>::Release
0x00007ff755fc6605 (Unity) UnityWebRequestAsyncOperation::InvokeCoroutine
0x00007ff755fc67e1 (Unity) UnityWebRequestProto<UnityWebRequestTransport,AtomicRefCounter,RedirectHelper,ResponseHelper,DownloadHandler,UploadHandler,CertificateHandler,HeaderHelper,AsyncOperation>::Job_InvokeCoroutine
0x00007ff75562b54a (Unity) BackgroundJobQueue::ExecuteMainThreadJobs
0x00007ff7556e005f (Unity) PreloadManager::WaitForAllAsyncOperationsToComplete
0x00007ff756ea3af8 (Unity) <lambda_b37b41f03089e3cb3f55061bbc93253d>::operator()
0x00007ff756edf422 (Unity) asio::detail::completion_handler<core::mutable_function<void __cdecl(void)>,asio::io_context::basic_executor_type<std::allocator<void>,0> >::do_complete
0x00007ff756ecb3ce (Unity) asio::detail::win_iocp_io_context::do_one
0x00007ff756ecd034 (Unity) asio::detail::win_iocp_io_context::run
0x00007ff756edd7cc (Unity) IOService::Run
0x00007ff756eb0c2f (Unity) AssetImportWorkerClient::Run
0x00007ff756e7c3d7 (Unity) RunAssetImportWorkerClientV2
0x00007ff756e7c45b (Unity) RunAssetImporterV2
0x00007ff7566731de (Unity) Application::InitializeProject
0x00007ff756b08795 (Unity) WinMain
0x00007ff757ed35ce (Unity) __scrt_common_main_seh
0x00007ffa8b87e8d7 (KERNEL32) BaseThreadInitThunk
0x00007ffa8c1714fc (ntdll) RtlUserThreadStart
Unloading 3349 Unused Serialized files (Serialized files now loaded: 0)
Unloading 18 unused Assets / (29.0 KB). Loaded Objects now: 3955.
Memory consumption went from 131.6 MB to 131.5 MB.
Total: 3.398000 ms (FindLiveObjects: 0.191000 ms CreateObjectMapping: 0.086600 ms MarkObjects: 3.080700 ms  DeleteObjects: 0.038200 ms)

Prepare: number of updated asset objects reloaded= 0
AssetImportParameters requested are different than current active one (requested -> active):
  custom:container-demuxer-ogg: 62fdf1f143b41e24485cea50d1cbac27 -> 
  custom:video-codec-MediaFoundation-h265: 746d11721c4dcdbdad8f713fa42b33f4 -> 
  custom:video-decoder-ogg-theora: a1e56fd34408186e4bbccfd4996cb3dc -> 
  custom:framework-win-MediaFoundation: 216162199b28c13a410421893ffa2e32 -> 
  custom:CustomObjectIndexerAttribute: 9a22284fe3817be447336de3de66b15e -> 
  custom:container-demuxer-webm: 4f35f7cbe854078d1ac9338744f61a02 -> 
  custom:container-muxer-webm: aa71ff27fc2769a1b78a27578f13a17b -> 
  custom:video-decoder-webm-vp8: 9c59270c3fd7afecdb556c50c9e8de78 -> 
  custom:SearchIndexIgnoredProperties: e643bd26f0fe6173181afceb89e7c659 -> 
  custom:AudioImporter_EditorPlatform: d09bf68614088b80899f8185d706f6e7 -> 
  custom:video-encoder-webm-vp8: eb34c28f22e8b96e1ab97ce403110664 -> 
  custom:audio-decoder-ogg-vorbis: bf7c407c2cedff20999df2af8eb42d56 -> 
  custom:audio-encoder-webm-vorbis: bf7c407c2cedff20999df2af8eb42d56 -> 
  custom:scripting/precompiled-assembly-types:Assembly-CSharp: f2f4518f0dc4abe6ee2708aa644d28ab -> 2ad395828298d9b165b4e94b19c7f645
========================================================================
Received Prepare
Caller must complete domain reload
Begin MonoManager ReloadAssembly
- Loaded All Assemblies, in  0.388 seconds
Native extension for WindowsStandalone target not found
Native extension for Android target not found
Native extension for WebGL target not found
[Package Manager] Server::EnsureServerProcessIsRunning -- launch failed, reason: Unity was launched with the -noUpm command-line argument
[Package Manager] UpmClient::Send -- Unable to send message (not connected to UPM process).
[Package Manager] Cannot connect to Unity Package Manager local server
Failed to sync packages list
UnityEngine.StackTraceUtility:ExtractStackTrace ()
UnityEngine.DebugLogHandler:LogFormat (UnityEngine.LogType,UnityEngine.Object,string,object[])
UnityEngine.Logger:Log (UnityEngine.LogType,object)
UnityEngine.Debug:LogWarning (object)
 .  / :MoveNext ()
System.Runtime.CompilerServices.AsyncVoidMethodBuilder:Start< .  / > ( .  / &)
 .  :  ()
 .⁪/ :MoveNext ()
System.Runtime.CompilerServices.AsyncTaskMethodBuilder:Start< .⁪/ > ( .⁪/ &)
 .⁪:  ()
System.Reflection.RuntimeMethodInfo:Invoke (object,System.Reflection.BindingFlags,System.Reflection.Binder,object[],System.Globalization.CultureInfo)
System.Reflection.MethodBase:Invoke (object,object[])
UnityEditor.EditorAssemblies:ProcessInitializeOnLoadMethodAttributes ()

Mono: successfully reloaded assembly
- Finished resetting the current domain, in  0.835 seconds
Domain Reload Profiling: 1222ms
	BeginReloadAssembly (137ms)
		ExecutionOrderSort (0ms)
		DisableScriptedObjects (5ms)
		BackupInstance (0ms)
		ReleaseScriptingObjects (0ms)
		CreateAndSetChildDomain (29ms)
	RebuildCommonClasses (28ms)
	RebuildNativeTypeToScriptingClass (9ms)
	initialDomainReloadingComplete (27ms)
	LoadAllAssembliesAndSetupDomain (186ms)
		LoadAssemblies (245ms)
		RebuildTransferFunctionScriptingTraits (0ms)
		AnalyzeDomain (13ms)
			TypeCache.Refresh (5ms)
				TypeCache.ScanAssembly (0ms)
			ScanForSourceGeneratedMonoScriptInfo (0ms)
			ResolveRequiredComponents (5ms)
	FinalizeReload (836ms)
		ReleaseScriptCaches (0ms)
		RebuildScriptCaches (0ms)
		SetupLoadedEditorAssemblies (481ms)
			LogAssemblyErrors (0ms)
			InitializePlatformSupportModulesInManaged (21ms)
			SetLoadedEditorAssemblies (4ms)
			RefreshPlugins (0ms)
			BeforeProcessingInitializeOnLoad (61ms)
			ProcessInitializeOnLoadAttributes (349ms)
			ProcessInitializeOnLoadMethodAttributes (42ms)
			AfterProcessingInitializeOnLoad (4ms)
			EditorAssembliesLoaded (0ms)
		ExecutionOrderSort2 (0ms)
		AwakeInstancesAfterBackupRestoration (6ms)
Refreshing native plugins compatible for Editor in 5.50 ms, found 6 plugins.
Preloading 0 native plugins for Editor in 0.00 ms.
Release of invalid GC handle. The handle is from a previous domain. The release operation is skipped.
Release of invalid GC handle native callstack: 
0x00007ff755b0424d (Unity) StackWalker::GetCurrentCallstack
0x00007ff755b09329 (Unity) StackWalker::ShowCallstack
0x00007ff756afdae1 (Unity) GetStacktrace
0x00007ff7559ff20d (Unity) ScriptingGCHandle::ReleaseAndClear
0x00007ff755fc748c (Unity) UploadHandlerRaw::`vector deleting destructor'
0x00007ff755fc803d (Unity) UploadHandler::Release
0x00007ff755fc48dd (Unity) UnityWebRequestProto<UnityWebRequestTransport,AtomicRefCounter,RedirectHelper,ResponseHelper,DownloadHandler,UploadHandler,CertificateHandler,HeaderHelper,AsyncOperation>::~UnityWebRequestProto<UnityWebRequestTransport,AtomicRefCounter,RedirectHelper,ResponseHelper,DownloadHandler,UploadHandler,CertificateHandler,HeaderHelper,AsyncOperation>
0x00007ff755fc4bd6 (Unity) UnityWebRequest::`vector deleting destructor'
0x00007ff754d14b77 (Unity) UnityWebRequestProto<UnityWebRequestTransport,AtomicRefCounter,RedirectHelper,ResponseHelper,DownloadHandler,UploadHandler,CertificateHandler,HeaderHelper,AsyncOperation>::Release
0x00007ff755fc6605 (Unity) UnityWebRequestAsyncOperation::InvokeCoroutine
0x00007ff755fc67e1 (Unity) UnityWebRequestProto<UnityWebRequestTransport,AtomicRefCounter,RedirectHelper,ResponseHelper,DownloadHandler,UploadHandler,CertificateHandler,HeaderHelper,AsyncOperation>::Job_InvokeCoroutine
0x00007ff75562b54a (Unity) BackgroundJobQueue::ExecuteMainThreadJobs
0x00007ff7556e005f (Unity) PreloadManager::WaitForAllAsyncOperationsToComplete
0x00007ff756ea3af8 (Unity) <lambda_b37b41f03089e3cb3f55061bbc93253d>::operator()
0x00007ff756edf422 (Unity) asio::detail::completion_handler<core::mutable_function<void __cdecl(void)>,asio::io_context::basic_executor_type<std::allocator<void>,0> >::do_complete
0x00007ff756ecb3ce (Unity) asio::detail::win_iocp_io_context::do_one
0x00007ff756ecd034 (Unity) asio::detail::win_iocp_io_context::run
0x00007ff756edd7cc (Unity) IOService::Run
0x00007ff756eb0c2f (Unity) AssetImportWorkerClient::Run
0x00007ff756e7c3d7 (Unity) RunAssetImportWorkerClientV2
0x00007ff756e7c45b (Unity) RunAssetImporterV2
0x00007ff7566731de (Unity) Application::InitializeProject
0x00007ff756b08795 (Unity) WinMain
0x00007ff757ed35ce (Unity) __scrt_common_main_seh
0x00007ffa8b87e8d7 (KERNEL32) BaseThreadInitThunk
0x00007ffa8c1714fc (ntdll) RtlUserThreadStart
Unloading 3349 Unused Serialized files (Serialized files now loaded: 0)
Unloading 18 unused Assets / (29.0 KB). Loaded Objects now: 3960.
Memory consumption went from 131.7 MB to 131.7 MB.
Total: 3.584500 ms (FindLiveObjects: 0.181700 ms CreateObjectMapping: 0.079500 ms MarkObjects: 3.276100 ms  DeleteObjects: 0.045800 ms)

Prepare: number of updated asset objects reloaded= 0
AssetImportParameters requested are different than current active one (requested -> active):
  custom:container-demuxer-ogg: 62fdf1f143b41e24485cea50d1cbac27 -> 
  custom:video-codec-MediaFoundation-h265: 746d11721c4dcdbdad8f713fa42b33f4 -> 
  custom:video-decoder-ogg-theora: a1e56fd34408186e4bbccfd4996cb3dc -> 
  custom:framework-win-MediaFoundation: 216162199b28c13a410421893ffa2e32 -> 
  custom:CustomObjectIndexerAttribute: 9a22284fe3817be447336de3de66b15e -> 
  custom:container-demuxer-webm: 4f35f7cbe854078d1ac9338744f61a02 -> 
  custom:container-muxer-webm: aa71ff27fc2769a1b78a27578f13a17b -> 
  custom:video-decoder-webm-vp8: 9c59270c3fd7afecdb556c50c9e8de78 -> 
  custom:SearchIndexIgnoredProperties: e643bd26f0fe6173181afceb89e7c659 -> 
  custom:AudioImporter_EditorPlatform: d09bf68614088b80899f8185d706f6e7 -> 
  custom:video-encoder-webm-vp8: eb34c28f22e8b96e1ab97ce403110664 -> 
  custom:audio-decoder-ogg-vorbis: bf7c407c2cedff20999df2af8eb42d56 -> 
  custom:audio-encoder-webm-vorbis: bf7c407c2cedff20999df2af8eb42d56 -> 
  custom:scripting/precompiled-assembly-types:Assembly-CSharp: f2f4518f0dc4abe6ee2708aa644d28ab -> 2ad395828298d9b165b4e94b19c7f645
========================================================================
Received Prepare
Caller must complete domain reload
Begin MonoManager ReloadAssembly
- Loaded All Assemblies, in  0.825 seconds
Native extension for WindowsStandalone target not found
Native extension for Android target not found
Native extension for WebGL target not found
[Package Manager] Server::EnsureServerProcessIsRunning -- launch failed, reason: Unity was launched with the -noUpm command-line argument
[Package Manager] UpmClient::Send -- Unable to send message (not connected to UPM process).
[Package Manager] Cannot connect to Unity Package Manager local server
Failed to sync packages list
UnityEngine.StackTraceUtility:ExtractStackTrace ()
UnityEngine.DebugLogHandler:LogFormat (UnityEngine.LogType,UnityEngine.Object,string,object[])
UnityEngine.Logger:Log (UnityEngine.LogType,object)
UnityEngine.Debug:LogWarning (object)
 .  / :MoveNext ()
System.Runtime.CompilerServices.AsyncVoidMethodBuilder:Start< .  / > ( .  / &)
 .  :  ()
 .⁪/ :MoveNext ()
System.Runtime.CompilerServices.AsyncTaskMethodBuilder:Start< .⁪/ > ( .⁪/ &)
 .⁪:  ()
System.Reflection.RuntimeMethodInfo:Invoke (object,System.Reflection.BindingFlags,System.Reflection.Binder,object[],System.Globalization.CultureInfo)
System.Reflection.MethodBase:Invoke (object,object[])
UnityEditor.EditorAssemblies:ProcessInitializeOnLoadMethodAttributes ()

Mono: successfully reloaded assembly
- Finished resetting the current domain, in  1.480 seconds
Domain Reload Profiling: 2299ms
	BeginReloadAssembly (254ms)
		ExecutionOrderSort (0ms)
		DisableScriptedObjects (10ms)
		BackupInstance (0ms)
		ReleaseScriptingObjects (0ms)
		CreateAndSetChildDomain (51ms)
	RebuildCommonClasses (59ms)
	RebuildNativeTypeToScriptingClass (18ms)
	initialDomainReloadingComplete (58ms)
	LoadAllAssembliesAndSetupDomain (430ms)
		LoadAssemblies (532ms)
		RebuildTransferFunctionScriptingTraits (0ms)
		AnalyzeDomain (35ms)
			TypeCache.Refresh (12ms)
				TypeCache.ScanAssembly (0ms)
			ScanForSourceGeneratedMonoScriptInfo (10ms)
			ResolveRequiredComponents (10ms)
	FinalizeReload (1480ms)
		ReleaseScriptCaches (0ms)
		RebuildScriptCaches (0ms)
		SetupLoadedEditorAssemblies (511ms)
			LogAssemblyErrors (0ms)
			InitializePlatformSupportModulesInManaged (33ms)
			SetLoadedEditorAssemblies (6ms)
			RefreshPlugins (0ms)
			BeforeProcessingInitializeOnLoad (102ms)
			ProcessInitializeOnLoadAttributes (328ms)
			ProcessInitializeOnLoadMethodAttributes (38ms)
			AfterProcessingInitializeOnLoad (4ms)
			EditorAssembliesLoaded (0ms)
		ExecutionOrderSort2 (0ms)
		AwakeInstancesAfterBackupRestoration (5ms)
Refreshing native plugins compatible for Editor in 2.70 ms, found 6 plugins.
Preloading 0 native plugins for Editor in 0.00 ms.
Release of invalid GC handle. The handle is from a previous domain. The release operation is skipped.
Release of invalid GC handle native callstack: 
0x00007ff755b0424d (Unity) StackWalker::GetCurrentCallstack
0x00007ff755b09329 (Unity) StackWalker::ShowCallstack
0x00007ff756afdae1 (Unity) GetStacktrace
0x00007ff7559ff20d (Unity) ScriptingGCHandle::ReleaseAndClear
0x00007ff755fc748c (Unity) UploadHandlerRaw::`vector deleting destructor'
0x00007ff755fc803d (Unity) UploadHandler::Release
0x00007ff755fc48dd (Unity) UnityWebRequestProto<UnityWebRequestTransport,AtomicRefCounter,RedirectHelper,ResponseHelper,DownloadHandler,UploadHandler,CertificateHandler,HeaderHelper,AsyncOperation>::~UnityWebRequestProto<UnityWebRequestTransport,AtomicRefCounter,RedirectHelper,ResponseHelper,DownloadHandler,UploadHandler,CertificateHandler,HeaderHelper,AsyncOperation>
0x00007ff755fc4bd6 (Unity) UnityWebRequest::`vector deleting destructor'
0x00007ff754d14b77 (Unity) UnityWebRequestProto<UnityWebRequestTransport,AtomicRefCounter,RedirectHelper,ResponseHelper,DownloadHandler,UploadHandler,CertificateHandler,HeaderHelper,AsyncOperation>::Release
0x00007ff755fc6605 (Unity) UnityWebRequestAsyncOperation::InvokeCoroutine
0x00007ff755fc67e1 (Unity) UnityWebRequestProto<UnityWebRequestTransport,AtomicRefCounter,RedirectHelper,ResponseHelper,DownloadHandler,UploadHandler,CertificateHandler,HeaderHelper,AsyncOperation>::Job_InvokeCoroutine
0x00007ff75562b54a (Unity) BackgroundJobQueue::ExecuteMainThreadJobs
0x00007ff7556e005f (Unity) PreloadManager::WaitForAllAsyncOperationsToComplete
0x00007ff756ea3af8 (Unity) <lambda_b37b41f03089e3cb3f55061bbc93253d>::operator()
0x00007ff756edf422 (Unity) asio::detail::completion_handler<core::mutable_function<void __cdecl(void)>,asio::io_context::basic_executor_type<std::allocator<void>,0> >::do_complete
0x00007ff756ecb3ce (Unity) asio::detail::win_iocp_io_context::do_one
0x00007ff756ecd034 (Unity) asio::detail::win_iocp_io_context::run
0x00007ff756edd7cc (Unity) IOService::Run
0x00007ff756eb0c2f (Unity) AssetImportWorkerClient::Run
0x00007ff756e7c3d7 (Unity) RunAssetImportWorkerClientV2
0x00007ff756e7c45b (Unity) RunAssetImporterV2
0x00007ff7566731de (Unity) Application::InitializeProject
0x00007ff756b08795 (Unity) WinMain
0x00007ff757ed35ce (Unity) __scrt_common_main_seh
0x00007ffa8b87e8d7 (KERNEL32) BaseThreadInitThunk
0x00007ffa8c1714fc (ntdll) RtlUserThreadStart
Unloading 3349 Unused Serialized files (Serialized files now loaded: 0)
Unloading 18 unused Assets / (29.0 KB). Loaded Objects now: 3965.
Memory consumption went from 131.9 MB to 131.8 MB.
Total: 3.330800 ms (FindLiveObjects: 0.213900 ms CreateObjectMapping: 0.087600 ms MarkObjects: 2.989100 ms  DeleteObjects: 0.039200 ms)

Prepare: number of updated asset objects reloaded= 0
AssetImportParameters requested are different than current active one (requested -> active):
  custom:container-demuxer-ogg: 62fdf1f143b41e24485cea50d1cbac27 -> 
  custom:video-codec-MediaFoundation-h265: 746d11721c4dcdbdad8f713fa42b33f4 -> 
  custom:video-decoder-ogg-theora: a1e56fd34408186e4bbccfd4996cb3dc -> 
  custom:framework-win-MediaFoundation: 216162199b28c13a410421893ffa2e32 -> 
  custom:CustomObjectIndexerAttribute: 9a22284fe3817be447336de3de66b15e -> 
  custom:container-demuxer-webm: 4f35f7cbe854078d1ac9338744f61a02 -> 
  custom:container-muxer-webm: aa71ff27fc2769a1b78a27578f13a17b -> 
  custom:video-decoder-webm-vp8: 9c59270c3fd7afecdb556c50c9e8de78 -> 
  custom:SearchIndexIgnoredProperties: e643bd26f0fe6173181afceb89e7c659 -> 
  custom:AudioImporter_EditorPlatform: d09bf68614088b80899f8185d706f6e7 -> 
  custom:video-encoder-webm-vp8: eb34c28f22e8b96e1ab97ce403110664 -> 
  custom:audio-decoder-ogg-vorbis: bf7c407c2cedff20999df2af8eb42d56 -> 
  custom:audio-encoder-webm-vorbis: bf7c407c2cedff20999df2af8eb42d56 -> 
  custom:scripting/precompiled-assembly-types:Assembly-CSharp: 01e21a627f0f2ad33bd0278f2d6b763d -> 2ad395828298d9b165b4e94b19c7f645
========================================================================
Received Prepare
Caller must complete domain reload
Begin MonoManager ReloadAssembly
- Loaded All Assemblies, in  0.375 seconds
Native extension for WindowsStandalone target not found
Native extension for Android target not found
Native extension for WebGL target not found
[Package Manager] Server::EnsureServerProcessIsRunning -- launch failed, reason: Unity was launched with the -noUpm command-line argument
[Package Manager] UpmClient::Send -- Unable to send message (not connected to UPM process).
[Package Manager] Cannot connect to Unity Package Manager local server
Failed to sync packages list
UnityEngine.StackTraceUtility:ExtractStackTrace ()
UnityEngine.DebugLogHandler:LogFormat (UnityEngine.LogType,UnityEngine.Object,string,object[])
UnityEngine.Logger:Log (UnityEngine.LogType,object)
UnityEngine.Debug:LogWarning (object)
 .  / :MoveNext ()
System.Runtime.CompilerServices.AsyncVoidMethodBuilder:Start< .  / > ( .  / &)
 .  :  ()
 .⁪/ :MoveNext ()
System.Runtime.CompilerServices.AsyncTaskMethodBuilder:Start< .⁪/ > ( .⁪/ &)
 .⁪:  ()
System.Reflection.RuntimeMethodInfo:Invoke (object,System.Reflection.BindingFlags,System.Reflection.Binder,object[],System.Globalization.CultureInfo)
System.Reflection.MethodBase:Invoke (object,object[])
UnityEditor.EditorAssemblies:ProcessInitializeOnLoadMethodAttributes ()

Mono: successfully reloaded assembly
- Finished resetting the current domain, in  0.805 seconds
Domain Reload Profiling: 1180ms
	BeginReloadAssembly (128ms)
		ExecutionOrderSort (0ms)
		DisableScriptedObjects (5ms)
		BackupInstance (0ms)
		ReleaseScriptingObjects (0ms)
		CreateAndSetChildDomain (27ms)
	RebuildCommonClasses (27ms)
	RebuildNativeTypeToScriptingClass (9ms)
	initialDomainReloadingComplete (23ms)
	LoadAllAssembliesAndSetupDomain (187ms)
		LoadAssemblies (240ms)
		RebuildTransferFunctionScriptingTraits (0ms)
		AnalyzeDomain (13ms)
			TypeCache.Refresh (5ms)
				TypeCache.ScanAssembly (0ms)
			ScanForSourceGeneratedMonoScriptInfo (0ms)
			ResolveRequiredComponents (5ms)
	FinalizeReload (806ms)
		ReleaseScriptCaches (0ms)
		RebuildScriptCaches (0ms)
		SetupLoadedEditorAssemblies (456ms)
			LogAssemblyErrors (0ms)
			InitializePlatformSupportModulesInManaged (16ms)
			SetLoadedEditorAssemblies (5ms)
			RefreshPlugins (0ms)
			BeforeProcessingInitializeOnLoad (54ms)
			ProcessInitializeOnLoadAttributes (333ms)
			ProcessInitializeOnLoadMethodAttributes (43ms)
			AfterProcessingInitializeOnLoad (4ms)
			EditorAssembliesLoaded (0ms)
		ExecutionOrderSort2 (0ms)
		AwakeInstancesAfterBackupRestoration (6ms)
Refreshing native plugins compatible for Editor in 3.22 ms, found 6 plugins.
Preloading 0 native plugins for Editor in 0.00 ms.
Release of invalid GC handle. The handle is from a previous domain. The release operation is skipped.
Release of invalid GC handle native callstack: 
0x00007ff755b0424d (Unity) StackWalker::GetCurrentCallstack
0x00007ff755b09329 (Unity) StackWalker::ShowCallstack
0x00007ff756afdae1 (Unity) GetStacktrace
0x00007ff7559ff20d (Unity) ScriptingGCHandle::ReleaseAndClear
0x00007ff755fc748c (Unity) UploadHandlerRaw::`vector deleting destructor'
0x00007ff755fc803d (Unity) UploadHandler::Release
0x00007ff755fc48dd (Unity) UnityWebRequestProto<UnityWebRequestTransport,AtomicRefCounter,RedirectHelper,ResponseHelper,DownloadHandler,UploadHandler,CertificateHandler,HeaderHelper,AsyncOperation>::~UnityWebRequestProto<UnityWebRequestTransport,AtomicRefCounter,RedirectHelper,ResponseHelper,DownloadHandler,UploadHandler,CertificateHandler,HeaderHelper,AsyncOperation>
0x00007ff755fc4bd6 (Unity) UnityWebRequest::`vector deleting destructor'
0x00007ff754d14b77 (Unity) UnityWebRequestProto<UnityWebRequestTransport,AtomicRefCounter,RedirectHelper,ResponseHelper,DownloadHandler,UploadHandler,CertificateHandler,HeaderHelper,AsyncOperation>::Release
0x00007ff755fc6605 (Unity) UnityWebRequestAsyncOperation::InvokeCoroutine
0x00007ff755fc67e1 (Unity) UnityWebRequestProto<UnityWebRequestTransport,AtomicRefCounter,RedirectHelper,ResponseHelper,DownloadHandler,UploadHandler,CertificateHandler,HeaderHelper,AsyncOperation>::Job_InvokeCoroutine
0x00007ff75562b54a (Unity) BackgroundJobQueue::ExecuteMainThreadJobs
0x00007ff7556e005f (Unity) PreloadManager::WaitForAllAsyncOperationsToComplete
0x00007ff756ea3af8 (Unity) <lambda_b37b41f03089e3cb3f55061bbc93253d>::operator()
0x00007ff756edf422 (Unity) asio::detail::completion_handler<core::mutable_function<void __cdecl(void)>,asio::io_context::basic_executor_type<std::allocator<void>,0> >::do_complete
0x00007ff756ecb3ce (Unity) asio::detail::win_iocp_io_context::do_one
0x00007ff756ecd034 (Unity) asio::detail::win_iocp_io_context::run
0x00007ff756edd7cc (Unity) IOService::Run
0x00007ff756eb0c2f (Unity) AssetImportWorkerClient::Run
0x00007ff756e7c3d7 (Unity) RunAssetImportWorkerClientV2
0x00007ff756e7c45b (Unity) RunAssetImporterV2
0x00007ff7566731de (Unity) Application::InitializeProject
0x00007ff756b08795 (Unity) WinMain
0x00007ff757ed35ce (Unity) __scrt_common_main_seh
0x00007ffa8b87e8d7 (KERNEL32) BaseThreadInitThunk
0x00007ffa8c1714fc (ntdll) RtlUserThreadStart
Unloading 3349 Unused Serialized files (Serialized files now loaded: 0)
Unloading 18 unused Assets / (29.0 KB). Loaded Objects now: 3970.
Memory consumption went from 132.0 MB to 132.0 MB.
Total: 3.060500 ms (FindLiveObjects: 0.203100 ms CreateObjectMapping: 0.120200 ms MarkObjects: 2.693200 ms  DeleteObjects: 0.043100 ms)

Prepare: number of updated asset objects reloaded= 0
AssetImportParameters requested are different than current active one (requested -> active):
  custom:container-demuxer-ogg: 62fdf1f143b41e24485cea50d1cbac27 -> 
  custom:video-codec-MediaFoundation-h265: 746d11721c4dcdbdad8f713fa42b33f4 -> 
  custom:video-decoder-ogg-theora: a1e56fd34408186e4bbccfd4996cb3dc -> 
  custom:framework-win-MediaFoundation: 216162199b28c13a410421893ffa2e32 -> 
  custom:CustomObjectIndexerAttribute: 9a22284fe3817be447336de3de66b15e -> 
  custom:container-demuxer-webm: 4f35f7cbe854078d1ac9338744f61a02 -> 
  custom:container-muxer-webm: aa71ff27fc2769a1b78a27578f13a17b -> 
  custom:video-decoder-webm-vp8: 9c59270c3fd7afecdb556c50c9e8de78 -> 
  custom:SearchIndexIgnoredProperties: e643bd26f0fe6173181afceb89e7c659 -> 
  custom:AudioImporter_EditorPlatform: d09bf68614088b80899f8185d706f6e7 -> 
  custom:video-encoder-webm-vp8: eb34c28f22e8b96e1ab97ce403110664 -> 
  custom:audio-decoder-ogg-vorbis: bf7c407c2cedff20999df2af8eb42d56 -> 
  custom:audio-encoder-webm-vorbis: bf7c407c2cedff20999df2af8eb42d56 -> 
  custom:scripting/precompiled-assembly-types:Assembly-CSharp: 01e21a627f0f2ad33bd0278f2d6b763d -> 2ad395828298d9b165b4e94b19c7f645
========================================================================
Received Prepare
Caller must complete domain reload
Begin MonoManager ReloadAssembly
- Loaded All Assemblies, in  1.018 seconds
Native extension for WindowsStandalone target not found
Native extension for Android target not found
Native extension for WebGL target not found
[Package Manager] Server::EnsureServerProcessIsRunning -- launch failed, reason: Unity was launched with the -noUpm command-line argument
[Package Manager] UpmClient::Send -- Unable to send message (not connected to UPM process).
[Package Manager] Cannot connect to Unity Package Manager local server
Failed to sync packages list
UnityEngine.StackTraceUtility:ExtractStackTrace ()
UnityEngine.DebugLogHandler:LogFormat (UnityEngine.LogType,UnityEngine.Object,string,object[])
UnityEngine.Logger:Log (UnityEngine.LogType,object)
UnityEngine.Debug:LogWarning (object)
 .  / :MoveNext ()
System.Runtime.CompilerServices.AsyncVoidMethodBuilder:Start< .  / > ( .  / &)
 .  :  ()
 .⁪/ :MoveNext ()
System.Runtime.CompilerServices.AsyncTaskMethodBuilder:Start< .⁪/ > ( .⁪/ &)
 .⁪:  ()
System.Reflection.RuntimeMethodInfo:Invoke (object,System.Reflection.BindingFlags,System.Reflection.Binder,object[],System.Globalization.CultureInfo)
System.Reflection.MethodBase:Invoke (object,object[])
UnityEditor.EditorAssemblies:ProcessInitializeOnLoadMethodAttributes ()

Mono: successfully reloaded assembly
- Finished resetting the current domain, in  1.454 seconds
Domain Reload Profiling: 2468ms
	BeginReloadAssembly (265ms)
		ExecutionOrderSort (0ms)
		DisableScriptedObjects (9ms)
		BackupInstance (0ms)
		ReleaseScriptingObjects (0ms)
		CreateAndSetChildDomain (56ms)
	RebuildCommonClasses (60ms)
	RebuildNativeTypeToScriptingClass (21ms)
	initialDomainReloadingComplete (51ms)
	LoadAllAssembliesAndSetupDomain (617ms)
		LoadAssemblies (726ms)
		RebuildTransferFunctionScriptingTraits (0ms)
		AnalyzeDomain (38ms)
			TypeCache.Refresh (13ms)
				TypeCache.ScanAssembly (0ms)
			ScanForSourceGeneratedMonoScriptInfo (11ms)
			ResolveRequiredComponents (11ms)
	FinalizeReload (1455ms)
		ReleaseScriptCaches (0ms)
		RebuildScriptCaches (0ms)
		SetupLoadedEditorAssemblies (485ms)
			LogAssemblyErrors (0ms)
			InitializePlatformSupportModulesInManaged (42ms)
			SetLoadedEditorAssemblies (8ms)
			RefreshPlugins (0ms)
			BeforeProcessingInitializeOnLoad (62ms)
			ProcessInitializeOnLoadAttributes (321ms)
			ProcessInitializeOnLoadMethodAttributes (47ms)
			AfterProcessingInitializeOnLoad (4ms)
			EditorAssembliesLoaded (0ms)
		ExecutionOrderSort2 (0ms)
		AwakeInstancesAfterBackupRestoration (6ms)
Refreshing native plugins compatible for Editor in 3.26 ms, found 6 plugins.
Preloading 0 native plugins for Editor in 0.00 ms.
Release of invalid GC handle. The handle is from a previous domain. The release operation is skipped.
Release of invalid GC handle native callstack: 
0x00007ff755b0424d (Unity) StackWalker::GetCurrentCallstack
0x00007ff755b09329 (Unity) StackWalker::ShowCallstack
0x00007ff756afdae1 (Unity) GetStacktrace
0x00007ff7559ff20d (Unity) ScriptingGCHandle::ReleaseAndClear
0x00007ff755fc748c (Unity) UploadHandlerRaw::`vector deleting destructor'
0x00007ff755fc803d (Unity) UploadHandler::Release
0x00007ff755fc48dd (Unity) UnityWebRequestProto<UnityWebRequestTransport,AtomicRefCounter,RedirectHelper,ResponseHelper,DownloadHandler,UploadHandler,CertificateHandler,HeaderHelper,AsyncOperation>::~UnityWebRequestProto<UnityWebRequestTransport,AtomicRefCounter,RedirectHelper,ResponseHelper,DownloadHandler,UploadHandler,CertificateHandler,HeaderHelper,AsyncOperation>
0x00007ff755fc4bd6 (Unity) UnityWebRequest::`vector deleting destructor'
0x00007ff754d14b77 (Unity) UnityWebRequestProto<UnityWebRequestTransport,AtomicRefCounter,RedirectHelper,ResponseHelper,DownloadHandler,UploadHandler,CertificateHandler,HeaderHelper,AsyncOperation>::Release
0x00007ff755fc6605 (Unity) UnityWebRequestAsyncOperation::InvokeCoroutine
0x00007ff755fc67e1 (Unity) UnityWebRequestProto<UnityWebRequestTransport,AtomicRefCounter,RedirectHelper,ResponseHelper,DownloadHandler,UploadHandler,CertificateHandler,HeaderHelper,AsyncOperation>::Job_InvokeCoroutine
0x00007ff75562b54a (Unity) BackgroundJobQueue::ExecuteMainThreadJobs
0x00007ff7556e005f (Unity) PreloadManager::WaitForAllAsyncOperationsToComplete
0x00007ff756ea3af8 (Unity) <lambda_b37b41f03089e3cb3f55061bbc93253d>::operator()
0x00007ff756edf422 (Unity) asio::detail::completion_handler<core::mutable_function<void __cdecl(void)>,asio::io_context::basic_executor_type<std::allocator<void>,0> >::do_complete
0x00007ff756ecb3ce (Unity) asio::detail::win_iocp_io_context::do_one
0x00007ff756ecd034 (Unity) asio::detail::win_iocp_io_context::run
0x00007ff756edd7cc (Unity) IOService::Run
0x00007ff756eb0c2f (Unity) AssetImportWorkerClient::Run
0x00007ff756e7c3d7 (Unity) RunAssetImportWorkerClientV2
0x00007ff756e7c45b (Unity) RunAssetImporterV2
0x00007ff7566731de (Unity) Application::InitializeProject
0x00007ff756b08795 (Unity) WinMain
0x00007ff757ed35ce (Unity) __scrt_common_main_seh
0x00007ffa8b87e8d7 (KERNEL32) BaseThreadInitThunk
0x00007ffa8c1714fc (ntdll) RtlUserThreadStart
Unloading 3349 Unused Serialized files (Serialized files now loaded: 0)
Unloading 18 unused Assets / (29.0 KB). Loaded Objects now: 3975.
Memory consumption went from 132.2 MB to 132.2 MB.
Total: 3.330800 ms (FindLiveObjects: 0.202300 ms CreateObjectMapping: 0.088600 ms MarkObjects: 2.999100 ms  DeleteObjects: 0.039500 ms)

Prepare: number of updated asset objects reloaded= 0
AssetImportParameters requested are different than current active one (requested -> active):
  custom:container-demuxer-ogg: 62fdf1f143b41e24485cea50d1cbac27 -> 
  custom:video-codec-MediaFoundation-h265: 746d11721c4dcdbdad8f713fa42b33f4 -> 
  custom:video-decoder-ogg-theora: a1e56fd34408186e4bbccfd4996cb3dc -> 
  custom:framework-win-MediaFoundation: 216162199b28c13a410421893ffa2e32 -> 
  custom:CustomObjectIndexerAttribute: 9a22284fe3817be447336de3de66b15e -> 
  custom:container-demuxer-webm: 4f35f7cbe854078d1ac9338744f61a02 -> 
  custom:container-muxer-webm: aa71ff27fc2769a1b78a27578f13a17b -> 
  custom:video-decoder-webm-vp8: 9c59270c3fd7afecdb556c50c9e8de78 -> 
  custom:SearchIndexIgnoredProperties: e643bd26f0fe6173181afceb89e7c659 -> 
  custom:AudioImporter_EditorPlatform: d09bf68614088b80899f8185d706f6e7 -> 
  custom:video-encoder-webm-vp8: eb34c28f22e8b96e1ab97ce403110664 -> 
  custom:audio-decoder-ogg-vorbis: bf7c407c2cedff20999df2af8eb42d56 -> 
  custom:audio-encoder-webm-vorbis: bf7c407c2cedff20999df2af8eb42d56 -> 
  custom:scripting/precompiled-assembly-types:Assembly-CSharp: d0e4d9b8e3191607d5c08abaebdab676 -> 2ad395828298d9b165b4e94b19c7f645
========================================================================
Received Prepare
Caller must complete domain reload
Begin MonoManager ReloadAssembly
- Loaded All Assemblies, in  0.370 seconds
Native extension for WindowsStandalone target not found
Native extension for Android target not found
Native extension for WebGL target not found
[Package Manager] Server::EnsureServerProcessIsRunning -- launch failed, reason: Unity was launched with the -noUpm command-line argument
[Package Manager] UpmClient::Send -- Unable to send message (not connected to UPM process).
[Package Manager] Cannot connect to Unity Package Manager local server
Failed to sync packages list
UnityEngine.StackTraceUtility:ExtractStackTrace ()
UnityEngine.DebugLogHandler:LogFormat (UnityEngine.LogType,UnityEngine.Object,string,object[])
UnityEngine.Logger:Log (UnityEngine.LogType,object)
UnityEngine.Debug:LogWarning (object)
 .  / :MoveNext ()
System.Runtime.CompilerServices.AsyncVoidMethodBuilder:Start< .  / > ( .  / &)
 .  :  ()
 .⁪/ :MoveNext ()
System.Runtime.CompilerServices.AsyncTaskMethodBuilder:Start< .⁪/ > ( .⁪/ &)
 .⁪:  ()
System.Reflection.RuntimeMethodInfo:Invoke (object,System.Reflection.BindingFlags,System.Reflection.Binder,object[],System.Globalization.CultureInfo)
System.Reflection.MethodBase:Invoke (object,object[])
UnityEditor.EditorAssemblies:ProcessInitializeOnLoadMethodAttributes ()

Mono: successfully reloaded assembly
- Finished resetting the current domain, in  0.822 seconds
Domain Reload Profiling: 1191ms
	BeginReloadAssembly (126ms)
		ExecutionOrderSort (0ms)
		DisableScriptedObjects (5ms)
		BackupInstance (0ms)
		ReleaseScriptingObjects (0ms)
		CreateAndSetChildDomain (27ms)
	RebuildCommonClasses (26ms)
	RebuildNativeTypeToScriptingClass (9ms)
	initialDomainReloadingComplete (22ms)
	LoadAllAssembliesAndSetupDomain (186ms)
		LoadAssemblies (236ms)
		RebuildTransferFunctionScriptingTraits (0ms)
		AnalyzeDomain (14ms)
			TypeCache.Refresh (5ms)
				TypeCache.ScanAssembly (0ms)
			ScanForSourceGeneratedMonoScriptInfo (0ms)
			ResolveRequiredComponents (5ms)
	FinalizeReload (823ms)
		ReleaseScriptCaches (0ms)
		RebuildScriptCaches (0ms)
		SetupLoadedEditorAssemblies (463ms)
			LogAssemblyErrors (0ms)
			InitializePlatformSupportModulesInManaged (15ms)
			SetLoadedEditorAssemblies (4ms)
			RefreshPlugins (0ms)
			BeforeProcessingInitializeOnLoad (58ms)
			ProcessInitializeOnLoadAttributes (338ms)
			ProcessInitializeOnLoadMethodAttributes (44ms)
			AfterProcessingInitializeOnLoad (4ms)
			EditorAssembliesLoaded (0ms)
		ExecutionOrderSort2 (0ms)
		AwakeInstancesAfterBackupRestoration (5ms)
Refreshing native plugins compatible for Editor in 3.63 ms, found 6 plugins.
Preloading 0 native plugins for Editor in 0.00 ms.
Release of invalid GC handle. The handle is from a previous domain. The release operation is skipped.
Release of invalid GC handle native callstack: 
0x00007ff755b0424d (Unity) StackWalker::GetCurrentCallstack
0x00007ff755b09329 (Unity) StackWalker::ShowCallstack
0x00007ff756afdae1 (Unity) GetStacktrace
0x00007ff7559ff20d (Unity) ScriptingGCHandle::ReleaseAndClear
0x00007ff755fc748c (Unity) UploadHandlerRaw::`vector deleting destructor'
0x00007ff755fc803d (Unity) UploadHandler::Release
0x00007ff755fc48dd (Unity) UnityWebRequestProto<UnityWebRequestTransport,AtomicRefCounter,RedirectHelper,ResponseHelper,DownloadHandler,UploadHandler,CertificateHandler,HeaderHelper,AsyncOperation>::~UnityWebRequestProto<UnityWebRequestTransport,AtomicRefCounter,RedirectHelper,ResponseHelper,DownloadHandler,UploadHandler,CertificateHandler,HeaderHelper,AsyncOperation>
0x00007ff755fc4bd6 (Unity) UnityWebRequest::`vector deleting destructor'
0x00007ff754d14b77 (Unity) UnityWebRequestProto<UnityWebRequestTransport,AtomicRefCounter,RedirectHelper,ResponseHelper,DownloadHandler,UploadHandler,CertificateHandler,HeaderHelper,AsyncOperation>::Release
0x00007ff755fc6605 (Unity) UnityWebRequestAsyncOperation::InvokeCoroutine
0x00007ff755fc67e1 (Unity) UnityWebRequestProto<UnityWebRequestTransport,AtomicRefCounter,RedirectHelper,ResponseHelper,DownloadHandler,UploadHandler,CertificateHandler,HeaderHelper,AsyncOperation>::Job_InvokeCoroutine
0x00007ff75562b54a (Unity) BackgroundJobQueue::ExecuteMainThreadJobs
0x00007ff7556e005f (Unity) PreloadManager::WaitForAllAsyncOperationsToComplete
0x00007ff756ea3af8 (Unity) <lambda_b37b41f03089e3cb3f55061bbc93253d>::operator()
0x00007ff756edf422 (Unity) asio::detail::completion_handler<core::mutable_function<void __cdecl(void)>,asio::io_context::basic_executor_type<std::allocator<void>,0> >::do_complete
0x00007ff756ecb3ce (Unity) asio::detail::win_iocp_io_context::do_one
0x00007ff756ecd034 (Unity) asio::detail::win_iocp_io_context::run
0x00007ff756edd7cc (Unity) IOService::Run
0x00007ff756eb0c2f (Unity) AssetImportWorkerClient::Run
0x00007ff756e7c3d7 (Unity) RunAssetImportWorkerClientV2
0x00007ff756e7c45b (Unity) RunAssetImporterV2
0x00007ff7566731de (Unity) Application::InitializeProject
0x00007ff756b08795 (Unity) WinMain
0x00007ff757ed35ce (Unity) __scrt_common_main_seh
0x00007ffa8b87e8d7 (KERNEL32) BaseThreadInitThunk
0x00007ffa8c1714fc (ntdll) RtlUserThreadStart
Unloading 3349 Unused Serialized files (Serialized files now loaded: 0)
Unloading 18 unused Assets / (29.0 KB). Loaded Objects now: 3980.
Memory consumption went from 132.3 MB to 132.3 MB.
Total: 4.122400 ms (FindLiveObjects: 0.191200 ms CreateObjectMapping: 0.087600 ms MarkObjects: 3.744900 ms  DeleteObjects: 0.097600 ms)

Prepare: number of updated asset objects reloaded= 0
AssetImportParameters requested are different than current active one (requested -> active):
  custom:container-demuxer-ogg: 62fdf1f143b41e24485cea50d1cbac27 -> 
  custom:video-codec-MediaFoundation-h265: 746d11721c4dcdbdad8f713fa42b33f4 -> 
  custom:video-decoder-ogg-theora: a1e56fd34408186e4bbccfd4996cb3dc -> 
  custom:framework-win-MediaFoundation: 216162199b28c13a410421893ffa2e32 -> 
  custom:CustomObjectIndexerAttribute: 9a22284fe3817be447336de3de66b15e -> 
  custom:container-demuxer-webm: 4f35f7cbe854078d1ac9338744f61a02 -> 
  custom:container-muxer-webm: aa71ff27fc2769a1b78a27578f13a17b -> 
  custom:video-decoder-webm-vp8: 9c59270c3fd7afecdb556c50c9e8de78 -> 
  custom:SearchIndexIgnoredProperties: e643bd26f0fe6173181afceb89e7c659 -> 
  custom:AudioImporter_EditorPlatform: d09bf68614088b80899f8185d706f6e7 -> 
  custom:video-encoder-webm-vp8: eb34c28f22e8b96e1ab97ce403110664 -> 
  custom:audio-decoder-ogg-vorbis: bf7c407c2cedff20999df2af8eb42d56 -> 
  custom:audio-encoder-webm-vorbis: bf7c407c2cedff20999df2af8eb42d56 -> 
  custom:scripting/precompiled-assembly-types:Assembly-CSharp: d0e4d9b8e3191607d5c08abaebdab676 -> 2ad395828298d9b165b4e94b19c7f645
========================================================================
Received Prepare
Caller must complete domain reload
Begin MonoManager ReloadAssembly
- Loaded All Assemblies, in  0.394 seconds
Native extension for WindowsStandalone target not found
Native extension for Android target not found
Native extension for WebGL target not found
[Package Manager] Server::EnsureServerProcessIsRunning -- launch failed, reason: Unity was launched with the -noUpm command-line argument
[Package Manager] UpmClient::Send -- Unable to send message (not connected to UPM process).
[Package Manager] Cannot connect to Unity Package Manager local server
Failed to sync packages list
UnityEngine.StackTraceUtility:ExtractStackTrace ()
UnityEngine.DebugLogHandler:LogFormat (UnityEngine.LogType,UnityEngine.Object,string,object[])
UnityEngine.Logger:Log (UnityEngine.LogType,object)
UnityEngine.Debug:LogWarning (object)
 .  / :MoveNext ()
System.Runtime.CompilerServices.AsyncVoidMethodBuilder:Start< .  / > ( .  / &)
 .  :  ()
 .⁪/ :MoveNext ()
System.Runtime.CompilerServices.AsyncTaskMethodBuilder:Start< .⁪/ > ( .⁪/ &)
 .⁪:  ()
System.Reflection.RuntimeMethodInfo:Invoke (object,System.Reflection.BindingFlags,System.Reflection.Binder,object[],System.Globalization.CultureInfo)
System.Reflection.MethodBase:Invoke (object,object[])
UnityEditor.EditorAssemblies:ProcessInitializeOnLoadMethodAttributes ()

Mono: successfully reloaded assembly
- Finished resetting the current domain, in  0.806 seconds
Domain Reload Profiling: 1199ms
	BeginReloadAssembly (131ms)
		ExecutionOrderSort (0ms)
		DisableScriptedObjects (4ms)
		BackupInstance (0ms)
		ReleaseScriptingObjects (0ms)
		CreateAndSetChildDomain (29ms)
	RebuildCommonClasses (30ms)
	RebuildNativeTypeToScriptingClass (11ms)
	initialDomainReloadingComplete (24ms)
	LoadAllAssembliesAndSetupDomain (195ms)
		LoadAssemblies (247ms)
		RebuildTransferFunctionScriptingTraits (0ms)
		AnalyzeDomain (15ms)
			TypeCache.Refresh (6ms)
				TypeCache.ScanAssembly (0ms)
			ScanForSourceGeneratedMonoScriptInfo (0ms)
			ResolveRequiredComponents (6ms)
	FinalizeReload (807ms)
		ReleaseScriptCaches (0ms)
		RebuildScriptCaches (0ms)
		SetupLoadedEditorAssemblies (450ms)
			LogAssemblyErrors (0ms)
			InitializePlatformSupportModulesInManaged (14ms)
			SetLoadedEditorAssemblies (3ms)
			RefreshPlugins (0ms)
			BeforeProcessingInitializeOnLoad (56ms)
			ProcessInitializeOnLoadAttributes (329ms)
			ProcessInitializeOnLoadMethodAttributes (43ms)
			AfterProcessingInitializeOnLoad (4ms)
			EditorAssembliesLoaded (0ms)
		ExecutionOrderSort2 (0ms)
		AwakeInstancesAfterBackupRestoration (7ms)
Refreshing native plugins compatible for Editor in 4.59 ms, found 6 plugins.
Preloading 0 native plugins for Editor in 0.00 ms.
Release of invalid GC handle. The handle is from a previous domain. The release operation is skipped.
Release of invalid GC handle native callstack: 
0x00007ff755b0424d (Unity) StackWalker::GetCurrentCallstack
0x00007ff755b09329 (Unity) StackWalker::ShowCallstack
0x00007ff756afdae1 (Unity) GetStacktrace
0x00007ff7559ff20d (Unity) ScriptingGCHandle::ReleaseAndClear
0x00007ff755fc748c (Unity) UploadHandlerRaw::`vector deleting destructor'
0x00007ff755fc803d (Unity) UploadHandler::Release
0x00007ff755fc48dd (Unity) UnityWebRequestProto<UnityWebRequestTransport,AtomicRefCounter,RedirectHelper,ResponseHelper,DownloadHandler,UploadHandler,CertificateHandler,HeaderHelper,AsyncOperation>::~UnityWebRequestProto<UnityWebRequestTransport,AtomicRefCounter,RedirectHelper,ResponseHelper,DownloadHandler,UploadHandler,CertificateHandler,HeaderHelper,AsyncOperation>
0x00007ff755fc4bd6 (Unity) UnityWebRequest::`vector deleting destructor'
0x00007ff754d14b77 (Unity) UnityWebRequestProto<UnityWebRequestTransport,AtomicRefCounter,RedirectHelper,ResponseHelper,DownloadHandler,UploadHandler,CertificateHandler,HeaderHelper,AsyncOperation>::Release
0x00007ff755fc6605 (Unity) UnityWebRequestAsyncOperation::InvokeCoroutine
0x00007ff755fc67e1 (Unity) UnityWebRequestProto<UnityWebRequestTransport,AtomicRefCounter,RedirectHelper,ResponseHelper,DownloadHandler,UploadHandler,CertificateHandler,HeaderHelper,AsyncOperation>::Job_InvokeCoroutine
0x00007ff75562b54a (Unity) BackgroundJobQueue::ExecuteMainThreadJobs
0x00007ff7556e005f (Unity) PreloadManager::WaitForAllAsyncOperationsToComplete
0x00007ff756ea3af8 (Unity) <lambda_b37b41f03089e3cb3f55061bbc93253d>::operator()
0x00007ff756edf422 (Unity) asio::detail::completion_handler<core::mutable_function<void __cdecl(void)>,asio::io_context::basic_executor_type<std::allocator<void>,0> >::do_complete
0x00007ff756ecb3ce (Unity) asio::detail::win_iocp_io_context::do_one
0x00007ff756ecd034 (Unity) asio::detail::win_iocp_io_context::run
0x00007ff756edd7cc (Unity) IOService::Run
0x00007ff756eb0c2f (Unity) AssetImportWorkerClient::Run
0x00007ff756e7c3d7 (Unity) RunAssetImportWorkerClientV2
0x00007ff756e7c45b (Unity) RunAssetImporterV2
0x00007ff7566731de (Unity) Application::InitializeProject
0x00007ff756b08795 (Unity) WinMain
0x00007ff757ed35ce (Unity) __scrt_common_main_seh
0x00007ffa8b87e8d7 (KERNEL32) BaseThreadInitThunk
0x00007ffa8c1714fc (ntdll) RtlUserThreadStart
Unloading 3349 Unused Serialized files (Serialized files now loaded: 0)
Unloading 18 unused Assets / (29.0 KB). Loaded Objects now: 3985.
Memory consumption went from 132.5 MB to 132.5 MB.
Total: 4.945800 ms (FindLiveObjects: 0.180000 ms CreateObjectMapping: 0.075800 ms MarkObjects: 4.642500 ms  DeleteObjects: 0.046700 ms)

Prepare: number of updated asset objects reloaded= 0
AssetImportParameters requested are different than current active one (requested -> active):
  custom:container-demuxer-ogg: 62fdf1f143b41e24485cea50d1cbac27 -> 
  custom:video-codec-MediaFoundation-h265: 746d11721c4dcdbdad8f713fa42b33f4 -> 
  custom:video-decoder-ogg-theora: a1e56fd34408186e4bbccfd4996cb3dc -> 
  custom:framework-win-MediaFoundation: 216162199b28c13a410421893ffa2e32 -> 
  custom:CustomObjectIndexerAttribute: 9a22284fe3817be447336de3de66b15e -> 
  custom:container-demuxer-webm: 4f35f7cbe854078d1ac9338744f61a02 -> 
  custom:container-muxer-webm: aa71ff27fc2769a1b78a27578f13a17b -> 
  custom:video-decoder-webm-vp8: 9c59270c3fd7afecdb556c50c9e8de78 -> 
  custom:SearchIndexIgnoredProperties: e643bd26f0fe6173181afceb89e7c659 -> 
  custom:AudioImporter_EditorPlatform: d09bf68614088b80899f8185d706f6e7 -> 
  custom:video-encoder-webm-vp8: eb34c28f22e8b96e1ab97ce403110664 -> 
  custom:audio-decoder-ogg-vorbis: bf7c407c2cedff20999df2af8eb42d56 -> 
  custom:audio-encoder-webm-vorbis: bf7c407c2cedff20999df2af8eb42d56 -> 
  custom:scripting/precompiled-assembly-types:Assembly-CSharp: d0e4d9b8e3191607d5c08abaebdab676 -> 2ad395828298d9b165b4e94b19c7f645
========================================================================
Received Prepare
Caller must complete domain reload
Begin MonoManager ReloadAssembly
- Loaded All Assemblies, in  0.830 seconds
Native extension for WindowsStandalone target not found
Native extension for Android target not found
Native extension for WebGL target not found
[Package Manager] Server::EnsureServerProcessIsRunning -- launch failed, reason: Unity was launched with the -noUpm command-line argument
[Package Manager] UpmClient::Send -- Unable to send message (not connected to UPM process).
[Package Manager] Cannot connect to Unity Package Manager local server
Failed to sync packages list
UnityEngine.StackTraceUtility:ExtractStackTrace ()
UnityEngine.DebugLogHandler:LogFormat (UnityEngine.LogType,UnityEngine.Object,string,object[])
UnityEngine.Logger:Log (UnityEngine.LogType,object)
UnityEngine.Debug:LogWarning (object)
 .  / :MoveNext ()
System.Runtime.CompilerServices.AsyncVoidMethodBuilder:Start< .  / > ( .  / &)
 .  :  ()
 .⁪/ :MoveNext ()
System.Runtime.CompilerServices.AsyncTaskMethodBuilder:Start< .⁪/ > ( .⁪/ &)
 .⁪:  ()
System.Reflection.RuntimeMethodInfo:Invoke (object,System.Reflection.BindingFlags,System.Reflection.Binder,object[],System.Globalization.CultureInfo)
System.Reflection.MethodBase:Invoke (object,object[])
UnityEditor.EditorAssemblies:ProcessInitializeOnLoadMethodAttributes ()

Mono: successfully reloaded assembly
- Finished resetting the current domain, in  1.667 seconds
Domain Reload Profiling: 2493ms
	BeginReloadAssembly (260ms)
		ExecutionOrderSort (0ms)
		DisableScriptedObjects (10ms)
		BackupInstance (0ms)
		ReleaseScriptingObjects (0ms)
		CreateAndSetChildDomain (50ms)
	RebuildCommonClasses (57ms)
	RebuildNativeTypeToScriptingClass (18ms)
	initialDomainReloadingComplete (62ms)
	LoadAllAssembliesAndSetupDomain (427ms)
		LoadAssemblies (519ms)
		RebuildTransferFunctionScriptingTraits (0ms)
		AnalyzeDomain (53ms)
			TypeCache.Refresh (25ms)
				TypeCache.ScanAssembly (1ms)
			ScanForSourceGeneratedMonoScriptInfo (13ms)
			ResolveRequiredComponents (12ms)
	FinalizeReload (1667ms)
		ReleaseScriptCaches (0ms)
		RebuildScriptCaches (0ms)
		SetupLoadedEditorAssemblies (779ms)
			LogAssemblyErrors (0ms)
			InitializePlatformSupportModulesInManaged (35ms)
			SetLoadedEditorAssemblies (7ms)
			RefreshPlugins (0ms)
			BeforeProcessingInitializeOnLoad (123ms)
			ProcessInitializeOnLoadAttributes (560ms)
			ProcessInitializeOnLoadMethodAttributes (49ms)
			AfterProcessingInitializeOnLoad (4ms)
			EditorAssembliesLoaded (0ms)
		ExecutionOrderSort2 (0ms)
		AwakeInstancesAfterBackupRestoration (6ms)
Refreshing native plugins compatible for Editor in 4.37 ms, found 6 plugins.
Preloading 0 native plugins for Editor in 0.00 ms.
Release of invalid GC handle. The handle is from a previous domain. The release operation is skipped.
Release of invalid GC handle native callstack: 
0x00007ff755b0424d (Unity) StackWalker::GetCurrentCallstack
0x00007ff755b09329 (Unity) StackWalker::ShowCallstack
0x00007ff756afdae1 (Unity) GetStacktrace
0x00007ff7559ff20d (Unity) ScriptingGCHandle::ReleaseAndClear
0x00007ff755fc748c (Unity) UploadHandlerRaw::`vector deleting destructor'
0x00007ff755fc803d (Unity) UploadHandler::Release
0x00007ff755fc48dd (Unity) UnityWebRequestProto<UnityWebRequestTransport,AtomicRefCounter,RedirectHelper,ResponseHelper,DownloadHandler,UploadHandler,CertificateHandler,HeaderHelper,AsyncOperation>::~UnityWebRequestProto<UnityWebRequestTransport,AtomicRefCounter,RedirectHelper,ResponseHelper,DownloadHandler,UploadHandler,CertificateHandler,HeaderHelper,AsyncOperation>
0x00007ff755fc4bd6 (Unity) UnityWebRequest::`vector deleting destructor'
0x00007ff754d14b77 (Unity) UnityWebRequestProto<UnityWebRequestTransport,AtomicRefCounter,RedirectHelper,ResponseHelper,DownloadHandler,UploadHandler,CertificateHandler,HeaderHelper,AsyncOperation>::Release
0x00007ff755fc6605 (Unity) UnityWebRequestAsyncOperation::InvokeCoroutine
0x00007ff755fc67e1 (Unity) UnityWebRequestProto<UnityWebRequestTransport,AtomicRefCounter,RedirectHelper,ResponseHelper,DownloadHandler,UploadHandler,CertificateHandler,HeaderHelper,AsyncOperation>::Job_InvokeCoroutine
0x00007ff75562b54a (Unity) BackgroundJobQueue::ExecuteMainThreadJobs
0x00007ff7556e005f (Unity) PreloadManager::WaitForAllAsyncOperationsToComplete
0x00007ff756ea3af8 (Unity) <lambda_b37b41f03089e3cb3f55061bbc93253d>::operator()
0x00007ff756edf422 (Unity) asio::detail::completion_handler<core::mutable_function<void __cdecl(void)>,asio::io_context::basic_executor_type<std::allocator<void>,0> >::do_complete
0x00007ff756ecb3ce (Unity) asio::detail::win_iocp_io_context::do_one
0x00007ff756ecd034 (Unity) asio::detail::win_iocp_io_context::run
0x00007ff756edd7cc (Unity) IOService::Run
0x00007ff756eb0c2f (Unity) AssetImportWorkerClient::Run
0x00007ff756e7c3d7 (Unity) RunAssetImportWorkerClientV2
0x00007ff756e7c45b (Unity) RunAssetImporterV2
0x00007ff7566731de (Unity) Application::InitializeProject
0x00007ff756b08795 (Unity) WinMain
0x00007ff757ed35ce (Unity) __scrt_common_main_seh
0x00007ffa8b87e8d7 (KERNEL32) BaseThreadInitThunk
0x00007ffa8c1714fc (ntdll) RtlUserThreadStart
Unloading 3349 Unused Serialized files (Serialized files now loaded: 0)
Unloading 18 unused Assets / (29.0 KB). Loaded Objects now: 3990.
Memory consumption went from 132.6 MB to 132.6 MB.
Total: 3.311500 ms (FindLiveObjects: 0.256300 ms CreateObjectMapping: 0.115000 ms MarkObjects: 2.891200 ms  DeleteObjects: 0.048100 ms)

Prepare: number of updated asset objects reloaded= 0
AssetImportParameters requested are different than current active one (requested -> active):
  custom:container-demuxer-ogg: 62fdf1f143b41e24485cea50d1cbac27 -> 
  custom:video-codec-MediaFoundation-h265: 746d11721c4dcdbdad8f713fa42b33f4 -> 
  custom:video-decoder-ogg-theora: a1e56fd34408186e4bbccfd4996cb3dc -> 
  custom:framework-win-MediaFoundation: 216162199b28c13a410421893ffa2e32 -> 
  custom:CustomObjectIndexerAttribute: 9a22284fe3817be447336de3de66b15e -> 
  custom:container-demuxer-webm: 4f35f7cbe854078d1ac9338744f61a02 -> 
  custom:container-muxer-webm: aa71ff27fc2769a1b78a27578f13a17b -> 
  custom:video-decoder-webm-vp8: 9c59270c3fd7afecdb556c50c9e8de78 -> 
  custom:SearchIndexIgnoredProperties: e643bd26f0fe6173181afceb89e7c659 -> 
  custom:AudioImporter_EditorPlatform: d09bf68614088b80899f8185d706f6e7 -> 
  custom:video-encoder-webm-vp8: eb34c28f22e8b96e1ab97ce403110664 -> 
  custom:audio-decoder-ogg-vorbis: bf7c407c2cedff20999df2af8eb42d56 -> 
  custom:audio-encoder-webm-vorbis: bf7c407c2cedff20999df2af8eb42d56 -> 
  custom:scripting/precompiled-assembly-types:Assembly-CSharp: d0e4d9b8e3191607d5c08abaebdab676 -> 2ad395828298d9b165b4e94b19c7f645
========================================================================
Received Prepare
Caller must complete domain reload
Begin MonoManager ReloadAssembly
- Loaded All Assemblies, in  0.401 seconds
Native extension for WindowsStandalone target not found
Native extension for Android target not found
Native extension for WebGL target not found
[Package Manager] Server::EnsureServerProcessIsRunning -- launch failed, reason: Unity was launched with the -noUpm command-line argument
[Package Manager] UpmClient::Send -- Unable to send message (not connected to UPM process).
[Package Manager] Cannot connect to Unity Package Manager local server
Failed to sync packages list
UnityEngine.StackTraceUtility:ExtractStackTrace ()
UnityEngine.DebugLogHandler:LogFormat (UnityEngine.LogType,UnityEngine.Object,string,object[])
UnityEngine.Logger:Log (UnityEngine.LogType,object)
UnityEngine.Debug:LogWarning (object)
 .  / :MoveNext ()
System.Runtime.CompilerServices.AsyncVoidMethodBuilder:Start< .  / > ( .  / &)
 .  :  ()
 .⁪/ :MoveNext ()
System.Runtime.CompilerServices.AsyncTaskMethodBuilder:Start< .⁪/ > ( .⁪/ &)
 .⁪:  ()
System.Reflection.RuntimeMethodInfo:Invoke (object,System.Reflection.BindingFlags,System.Reflection.Binder,object[],System.Globalization.CultureInfo)
System.Reflection.MethodBase:Invoke (object,object[])
UnityEditor.EditorAssemblies:ProcessInitializeOnLoadMethodAttributes ()

Mono: successfully reloaded assembly
- Finished resetting the current domain, in  0.896 seconds
Domain Reload Profiling: 1302ms
	BeginReloadAssembly (133ms)
		ExecutionOrderSort (0ms)
		DisableScriptedObjects (5ms)
		BackupInstance (0ms)
		ReleaseScriptingObjects (0ms)
		CreateAndSetChildDomain (29ms)
	RebuildCommonClasses (32ms)
	RebuildNativeTypeToScriptingClass (9ms)
	initialDomainReloadingComplete (22ms)
	LoadAllAssembliesAndSetupDomain (202ms)
		LoadAssemblies (260ms)
		RebuildTransferFunctionScriptingTraits (0ms)
		AnalyzeDomain (12ms)
			TypeCache.Refresh (5ms)
				TypeCache.ScanAssembly (0ms)
			ScanForSourceGeneratedMonoScriptInfo (0ms)
			ResolveRequiredComponents (5ms)
	FinalizeReload (903ms)
		ReleaseScriptCaches (0ms)
		RebuildScriptCaches (0ms)
		SetupLoadedEditorAssemblies (488ms)
			LogAssemblyErrors (0ms)
			InitializePlatformSupportModulesInManaged (22ms)
			SetLoadedEditorAssemblies (3ms)
			RefreshPlugins (0ms)
			BeforeProcessingInitializeOnLoad (57ms)
			ProcessInitializeOnLoadAttributes (358ms)
			ProcessInitializeOnLoadMethodAttributes (44ms)
			AfterProcessingInitializeOnLoad (4ms)
			EditorAssembliesLoaded (0ms)
		ExecutionOrderSort2 (0ms)
		AwakeInstancesAfterBackupRestoration (8ms)
Refreshing native plugins compatible for Editor in 3.52 ms, found 6 plugins.
Preloading 0 native plugins for Editor in 0.00 ms.
Release of invalid GC handle. The handle is from a previous domain. The release operation is skipped.
Release of invalid GC handle native callstack: 
0x00007ff755b0424d (Unity) StackWalker::GetCurrentCallstack
0x00007ff755b09329 (Unity) StackWalker::ShowCallstack
0x00007ff756afdae1 (Unity) GetStacktrace
0x00007ff7559ff20d (Unity) ScriptingGCHandle::ReleaseAndClear
0x00007ff755fc748c (Unity) UploadHandlerRaw::`vector deleting destructor'
0x00007ff755fc803d (Unity) UploadHandler::Release
0x00007ff755fc48dd (Unity) UnityWebRequestProto<UnityWebRequestTransport,AtomicRefCounter,RedirectHelper,ResponseHelper,DownloadHandler,UploadHandler,CertificateHandler,HeaderHelper,AsyncOperation>::~UnityWebRequestProto<UnityWebRequestTransport,AtomicRefCounter,RedirectHelper,ResponseHelper,DownloadHandler,UploadHandler,CertificateHandler,HeaderHelper,AsyncOperation>
0x00007ff755fc4bd6 (Unity) UnityWebRequest::`vector deleting destructor'
0x00007ff754d14b77 (Unity) UnityWebRequestProto<UnityWebRequestTransport,AtomicRefCounter,RedirectHelper,ResponseHelper,DownloadHandler,UploadHandler,CertificateHandler,HeaderHelper,AsyncOperation>::Release
0x00007ff755fc6605 (Unity) UnityWebRequestAsyncOperation::InvokeCoroutine
0x00007ff755fc67e1 (Unity) UnityWebRequestProto<UnityWebRequestTransport,AtomicRefCounter,RedirectHelper,ResponseHelper,DownloadHandler,UploadHandler,CertificateHandler,HeaderHelper,AsyncOperation>::Job_InvokeCoroutine
0x00007ff75562b54a (Unity) BackgroundJobQueue::ExecuteMainThreadJobs
0x00007ff7556e005f (Unity) PreloadManager::WaitForAllAsyncOperationsToComplete
0x00007ff756ea3af8 (Unity) <lambda_b37b41f03089e3cb3f55061bbc93253d>::operator()
0x00007ff756edf422 (Unity) asio::detail::completion_handler<core::mutable_function<void __cdecl(void)>,asio::io_context::basic_executor_type<std::allocator<void>,0> >::do_complete
0x00007ff756ecb3ce (Unity) asio::detail::win_iocp_io_context::do_one
0x00007ff756ecd034 (Unity) asio::detail::win_iocp_io_context::run
0x00007ff756edd7cc (Unity) IOService::Run
0x00007ff756eb0c2f (Unity) AssetImportWorkerClient::Run
0x00007ff756e7c3d7 (Unity) RunAssetImportWorkerClientV2
0x00007ff756e7c45b (Unity) RunAssetImporterV2
0x00007ff7566731de (Unity) Application::InitializeProject
0x00007ff756b08795 (Unity) WinMain
0x00007ff757ed35ce (Unity) __scrt_common_main_seh
0x00007ffa8b87e8d7 (KERNEL32) BaseThreadInitThunk
0x00007ffa8c1714fc (ntdll) RtlUserThreadStart
Unloading 3349 Unused Serialized files (Serialized files now loaded: 0)
Unloading 18 unused Assets / (29.0 KB). Loaded Objects now: 3995.
Memory consumption went from 132.8 MB to 132.8 MB.
Total: 3.586500 ms (FindLiveObjects: 0.229800 ms CreateObjectMapping: 0.207200 ms MarkObjects: 3.104400 ms  DeleteObjects: 0.044000 ms)

Prepare: number of updated asset objects reloaded= 0
AssetImportParameters requested are different than current active one (requested -> active):
  custom:container-demuxer-ogg: 62fdf1f143b41e24485cea50d1cbac27 -> 
  custom:video-codec-MediaFoundation-h265: 746d11721c4dcdbdad8f713fa42b33f4 -> 
  custom:video-decoder-ogg-theora: a1e56fd34408186e4bbccfd4996cb3dc -> 
  custom:framework-win-MediaFoundation: 216162199b28c13a410421893ffa2e32 -> 
  custom:CustomObjectIndexerAttribute: 9a22284fe3817be447336de3de66b15e -> 
  custom:container-demuxer-webm: 4f35f7cbe854078d1ac9338744f61a02 -> 
  custom:container-muxer-webm: aa71ff27fc2769a1b78a27578f13a17b -> 
  custom:video-decoder-webm-vp8: 9c59270c3fd7afecdb556c50c9e8de78 -> 
  custom:SearchIndexIgnoredProperties: e643bd26f0fe6173181afceb89e7c659 -> 
  custom:AudioImporter_EditorPlatform: d09bf68614088b80899f8185d706f6e7 -> 
  custom:video-encoder-webm-vp8: eb34c28f22e8b96e1ab97ce403110664 -> 
  custom:audio-decoder-ogg-vorbis: bf7c407c2cedff20999df2af8eb42d56 -> 
  custom:audio-encoder-webm-vorbis: bf7c407c2cedff20999df2af8eb42d56 -> 
  custom:scripting/precompiled-assembly-types:Assembly-CSharp: d0e4d9b8e3191607d5c08abaebdab676 -> 2ad395828298d9b165b4e94b19c7f645
========================================================================
Received Prepare
Caller must complete domain reload
Begin MonoManager ReloadAssembly
- Loaded All Assemblies, in  0.402 seconds
Native extension for WindowsStandalone target not found
Native extension for Android target not found
Native extension for WebGL target not found
[Package Manager] Server::EnsureServerProcessIsRunning -- launch failed, reason: Unity was launched with the -noUpm command-line argument
[Package Manager] UpmClient::Send -- Unable to send message (not connected to UPM process).
[Package Manager] Cannot connect to Unity Package Manager local server
Failed to sync packages list
UnityEngine.StackTraceUtility:ExtractStackTrace ()
UnityEngine.DebugLogHandler:LogFormat (UnityEngine.LogType,UnityEngine.Object,string,object[])
UnityEngine.Logger:Log (UnityEngine.LogType,object)
UnityEngine.Debug:LogWarning (object)
 .  / :MoveNext ()
System.Runtime.CompilerServices.AsyncVoidMethodBuilder:Start< .  / > ( .  / &)
 .  :  ()
 .⁪/ :MoveNext ()
System.Runtime.CompilerServices.AsyncTaskMethodBuilder:Start< .⁪/ > ( .⁪/ &)
 .⁪:  ()
System.Reflection.RuntimeMethodInfo:Invoke (object,System.Reflection.BindingFlags,System.Reflection.Binder,object[],System.Globalization.CultureInfo)
System.Reflection.MethodBase:Invoke (object,object[])
UnityEditor.EditorAssemblies:ProcessInitializeOnLoadMethodAttributes ()

Mono: successfully reloaded assembly
- Finished resetting the current domain, in  0.827 seconds
Domain Reload Profiling: 1228ms
	BeginReloadAssembly (132ms)
		ExecutionOrderSort (0ms)
		DisableScriptedObjects (6ms)
		BackupInstance (0ms)
		ReleaseScriptingObjects (0ms)
		CreateAndSetChildDomain (28ms)
	RebuildCommonClasses (31ms)
	RebuildNativeTypeToScriptingClass (8ms)
	initialDomainReloadingComplete (22ms)
	LoadAllAssembliesAndSetupDomain (206ms)
		LoadAssemblies (261ms)
		RebuildTransferFunctionScriptingTraits (0ms)
		AnalyzeDomain (14ms)
			TypeCache.Refresh (6ms)
				TypeCache.ScanAssembly (0ms)
			ScanForSourceGeneratedMonoScriptInfo (0ms)
			ResolveRequiredComponents (5ms)
	FinalizeReload (828ms)
		ReleaseScriptCaches (0ms)
		RebuildScriptCaches (0ms)
		SetupLoadedEditorAssemblies (477ms)
			LogAssemblyErrors (0ms)
			InitializePlatformSupportModulesInManaged (16ms)
			SetLoadedEditorAssemblies (4ms)
			RefreshPlugins (0ms)
			BeforeProcessingInitializeOnLoad (58ms)
			ProcessInitializeOnLoadAttributes (351ms)
			ProcessInitializeOnLoadMethodAttributes (44ms)
			AfterProcessingInitializeOnLoad (4ms)
			EditorAssembliesLoaded (0ms)
		ExecutionOrderSort2 (0ms)
		AwakeInstancesAfterBackupRestoration (6ms)
Refreshing native plugins compatible for Editor in 3.92 ms, found 6 plugins.
Preloading 0 native plugins for Editor in 0.00 ms.
Release of invalid GC handle. The handle is from a previous domain. The release operation is skipped.
Release of invalid GC handle native callstack: 
0x00007ff755b0424d (Unity) StackWalker::GetCurrentCallstack
0x00007ff755b09329 (Unity) StackWalker::ShowCallstack
0x00007ff756afdae1 (Unity) GetStacktrace
0x00007ff7559ff20d (Unity) ScriptingGCHandle::ReleaseAndClear
0x00007ff755fc748c (Unity) UploadHandlerRaw::`vector deleting destructor'
0x00007ff755fc803d (Unity) UploadHandler::Release
0x00007ff755fc48dd (Unity) UnityWebRequestProto<UnityWebRequestTransport,AtomicRefCounter,RedirectHelper,ResponseHelper,DownloadHandler,UploadHandler,CertificateHandler,HeaderHelper,AsyncOperation>::~UnityWebRequestProto<UnityWebRequestTransport,AtomicRefCounter,RedirectHelper,ResponseHelper,DownloadHandler,UploadHandler,CertificateHandler,HeaderHelper,AsyncOperation>
0x00007ff755fc4bd6 (Unity) UnityWebRequest::`vector deleting destructor'
0x00007ff754d14b77 (Unity) UnityWebRequestProto<UnityWebRequestTransport,AtomicRefCounter,RedirectHelper,ResponseHelper,DownloadHandler,UploadHandler,CertificateHandler,HeaderHelper,AsyncOperation>::Release
0x00007ff755fc6605 (Unity) UnityWebRequestAsyncOperation::InvokeCoroutine
0x00007ff755fc67e1 (Unity) UnityWebRequestProto<UnityWebRequestTransport,AtomicRefCounter,RedirectHelper,ResponseHelper,DownloadHandler,UploadHandler,CertificateHandler,HeaderHelper,AsyncOperation>::Job_InvokeCoroutine
0x00007ff75562b54a (Unity) BackgroundJobQueue::ExecuteMainThreadJobs
0x00007ff7556e005f (Unity) PreloadManager::WaitForAllAsyncOperationsToComplete
0x00007ff756ea3af8 (Unity) <lambda_b37b41f03089e3cb3f55061bbc93253d>::operator()
0x00007ff756edf422 (Unity) asio::detail::completion_handler<core::mutable_function<void __cdecl(void)>,asio::io_context::basic_executor_type<std::allocator<void>,0> >::do_complete
0x00007ff756ecb3ce (Unity) asio::detail::win_iocp_io_context::do_one
0x00007ff756ecd034 (Unity) asio::detail::win_iocp_io_context::run
0x00007ff756edd7cc (Unity) IOService::Run
0x00007ff756eb0c2f (Unity) AssetImportWorkerClient::Run
0x00007ff756e7c3d7 (Unity) RunAssetImportWorkerClientV2
0x00007ff756e7c45b (Unity) RunAssetImporterV2
0x00007ff7566731de (Unity) Application::InitializeProject
0x00007ff756b08795 (Unity) WinMain
0x00007ff757ed35ce (Unity) __scrt_common_main_seh
0x00007ffa8b87e8d7 (KERNEL32) BaseThreadInitThunk
0x00007ffa8c1714fc (ntdll) RtlUserThreadStart
Unloading 3349 Unused Serialized files (Serialized files now loaded: 0)
Unloading 18 unused Assets / (30.6 KB). Loaded Objects now: 4000.
Memory consumption went from 132.9 MB to 132.9 MB.
Total: 3.457600 ms (FindLiveObjects: 0.192300 ms CreateObjectMapping: 0.084800 ms MarkObjects: 3.129600 ms  DeleteObjects: 0.049800 ms)

Prepare: number of updated asset objects reloaded= 0
AssetImportParameters requested are different than current active one (requested -> active):
  custom:container-demuxer-ogg: 62fdf1f143b41e24485cea50d1cbac27 -> 
  custom:video-codec-MediaFoundation-h265: 746d11721c4dcdbdad8f713fa42b33f4 -> 
  custom:video-decoder-ogg-theora: a1e56fd34408186e4bbccfd4996cb3dc -> 
  custom:framework-win-MediaFoundation: 216162199b28c13a410421893ffa2e32 -> 
  custom:CustomObjectIndexerAttribute: 9a22284fe3817be447336de3de66b15e -> 
  custom:container-demuxer-webm: 4f35f7cbe854078d1ac9338744f61a02 -> 
  custom:container-muxer-webm: aa71ff27fc2769a1b78a27578f13a17b -> 
  custom:video-decoder-webm-vp8: 9c59270c3fd7afecdb556c50c9e8de78 -> 
  custom:SearchIndexIgnoredProperties: e643bd26f0fe6173181afceb89e7c659 -> 
  custom:AudioImporter_EditorPlatform: d09bf68614088b80899f8185d706f6e7 -> 
  custom:video-encoder-webm-vp8: eb34c28f22e8b96e1ab97ce403110664 -> 
  custom:audio-decoder-ogg-vorbis: bf7c407c2cedff20999df2af8eb42d56 -> 
  custom:audio-encoder-webm-vorbis: bf7c407c2cedff20999df2af8eb42d56 -> 
  custom:scripting/precompiled-assembly-types:Assembly-CSharp: d0e4d9b8e3191607d5c08abaebdab676 -> 2ad395828298d9b165b4e94b19c7f645
========================================================================
Received Prepare
Caller must complete domain reload
Begin MonoManager ReloadAssembly
- Loaded All Assemblies, in  0.611 seconds
Native extension for WindowsStandalone target not found
Native extension for Android target not found
Native extension for WebGL target not found
[Package Manager] Server::EnsureServerProcessIsRunning -- launch failed, reason: Unity was launched with the -noUpm command-line argument
[Package Manager] UpmClient::Send -- Unable to send message (not connected to UPM process).
[Package Manager] Cannot connect to Unity Package Manager local server
Failed to sync packages list
UnityEngine.StackTraceUtility:ExtractStackTrace ()
UnityEngine.DebugLogHandler:LogFormat (UnityEngine.LogType,UnityEngine.Object,string,object[])
UnityEngine.Logger:Log (UnityEngine.LogType,object)
UnityEngine.Debug:LogWarning (object)
 .  / :MoveNext ()
System.Runtime.CompilerServices.AsyncVoidMethodBuilder:Start< .  / > ( .  / &)
 .  :  ()
 .⁪/ :MoveNext ()
System.Runtime.CompilerServices.AsyncTaskMethodBuilder:Start< .⁪/ > ( .⁪/ &)
 .⁪:  ()
System.Reflection.RuntimeMethodInfo:Invoke (object,System.Reflection.BindingFlags,System.Reflection.Binder,object[],System.Globalization.CultureInfo)
System.Reflection.MethodBase:Invoke (object,object[])
UnityEditor.EditorAssemblies:ProcessInitializeOnLoadMethodAttributes ()

Mono: successfully reloaded assembly
- Finished resetting the current domain, in  1.289 seconds
Domain Reload Profiling: 1898ms
	BeginReloadAssembly (219ms)
		ExecutionOrderSort (0ms)
		DisableScriptedObjects (7ms)
		BackupInstance (0ms)
		ReleaseScriptingObjects (0ms)
		CreateAndSetChildDomain (57ms)
	RebuildCommonClasses (50ms)
	RebuildNativeTypeToScriptingClass (12ms)
	initialDomainReloadingComplete (40ms)
	LoadAllAssembliesAndSetupDomain (287ms)
		LoadAssemblies (370ms)
		RebuildTransferFunctionScriptingTraits (0ms)
		AnalyzeDomain (28ms)
			TypeCache.Refresh (10ms)
				TypeCache.ScanAssembly (0ms)
			ScanForSourceGeneratedMonoScriptInfo (9ms)
			ResolveRequiredComponents (7ms)
	FinalizeReload (1290ms)
		ReleaseScriptCaches (0ms)
		RebuildScriptCaches (0ms)
		SetupLoadedEditorAssemblies (675ms)
			LogAssemblyErrors (0ms)
			InitializePlatformSupportModulesInManaged (23ms)
			SetLoadedEditorAssemblies (6ms)
			RefreshPlugins (0ms)
			BeforeProcessingInitializeOnLoad (75ms)
			ProcessInitializeOnLoadAttributes (509ms)
			ProcessInitializeOnLoadMethodAttributes (57ms)
			AfterProcessingInitializeOnLoad (5ms)
			EditorAssembliesLoaded (0ms)
		ExecutionOrderSort2 (0ms)
		AwakeInstancesAfterBackupRestoration (7ms)
Refreshing native plugins compatible for Editor in 4.62 ms, found 6 plugins.
Preloading 0 native plugins for Editor in 0.00 ms.
Release of invalid GC handle. The handle is from a previous domain. The release operation is skipped.
Release of invalid GC handle native callstack: 
0x00007ff755b0424d (Unity) StackWalker::GetCurrentCallstack
0x00007ff755b09329 (Unity) StackWalker::ShowCallstack
0x00007ff756afdae1 (Unity) GetStacktrace
0x00007ff7559ff20d (Unity) ScriptingGCHandle::ReleaseAndClear
0x00007ff755fc748c (Unity) UploadHandlerRaw::`vector deleting destructor'
0x00007ff755fc803d (Unity) UploadHandler::Release
0x00007ff755fc48dd (Unity) UnityWebRequestProto<UnityWebRequestTransport,AtomicRefCounter,RedirectHelper,ResponseHelper,DownloadHandler,UploadHandler,CertificateHandler,HeaderHelper,AsyncOperation>::~UnityWebRequestProto<UnityWebRequestTransport,AtomicRefCounter,RedirectHelper,ResponseHelper,DownloadHandler,UploadHandler,CertificateHandler,HeaderHelper,AsyncOperation>
0x00007ff755fc4bd6 (Unity) UnityWebRequest::`vector deleting destructor'
0x00007ff754d14b77 (Unity) UnityWebRequestProto<UnityWebRequestTransport,AtomicRefCounter,RedirectHelper,ResponseHelper,DownloadHandler,UploadHandler,CertificateHandler,HeaderHelper,AsyncOperation>::Release
0x00007ff755fc6605 (Unity) UnityWebRequestAsyncOperation::InvokeCoroutine
0x00007ff755fc67e1 (Unity) UnityWebRequestProto<UnityWebRequestTransport,AtomicRefCounter,RedirectHelper,ResponseHelper,DownloadHandler,UploadHandler,CertificateHandler,HeaderHelper,AsyncOperation>::Job_InvokeCoroutine
0x00007ff75562b54a (Unity) BackgroundJobQueue::ExecuteMainThreadJobs
0x00007ff7556e005f (Unity) PreloadManager::WaitForAllAsyncOperationsToComplete
0x00007ff756ea3af8 (Unity) <lambda_b37b41f03089e3cb3f55061bbc93253d>::operator()
0x00007ff756edf422 (Unity) asio::detail::completion_handler<core::mutable_function<void __cdecl(void)>,asio::io_context::basic_executor_type<std::allocator<void>,0> >::do_complete
0x00007ff756ecb3ce (Unity) asio::detail::win_iocp_io_context::do_one
0x00007ff756ecd034 (Unity) asio::detail::win_iocp_io_context::run
0x00007ff756edd7cc (Unity) IOService::Run
0x00007ff756eb0c2f (Unity) AssetImportWorkerClient::Run
0x00007ff756e7c3d7 (Unity) RunAssetImportWorkerClientV2
0x00007ff756e7c45b (Unity) RunAssetImporterV2
0x00007ff7566731de (Unity) Application::InitializeProject
0x00007ff756b08795 (Unity) WinMain
0x00007ff757ed35ce (Unity) __scrt_common_main_seh
0x00007ffa8b87e8d7 (KERNEL32) BaseThreadInitThunk
0x00007ffa8c1714fc (ntdll) RtlUserThreadStart
Unloading 3349 Unused Serialized files (Serialized files now loaded: 0)
Unloading 18 unused Assets / (29.0 KB). Loaded Objects now: 4005.
Memory consumption went from 133.1 MB to 133.1 MB.
Total: 5.192800 ms (FindLiveObjects: 0.261800 ms CreateObjectMapping: 0.109600 ms MarkObjects: 4.763000 ms  DeleteObjects: 0.057100 ms)

Prepare: number of updated asset objects reloaded= 0
AssetImportParameters requested are different than current active one (requested -> active):
  custom:container-demuxer-ogg: 62fdf1f143b41e24485cea50d1cbac27 -> 
  custom:video-codec-MediaFoundation-h265: 746d11721c4dcdbdad8f713fa42b33f4 -> 
  custom:video-decoder-ogg-theora: a1e56fd34408186e4bbccfd4996cb3dc -> 
  custom:framework-win-MediaFoundation: 216162199b28c13a410421893ffa2e32 -> 
  custom:CustomObjectIndexerAttribute: 9a22284fe3817be447336de3de66b15e -> 
  custom:container-demuxer-webm: 4f35f7cbe854078d1ac9338744f61a02 -> 
  custom:container-muxer-webm: aa71ff27fc2769a1b78a27578f13a17b -> 
  custom:video-decoder-webm-vp8: 9c59270c3fd7afecdb556c50c9e8de78 -> 
  custom:SearchIndexIgnoredProperties: e643bd26f0fe6173181afceb89e7c659 -> 
  custom:AudioImporter_EditorPlatform: d09bf68614088b80899f8185d706f6e7 -> 
  custom:video-encoder-webm-vp8: eb34c28f22e8b96e1ab97ce403110664 -> 
  custom:audio-decoder-ogg-vorbis: bf7c407c2cedff20999df2af8eb42d56 -> 
  custom:audio-encoder-webm-vorbis: bf7c407c2cedff20999df2af8eb42d56 -> 
  custom:scripting/precompiled-assembly-types:Assembly-CSharp: d0e4d9b8e3191607d5c08abaebdab676 -> 2ad395828298d9b165b4e94b19c7f645
========================================================================
Received Prepare
Caller must complete domain reload
Begin MonoManager ReloadAssembly
- Loaded All Assemblies, in  0.550 seconds
Native extension for WindowsStandalone target not found
Native extension for Android target not found
Native extension for WebGL target not found
[Package Manager] Server::EnsureServerProcessIsRunning -- launch failed, reason: Unity was launched with the -noUpm command-line argument
[Package Manager] UpmClient::Send -- Unable to send message (not connected to UPM process).
[Package Manager] Cannot connect to Unity Package Manager local server
Failed to sync packages list
UnityEngine.StackTraceUtility:ExtractStackTrace ()
UnityEngine.DebugLogHandler:LogFormat (UnityEngine.LogType,UnityEngine.Object,string,object[])
UnityEngine.Logger:Log (UnityEngine.LogType,object)
UnityEngine.Debug:LogWarning (object)
 .  / :MoveNext ()
System.Runtime.CompilerServices.AsyncVoidMethodBuilder:Start< .  / > ( .  / &)
 .  :  ()
 .⁪/ :MoveNext ()
System.Runtime.CompilerServices.AsyncTaskMethodBuilder:Start< .⁪/ > ( .⁪/ &)
 .⁪:  ()
System.Reflection.RuntimeMethodInfo:Invoke (object,System.Reflection.BindingFlags,System.Reflection.Binder,object[],System.Globalization.CultureInfo)
System.Reflection.MethodBase:Invoke (object,object[])
UnityEditor.EditorAssemblies:ProcessInitializeOnLoadMethodAttributes ()

Mono: successfully reloaded assembly
- Finished resetting the current domain, in  1.265 seconds
Domain Reload Profiling: 1813ms
	BeginReloadAssembly (199ms)
		ExecutionOrderSort (0ms)
		DisableScriptedObjects (6ms)
		BackupInstance (0ms)
		ReleaseScriptingObjects (0ms)
		CreateAndSetChildDomain (45ms)
	RebuildCommonClasses (39ms)
	RebuildNativeTypeToScriptingClass (13ms)
	initialDomainReloadingComplete (32ms)
	LoadAllAssembliesAndSetupDomain (266ms)
		LoadAssemblies (347ms)
		RebuildTransferFunctionScriptingTraits (0ms)
		AnalyzeDomain (18ms)
			TypeCache.Refresh (6ms)
				TypeCache.ScanAssembly (0ms)
			ScanForSourceGeneratedMonoScriptInfo (0ms)
			ResolveRequiredComponents (8ms)
	FinalizeReload (1265ms)
		ReleaseScriptCaches (0ms)
		RebuildScriptCaches (0ms)
		SetupLoadedEditorAssemblies (737ms)
			LogAssemblyErrors (0ms)
			InitializePlatformSupportModulesInManaged (27ms)
			SetLoadedEditorAssemblies (7ms)
			RefreshPlugins (0ms)
			BeforeProcessingInitializeOnLoad (80ms)
			ProcessInitializeOnLoadAttributes (545ms)
			ProcessInitializeOnLoadMethodAttributes (71ms)
			AfterProcessingInitializeOnLoad (7ms)
			EditorAssembliesLoaded (0ms)
		ExecutionOrderSort2 (0ms)
		AwakeInstancesAfterBackupRestoration (8ms)
Refreshing native plugins compatible for Editor in 4.76 ms, found 6 plugins.
Preloading 0 native plugins for Editor in 0.00 ms.
Release of invalid GC handle. The handle is from a previous domain. The release operation is skipped.
Release of invalid GC handle native callstack: 
0x00007ff755b0424d (Unity) StackWalker::GetCurrentCallstack
0x00007ff755b09329 (Unity) StackWalker::ShowCallstack
0x00007ff756afdae1 (Unity) GetStacktrace
0x00007ff7559ff20d (Unity) ScriptingGCHandle::ReleaseAndClear
0x00007ff755fc748c (Unity) UploadHandlerRaw::`vector deleting destructor'
0x00007ff755fc803d (Unity) UploadHandler::Release
0x00007ff755fc48dd (Unity) UnityWebRequestProto<UnityWebRequestTransport,AtomicRefCounter,RedirectHelper,ResponseHelper,DownloadHandler,UploadHandler,CertificateHandler,HeaderHelper,AsyncOperation>::~UnityWebRequestProto<UnityWebRequestTransport,AtomicRefCounter,RedirectHelper,ResponseHelper,DownloadHandler,UploadHandler,CertificateHandler,HeaderHelper,AsyncOperation>
0x00007ff755fc4bd6 (Unity) UnityWebRequest::`vector deleting destructor'
0x00007ff754d14b77 (Unity) UnityWebRequestProto<UnityWebRequestTransport,AtomicRefCounter,RedirectHelper,ResponseHelper,DownloadHandler,UploadHandler,CertificateHandler,HeaderHelper,AsyncOperation>::Release
0x00007ff755fc6605 (Unity) UnityWebRequestAsyncOperation::InvokeCoroutine
0x00007ff755fc67e1 (Unity) UnityWebRequestProto<UnityWebRequestTransport,AtomicRefCounter,RedirectHelper,ResponseHelper,DownloadHandler,UploadHandler,CertificateHandler,HeaderHelper,AsyncOperation>::Job_InvokeCoroutine
0x00007ff75562b54a (Unity) BackgroundJobQueue::ExecuteMainThreadJobs
0x00007ff7556e005f (Unity) PreloadManager::WaitForAllAsyncOperationsToComplete
0x00007ff756ea3af8 (Unity) <lambda_b37b41f03089e3cb3f55061bbc93253d>::operator()
0x00007ff756edf422 (Unity) asio::detail::completion_handler<core::mutable_function<void __cdecl(void)>,asio::io_context::basic_executor_type<std::allocator<void>,0> >::do_complete
0x00007ff756ecb3ce (Unity) asio::detail::win_iocp_io_context::do_one
0x00007ff756ecd034 (Unity) asio::detail::win_iocp_io_context::run
0x00007ff756edd7cc (Unity) IOService::Run
0x00007ff756eb0c2f (Unity) AssetImportWorkerClient::Run
0x00007ff756e7c3d7 (Unity) RunAssetImportWorkerClientV2
0x00007ff756e7c45b (Unity) RunAssetImporterV2
0x00007ff7566731de (Unity) Application::InitializeProject
0x00007ff756b08795 (Unity) WinMain
0x00007ff757ed35ce (Unity) __scrt_common_main_seh
0x00007ffa8b87e8d7 (KERNEL32) BaseThreadInitThunk
0x00007ffa8c1714fc (ntdll) RtlUserThreadStart
Unloading 3349 Unused Serialized files (Serialized files now loaded: 0)
Unloading 18 unused Assets / (29.1 KB). Loaded Objects now: 4010.
Memory consumption went from 133.3 MB to 133.2 MB.
Total: 4.817700 ms (FindLiveObjects: 0.260200 ms CreateObjectMapping: 0.116200 ms MarkObjects: 4.379400 ms  DeleteObjects: 0.060500 ms)

Prepare: number of updated asset objects reloaded= 0
AssetImportParameters requested are different than current active one (requested -> active):
  custom:container-demuxer-ogg: 62fdf1f143b41e24485cea50d1cbac27 -> 
  custom:video-codec-MediaFoundation-h265: 746d11721c4dcdbdad8f713fa42b33f4 -> 
  custom:video-decoder-ogg-theora: a1e56fd34408186e4bbccfd4996cb3dc -> 
  custom:framework-win-MediaFoundation: 216162199b28c13a410421893ffa2e32 -> 
  custom:CustomObjectIndexerAttribute: 9a22284fe3817be447336de3de66b15e -> 
  custom:container-demuxer-webm: 4f35f7cbe854078d1ac9338744f61a02 -> 
  custom:container-muxer-webm: aa71ff27fc2769a1b78a27578f13a17b -> 
  custom:video-decoder-webm-vp8: 9c59270c3fd7afecdb556c50c9e8de78 -> 
  custom:SearchIndexIgnoredProperties: e643bd26f0fe6173181afceb89e7c659 -> 
  custom:AudioImporter_EditorPlatform: d09bf68614088b80899f8185d706f6e7 -> 
  custom:video-encoder-webm-vp8: eb34c28f22e8b96e1ab97ce403110664 -> 
  custom:audio-decoder-ogg-vorbis: bf7c407c2cedff20999df2af8eb42d56 -> 
  custom:audio-encoder-webm-vorbis: bf7c407c2cedff20999df2af8eb42d56 -> 
  custom:scripting/precompiled-assembly-types:Assembly-CSharp: d0e4d9b8e3191607d5c08abaebdab676 -> 2ad395828298d9b165b4e94b19c7f645
========================================================================
Received Prepare
Caller must complete domain reload
Begin MonoManager ReloadAssembly
- Loaded All Assemblies, in  0.602 seconds
Native extension for WindowsStandalone target not found
Native extension for Android target not found
Native extension for WebGL target not found
[Package Manager] Server::EnsureServerProcessIsRunning -- launch failed, reason: Unity was launched with the -noUpm command-line argument
[Package Manager] UpmClient::Send -- Unable to send message (not connected to UPM process).
[Package Manager] Cannot connect to Unity Package Manager local server
Failed to sync packages list
UnityEngine.StackTraceUtility:ExtractStackTrace ()
UnityEngine.DebugLogHandler:LogFormat (UnityEngine.LogType,UnityEngine.Object,string,object[])
UnityEngine.Logger:Log (UnityEngine.LogType,object)
UnityEngine.Debug:LogWarning (object)
 .  / :MoveNext ()
System.Runtime.CompilerServices.AsyncVoidMethodBuilder:Start< .  / > ( .  / &)
 .  :  ()
 .⁪/ :MoveNext ()
System.Runtime.CompilerServices.AsyncTaskMethodBuilder:Start< .⁪/ > ( .⁪/ &)
 .⁪:  ()
System.Reflection.RuntimeMethodInfo:Invoke (object,System.Reflection.BindingFlags,System.Reflection.Binder,object[],System.Globalization.CultureInfo)
System.Reflection.MethodBase:Invoke (object,object[])
UnityEditor.EditorAssemblies:ProcessInitializeOnLoadMethodAttributes ()

Mono: successfully reloaded assembly
- Finished resetting the current domain, in  1.244 seconds
Domain Reload Profiling: 1845ms
	BeginReloadAssembly (221ms)
		ExecutionOrderSort (0ms)
		DisableScriptedObjects (7ms)
		BackupInstance (0ms)
		ReleaseScriptingObjects (0ms)
		CreateAndSetChildDomain (60ms)
	RebuildCommonClasses (41ms)
	RebuildNativeTypeToScriptingClass (14ms)
	initialDomainReloadingComplete (39ms)
	LoadAllAssembliesAndSetupDomain (284ms)
		LoadAssemblies (358ms)
		RebuildTransferFunctionScriptingTraits (0ms)
		AnalyzeDomain (30ms)
			TypeCache.Refresh (11ms)
				TypeCache.ScanAssembly (0ms)
			ScanForSourceGeneratedMonoScriptInfo (9ms)
			ResolveRequiredComponents (7ms)
	FinalizeReload (1245ms)
		ReleaseScriptCaches (0ms)
		RebuildScriptCaches (0ms)
		SetupLoadedEditorAssemblies (673ms)
			LogAssemblyErrors (0ms)
			InitializePlatformSupportModulesInManaged (26ms)
			SetLoadedEditorAssemblies (5ms)
			RefreshPlugins (0ms)
			BeforeProcessingInitializeOnLoad (77ms)
			ProcessInitializeOnLoadAttributes (498ms)
			ProcessInitializeOnLoadMethodAttributes (62ms)
			AfterProcessingInitializeOnLoad (5ms)
			EditorAssembliesLoaded (0ms)
		ExecutionOrderSort2 (0ms)
		AwakeInstancesAfterBackupRestoration (7ms)
Refreshing native plugins compatible for Editor in 4.47 ms, found 6 plugins.
Preloading 0 native plugins for Editor in 0.00 ms.
Release of invalid GC handle. The handle is from a previous domain. The release operation is skipped.
Release of invalid GC handle native callstack: 
0x00007ff755b0424d (Unity) StackWalker::GetCurrentCallstack
0x00007ff755b09329 (Unity) StackWalker::ShowCallstack
0x00007ff756afdae1 (Unity) GetStacktrace
0x00007ff7559ff20d (Unity) ScriptingGCHandle::ReleaseAndClear
0x00007ff755fc748c (Unity) UploadHandlerRaw::`vector deleting destructor'
0x00007ff755fc803d (Unity) UploadHandler::Release
0x00007ff755fc48dd (Unity) UnityWebRequestProto<UnityWebRequestTransport,AtomicRefCounter,RedirectHelper,ResponseHelper,DownloadHandler,UploadHandler,CertificateHandler,HeaderHelper,AsyncOperation>::~UnityWebRequestProto<UnityWebRequestTransport,AtomicRefCounter,RedirectHelper,ResponseHelper,DownloadHandler,UploadHandler,CertificateHandler,HeaderHelper,AsyncOperation>
0x00007ff755fc4bd6 (Unity) UnityWebRequest::`vector deleting destructor'
0x00007ff754d14b77 (Unity) UnityWebRequestProto<UnityWebRequestTransport,AtomicRefCounter,RedirectHelper,ResponseHelper,DownloadHandler,UploadHandler,CertificateHandler,HeaderHelper,AsyncOperation>::Release
0x00007ff755fc6605 (Unity) UnityWebRequestAsyncOperation::InvokeCoroutine
0x00007ff755fc67e1 (Unity) UnityWebRequestProto<UnityWebRequestTransport,AtomicRefCounter,RedirectHelper,ResponseHelper,DownloadHandler,UploadHandler,CertificateHandler,HeaderHelper,AsyncOperation>::Job_InvokeCoroutine
0x00007ff75562b54a (Unity) BackgroundJobQueue::ExecuteMainThreadJobs
0x00007ff7556e005f (Unity) PreloadManager::WaitForAllAsyncOperationsToComplete
0x00007ff756ea3af8 (Unity) <lambda_b37b41f03089e3cb3f55061bbc93253d>::operator()
0x00007ff756edf422 (Unity) asio::detail::completion_handler<core::mutable_function<void __cdecl(void)>,asio::io_context::basic_executor_type<std::allocator<void>,0> >::do_complete
0x00007ff756ecb3ce (Unity) asio::detail::win_iocp_io_context::do_one
0x00007ff756ecd034 (Unity) asio::detail::win_iocp_io_context::run
0x00007ff756edd7cc (Unity) IOService::Run
0x00007ff756eb0c2f (Unity) AssetImportWorkerClient::Run
0x00007ff756e7c3d7 (Unity) RunAssetImportWorkerClientV2
0x00007ff756e7c45b (Unity) RunAssetImporterV2
0x00007ff7566731de (Unity) Application::InitializeProject
0x00007ff756b08795 (Unity) WinMain
0x00007ff757ed35ce (Unity) __scrt_common_main_seh
0x00007ffa8b87e8d7 (KERNEL32) BaseThreadInitThunk
0x00007ffa8c1714fc (ntdll) RtlUserThreadStart
Unloading 3349 Unused Serialized files (Serialized files now loaded: 0)
Unloading 18 unused Assets / (29.1 KB). Loaded Objects now: 4015.
Memory consumption went from 133.4 MB to 133.4 MB.
Total: 4.214900 ms (FindLiveObjects: 0.273500 ms CreateObjectMapping: 0.118400 ms MarkObjects: 3.773900 ms  DeleteObjects: 0.047500 ms)

Prepare: number of updated asset objects reloaded= 0
AssetImportParameters requested are different than current active one (requested -> active):
  custom:container-demuxer-ogg: 62fdf1f143b41e24485cea50d1cbac27 -> 
  custom:video-codec-MediaFoundation-h265: 746d11721c4dcdbdad8f713fa42b33f4 -> 
  custom:video-decoder-ogg-theora: a1e56fd34408186e4bbccfd4996cb3dc -> 
  custom:framework-win-MediaFoundation: 216162199b28c13a410421893ffa2e32 -> 
  custom:CustomObjectIndexerAttribute: 9a22284fe3817be447336de3de66b15e -> 
  custom:container-demuxer-webm: 4f35f7cbe854078d1ac9338744f61a02 -> 
  custom:container-muxer-webm: aa71ff27fc2769a1b78a27578f13a17b -> 
  custom:video-decoder-webm-vp8: 9c59270c3fd7afecdb556c50c9e8de78 -> 
  custom:SearchIndexIgnoredProperties: e643bd26f0fe6173181afceb89e7c659 -> 
  custom:AudioImporter_EditorPlatform: d09bf68614088b80899f8185d706f6e7 -> 
  custom:video-encoder-webm-vp8: eb34c28f22e8b96e1ab97ce403110664 -> 
  custom:audio-decoder-ogg-vorbis: bf7c407c2cedff20999df2af8eb42d56 -> 
  custom:audio-encoder-webm-vorbis: bf7c407c2cedff20999df2af8eb42d56 -> 
  custom:scripting/precompiled-assembly-types:Assembly-CSharp: d0e4d9b8e3191607d5c08abaebdab676 -> 2ad395828298d9b165b4e94b19c7f645
========================================================================
Received Prepare
Caller must complete domain reload
Begin MonoManager ReloadAssembly
- Loaded All Assemblies, in  0.554 seconds
Native extension for WindowsStandalone target not found
Native extension for Android target not found
Native extension for WebGL target not found
[Package Manager] Server::EnsureServerProcessIsRunning -- launch failed, reason: Unity was launched with the -noUpm command-line argument
[Package Manager] UpmClient::Send -- Unable to send message (not connected to UPM process).
[Package Manager] Cannot connect to Unity Package Manager local server
Failed to sync packages list
UnityEngine.StackTraceUtility:ExtractStackTrace ()
UnityEngine.DebugLogHandler:LogFormat (UnityEngine.LogType,UnityEngine.Object,string,object[])
UnityEngine.Logger:Log (UnityEngine.LogType,object)
UnityEngine.Debug:LogWarning (object)
 .  / :MoveNext ()
System.Runtime.CompilerServices.AsyncVoidMethodBuilder:Start< .  / > ( .  / &)
 .  :  ()
 .⁪/ :MoveNext ()
System.Runtime.CompilerServices.AsyncTaskMethodBuilder:Start< .⁪/ > ( .⁪/ &)
 .⁪:  ()
System.Reflection.RuntimeMethodInfo:Invoke (object,System.Reflection.BindingFlags,System.Reflection.Binder,object[],System.Globalization.CultureInfo)
System.Reflection.MethodBase:Invoke (object,object[])
UnityEditor.EditorAssemblies:ProcessInitializeOnLoadMethodAttributes ()

Mono: successfully reloaded assembly
- Finished resetting the current domain, in  1.322 seconds
Domain Reload Profiling: 1874ms
	BeginReloadAssembly (191ms)
		ExecutionOrderSort (0ms)
		DisableScriptedObjects (6ms)
		BackupInstance (0ms)
		ReleaseScriptingObjects (0ms)
		CreateAndSetChildDomain (44ms)
	RebuildCommonClasses (39ms)
	RebuildNativeTypeToScriptingClass (13ms)
	initialDomainReloadingComplete (33ms)
	LoadAllAssembliesAndSetupDomain (274ms)
		LoadAssemblies (357ms)
		RebuildTransferFunctionScriptingTraits (0ms)
		AnalyzeDomain (19ms)
			TypeCache.Refresh (8ms)
				TypeCache.ScanAssembly (0ms)
			ScanForSourceGeneratedMonoScriptInfo (0ms)
			ResolveRequiredComponents (8ms)
	FinalizeReload (1323ms)
		ReleaseScriptCaches (0ms)
		RebuildScriptCaches (0ms)
		SetupLoadedEditorAssemblies (749ms)
			LogAssemblyErrors (0ms)
			InitializePlatformSupportModulesInManaged (24ms)
			SetLoadedEditorAssemblies (6ms)
			RefreshPlugins (0ms)
			BeforeProcessingInitializeOnLoad (84ms)
			ProcessInitializeOnLoadAttributes (559ms)
			ProcessInitializeOnLoadMethodAttributes (69ms)
			AfterProcessingInitializeOnLoad (6ms)
			EditorAssembliesLoaded (0ms)
		ExecutionOrderSort2 (0ms)
		AwakeInstancesAfterBackupRestoration (9ms)
Refreshing native plugins compatible for Editor in 6.78 ms, found 6 plugins.
Preloading 0 native plugins for Editor in 0.00 ms.
Release of invalid GC handle. The handle is from a previous domain. The release operation is skipped.
Release of invalid GC handle native callstack: 
0x00007ff755b0424d (Unity) StackWalker::GetCurrentCallstack
0x00007ff755b09329 (Unity) StackWalker::ShowCallstack
0x00007ff756afdae1 (Unity) GetStacktrace
0x00007ff7559ff20d (Unity) ScriptingGCHandle::ReleaseAndClear
0x00007ff755fc748c (Unity) UploadHandlerRaw::`vector deleting destructor'
0x00007ff755fc803d (Unity) UploadHandler::Release
0x00007ff755fc48dd (Unity) UnityWebRequestProto<UnityWebRequestTransport,AtomicRefCounter,RedirectHelper,ResponseHelper,DownloadHandler,UploadHandler,CertificateHandler,HeaderHelper,AsyncOperation>::~UnityWebRequestProto<UnityWebRequestTransport,AtomicRefCounter,RedirectHelper,ResponseHelper,DownloadHandler,UploadHandler,CertificateHandler,HeaderHelper,AsyncOperation>
0x00007ff755fc4bd6 (Unity) UnityWebRequest::`vector deleting destructor'
0x00007ff754d14b77 (Unity) UnityWebRequestProto<UnityWebRequestTransport,AtomicRefCounter,RedirectHelper,ResponseHelper,DownloadHandler,UploadHandler,CertificateHandler,HeaderHelper,AsyncOperation>::Release
0x00007ff755fc6605 (Unity) UnityWebRequestAsyncOperation::InvokeCoroutine
0x00007ff755fc67e1 (Unity) UnityWebRequestProto<UnityWebRequestTransport,AtomicRefCounter,RedirectHelper,ResponseHelper,DownloadHandler,UploadHandler,CertificateHandler,HeaderHelper,AsyncOperation>::Job_InvokeCoroutine
0x00007ff75562b54a (Unity) BackgroundJobQueue::ExecuteMainThreadJobs
0x00007ff7556e005f (Unity) PreloadManager::WaitForAllAsyncOperationsToComplete
0x00007ff756ea3af8 (Unity) <lambda_b37b41f03089e3cb3f55061bbc93253d>::operator()
0x00007ff756edf422 (Unity) asio::detail::completion_handler<core::mutable_function<void __cdecl(void)>,asio::io_context::basic_executor_type<std::allocator<void>,0> >::do_complete
0x00007ff756ecb3ce (Unity) asio::detail::win_iocp_io_context::do_one
0x00007ff756ecd034 (Unity) asio::detail::win_iocp_io_context::run
0x00007ff756edd7cc (Unity) IOService::Run
0x00007ff756eb0c2f (Unity) AssetImportWorkerClient::Run
0x00007ff756e7c3d7 (Unity) RunAssetImportWorkerClientV2
0x00007ff756e7c45b (Unity) RunAssetImporterV2
0x00007ff7566731de (Unity) Application::InitializeProject
0x00007ff756b08795 (Unity) WinMain
0x00007ff757ed35ce (Unity) __scrt_common_main_seh
0x00007ffa8b87e8d7 (KERNEL32) BaseThreadInitThunk
0x00007ffa8c1714fc (ntdll) RtlUserThreadStart
Unloading 3349 Unused Serialized files (Serialized files now loaded: 0)
Unloading 18 unused Assets / (29.0 KB). Loaded Objects now: 4020.
Memory consumption went from 133.6 MB to 133.5 MB.
Total: 5.754600 ms (FindLiveObjects: 0.250400 ms CreateObjectMapping: 0.112900 ms MarkObjects: 5.336000 ms  DeleteObjects: 0.053600 ms)

Prepare: number of updated asset objects reloaded= 0
AssetImportParameters requested are different than current active one (requested -> active):
  custom:container-demuxer-ogg: 62fdf1f143b41e24485cea50d1cbac27 -> 
  custom:video-codec-MediaFoundation-h265: 746d11721c4dcdbdad8f713fa42b33f4 -> 
  custom:video-decoder-ogg-theora: a1e56fd34408186e4bbccfd4996cb3dc -> 
  custom:framework-win-MediaFoundation: 216162199b28c13a410421893ffa2e32 -> 
  custom:CustomObjectIndexerAttribute: 9a22284fe3817be447336de3de66b15e -> 
  custom:container-demuxer-webm: 4f35f7cbe854078d1ac9338744f61a02 -> 
  custom:container-muxer-webm: aa71ff27fc2769a1b78a27578f13a17b -> 
  custom:video-decoder-webm-vp8: 9c59270c3fd7afecdb556c50c9e8de78 -> 
  custom:SearchIndexIgnoredProperties: e643bd26f0fe6173181afceb89e7c659 -> 
  custom:AudioImporter_EditorPlatform: d09bf68614088b80899f8185d706f6e7 -> 
  custom:video-encoder-webm-vp8: eb34c28f22e8b96e1ab97ce403110664 -> 
  custom:audio-decoder-ogg-vorbis: bf7c407c2cedff20999df2af8eb42d56 -> 
  custom:audio-encoder-webm-vorbis: bf7c407c2cedff20999df2af8eb42d56 -> 
  custom:scripting/precompiled-assembly-types:Assembly-CSharp: d0e4d9b8e3191607d5c08abaebdab676 -> 2ad395828298d9b165b4e94b19c7f645
========================================================================
Received Prepare
Caller must complete domain reload
Begin MonoManager ReloadAssembly
- Loaded All Assemblies, in  0.611 seconds
Native extension for WindowsStandalone target not found
Native extension for Android target not found
Native extension for WebGL target not found
[Package Manager] Server::EnsureServerProcessIsRunning -- launch failed, reason: Unity was launched with the -noUpm command-line argument
[Package Manager] UpmClient::Send -- Unable to send message (not connected to UPM process).
[Package Manager] Cannot connect to Unity Package Manager local server
Failed to sync packages list
UnityEngine.StackTraceUtility:ExtractStackTrace ()
UnityEngine.DebugLogHandler:LogFormat (UnityEngine.LogType,UnityEngine.Object,string,object[])
UnityEngine.Logger:Log (UnityEngine.LogType,object)
UnityEngine.Debug:LogWarning (object)
 .  / :MoveNext ()
System.Runtime.CompilerServices.AsyncVoidMethodBuilder:Start< .  / > ( .  / &)
 .  :  ()
 .⁪/ :MoveNext ()
System.Runtime.CompilerServices.AsyncTaskMethodBuilder:Start< .⁪/ > ( .⁪/ &)
 .⁪:  ()
System.Reflection.RuntimeMethodInfo:Invoke (object,System.Reflection.BindingFlags,System.Reflection.Binder,object[],System.Globalization.CultureInfo)
System.Reflection.MethodBase:Invoke (object,object[])
UnityEditor.EditorAssemblies:ProcessInitializeOnLoadMethodAttributes ()

Mono: successfully reloaded assembly
- Finished resetting the current domain, in  1.392 seconds
Domain Reload Profiling: 2000ms
	BeginReloadAssembly (191ms)
		ExecutionOrderSort (0ms)
		DisableScriptedObjects (7ms)
		BackupInstance (0ms)
		ReleaseScriptingObjects (0ms)
		CreateAndSetChildDomain (43ms)
	RebuildCommonClasses (43ms)
	RebuildNativeTypeToScriptingClass (14ms)
	initialDomainReloadingComplete (41ms)
	LoadAllAssembliesAndSetupDomain (319ms)
		LoadAssemblies (393ms)
		RebuildTransferFunctionScriptingTraits (0ms)
		AnalyzeDomain (28ms)
			TypeCache.Refresh (8ms)
				TypeCache.ScanAssembly (0ms)
			ScanForSourceGeneratedMonoScriptInfo (0ms)
			ResolveRequiredComponents (15ms)
	FinalizeReload (1393ms)
		ReleaseScriptCaches (0ms)
		RebuildScriptCaches (0ms)
		SetupLoadedEditorAssemblies (754ms)
			LogAssemblyErrors (0ms)
			InitializePlatformSupportModulesInManaged (25ms)
			SetLoadedEditorAssemblies (10ms)
			RefreshPlugins (0ms)
			BeforeProcessingInitializeOnLoad (79ms)
			ProcessInitializeOnLoadAttributes (553ms)
			ProcessInitializeOnLoadMethodAttributes (78ms)
			AfterProcessingInitializeOnLoad (9ms)
			EditorAssembliesLoaded (0ms)
		ExecutionOrderSort2 (0ms)
		AwakeInstancesAfterBackupRestoration (10ms)
Refreshing native plugins compatible for Editor in 5.71 ms, found 6 plugins.
Preloading 0 native plugins for Editor in 0.00 ms.
Release of invalid GC handle. The handle is from a previous domain. The release operation is skipped.
Release of invalid GC handle native callstack: 
0x00007ff755b0424d (Unity) StackWalker::GetCurrentCallstack
0x00007ff755b09329 (Unity) StackWalker::ShowCallstack
0x00007ff756afdae1 (Unity) GetStacktrace
0x00007ff7559ff20d (Unity) ScriptingGCHandle::ReleaseAndClear
0x00007ff755fc748c (Unity) UploadHandlerRaw::`vector deleting destructor'
0x00007ff755fc803d (Unity) UploadHandler::Release
0x00007ff755fc48dd (Unity) UnityWebRequestProto<UnityWebRequestTransport,AtomicRefCounter,RedirectHelper,ResponseHelper,DownloadHandler,UploadHandler,CertificateHandler,HeaderHelper,AsyncOperation>::~UnityWebRequestProto<UnityWebRequestTransport,AtomicRefCounter,RedirectHelper,ResponseHelper,DownloadHandler,UploadHandler,CertificateHandler,HeaderHelper,AsyncOperation>
0x00007ff755fc4bd6 (Unity) UnityWebRequest::`vector deleting destructor'
0x00007ff754d14b77 (Unity) UnityWebRequestProto<UnityWebRequestTransport,AtomicRefCounter,RedirectHelper,ResponseHelper,DownloadHandler,UploadHandler,CertificateHandler,HeaderHelper,AsyncOperation>::Release
0x00007ff755fc6605 (Unity) UnityWebRequestAsyncOperation::InvokeCoroutine
0x00007ff755fc67e1 (Unity) UnityWebRequestProto<UnityWebRequestTransport,AtomicRefCounter,RedirectHelper,ResponseHelper,DownloadHandler,UploadHandler,CertificateHandler,HeaderHelper,AsyncOperation>::Job_InvokeCoroutine
0x00007ff75562b54a (Unity) BackgroundJobQueue::ExecuteMainThreadJobs
0x00007ff7556e005f (Unity) PreloadManager::WaitForAllAsyncOperationsToComplete
0x00007ff756ea3af8 (Unity) <lambda_b37b41f03089e3cb3f55061bbc93253d>::operator()
0x00007ff756edf422 (Unity) asio::detail::completion_handler<core::mutable_function<void __cdecl(void)>,asio::io_context::basic_executor_type<std::allocator<void>,0> >::do_complete
0x00007ff756ecb3ce (Unity) asio::detail::win_iocp_io_context::do_one
0x00007ff756ecd034 (Unity) asio::detail::win_iocp_io_context::run
0x00007ff756edd7cc (Unity) IOService::Run
0x00007ff756eb0c2f (Unity) AssetImportWorkerClient::Run
0x00007ff756e7c3d7 (Unity) RunAssetImportWorkerClientV2
0x00007ff756e7c45b (Unity) RunAssetImporterV2
0x00007ff7566731de (Unity) Application::InitializeProject
0x00007ff756b08795 (Unity) WinMain
0x00007ff757ed35ce (Unity) __scrt_common_main_seh
0x00007ffa8b87e8d7 (KERNEL32) BaseThreadInitThunk
0x00007ffa8c1714fc (ntdll) RtlUserThreadStart
Unloading 3349 Unused Serialized files (Serialized files now loaded: 0)
Unloading 18 unused Assets / (29.0 KB). Loaded Objects now: 4025.
Memory consumption went from 133.7 MB to 133.7 MB.
Total: 5.058300 ms (FindLiveObjects: 0.248300 ms CreateObjectMapping: 0.106300 ms MarkObjects: 4.643800 ms  DeleteObjects: 0.058400 ms)

Prepare: number of updated asset objects reloaded= 0
AssetImportParameters requested are different than current active one (requested -> active):
  custom:container-demuxer-ogg: 62fdf1f143b41e24485cea50d1cbac27 -> 
  custom:video-codec-MediaFoundation-h265: 746d11721c4dcdbdad8f713fa42b33f4 -> 
  custom:video-decoder-ogg-theora: a1e56fd34408186e4bbccfd4996cb3dc -> 
  custom:framework-win-MediaFoundation: 216162199b28c13a410421893ffa2e32 -> 
  custom:CustomObjectIndexerAttribute: 9a22284fe3817be447336de3de66b15e -> 
  custom:container-demuxer-webm: 4f35f7cbe854078d1ac9338744f61a02 -> 
  custom:container-muxer-webm: aa71ff27fc2769a1b78a27578f13a17b -> 
  custom:video-decoder-webm-vp8: 9c59270c3fd7afecdb556c50c9e8de78 -> 
  custom:SearchIndexIgnoredProperties: e643bd26f0fe6173181afceb89e7c659 -> 
  custom:AudioImporter_EditorPlatform: d09bf68614088b80899f8185d706f6e7 -> 
  custom:video-encoder-webm-vp8: eb34c28f22e8b96e1ab97ce403110664 -> 
  custom:audio-decoder-ogg-vorbis: bf7c407c2cedff20999df2af8eb42d56 -> 
  custom:audio-encoder-webm-vorbis: bf7c407c2cedff20999df2af8eb42d56 -> 
  custom:scripting/precompiled-assembly-types:Assembly-CSharp: d0e4d9b8e3191607d5c08abaebdab676 -> 2ad395828298d9b165b4e94b19c7f645
========================================================================
Received Prepare
Caller must complete domain reload
Begin MonoManager ReloadAssembly
- Loaded All Assemblies, in  0.612 seconds
Native extension for WindowsStandalone target not found
Native extension for Android target not found
Native extension for WebGL target not found
[Package Manager] Server::EnsureServerProcessIsRunning -- launch failed, reason: Unity was launched with the -noUpm command-line argument
[Package Manager] UpmClient::Send -- Unable to send message (not connected to UPM process).
[Package Manager] Cannot connect to Unity Package Manager local server
Failed to sync packages list
UnityEngine.StackTraceUtility:ExtractStackTrace ()
UnityEngine.DebugLogHandler:LogFormat (UnityEngine.LogType,UnityEngine.Object,string,object[])
UnityEngine.Logger:Log (UnityEngine.LogType,object)
UnityEngine.Debug:LogWarning (object)
 .  / :MoveNext ()
System.Runtime.CompilerServices.AsyncVoidMethodBuilder:Start< .  / > ( .  / &)
 .  :  ()
 .⁪/ :MoveNext ()
System.Runtime.CompilerServices.AsyncTaskMethodBuilder:Start< .⁪/ > ( .⁪/ &)
 .⁪:  ()
System.Reflection.RuntimeMethodInfo:Invoke (object,System.Reflection.BindingFlags,System.Reflection.Binder,object[],System.Globalization.CultureInfo)
System.Reflection.MethodBase:Invoke (object,object[])
UnityEditor.EditorAssemblies:ProcessInitializeOnLoadMethodAttributes ()

Mono: successfully reloaded assembly
- Finished resetting the current domain, in  1.226 seconds
Domain Reload Profiling: 1835ms
	BeginReloadAssembly (188ms)
		ExecutionOrderSort (0ms)
		DisableScriptedObjects (7ms)
		BackupInstance (0ms)
		ReleaseScriptingObjects (0ms)
		CreateAndSetChildDomain (37ms)
	RebuildCommonClasses (48ms)
	RebuildNativeTypeToScriptingClass (20ms)
	initialDomainReloadingComplete (50ms)
	LoadAllAssembliesAndSetupDomain (303ms)
		LoadAssemblies (375ms)
		RebuildTransferFunctionScriptingTraits (0ms)
		AnalyzeDomain (30ms)
			TypeCache.Refresh (11ms)
				TypeCache.ScanAssembly (0ms)
			ScanForSourceGeneratedMonoScriptInfo (9ms)
			ResolveRequiredComponents (7ms)
	FinalizeReload (1227ms)
		ReleaseScriptCaches (0ms)
		RebuildScriptCaches (0ms)
		SetupLoadedEditorAssemblies (683ms)
			LogAssemblyErrors (0ms)
			InitializePlatformSupportModulesInManaged (25ms)
			SetLoadedEditorAssemblies (6ms)
			RefreshPlugins (0ms)
			BeforeProcessingInitializeOnLoad (84ms)
			ProcessInitializeOnLoadAttributes (496ms)
			ProcessInitializeOnLoadMethodAttributes (65ms)
			AfterProcessingInitializeOnLoad (6ms)
			EditorAssembliesLoaded (0ms)
		ExecutionOrderSort2 (0ms)
		AwakeInstancesAfterBackupRestoration (10ms)
Refreshing native plugins compatible for Editor in 3.92 ms, found 6 plugins.
Preloading 0 native plugins for Editor in 0.00 ms.
Release of invalid GC handle. The handle is from a previous domain. The release operation is skipped.
Release of invalid GC handle native callstack: 
0x00007ff755b0424d (Unity) StackWalker::GetCurrentCallstack
0x00007ff755b09329 (Unity) StackWalker::ShowCallstack
0x00007ff756afdae1 (Unity) GetStacktrace
0x00007ff7559ff20d (Unity) ScriptingGCHandle::ReleaseAndClear
0x00007ff755fc748c (Unity) UploadHandlerRaw::`vector deleting destructor'
0x00007ff755fc803d (Unity) UploadHandler::Release
0x00007ff755fc48dd (Unity) UnityWebRequestProto<UnityWebRequestTransport,AtomicRefCounter,RedirectHelper,ResponseHelper,DownloadHandler,UploadHandler,CertificateHandler,HeaderHelper,AsyncOperation>::~UnityWebRequestProto<UnityWebRequestTransport,AtomicRefCounter,RedirectHelper,ResponseHelper,DownloadHandler,UploadHandler,CertificateHandler,HeaderHelper,AsyncOperation>
0x00007ff755fc4bd6 (Unity) UnityWebRequest::`vector deleting destructor'
0x00007ff754d14b77 (Unity) UnityWebRequestProto<UnityWebRequestTransport,AtomicRefCounter,RedirectHelper,ResponseHelper,DownloadHandler,UploadHandler,CertificateHandler,HeaderHelper,AsyncOperation>::Release
0x00007ff755fc6605 (Unity) UnityWebRequestAsyncOperation::InvokeCoroutine
0x00007ff755fc67e1 (Unity) UnityWebRequestProto<UnityWebRequestTransport,AtomicRefCounter,RedirectHelper,ResponseHelper,DownloadHandler,UploadHandler,CertificateHandler,HeaderHelper,AsyncOperation>::Job_InvokeCoroutine
0x00007ff75562b54a (Unity) BackgroundJobQueue::ExecuteMainThreadJobs
0x00007ff7556e005f (Unity) PreloadManager::WaitForAllAsyncOperationsToComplete
0x00007ff756ea3af8 (Unity) <lambda_b37b41f03089e3cb3f55061bbc93253d>::operator()
0x00007ff756edf422 (Unity) asio::detail::completion_handler<core::mutable_function<void __cdecl(void)>,asio::io_context::basic_executor_type<std::allocator<void>,0> >::do_complete
0x00007ff756ecb3ce (Unity) asio::detail::win_iocp_io_context::do_one
0x00007ff756ecd034 (Unity) asio::detail::win_iocp_io_context::run
0x00007ff756edd7cc (Unity) IOService::Run
0x00007ff756eb0c2f (Unity) AssetImportWorkerClient::Run
0x00007ff756e7c3d7 (Unity) RunAssetImportWorkerClientV2
0x00007ff756e7c45b (Unity) RunAssetImporterV2
0x00007ff7566731de (Unity) Application::InitializeProject
0x00007ff756b08795 (Unity) WinMain
0x00007ff757ed35ce (Unity) __scrt_common_main_seh
0x00007ffa8b87e8d7 (KERNEL32) BaseThreadInitThunk
0x00007ffa8c1714fc (ntdll) RtlUserThreadStart
Unloading 3349 Unused Serialized files (Serialized files now loaded: 0)
Unloading 18 unused Assets / (29.0 KB). Loaded Objects now: 4030.
Memory consumption went from 133.9 MB to 133.8 MB.
Total: 4.996500 ms (FindLiveObjects: 0.251000 ms CreateObjectMapping: 0.110500 ms MarkObjects: 4.584900 ms  DeleteObjects: 0.048900 ms)

Prepare: number of updated asset objects reloaded= 0
AssetImportParameters requested are different than current active one (requested -> active):
  custom:container-demuxer-ogg: 62fdf1f143b41e24485cea50d1cbac27 -> 
  custom:video-codec-MediaFoundation-h265: 746d11721c4dcdbdad8f713fa42b33f4 -> 
  custom:video-decoder-ogg-theora: a1e56fd34408186e4bbccfd4996cb3dc -> 
  custom:framework-win-MediaFoundation: 216162199b28c13a410421893ffa2e32 -> 
  custom:CustomObjectIndexerAttribute: 9a22284fe3817be447336de3de66b15e -> 
  custom:container-demuxer-webm: 4f35f7cbe854078d1ac9338744f61a02 -> 
  custom:container-muxer-webm: aa71ff27fc2769a1b78a27578f13a17b -> 
  custom:video-decoder-webm-vp8: 9c59270c3fd7afecdb556c50c9e8de78 -> 
  custom:SearchIndexIgnoredProperties: e643bd26f0fe6173181afceb89e7c659 -> 
  custom:AudioImporter_EditorPlatform: d09bf68614088b80899f8185d706f6e7 -> 
  custom:video-encoder-webm-vp8: eb34c28f22e8b96e1ab97ce403110664 -> 
  custom:audio-decoder-ogg-vorbis: bf7c407c2cedff20999df2af8eb42d56 -> 
  custom:audio-encoder-webm-vorbis: bf7c407c2cedff20999df2af8eb42d56 -> 
  custom:scripting/precompiled-assembly-types:Assembly-CSharp: d0e4d9b8e3191607d5c08abaebdab676 -> 2ad395828298d9b165b4e94b19c7f645
========================================================================
Received Prepare
Caller must complete domain reload
Begin MonoManager ReloadAssembly
- Loaded All Assemblies, in  0.645 seconds
Native extension for WindowsStandalone target not found
Native extension for Android target not found
Native extension for WebGL target not found
[Package Manager] Server::EnsureServerProcessIsRunning -- launch failed, reason: Unity was launched with the -noUpm command-line argument
[Package Manager] UpmClient::Send -- Unable to send message (not connected to UPM process).
[Package Manager] Cannot connect to Unity Package Manager local server
Failed to sync packages list
UnityEngine.StackTraceUtility:ExtractStackTrace ()
UnityEngine.DebugLogHandler:LogFormat (UnityEngine.LogType,UnityEngine.Object,string,object[])
UnityEngine.Logger:Log (UnityEngine.LogType,object)
UnityEngine.Debug:LogWarning (object)
 .  / :MoveNext ()
System.Runtime.CompilerServices.AsyncVoidMethodBuilder:Start< .  / > ( .  / &)
 .  :  ()
 .⁪/ :MoveNext ()
System.Runtime.CompilerServices.AsyncTaskMethodBuilder:Start< .⁪/ > ( .⁪/ &)
 .⁪:  ()
System.Reflection.RuntimeMethodInfo:Invoke (object,System.Reflection.BindingFlags,System.Reflection.Binder,object[],System.Globalization.CultureInfo)
System.Reflection.MethodBase:Invoke (object,object[])
UnityEditor.EditorAssemblies:ProcessInitializeOnLoadMethodAttributes ()

Mono: successfully reloaded assembly
- Finished resetting the current domain, in  1.323 seconds
Domain Reload Profiling: 1966ms
	BeginReloadAssembly (222ms)
		ExecutionOrderSort (0ms)
		DisableScriptedObjects (6ms)
		BackupInstance (0ms)
		ReleaseScriptingObjects (0ms)
		CreateAndSetChildDomain (44ms)
	RebuildCommonClasses (44ms)
	RebuildNativeTypeToScriptingClass (13ms)
	initialDomainReloadingComplete (34ms)
	LoadAllAssembliesAndSetupDomain (330ms)
		LoadAssemblies (436ms)
		RebuildTransferFunctionScriptingTraits (0ms)
		AnalyzeDomain (21ms)
			TypeCache.Refresh (7ms)
				TypeCache.ScanAssembly (0ms)
			ScanForSourceGeneratedMonoScriptInfo (0ms)
			ResolveRequiredComponents (9ms)
	FinalizeReload (1324ms)
		ReleaseScriptCaches (0ms)
		RebuildScriptCaches (0ms)
		SetupLoadedEditorAssemblies (764ms)
			LogAssemblyErrors (0ms)
			InitializePlatformSupportModulesInManaged (31ms)
			SetLoadedEditorAssemblies (4ms)
			RefreshPlugins (0ms)
			BeforeProcessingInitializeOnLoad (91ms)
			ProcessInitializeOnLoadAttributes (561ms)
			ProcessInitializeOnLoadMethodAttributes (70ms)
			AfterProcessingInitializeOnLoad (7ms)
			EditorAssembliesLoaded (0ms)
		ExecutionOrderSort2 (0ms)
		AwakeInstancesAfterBackupRestoration (10ms)
Refreshing native plugins compatible for Editor in 5.40 ms, found 6 plugins.
Preloading 0 native plugins for Editor in 0.00 ms.
Release of invalid GC handle. The handle is from a previous domain. The release operation is skipped.
Release of invalid GC handle native callstack: 
0x00007ff755b0424d (Unity) StackWalker::GetCurrentCallstack
0x00007ff755b09329 (Unity) StackWalker::ShowCallstack
0x00007ff756afdae1 (Unity) GetStacktrace
0x00007ff7559ff20d (Unity) ScriptingGCHandle::ReleaseAndClear
0x00007ff755fc748c (Unity) UploadHandlerRaw::`vector deleting destructor'
0x00007ff755fc803d (Unity) UploadHandler::Release
0x00007ff755fc48dd (Unity) UnityWebRequestProto<UnityWebRequestTransport,AtomicRefCounter,RedirectHelper,ResponseHelper,DownloadHandler,UploadHandler,CertificateHandler,HeaderHelper,AsyncOperation>::~UnityWebRequestProto<UnityWebRequestTransport,AtomicRefCounter,RedirectHelper,ResponseHelper,DownloadHandler,UploadHandler,CertificateHandler,HeaderHelper,AsyncOperation>
0x00007ff755fc4bd6 (Unity) UnityWebRequest::`vector deleting destructor'
0x00007ff754d14b77 (Unity) UnityWebRequestProto<UnityWebRequestTransport,AtomicRefCounter,RedirectHelper,ResponseHelper,DownloadHandler,UploadHandler,CertificateHandler,HeaderHelper,AsyncOperation>::Release
0x00007ff755fc6605 (Unity) UnityWebRequestAsyncOperation::InvokeCoroutine
0x00007ff755fc67e1 (Unity) UnityWebRequestProto<UnityWebRequestTransport,AtomicRefCounter,RedirectHelper,ResponseHelper,DownloadHandler,UploadHandler,CertificateHandler,HeaderHelper,AsyncOperation>::Job_InvokeCoroutine
0x00007ff75562b54a (Unity) BackgroundJobQueue::ExecuteMainThreadJobs
0x00007ff7556e005f (Unity) PreloadManager::WaitForAllAsyncOperationsToComplete
0x00007ff756ea3af8 (Unity) <lambda_b37b41f03089e3cb3f55061bbc93253d>::operator()
0x00007ff756edf422 (Unity) asio::detail::completion_handler<core::mutable_function<void __cdecl(void)>,asio::io_context::basic_executor_type<std::allocator<void>,0> >::do_complete
0x00007ff756ecb3ce (Unity) asio::detail::win_iocp_io_context::do_one
0x00007ff756ecd034 (Unity) asio::detail::win_iocp_io_context::run
0x00007ff756edd7cc (Unity) IOService::Run
0x00007ff756eb0c2f (Unity) AssetImportWorkerClient::Run
0x00007ff756e7c3d7 (Unity) RunAssetImportWorkerClientV2
0x00007ff756e7c45b (Unity) RunAssetImporterV2
0x00007ff7566731de (Unity) Application::InitializeProject
0x00007ff756b08795 (Unity) WinMain
0x00007ff757ed35ce (Unity) __scrt_common_main_seh
0x00007ffa8b87e8d7 (KERNEL32) BaseThreadInitThunk
0x00007ffa8c1714fc (ntdll) RtlUserThreadStart
Unloading 3349 Unused Serialized files (Serialized files now loaded: 0)
Unloading 18 unused Assets / (29.0 KB). Loaded Objects now: 4035.
Memory consumption went from 134.0 MB to 134.0 MB.
Total: 6.731700 ms (FindLiveObjects: 0.310000 ms CreateObjectMapping: 0.122600 ms MarkObjects: 6.232500 ms  DeleteObjects: 0.064900 ms)

Prepare: number of updated asset objects reloaded= 0
AssetImportParameters requested are different than current active one (requested -> active):
  custom:container-demuxer-ogg: 62fdf1f143b41e24485cea50d1cbac27 -> 
  custom:video-codec-MediaFoundation-h265: 746d11721c4dcdbdad8f713fa42b33f4 -> 
  custom:video-decoder-ogg-theora: a1e56fd34408186e4bbccfd4996cb3dc -> 
  custom:framework-win-MediaFoundation: 216162199b28c13a410421893ffa2e32 -> 
  custom:CustomObjectIndexerAttribute: 9a22284fe3817be447336de3de66b15e -> 
  custom:container-demuxer-webm: 4f35f7cbe854078d1ac9338744f61a02 -> 
  custom:container-muxer-webm: aa71ff27fc2769a1b78a27578f13a17b -> 
  custom:video-decoder-webm-vp8: 9c59270c3fd7afecdb556c50c9e8de78 -> 
  custom:SearchIndexIgnoredProperties: e643bd26f0fe6173181afceb89e7c659 -> 
  custom:AudioImporter_EditorPlatform: d09bf68614088b80899f8185d706f6e7 -> 
  custom:video-encoder-webm-vp8: eb34c28f22e8b96e1ab97ce403110664 -> 
  custom:audio-decoder-ogg-vorbis: bf7c407c2cedff20999df2af8eb42d56 -> 
  custom:audio-encoder-webm-vorbis: bf7c407c2cedff20999df2af8eb42d56 -> 
  custom:scripting/precompiled-assembly-types:Assembly-CSharp: d0e4d9b8e3191607d5c08abaebdab676 -> 2ad395828298d9b165b4e94b19c7f645
