Using pre-set license
Built from '2022.3/staging' branch; Version is '2022.3.58f1 (ed7f6eacb62e) revision 15564654'; Using compiler version '192829333'; Build Type 'Release'
OS: 'Windows 11  (10.0.26100) 64bit Professional' Language: 'ru' Physical Memory: 16091 MB
BatchMode: 1, IsHumanControllingUs: 0, StartBugReporterOnCrash: 0, Is64bit: 1, IsPro: 1

COMMAND LINE ARGUMENTS:
C:\Program Files\Unity\Hub\Editor\Editor\2022.3.58f1\Editor\Unity.exe
-adb2
-batchMode
-noUpm
-name
AssetImportWorker0
-projectPath
C:/Users/Andrey/Desktop/GIT/Lumber2/Lumber2
-logFile
Logs/AssetImportWorker0.log
-srvPort
49764
Successfully changed project path to: C:/Users/Andrey/Desktop/GIT/Lumber2/Lumber2
C:/Users/Andrey/Desktop/GIT/Lumber2/Lumber2
[UnityMemory] Configuration Parameters - Can be set up in boot.config
    "memorysetup-bucket-allocator-granularity=16"
    "memorysetup-bucket-allocator-bucket-count=8"
    "memorysetup-bucket-allocator-block-size=33554432"
    "memorysetup-bucket-allocator-block-count=8"
    "memorysetup-main-allocator-block-size=16777216"
    "memorysetup-thread-allocator-block-size=16777216"
    "memorysetup-gfx-main-allocator-block-size=16777216"
    "memorysetup-gfx-thread-allocator-block-size=16777216"
    "memorysetup-cache-allocator-block-size=4194304"
    "memorysetup-typetree-allocator-block-size=2097152"
    "memorysetup-profiler-bucket-allocator-granularity=16"
    "memorysetup-profiler-bucket-allocator-bucket-count=8"
    "memorysetup-profiler-bucket-allocator-block-size=33554432"
    "memorysetup-profiler-bucket-allocator-block-count=8"
    "memorysetup-profiler-allocator-block-size=16777216"
    "memorysetup-profiler-editor-allocator-block-size=1048576"
    "memorysetup-temp-allocator-size-main=16777216"
    "memorysetup-job-temp-allocator-block-size=2097152"
    "memorysetup-job-temp-allocator-block-size-background=1048576"
    "memorysetup-job-temp-allocator-reduction-small-platforms=262144"
    "memorysetup-allocator-temp-initial-block-size-main=262144"
    "memorysetup-allocator-temp-initial-block-size-worker=262144"
    "memorysetup-temp-allocator-size-background-worker=32768"
    "memorysetup-temp-allocator-size-job-worker=262144"
    "memorysetup-temp-allocator-size-preload-manager=33554432"
    "memorysetup-temp-allocator-size-nav-mesh-worker=65536"
    "memorysetup-temp-allocator-size-audio-worker=65536"
    "memorysetup-temp-allocator-size-cloud-worker=32768"
    "memorysetup-temp-allocator-size-gi-baking-worker=262144"
    "memorysetup-temp-allocator-size-gfx=262144"
Player connection [40008]  Target information:

Player connection [40008]  * "[IP] 192.168.100.135 [Port] 0 [Flags] 2 [Guid] 695264219 [EditorId] 695264219 [Version] 1048832 [Id] WindowsEditor(7,DESKTOP-CA91C3D) [Debug] 1 [PackageName] WindowsEditor [ProjectName] Editor" 

Player connection [40008] Host joined multi-casting on [225.0.0.222:54997]...
Player connection [40008] Host joined alternative multi-casting on [225.0.0.222:34997]...
Input System module state changed to: Initialized.
[PhysX] Initialized MultithreadedTaskDispatcher with 12 workers.
Refreshing native plugins compatible for Editor in 291.41 ms, found 6 plugins.
Preloading 0 native plugins for Editor in 0.00 ms.
Initialize engine version: 2022.3.58f1 (ed7f6eacb62e)
[Subsystems] Discovering subsystems at path C:/Program Files/Unity/Hub/Editor/Editor/2022.3.58f1/Editor/Data/Resources/UnitySubsystems
[Subsystems] Discovering subsystems at path C:/Users/Andrey/Desktop/GIT/Lumber2/Lumber2/Assets
GfxDevice: creating device client; threaded=0; jobified=0
Direct3D:
    Version:  Direct3D 11.0 [level 11.1]
    Renderer: NVIDIA GeForce RTX 4050 Laptop GPU (ID=0x28e1)
    Vendor:   NVIDIA
    VRAM:     5921 MB
    Driver:   32.0.15.6650
Initialize mono
Mono path[0] = 'C:/Program Files/Unity/Hub/Editor/Editor/2022.3.58f1/Editor/Data/Managed'
Mono path[1] = 'C:/Program Files/Unity/Hub/Editor/Editor/2022.3.58f1/Editor/Data/MonoBleedingEdge/lib/mono/unityjit-win32'
Mono config path = 'C:/Program Files/Unity/Hub/Editor/Editor/2022.3.58f1/Editor/Data/MonoBleedingEdge/etc'
Using monoOptions --debugger-agent=transport=dt_socket,embedding=1,server=y,suspend=n,address=127.0.0.1:56716
Begin MonoManager ReloadAssembly
Registering precompiled unity dll's ...
Register platform support module: C:/Program Files/Unity/Hub/Editor/Editor/2022.3.58f1/Editor/Data/PlaybackEngines/WebGLSupport/UnityEditor.WebGL.Extensions.dll
Register platform support module: C:/Program Files/Unity/Hub/Editor/Editor/2022.3.58f1/Editor/Data/PlaybackEngines/AndroidPlayer/UnityEditor.Android.Extensions.dll
Register platform support module: C:/Program Files/Unity/Hub/Editor/Editor/2022.3.58f1/Editor/Data/PlaybackEngines/WindowsStandaloneSupport/UnityEditor.WindowsStandalone.Extensions.dll
Registered in 0.007277 seconds.
- Loaded All Assemblies, in  1.380 seconds
Native extension for WindowsStandalone target not found
Native extension for Android target not found
Android Extension - Scanning For ADB Devices 244 ms
Native extension for WebGL target not found
Mono: successfully reloaded assembly
- Finished resetting the current domain, in  0.515 seconds
Domain Reload Profiling: 1895ms
	BeginReloadAssembly (101ms)
		ExecutionOrderSort (0ms)
		DisableScriptedObjects (0ms)
		BackupInstance (0ms)
		ReleaseScriptingObjects (0ms)
		CreateAndSetChildDomain (1ms)
	RebuildCommonClasses (363ms)
	RebuildNativeTypeToScriptingClass (9ms)
	initialDomainReloadingComplete (51ms)
	LoadAllAssembliesAndSetupDomain (856ms)
		LoadAssemblies (100ms)
		RebuildTransferFunctionScriptingTraits (0ms)
		AnalyzeDomain (854ms)
			TypeCache.Refresh (852ms)
				TypeCache.ScanAssembly (465ms)
			ScanForSourceGeneratedMonoScriptInfo (1ms)
			ResolveRequiredComponents (1ms)
	FinalizeReload (516ms)
		ReleaseScriptCaches (0ms)
		RebuildScriptCaches (0ms)
		SetupLoadedEditorAssemblies (476ms)
			LogAssemblyErrors (0ms)
			InitializePlatformSupportModulesInManaged (314ms)
			SetLoadedEditorAssemblies (4ms)
			RefreshPlugins (0ms)
			BeforeProcessingInitializeOnLoad (2ms)
			ProcessInitializeOnLoadAttributes (109ms)
			ProcessInitializeOnLoadMethodAttributes (48ms)
			AfterProcessingInitializeOnLoad (0ms)
			EditorAssembliesLoaded (0ms)
		ExecutionOrderSort2 (0ms)
		AwakeInstancesAfterBackupRestoration (0ms)
========================================================================
Worker process is ready to serve import requests
Caller must complete domain reload
Begin MonoManager ReloadAssembly
- Loaded All Assemblies, in  8.845 seconds
Native extension for WindowsStandalone target not found
Native extension for Android target not found
Native extension for WebGL target not found
Package Manager log level set to [2]
[Package Manager] Server::EnsureServerProcessIsRunning -- launch failed, reason: Unity was launched with the -noUpm command-line argument
[Package Manager] UpmClient::Send -- Unable to send message (not connected to UPM process).
[Package Manager] Cannot connect to Unity Package Manager local server
Failed to sync packages list
UnityEngine.StackTraceUtility:ExtractStackTrace ()
UnityEngine.DebugLogHandler:LogFormat (UnityEngine.LogType,UnityEngine.Object,string,object[])
UnityEngine.Logger:Log (UnityEngine.LogType,object)
UnityEngine.Debug:LogWarning (object)
 .  / :MoveNext ()
System.Runtime.CompilerServices.AsyncVoidMethodBuilder:Start< .  / > ( .  / &)
 .  :  ()
 .⁪/ :MoveNext ()
System.Runtime.CompilerServices.AsyncTaskMethodBuilder:Start< .⁪/ > ( .⁪/ &)
 .⁪:  ()
System.Reflection.RuntimeMethodInfo:Invoke (object,System.Reflection.BindingFlags,System.Reflection.Binder,object[],System.Globalization.CultureInfo)
System.Reflection.MethodBase:Invoke (object,object[])
UnityEditor.EditorAssemblies:ProcessInitializeOnLoadMethodAttributes ()

Mono: successfully reloaded assembly
- Finished resetting the current domain, in  1.516 seconds
Domain Reload Profiling: 10356ms
	BeginReloadAssembly (293ms)
		ExecutionOrderSort (0ms)
		DisableScriptedObjects (10ms)
		BackupInstance (0ms)
		ReleaseScriptingObjects (0ms)
		CreateAndSetChildDomain (48ms)
	RebuildCommonClasses (63ms)
	RebuildNativeTypeToScriptingClass (18ms)
	initialDomainReloadingComplete (80ms)
	LoadAllAssembliesAndSetupDomain (8385ms)
		LoadAssemblies (7588ms)
		RebuildTransferFunctionScriptingTraits (0ms)
		AnalyzeDomain (965ms)
			TypeCache.Refresh (914ms)
				TypeCache.ScanAssembly (712ms)
			ScanForSourceGeneratedMonoScriptInfo (37ms)
			ResolveRequiredComponents (12ms)
	FinalizeReload (1517ms)
		ReleaseScriptCaches (0ms)
		RebuildScriptCaches (0ms)
		SetupLoadedEditorAssemblies (1218ms)
			LogAssemblyErrors (0ms)
			InitializePlatformSupportModulesInManaged (38ms)
			SetLoadedEditorAssemblies (8ms)
			RefreshPlugins (0ms)
			BeforeProcessingInitializeOnLoad (107ms)
			ProcessInitializeOnLoadAttributes (963ms)
			ProcessInitializeOnLoadMethodAttributes (92ms)
			AfterProcessingInitializeOnLoad (11ms)
			EditorAssembliesLoaded (0ms)
		ExecutionOrderSort2 (0ms)
		AwakeInstancesAfterBackupRestoration (13ms)
Launched and connected shader compiler UnityShaderCompiler.exe after 0.10 seconds
Refreshing native plugins compatible for Editor in 20.77 ms, found 6 plugins.
Preloading 0 native plugins for Editor in 0.00 ms.
Unloading 3369 Unused Serialized files (Serialized files now loaded: 0)
Unloading 33 unused Assets / (403.1 KB). Loaded Objects now: 3858.
Memory consumption went from 123.2 MB to 122.8 MB.
Total: 7.683600 ms (FindLiveObjects: 0.492600 ms CreateObjectMapping: 0.150700 ms MarkObjects: 6.568300 ms  DeleteObjects: 0.470300 ms)

AssetImportParameters requested are different than current active one (requested -> active):
  custom:container-demuxer-ogg: 62fdf1f143b41e24485cea50d1cbac27 -> 
  custom:video-codec-MediaFoundation-h265: 746d11721c4dcdbdad8f713fa42b33f4 -> 
  custom:video-decoder-ogg-theora: a1e56fd34408186e4bbccfd4996cb3dc -> 
  custom:framework-win-MediaFoundation: 216162199b28c13a410421893ffa2e32 -> 
  custom:CustomObjectIndexerAttribute: 9a22284fe3817be447336de3de66b15e -> 
  custom:container-demuxer-webm: 4f35f7cbe854078d1ac9338744f61a02 -> 
  custom:container-muxer-webm: aa71ff27fc2769a1b78a27578f13a17b -> 
  custom:video-decoder-webm-vp8: 9c59270c3fd7afecdb556c50c9e8de78 -> 
  custom:SearchIndexIgnoredProperties: e643bd26f0fe6173181afceb89e7c659 -> 
  custom:AudioImporter_EditorPlatform: d09bf68614088b80899f8185d706f6e7 -> 
  custom:video-encoder-webm-vp8: eb34c28f22e8b96e1ab97ce403110664 -> 
  custom:audio-decoder-ogg-vorbis: bf7c407c2cedff20999df2af8eb42d56 -> 
  custom:audio-encoder-webm-vorbis: bf7c407c2cedff20999df2af8eb42d56 -> 
========================================================================
Received Prepare
Caller must complete domain reload
Begin MonoManager ReloadAssembly
Curl error 42: Callback aborted
- Loaded All Assemblies, in  0.914 seconds
Native extension for WindowsStandalone target not found
Native extension for Android target not found
Native extension for WebGL target not found
[Package Manager] Server::EnsureServerProcessIsRunning -- launch failed, reason: Unity was launched with the -noUpm command-line argument
[Package Manager] UpmClient::Send -- Unable to send message (not connected to UPM process).
[Package Manager] Cannot connect to Unity Package Manager local server
Failed to sync packages list
UnityEngine.StackTraceUtility:ExtractStackTrace ()
UnityEngine.DebugLogHandler:LogFormat (UnityEngine.LogType,UnityEngine.Object,string,object[])
UnityEngine.Logger:Log (UnityEngine.LogType,object)
UnityEngine.Debug:LogWarning (object)
 .  / :MoveNext ()
System.Runtime.CompilerServices.AsyncVoidMethodBuilder:Start< .  / > ( .  / &)
 .  :  ()
 .⁪/ :MoveNext ()
System.Runtime.CompilerServices.AsyncTaskMethodBuilder:Start< .⁪/ > ( .⁪/ &)
 .⁪:  ()
System.Reflection.RuntimeMethodInfo:Invoke (object,System.Reflection.BindingFlags,System.Reflection.Binder,object[],System.Globalization.CultureInfo)
System.Reflection.MethodBase:Invoke (object,object[])
UnityEditor.EditorAssemblies:ProcessInitializeOnLoadMethodAttributes ()

Mono: successfully reloaded assembly
- Finished resetting the current domain, in  2.168 seconds
Domain Reload Profiling: 3079ms
	BeginReloadAssembly (294ms)
		ExecutionOrderSort (0ms)
		DisableScriptedObjects (10ms)
		BackupInstance (0ms)
		ReleaseScriptingObjects (0ms)
		CreateAndSetChildDomain (64ms)
	RebuildCommonClasses (64ms)
	RebuildNativeTypeToScriptingClass (21ms)
	initialDomainReloadingComplete (67ms)
	LoadAllAssembliesAndSetupDomain (463ms)
		LoadAssemblies (600ms)
		RebuildTransferFunctionScriptingTraits (0ms)
		AnalyzeDomain (24ms)
			TypeCache.Refresh (9ms)
				TypeCache.ScanAssembly (0ms)
			ScanForSourceGeneratedMonoScriptInfo (0ms)
			ResolveRequiredComponents (12ms)
	FinalizeReload (2169ms)
		ReleaseScriptCaches (0ms)
		RebuildScriptCaches (0ms)
		SetupLoadedEditorAssemblies (1035ms)
			LogAssemblyErrors (0ms)
			InitializePlatformSupportModulesInManaged (41ms)
			SetLoadedEditorAssemblies (6ms)
			RefreshPlugins (0ms)
			BeforeProcessingInitializeOnLoad (112ms)
			ProcessInitializeOnLoadAttributes (773ms)
			ProcessInitializeOnLoadMethodAttributes (93ms)
			AfterProcessingInitializeOnLoad (10ms)
			EditorAssembliesLoaded (1ms)
		ExecutionOrderSort2 (0ms)
		AwakeInstancesAfterBackupRestoration (15ms)
Refreshing native plugins compatible for Editor in 9.12 ms, found 6 plugins.
Preloading 0 native plugins for Editor in 0.00 ms.
Release of invalid GC handle. The handle is from a previous domain. The release operation is skipped.
Unloading 3362 Unused Serialized files (Serialized files now loaded: 0)
Release of invalid GC handle native callstack: 
0x00007ff79e68424d (Unity) StackWalker::GetCurrentCallstack
0x00007ff79e689329 (Unity) StackWalker::ShowCallstack
0x00007ff79f67dae1 (Unity) GetStacktrace
0x00007ff79e57f20d (Unity) ScriptingGCHandle::ReleaseAndClear
0x00007ff79eb4748c (Unity) UploadHandlerRaw::`vector deleting destructor'
0x00007ff79eb4803d (Unity) UploadHandler::Release
0x00007ff79eb448dd (Unity) UnityWebRequestProto<UnityWebRequestTransport,AtomicRefCounter,RedirectHelper,ResponseHelper,DownloadHandler,UploadHandler,CertificateHandler,HeaderHelper,AsyncOperation>::~UnityWebRequestProto<UnityWebRequestTransport,AtomicRefCounter,RedirectHelper,ResponseHelper,DownloadHandler,UploadHandler,CertificateHandler,HeaderHelper,AsyncOperation>
0x00007ff79eb44bd6 (Unity) UnityWebRequest::`vector deleting destructor'
0x00007ff79d894b77 (Unity) UnityWebRequestProto<UnityWebRequestTransport,AtomicRefCounter,RedirectHelper,ResponseHelper,DownloadHandler,UploadHandler,CertificateHandler,HeaderHelper,AsyncOperation>::Release
0x00007ff79eb46605 (Unity) UnityWebRequestAsyncOperation::InvokeCoroutine
0x00007ff79eb467e1 (Unity) UnityWebRequestProto<UnityWebRequestTransport,AtomicRefCounter,RedirectHelper,ResponseHelper,DownloadHandler,UploadHandler,CertificateHandler,HeaderHelper,AsyncOperation>::Job_InvokeCoroutine
0x00007ff79e1ab54a (Unity) BackgroundJobQueue::ExecuteMainThreadJobs
0x00007ff79e26005f (Unity) PreloadManager::WaitForAllAsyncOperationsToComplete
0x00007ff79fa23af8 (Unity) <lambda_b37b41f03089e3cb3f55061bbc93253d>::operator()
0x00007ff79fa5f422 (Unity) asio::detail::completion_handler<core::mutable_function<void __cdecl(void)>,asio::io_context::basic_executor_type<std::allocator<void>,0> >::do_complete
0x00007ff79fa4b3ce (Unity) asio::detail::win_iocp_io_context::do_one
0x00007ff79fa4d034 (Unity) asio::detail::win_iocp_io_context::run
0x00007ff79fa5d7cc (Unity) IOService::Run
0x00007ff79fa30c2f (Unity) AssetImportWorkerClient::Run
0x00007ff79f9fc3d7 (Unity) RunAssetImportWorkerClientV2
0x00007ff79f9fc45b (Unity) RunAssetImporterV2
0x00007ff79f1f31de (Unity) Application::InitializeProject
0x00007ff79f688795 (Unity) WinMain
0x00007ff7a0a535ce (Unity) __scrt_common_main_seh
0x00007ffa8b87e8d7 (KERNEL32) BaseThreadInitThunk
0x00007ffa8c1714fc (ntdll) RtlUserThreadStart
Unloading 28 unused Assets / (374.6 KB). Loaded Objects now: 3863.
Memory consumption went from 77.0 MB to 76.6 MB.
Total: 15.194800 ms (FindLiveObjects: 1.082900 ms CreateObjectMapping: 0.568800 ms MarkObjects: 12.699300 ms  DeleteObjects: 0.840500 ms)

Prepare: number of updated asset objects reloaded= 0
AssetImportParameters requested are different than current active one (requested -> active):
  custom:container-demuxer-ogg: 62fdf1f143b41e24485cea50d1cbac27 -> 
  custom:video-codec-MediaFoundation-h265: 746d11721c4dcdbdad8f713fa42b33f4 -> 
  custom:video-decoder-ogg-theora: a1e56fd34408186e4bbccfd4996cb3dc -> 
  custom:framework-win-MediaFoundation: 216162199b28c13a410421893ffa2e32 -> 
  custom:CustomObjectIndexerAttribute: 9a22284fe3817be447336de3de66b15e -> 
  custom:container-demuxer-webm: 4f35f7cbe854078d1ac9338744f61a02 -> 
  custom:container-muxer-webm: aa71ff27fc2769a1b78a27578f13a17b -> 
  custom:video-decoder-webm-vp8: 9c59270c3fd7afecdb556c50c9e8de78 -> 
  custom:SearchIndexIgnoredProperties: e643bd26f0fe6173181afceb89e7c659 -> 
  custom:AudioImporter_EditorPlatform: d09bf68614088b80899f8185d706f6e7 -> 
  custom:video-encoder-webm-vp8: eb34c28f22e8b96e1ab97ce403110664 -> 
  custom:audio-decoder-ogg-vorbis: bf7c407c2cedff20999df2af8eb42d56 -> 
  custom:audio-encoder-webm-vorbis: bf7c407c2cedff20999df2af8eb42d56 -> 
========================================================================
Received Import Request.
  Time since last request: 559923.055444 seconds.
  path: Assets/Scripts/Logic/Items/Item.cs
  artifactKey: Guid(5198c6cfe1a2489ba752707a7ae13c35) Importer(815301076,1909f56bfc062723c751e8b465ee728b)
Start importing Assets/Scripts/Logic/Items/Item.cs using Guid(5198c6cfe1a2489ba752707a7ae13c35) Importer(815301076,1909f56bfc062723c751e8b465ee728b) [PhysX] Initialized MultithreadedTaskDispatcher with 12 workers.
 -> (artifact id: 'e0d42c9a1fa79125b6dd02c55227666a') in 0.007310 seconds
Number of updated asset objects reloaded before import = 0
Number of asset objects unloaded after import = 0
========================================================================
Received Prepare
Caller must complete domain reload
Begin MonoManager ReloadAssembly
- Loaded All Assemblies, in  0.894 seconds
Native extension for WindowsStandalone target not found
Native extension for Android target not found
Native extension for WebGL target not found
[Package Manager] Server::EnsureServerProcessIsRunning -- launch failed, reason: Unity was launched with the -noUpm command-line argument
[Package Manager] UpmClient::Send -- Unable to send message (not connected to UPM process).
[Package Manager] Cannot connect to Unity Package Manager local server
Failed to sync packages list
UnityEngine.StackTraceUtility:ExtractStackTrace ()
UnityEngine.DebugLogHandler:LogFormat (UnityEngine.LogType,UnityEngine.Object,string,object[])
UnityEngine.Logger:Log (UnityEngine.LogType,object)
UnityEngine.Debug:LogWarning (object)
 .  / :MoveNext ()
System.Runtime.CompilerServices.AsyncVoidMethodBuilder:Start< .  / > ( .  / &)
 .  :  ()
 .⁪/ :MoveNext ()
System.Runtime.CompilerServices.AsyncTaskMethodBuilder:Start< .⁪/ > ( .⁪/ &)
 .⁪:  ()
System.Reflection.RuntimeMethodInfo:Invoke (object,System.Reflection.BindingFlags,System.Reflection.Binder,object[],System.Globalization.CultureInfo)
System.Reflection.MethodBase:Invoke (object,object[])
UnityEditor.EditorAssemblies:ProcessInitializeOnLoadMethodAttributes ()

Mono: successfully reloaded assembly
- Finished resetting the current domain, in  1.223 seconds
Domain Reload Profiling: 2114ms
	BeginReloadAssembly (347ms)
		ExecutionOrderSort (0ms)
		DisableScriptedObjects (10ms)
		BackupInstance (0ms)
		ReleaseScriptingObjects (0ms)
		CreateAndSetChildDomain (75ms)
	RebuildCommonClasses (74ms)
	RebuildNativeTypeToScriptingClass (23ms)
	initialDomainReloadingComplete (58ms)
	LoadAllAssembliesAndSetupDomain (390ms)
		LoadAssemblies (571ms)
		RebuildTransferFunctionScriptingTraits (0ms)
		AnalyzeDomain (24ms)
			TypeCache.Refresh (8ms)
				TypeCache.ScanAssembly (0ms)
			ScanForSourceGeneratedMonoScriptInfo (7ms)
			ResolveRequiredComponents (7ms)
	FinalizeReload (1224ms)
		ReleaseScriptCaches (0ms)
		RebuildScriptCaches (0ms)
		SetupLoadedEditorAssemblies (677ms)
			LogAssemblyErrors (0ms)
			InitializePlatformSupportModulesInManaged (40ms)
			SetLoadedEditorAssemblies (33ms)
			RefreshPlugins (0ms)
			BeforeProcessingInitializeOnLoad (83ms)
			ProcessInitializeOnLoadAttributes (460ms)
			ProcessInitializeOnLoadMethodAttributes (56ms)
			AfterProcessingInitializeOnLoad (5ms)
			EditorAssembliesLoaded (0ms)
		ExecutionOrderSort2 (0ms)
		AwakeInstancesAfterBackupRestoration (7ms)
Refreshing native plugins compatible for Editor in 5.16 ms, found 6 plugins.
Preloading 0 native plugins for Editor in 0.00 ms.
Release of invalid GC handle. The handle is from a previous domain. The release operation is skipped.
Release of invalid GC handle native callstack: 
0x00007ff79e68424d (Unity) StackWalker::GetCurrentCallstack
0x00007ff79e689329 (Unity) StackWalker::ShowCallstack
0x00007ff79f67dae1 (Unity) GetStacktrace
0x00007ff79e57f20d (Unity) ScriptingGCHandle::ReleaseAndClear
0x00007ff79eb4748c (Unity) UploadHandlerRaw::`vector deleting destructor'
0x00007ff79eb4803d (Unity) UploadHandler::Release
0x00007ff79eb448dd (Unity) UnityWebRequestProto<UnityWebRequestTransport,AtomicRefCounter,RedirectHelper,ResponseHelper,DownloadHandler,UploadHandler,CertificateHandler,HeaderHelper,AsyncOperation>::~UnityWebRequestProto<UnityWebRequestTransport,AtomicRefCounter,RedirectHelper,ResponseHelper,DownloadHandler,UploadHandler,CertificateHandler,HeaderHelper,AsyncOperation>
0x00007ff79eb44bd6 (Unity) UnityWebRequest::`vector deleting destructor'
0x00007ff79d894b77 (Unity) UnityWebRequestProto<UnityWebRequestTransport,AtomicRefCounter,RedirectHelper,ResponseHelper,DownloadHandler,UploadHandler,CertificateHandler,HeaderHelper,AsyncOperation>::Release
0x00007ff79eb46605 (Unity) UnityWebRequestAsyncOperation::InvokeCoroutine
0x00007ff79eb467e1 (Unity) UnityWebRequestProto<UnityWebRequestTransport,AtomicRefCounter,RedirectHelper,ResponseHelper,DownloadHandler,UploadHandler,CertificateHandler,HeaderHelper,AsyncOperation>::Job_InvokeCoroutine
0x00007ff79e1ab54a (Unity) BackgroundJobQueue::ExecuteMainThreadJobs
0x00007ff79e26005f (Unity) PreloadManager::WaitForAllAsyncOperationsToComplete
0x00007ff79fa23af8 (Unity) <lambda_b37b41f03089e3cb3f55061bbc93253d>::operator()
0x00007ff79fa5f422 (Unity) asio::detail::completion_handler<core::mutable_function<void __cdecl(void)>,asio::io_context::basic_executor_type<std::allocator<void>,0> >::do_complete
0x00007ff79fa4b3ce (Unity) asio::detail::win_iocp_io_context::do_one
0x00007ff79fa4d034 (Unity) asio::detail::win_iocp_io_context::run
0x00007ff79fa5d7cc (Unity) IOService::Run
0x00007ff79fa30c2f (Unity) AssetImportWorkerClient::Run
0x00007ff79f9fc3d7 (Unity) RunAssetImportWorkerClientV2
0x00007ff79f9fc45b (Unity) RunAssetImporterV2
0x00007ff79f1f31de (Unity) Application::InitializeProject
0x00007ff79f688795 (Unity) WinMain
0x00007ff7a0a535ce (Unity) __scrt_common_main_seh
0x00007ffa8b87e8d7 (KERNEL32) BaseThreadInitThunk
0x00007ffa8c1714fc (ntdll) RtlUserThreadStart
Unloading 3364 Unused Serialized files (Serialized files now loaded: 0)
Unloading 28 unused Assets / (396.5 KB). Loaded Objects now: 3871.
Memory consumption went from 131.4 MB to 131.1 MB.
Total: 4.156000 ms (FindLiveObjects: 0.205200 ms CreateObjectMapping: 0.093300 ms MarkObjects: 3.619000 ms  DeleteObjects: 0.237400 ms)

Prepare: number of updated asset objects reloaded= 0
AssetImportParameters requested are different than current active one (requested -> active):
  custom:container-demuxer-ogg: 62fdf1f143b41e24485cea50d1cbac27 -> 
  custom:scripting/monoscript/fileName/Tree.cs: dca7474b58f05e1dc61bb9deb148038d -> 
  custom:video-codec-MediaFoundation-h265: 746d11721c4dcdbdad8f713fa42b33f4 -> 
  custom:video-decoder-ogg-theora: a1e56fd34408186e4bbccfd4996cb3dc -> 
  custom:scripting/monoscript/fileName/Timber.cs: e3f520cc8fc09857160dc689c53c79e7 -> 
  custom:framework-win-MediaFoundation: 216162199b28c13a410421893ffa2e32 -> 
  custom:scripting/monoscript/fileName/Money.cs: 9c40cb0a308c8e4e1f5815ebef98078a -> 
  custom:CustomObjectIndexerAttribute: 9a22284fe3817be447336de3de66b15e -> 
  custom:container-demuxer-webm: 4f35f7cbe854078d1ac9338744f61a02 -> 
  custom:container-muxer-webm: aa71ff27fc2769a1b78a27578f13a17b -> 
  custom:video-decoder-webm-vp8: 9c59270c3fd7afecdb556c50c9e8de78 -> 
  custom:SearchIndexIgnoredProperties: e643bd26f0fe6173181afceb89e7c659 -> 
  custom:AudioImporter_EditorPlatform: d09bf68614088b80899f8185d706f6e7 -> 
  custom:video-encoder-webm-vp8: eb34c28f22e8b96e1ab97ce403110664 -> 
  custom:audio-decoder-ogg-vorbis: bf7c407c2cedff20999df2af8eb42d56 -> 
  custom:audio-encoder-webm-vorbis: bf7c407c2cedff20999df2af8eb42d56 -> 
  custom:scripting/precompiled-assembly-types:Assembly-CSharp: a694a1f0850a7d1734b2a3120e73acdf -> 898d7dc12b5aaae7dfacee678fc8dd41
========================================================================
Received Import Request.
  Time since last request: 103.866122 seconds.
  path: Assets/Scripts/Logic/Items/Item.cs
  artifactKey: Guid(5198c6cfe1a2489ba752707a7ae13c35) Importer(815301076,1909f56bfc062723c751e8b465ee728b)
Start importing Assets/Scripts/Logic/Items/Item.cs using Guid(5198c6cfe1a2489ba752707a7ae13c35) Importer(815301076,1909f56bfc062723c751e8b465ee728b) [PhysX] Initialized MultithreadedTaskDispatcher with 12 workers.
 -> (artifact id: 'abb55d532545e037e98f9d6846e55e8d') in 0.002912 seconds
Number of updated asset objects reloaded before import = 0
Number of asset objects unloaded after import = 0
========================================================================
Received Import Request.
  Time since last request: 2.219174 seconds.
  path: Assets/Prefabs/log-raw-and-pleed (8).prefab
  artifactKey: Guid(fa676f1297b35a44ab9d9c9a27310c22) Importer(815301076,1909f56bfc062723c751e8b465ee728b)
Start importing Assets/Prefabs/log-raw-and-pleed (8).prefab using Guid(fa676f1297b35a44ab9d9c9a27310c22) Importer(815301076,1909f56bfc062723c751e8b465ee728b) [PhysX] Initialized MultithreadedTaskDispatcher with 12 workers.
[PhysX] Initialized MultithreadedTaskDispatcher with 12 workers.
 -> (artifact id: 'b27f1f8ec0476d799da018c0b96a0873') in 0.226704 seconds
Number of updated asset objects reloaded before import = 0
Number of asset objects unloaded after import = 17
========================================================================
Received Import Request.
  Time since last request: 5.948003 seconds.
  path: Assets/Prefabs/log-raw-and-pleed (8).prefab
  artifactKey: Guid(fa676f1297b35a44ab9d9c9a27310c22) Importer(815301076,1909f56bfc062723c751e8b465ee728b)
Start importing Assets/Prefabs/log-raw-and-pleed (8).prefab using Guid(fa676f1297b35a44ab9d9c9a27310c22) Importer(815301076,1909f56bfc062723c751e8b465ee728b) [PhysX] Initialized MultithreadedTaskDispatcher with 12 workers.
[PhysX] Initialized MultithreadedTaskDispatcher with 12 workers.
 -> (artifact id: '10506b09f47e5d3c1edd2cc68c72420f') in 0.040901 seconds
Number of updated asset objects reloaded before import = 0
Number of asset objects unloaded after import = 16
========================================================================
Received Import Request.
  Time since last request: 5.245241 seconds.
  path: Assets/Prefabs/log-raw-and-pleed (8).prefab
  artifactKey: Guid(fa676f1297b35a44ab9d9c9a27310c22) Importer(815301076,1909f56bfc062723c751e8b465ee728b)
Start importing Assets/Prefabs/log-raw-and-pleed (8).prefab using Guid(fa676f1297b35a44ab9d9c9a27310c22) Importer(815301076,1909f56bfc062723c751e8b465ee728b) [PhysX] Initialized MultithreadedTaskDispatcher with 12 workers.
[PhysX] Initialized MultithreadedTaskDispatcher with 12 workers.
 -> (artifact id: '2d5242046008ba07a4348da7a511b716') in 0.025133 seconds
Number of updated asset objects reloaded before import = 0
Number of asset objects unloaded after import = 17
========================================================================
Received Import Request.
  Time since last request: 10.390869 seconds.
  path: Assets/Resources/Dollar/Dollar.prefab
  artifactKey: Guid(875731e306e9168448caeb9c9b055e56) Importer(815301076,1909f56bfc062723c751e8b465ee728b)
Start importing Assets/Resources/Dollar/Dollar.prefab using Guid(875731e306e9168448caeb9c9b055e56) Importer(815301076,1909f56bfc062723c751e8b465ee728b) [PhysX] Initialized MultithreadedTaskDispatcher with 12 workers.
[PhysX] Initialized MultithreadedTaskDispatcher with 12 workers.
 -> (artifact id: '07cbed232943ab29282844ffcd406d3a') in 0.101923 seconds
Number of updated asset objects reloaded before import = 0
Number of asset objects unloaded after import = 17
========================================================================
Received Import Request.
  Time since last request: 32.489823 seconds.
  path: Assets/Resources/Dollar/Dollar.prefab
  artifactKey: Guid(875731e306e9168448caeb9c9b055e56) Importer(815301076,1909f56bfc062723c751e8b465ee728b)
Start importing Assets/Resources/Dollar/Dollar.prefab using Guid(875731e306e9168448caeb9c9b055e56) Importer(815301076,1909f56bfc062723c751e8b465ee728b) [PhysX] Initialized MultithreadedTaskDispatcher with 12 workers.
[PhysX] Initialized MultithreadedTaskDispatcher with 12 workers.
 -> (artifact id: '914b0879b650da61203482fc221e2e04') in 0.021402 seconds
Number of updated asset objects reloaded before import = 0
Number of asset objects unloaded after import = 16
========================================================================
Received Import Request.
  Time since last request: 3.975372 seconds.
  path: Assets/Resources/Dollar/Dollar.prefab
  artifactKey: Guid(875731e306e9168448caeb9c9b055e56) Importer(815301076,1909f56bfc062723c751e8b465ee728b)
Start importing Assets/Resources/Dollar/Dollar.prefab using Guid(875731e306e9168448caeb9c9b055e56) Importer(815301076,1909f56bfc062723c751e8b465ee728b) [PhysX] Initialized MultithreadedTaskDispatcher with 12 workers.
[PhysX] Initialized MultithreadedTaskDispatcher with 12 workers.
 -> (artifact id: '2ad53e139fa175bf28e94d1ba071c947') in 0.012447 seconds
Number of updated asset objects reloaded before import = 0
Number of asset objects unloaded after import = 17
========================================================================
Received Prepare
Caller must complete domain reload
Begin MonoManager ReloadAssembly
- Loaded All Assemblies, in  0.435 seconds
Native extension for WindowsStandalone target not found
Native extension for Android target not found
Native extension for WebGL target not found
[Package Manager] Server::EnsureServerProcessIsRunning -- launch failed, reason: Unity was launched with the -noUpm command-line argument
[Package Manager] UpmClient::Send -- Unable to send message (not connected to UPM process).
[Package Manager] Cannot connect to Unity Package Manager local server
Failed to sync packages list
UnityEngine.StackTraceUtility:ExtractStackTrace ()
UnityEngine.DebugLogHandler:LogFormat (UnityEngine.LogType,UnityEngine.Object,string,object[])
UnityEngine.Logger:Log (UnityEngine.LogType,object)
UnityEngine.Debug:LogWarning (object)
 .  / :MoveNext ()
System.Runtime.CompilerServices.AsyncVoidMethodBuilder:Start< .  / > ( .  / &)
 .  :  ()
 .⁪/ :MoveNext ()
System.Runtime.CompilerServices.AsyncTaskMethodBuilder:Start< .⁪/ > ( .⁪/ &)
 .⁪:  ()
System.Reflection.RuntimeMethodInfo:Invoke (object,System.Reflection.BindingFlags,System.Reflection.Binder,object[],System.Globalization.CultureInfo)
System.Reflection.MethodBase:Invoke (object,object[])
UnityEditor.EditorAssemblies:ProcessInitializeOnLoadMethodAttributes ()

Mono: successfully reloaded assembly
- Finished resetting the current domain, in  1.045 seconds
Domain Reload Profiling: 1479ms
	BeginReloadAssembly (152ms)
		ExecutionOrderSort (0ms)
		DisableScriptedObjects (7ms)
		BackupInstance (0ms)
		ReleaseScriptingObjects (0ms)
		CreateAndSetChildDomain (35ms)
	RebuildCommonClasses (31ms)
	RebuildNativeTypeToScriptingClass (10ms)
	initialDomainReloadingComplete (26ms)
	LoadAllAssembliesAndSetupDomain (215ms)
		LoadAssemblies (277ms)
		RebuildTransferFunctionScriptingTraits (0ms)
		AnalyzeDomain (14ms)
			TypeCache.Refresh (6ms)
				TypeCache.ScanAssembly (0ms)
			ScanForSourceGeneratedMonoScriptInfo (0ms)
			ResolveRequiredComponents (6ms)
	FinalizeReload (1046ms)
		ReleaseScriptCaches (0ms)
		RebuildScriptCaches (0ms)
		SetupLoadedEditorAssemblies (607ms)
			LogAssemblyErrors (0ms)
			InitializePlatformSupportModulesInManaged (18ms)
			SetLoadedEditorAssemblies (4ms)
			RefreshPlugins (0ms)
			BeforeProcessingInitializeOnLoad (61ms)
			ProcessInitializeOnLoadAttributes (467ms)
			ProcessInitializeOnLoadMethodAttributes (53ms)
			AfterProcessingInitializeOnLoad (4ms)
			EditorAssembliesLoaded (0ms)
		ExecutionOrderSort2 (0ms)
		AwakeInstancesAfterBackupRestoration (7ms)
Refreshing native plugins compatible for Editor in 5.54 ms, found 6 plugins.
Preloading 0 native plugins for Editor in 0.00 ms.
Release of invalid GC handle. The handle is from a previous domain. The release operation is skipped.
Release of invalid GC handle native callstack: 
0x00007ff79e68424d (Unity) StackWalker::GetCurrentCallstack
0x00007ff79e689329 (Unity) StackWalker::ShowCallstack
0x00007ff79f67dae1 (Unity) GetStacktrace
0x00007ff79e57f20d (Unity) ScriptingGCHandle::ReleaseAndClear
0x00007ff79eb4748c (Unity) UploadHandlerRaw::`vector deleting destructor'
0x00007ff79eb4803d (Unity) UploadHandler::Release
0x00007ff79eb448dd (Unity) UnityWebRequestProto<UnityWebRequestTransport,AtomicRefCounter,RedirectHelper,ResponseHelper,DownloadHandler,UploadHandler,CertificateHandler,HeaderHelper,AsyncOperation>::~UnityWebRequestProto<UnityWebRequestTransport,AtomicRefCounter,RedirectHelper,ResponseHelper,DownloadHandler,UploadHandler,CertificateHandler,HeaderHelper,AsyncOperation>
0x00007ff79eb44bd6 (Unity) UnityWebRequest::`vector deleting destructor'
0x00007ff79d894b77 (Unity) UnityWebRequestProto<UnityWebRequestTransport,AtomicRefCounter,RedirectHelper,ResponseHelper,DownloadHandler,UploadHandler,CertificateHandler,HeaderHelper,AsyncOperation>::Release
0x00007ff79eb46605 (Unity) UnityWebRequestAsyncOperation::InvokeCoroutine
0x00007ff79eb467e1 (Unity) UnityWebRequestProto<UnityWebRequestTransport,AtomicRefCounter,RedirectHelper,ResponseHelper,DownloadHandler,UploadHandler,CertificateHandler,HeaderHelper,AsyncOperation>::Job_InvokeCoroutine
0x00007ff79e1ab54a (Unity) BackgroundJobQueue::ExecuteMainThreadJobs
0x00007ff79e26005f (Unity) PreloadManager::WaitForAllAsyncOperationsToComplete
0x00007ff79fa23af8 (Unity) <lambda_b37b41f03089e3cb3f55061bbc93253d>::operator()
0x00007ff79fa5f422 (Unity) asio::detail::completion_handler<core::mutable_function<void __cdecl(void)>,asio::io_context::basic_executor_type<std::allocator<void>,0> >::do_complete
0x00007ff79fa4b3ce (Unity) asio::detail::win_iocp_io_context::do_one
0x00007ff79fa4d034 (Unity) asio::detail::win_iocp_io_context::run
0x00007ff79fa5d7cc (Unity) IOService::Run
0x00007ff79fa30c2f (Unity) AssetImportWorkerClient::Run
0x00007ff79f9fc3d7 (Unity) RunAssetImportWorkerClientV2
0x00007ff79f9fc45b (Unity) RunAssetImporterV2
0x00007ff79f1f31de (Unity) Application::InitializeProject
0x00007ff79f688795 (Unity) WinMain
0x00007ff7a0a535ce (Unity) __scrt_common_main_seh
0x00007ffa8b87e8d7 (KERNEL32) BaseThreadInitThunk
0x00007ffa8c1714fc (ntdll) RtlUserThreadStart
Unloading 3364 Unused Serialized files (Serialized files now loaded: 0)
Unloading 28 unused Assets / (396.6 KB). Loaded Objects now: 3883.
Memory consumption went from 131.8 MB to 131.4 MB.
Total: 4.115300 ms (FindLiveObjects: 0.208500 ms CreateObjectMapping: 0.091400 ms MarkObjects: 3.577200 ms  DeleteObjects: 0.237000 ms)

Prepare: number of updated asset objects reloaded= 0
AssetImportParameters requested are different than current active one (requested -> active):
  custom:container-demuxer-ogg: 62fdf1f143b41e24485cea50d1cbac27 -> 
  custom:scripting/monoscript/fileName/Tree.cs: dca7474b58f05e1dc61bb9deb148038d -> 
  custom:video-codec-MediaFoundation-h265: 746d11721c4dcdbdad8f713fa42b33f4 -> 
  custom:video-decoder-ogg-theora: a1e56fd34408186e4bbccfd4996cb3dc -> 
  custom:scripting/monoscript/fileName/Timber.cs: e3f520cc8fc09857160dc689c53c79e7 -> 
  custom:framework-win-MediaFoundation: 216162199b28c13a410421893ffa2e32 -> 
  custom:scripting/monoscript/fileName/Money.cs: 9c40cb0a308c8e4e1f5815ebef98078a -> 
  custom:CustomObjectIndexerAttribute: 9a22284fe3817be447336de3de66b15e -> 
  custom:container-demuxer-webm: 4f35f7cbe854078d1ac9338744f61a02 -> 
  custom:container-muxer-webm: aa71ff27fc2769a1b78a27578f13a17b -> 
  custom:video-decoder-webm-vp8: 9c59270c3fd7afecdb556c50c9e8de78 -> 
  custom:SearchIndexIgnoredProperties: e643bd26f0fe6173181afceb89e7c659 -> 
  custom:AudioImporter_EditorPlatform: d09bf68614088b80899f8185d706f6e7 -> 
  custom:video-encoder-webm-vp8: eb34c28f22e8b96e1ab97ce403110664 -> 
  custom:audio-decoder-ogg-vorbis: bf7c407c2cedff20999df2af8eb42d56 -> 
  custom:audio-encoder-webm-vorbis: bf7c407c2cedff20999df2af8eb42d56 -> 
  custom:scripting/precompiled-assembly-types:Assembly-CSharp: a694a1f0850a7d1734b2a3120e73acdf -> 898d7dc12b5aaae7dfacee678fc8dd41
========================================================================
Received Prepare
Caller must complete domain reload
Begin MonoManager ReloadAssembly
- Loaded All Assemblies, in  0.438 seconds
Native extension for WindowsStandalone target not found
Native extension for Android target not found
Native extension for WebGL target not found
[Package Manager] Server::EnsureServerProcessIsRunning -- launch failed, reason: Unity was launched with the -noUpm command-line argument
[Package Manager] UpmClient::Send -- Unable to send message (not connected to UPM process).
[Package Manager] Cannot connect to Unity Package Manager local server
Failed to sync packages list
UnityEngine.StackTraceUtility:ExtractStackTrace ()
UnityEngine.DebugLogHandler:LogFormat (UnityEngine.LogType,UnityEngine.Object,string,object[])
UnityEngine.Logger:Log (UnityEngine.LogType,object)
UnityEngine.Debug:LogWarning (object)
 .  / :MoveNext ()
System.Runtime.CompilerServices.AsyncVoidMethodBuilder:Start< .  / > ( .  / &)
 .  :  ()
 .⁪/ :MoveNext ()
System.Runtime.CompilerServices.AsyncTaskMethodBuilder:Start< .⁪/ > ( .⁪/ &)
 .⁪:  ()
System.Reflection.RuntimeMethodInfo:Invoke (object,System.Reflection.BindingFlags,System.Reflection.Binder,object[],System.Globalization.CultureInfo)
System.Reflection.MethodBase:Invoke (object,object[])
UnityEditor.EditorAssemblies:ProcessInitializeOnLoadMethodAttributes ()

Mono: successfully reloaded assembly
- Finished resetting the current domain, in  0.965 seconds
Domain Reload Profiling: 1402ms
	BeginReloadAssembly (149ms)
		ExecutionOrderSort (0ms)
		DisableScriptedObjects (5ms)
		BackupInstance (0ms)
		ReleaseScriptingObjects (0ms)
		CreateAndSetChildDomain (31ms)
	RebuildCommonClasses (37ms)
	RebuildNativeTypeToScriptingClass (12ms)
	initialDomainReloadingComplete (28ms)
	LoadAllAssembliesAndSetupDomain (210ms)
		LoadAssemblies (275ms)
		RebuildTransferFunctionScriptingTraits (0ms)
		AnalyzeDomain (15ms)
			TypeCache.Refresh (6ms)
				TypeCache.ScanAssembly (0ms)
			ScanForSourceGeneratedMonoScriptInfo (0ms)
			ResolveRequiredComponents (6ms)
	FinalizeReload (966ms)
		ReleaseScriptCaches (0ms)
		RebuildScriptCaches (0ms)
		SetupLoadedEditorAssemblies (552ms)
			LogAssemblyErrors (0ms)
			InitializePlatformSupportModulesInManaged (18ms)
			SetLoadedEditorAssemblies (4ms)
			RefreshPlugins (0ms)
			BeforeProcessingInitializeOnLoad (64ms)
			ProcessInitializeOnLoadAttributes (404ms)
			ProcessInitializeOnLoadMethodAttributes (58ms)
			AfterProcessingInitializeOnLoad (4ms)
			EditorAssembliesLoaded (0ms)
		ExecutionOrderSort2 (0ms)
		AwakeInstancesAfterBackupRestoration (6ms)
Refreshing native plugins compatible for Editor in 5.03 ms, found 6 plugins.
Preloading 0 native plugins for Editor in 0.00 ms.
Release of invalid GC handle. The handle is from a previous domain. The release operation is skipped.
Release of invalid GC handle native callstack: 
0x00007ff79e68424d (Unity) StackWalker::GetCurrentCallstack
0x00007ff79e689329 (Unity) StackWalker::ShowCallstack
0x00007ff79f67dae1 (Unity) GetStacktrace
0x00007ff79e57f20d (Unity) ScriptingGCHandle::ReleaseAndClear
0x00007ff79eb4748c (Unity) UploadHandlerRaw::`vector deleting destructor'
0x00007ff79eb4803d (Unity) UploadHandler::Release
0x00007ff79eb448dd (Unity) UnityWebRequestProto<UnityWebRequestTransport,AtomicRefCounter,RedirectHelper,ResponseHelper,DownloadHandler,UploadHandler,CertificateHandler,HeaderHelper,AsyncOperation>::~UnityWebRequestProto<UnityWebRequestTransport,AtomicRefCounter,RedirectHelper,ResponseHelper,DownloadHandler,UploadHandler,CertificateHandler,HeaderHelper,AsyncOperation>
0x00007ff79eb44bd6 (Unity) UnityWebRequest::`vector deleting destructor'
0x00007ff79d894b77 (Unity) UnityWebRequestProto<UnityWebRequestTransport,AtomicRefCounter,RedirectHelper,ResponseHelper,DownloadHandler,UploadHandler,CertificateHandler,HeaderHelper,AsyncOperation>::Release
0x00007ff79eb46605 (Unity) UnityWebRequestAsyncOperation::InvokeCoroutine
0x00007ff79eb467e1 (Unity) UnityWebRequestProto<UnityWebRequestTransport,AtomicRefCounter,RedirectHelper,ResponseHelper,DownloadHandler,UploadHandler,CertificateHandler,HeaderHelper,AsyncOperation>::Job_InvokeCoroutine
0x00007ff79e1ab54a (Unity) BackgroundJobQueue::ExecuteMainThreadJobs
0x00007ff79e26005f (Unity) PreloadManager::WaitForAllAsyncOperationsToComplete
0x00007ff79fa23af8 (Unity) <lambda_b37b41f03089e3cb3f55061bbc93253d>::operator()
0x00007ff79fa5f422 (Unity) asio::detail::completion_handler<core::mutable_function<void __cdecl(void)>,asio::io_context::basic_executor_type<std::allocator<void>,0> >::do_complete
0x00007ff79fa4b3ce (Unity) asio::detail::win_iocp_io_context::do_one
0x00007ff79fa4d034 (Unity) asio::detail::win_iocp_io_context::run
0x00007ff79fa5d7cc (Unity) IOService::Run
0x00007ff79fa30c2f (Unity) AssetImportWorkerClient::Run
0x00007ff79f9fc3d7 (Unity) RunAssetImportWorkerClientV2
0x00007ff79f9fc45b (Unity) RunAssetImporterV2
0x00007ff79f1f31de (Unity) Application::InitializeProject
0x00007ff79f688795 (Unity) WinMain
0x00007ff7a0a535ce (Unity) __scrt_common_main_seh
0x00007ffa8b87e8d7 (KERNEL32) BaseThreadInitThunk
0x00007ffa8c1714fc (ntdll) RtlUserThreadStart
Unloading 3365 Unused Serialized files (Serialized files now loaded: 0)
Unloading 28 unused Assets / (396.7 KB). Loaded Objects now: 3888.
Memory consumption went from 132.2 MB to 131.8 MB.
Total: 4.626700 ms (FindLiveObjects: 0.209600 ms CreateObjectMapping: 0.097200 ms MarkObjects: 3.941600 ms  DeleteObjects: 0.377300 ms)

Prepare: number of updated asset objects reloaded= 0
AssetImportParameters requested are different than current active one (requested -> active):
  custom:container-demuxer-ogg: 62fdf1f143b41e24485cea50d1cbac27 -> 
  custom:scripting/monoscript/fileName/Tree.cs: dca7474b58f05e1dc61bb9deb148038d -> 
  custom:video-codec-MediaFoundation-h265: 746d11721c4dcdbdad8f713fa42b33f4 -> 
  custom:video-decoder-ogg-theora: a1e56fd34408186e4bbccfd4996cb3dc -> 
  custom:scripting/monoscript/fileName/Timber.cs: e3f520cc8fc09857160dc689c53c79e7 -> 
  custom:framework-win-MediaFoundation: 216162199b28c13a410421893ffa2e32 -> 
  custom:scripting/monoscript/fileName/Money.cs: 9c40cb0a308c8e4e1f5815ebef98078a -> 
  custom:CustomObjectIndexerAttribute: 9a22284fe3817be447336de3de66b15e -> 
  custom:container-demuxer-webm: 4f35f7cbe854078d1ac9338744f61a02 -> 
  custom:container-muxer-webm: aa71ff27fc2769a1b78a27578f13a17b -> 
  custom:video-decoder-webm-vp8: 9c59270c3fd7afecdb556c50c9e8de78 -> 
  custom:SearchIndexIgnoredProperties: e643bd26f0fe6173181afceb89e7c659 -> 
  custom:AudioImporter_EditorPlatform: d09bf68614088b80899f8185d706f6e7 -> 
  custom:video-encoder-webm-vp8: eb34c28f22e8b96e1ab97ce403110664 -> 
  custom:audio-decoder-ogg-vorbis: bf7c407c2cedff20999df2af8eb42d56 -> 
  custom:audio-encoder-webm-vorbis: bf7c407c2cedff20999df2af8eb42d56 -> 
  custom:scripting/precompiled-assembly-types:Assembly-CSharp: a694a1f0850a7d1734b2a3120e73acdf -> 898d7dc12b5aaae7dfacee678fc8dd41
========================================================================
Received Prepare
Caller must complete domain reload
Begin MonoManager ReloadAssembly
- Loaded All Assemblies, in  0.425 seconds
Native extension for WindowsStandalone target not found
Native extension for Android target not found
Native extension for WebGL target not found
[Package Manager] Server::EnsureServerProcessIsRunning -- launch failed, reason: Unity was launched with the -noUpm command-line argument
[Package Manager] UpmClient::Send -- Unable to send message (not connected to UPM process).
[Package Manager] Cannot connect to Unity Package Manager local server
Failed to sync packages list
UnityEngine.StackTraceUtility:ExtractStackTrace ()
UnityEngine.DebugLogHandler:LogFormat (UnityEngine.LogType,UnityEngine.Object,string,object[])
UnityEngine.Logger:Log (UnityEngine.LogType,object)
UnityEngine.Debug:LogWarning (object)
 .  / :MoveNext ()
System.Runtime.CompilerServices.AsyncVoidMethodBuilder:Start< .  / > ( .  / &)
 .  :  ()
 .⁪/ :MoveNext ()
System.Runtime.CompilerServices.AsyncTaskMethodBuilder:Start< .⁪/ > ( .⁪/ &)
 .⁪:  ()
System.Reflection.RuntimeMethodInfo:Invoke (object,System.Reflection.BindingFlags,System.Reflection.Binder,object[],System.Globalization.CultureInfo)
System.Reflection.MethodBase:Invoke (object,object[])
UnityEditor.EditorAssemblies:ProcessInitializeOnLoadMethodAttributes ()

Mono: successfully reloaded assembly
- Finished resetting the current domain, in  0.958 seconds
Domain Reload Profiling: 1382ms
	BeginReloadAssembly (152ms)
		ExecutionOrderSort (0ms)
		DisableScriptedObjects (5ms)
		BackupInstance (0ms)
		ReleaseScriptingObjects (0ms)
		CreateAndSetChildDomain (33ms)
	RebuildCommonClasses (31ms)
	RebuildNativeTypeToScriptingClass (10ms)
	initialDomainReloadingComplete (27ms)
	LoadAllAssembliesAndSetupDomain (204ms)
		LoadAssemblies (272ms)
		RebuildTransferFunctionScriptingTraits (0ms)
		AnalyzeDomain (14ms)
			TypeCache.Refresh (5ms)
				TypeCache.ScanAssembly (0ms)
			ScanForSourceGeneratedMonoScriptInfo (0ms)
			ResolveRequiredComponents (6ms)
	FinalizeReload (958ms)
		ReleaseScriptCaches (0ms)
		RebuildScriptCaches (0ms)
		SetupLoadedEditorAssemblies (551ms)
			LogAssemblyErrors (0ms)
			InitializePlatformSupportModulesInManaged (18ms)
			SetLoadedEditorAssemblies (4ms)
			RefreshPlugins (0ms)
			BeforeProcessingInitializeOnLoad (65ms)
			ProcessInitializeOnLoadAttributes (411ms)
			ProcessInitializeOnLoadMethodAttributes (49ms)
			AfterProcessingInitializeOnLoad (4ms)
			EditorAssembliesLoaded (0ms)
		ExecutionOrderSort2 (0ms)
		AwakeInstancesAfterBackupRestoration (7ms)
Refreshing native plugins compatible for Editor in 6.06 ms, found 6 plugins.
Preloading 0 native plugins for Editor in 0.00 ms.
Release of invalid GC handle. The handle is from a previous domain. The release operation is skipped.
Release of invalid GC handle native callstack: 
0x00007ff79e68424d (Unity) StackWalker::GetCurrentCallstack
0x00007ff79e689329 (Unity) StackWalker::ShowCallstack
0x00007ff79f67dae1 (Unity) GetStacktrace
0x00007ff79e57f20d (Unity) ScriptingGCHandle::ReleaseAndClear
0x00007ff79eb4748c (Unity) UploadHandlerRaw::`vector deleting destructor'
0x00007ff79eb4803d (Unity) UploadHandler::Release
0x00007ff79eb448dd (Unity) UnityWebRequestProto<UnityWebRequestTransport,AtomicRefCounter,RedirectHelper,ResponseHelper,DownloadHandler,UploadHandler,CertificateHandler,HeaderHelper,AsyncOperation>::~UnityWebRequestProto<UnityWebRequestTransport,AtomicRefCounter,RedirectHelper,ResponseHelper,DownloadHandler,UploadHandler,CertificateHandler,HeaderHelper,AsyncOperation>
0x00007ff79eb44bd6 (Unity) UnityWebRequest::`vector deleting destructor'
0x00007ff79d894b77 (Unity) UnityWebRequestProto<UnityWebRequestTransport,AtomicRefCounter,RedirectHelper,ResponseHelper,DownloadHandler,UploadHandler,CertificateHandler,HeaderHelper,AsyncOperation>::Release
0x00007ff79eb46605 (Unity) UnityWebRequestAsyncOperation::InvokeCoroutine
0x00007ff79eb467e1 (Unity) UnityWebRequestProto<UnityWebRequestTransport,AtomicRefCounter,RedirectHelper,ResponseHelper,DownloadHandler,UploadHandler,CertificateHandler,HeaderHelper,AsyncOperation>::Job_InvokeCoroutine
0x00007ff79e1ab54a (Unity) BackgroundJobQueue::ExecuteMainThreadJobs
0x00007ff79e26005f (Unity) PreloadManager::WaitForAllAsyncOperationsToComplete
0x00007ff79fa23af8 (Unity) <lambda_b37b41f03089e3cb3f55061bbc93253d>::operator()
0x00007ff79fa5f422 (Unity) asio::detail::completion_handler<core::mutable_function<void __cdecl(void)>,asio::io_context::basic_executor_type<std::allocator<void>,0> >::do_complete
0x00007ff79fa4b3ce (Unity) asio::detail::win_iocp_io_context::do_one
0x00007ff79fa4d034 (Unity) asio::detail::win_iocp_io_context::run
0x00007ff79fa5d7cc (Unity) IOService::Run
0x00007ff79fa30c2f (Unity) AssetImportWorkerClient::Run
0x00007ff79f9fc3d7 (Unity) RunAssetImportWorkerClientV2
0x00007ff79f9fc45b (Unity) RunAssetImporterV2
0x00007ff79f1f31de (Unity) Application::InitializeProject
0x00007ff79f688795 (Unity) WinMain
0x00007ff7a0a535ce (Unity) __scrt_common_main_seh
0x00007ffa8b87e8d7 (KERNEL32) BaseThreadInitThunk
0x00007ffa8c1714fc (ntdll) RtlUserThreadStart
Unloading 3365 Unused Serialized files (Serialized files now loaded: 0)
Unloading 28 unused Assets / (397.2 KB). Loaded Objects now: 3893.
Memory consumption went from 132.4 MB to 132.0 MB.
Total: 5.009700 ms (FindLiveObjects: 0.215500 ms CreateObjectMapping: 0.101000 ms MarkObjects: 4.445300 ms  DeleteObjects: 0.246800 ms)

Prepare: number of updated asset objects reloaded= 0
AssetImportParameters requested are different than current active one (requested -> active):
  custom:container-demuxer-ogg: 62fdf1f143b41e24485cea50d1cbac27 -> 
  custom:scripting/monoscript/fileName/Tree.cs: dca7474b58f05e1dc61bb9deb148038d -> 
  custom:video-codec-MediaFoundation-h265: 746d11721c4dcdbdad8f713fa42b33f4 -> 
  custom:video-decoder-ogg-theora: a1e56fd34408186e4bbccfd4996cb3dc -> 
  custom:scripting/monoscript/fileName/Timber.cs: e3f520cc8fc09857160dc689c53c79e7 -> 
  custom:framework-win-MediaFoundation: 216162199b28c13a410421893ffa2e32 -> 
  custom:scripting/monoscript/fileName/Money.cs: 9c40cb0a308c8e4e1f5815ebef98078a -> 
  custom:CustomObjectIndexerAttribute: 9a22284fe3817be447336de3de66b15e -> 
  custom:container-demuxer-webm: 4f35f7cbe854078d1ac9338744f61a02 -> 
  custom:container-muxer-webm: aa71ff27fc2769a1b78a27578f13a17b -> 
  custom:video-decoder-webm-vp8: 9c59270c3fd7afecdb556c50c9e8de78 -> 
  custom:SearchIndexIgnoredProperties: e643bd26f0fe6173181afceb89e7c659 -> 
  custom:AudioImporter_EditorPlatform: d09bf68614088b80899f8185d706f6e7 -> 
  custom:video-encoder-webm-vp8: eb34c28f22e8b96e1ab97ce403110664 -> 
  custom:audio-decoder-ogg-vorbis: bf7c407c2cedff20999df2af8eb42d56 -> 
  custom:audio-encoder-webm-vorbis: bf7c407c2cedff20999df2af8eb42d56 -> 
  custom:scripting/precompiled-assembly-types:Assembly-CSharp: a694a1f0850a7d1734b2a3120e73acdf -> 898d7dc12b5aaae7dfacee678fc8dd41
========================================================================
Received Prepare
Caller must complete domain reload
Begin MonoManager ReloadAssembly
- Loaded All Assemblies, in  0.438 seconds
Native extension for WindowsStandalone target not found
Native extension for Android target not found
Native extension for WebGL target not found
[Package Manager] Server::EnsureServerProcessIsRunning -- launch failed, reason: Unity was launched with the -noUpm command-line argument
[Package Manager] UpmClient::Send -- Unable to send message (not connected to UPM process).
[Package Manager] Cannot connect to Unity Package Manager local server
Failed to sync packages list
UnityEngine.StackTraceUtility:ExtractStackTrace ()
UnityEngine.DebugLogHandler:LogFormat (UnityEngine.LogType,UnityEngine.Object,string,object[])
UnityEngine.Logger:Log (UnityEngine.LogType,object)
UnityEngine.Debug:LogWarning (object)
 .  / :MoveNext ()
System.Runtime.CompilerServices.AsyncVoidMethodBuilder:Start< .  / > ( .  / &)
 .  :  ()
 .⁪/ :MoveNext ()
System.Runtime.CompilerServices.AsyncTaskMethodBuilder:Start< .⁪/ > ( .⁪/ &)
 .⁪:  ()
System.Reflection.RuntimeMethodInfo:Invoke (object,System.Reflection.BindingFlags,System.Reflection.Binder,object[],System.Globalization.CultureInfo)
System.Reflection.MethodBase:Invoke (object,object[])
UnityEditor.EditorAssemblies:ProcessInitializeOnLoadMethodAttributes ()

Mono: successfully reloaded assembly
- Finished resetting the current domain, in  0.986 seconds
Domain Reload Profiling: 1423ms
	BeginReloadAssembly (155ms)
		ExecutionOrderSort (0ms)
		DisableScriptedObjects (5ms)
		BackupInstance (0ms)
		ReleaseScriptingObjects (0ms)
		CreateAndSetChildDomain (34ms)
	RebuildCommonClasses (31ms)
	RebuildNativeTypeToScriptingClass (10ms)
	initialDomainReloadingComplete (30ms)
	LoadAllAssembliesAndSetupDomain (210ms)
		LoadAssemblies (278ms)
		RebuildTransferFunctionScriptingTraits (0ms)
		AnalyzeDomain (15ms)
			TypeCache.Refresh (6ms)
				TypeCache.ScanAssembly (0ms)
			ScanForSourceGeneratedMonoScriptInfo (0ms)
			ResolveRequiredComponents (7ms)
	FinalizeReload (987ms)
		ReleaseScriptCaches (0ms)
		RebuildScriptCaches (0ms)
		SetupLoadedEditorAssemblies (563ms)
			LogAssemblyErrors (0ms)
			InitializePlatformSupportModulesInManaged (20ms)
			SetLoadedEditorAssemblies (5ms)
			RefreshPlugins (0ms)
			BeforeProcessingInitializeOnLoad (65ms)
			ProcessInitializeOnLoadAttributes (419ms)
			ProcessInitializeOnLoadMethodAttributes (49ms)
			AfterProcessingInitializeOnLoad (5ms)
			EditorAssembliesLoaded (0ms)
		ExecutionOrderSort2 (0ms)
		AwakeInstancesAfterBackupRestoration (7ms)
Refreshing native plugins compatible for Editor in 5.74 ms, found 6 plugins.
Preloading 0 native plugins for Editor in 0.00 ms.
Release of invalid GC handle. The handle is from a previous domain. The release operation is skipped.
Release of invalid GC handle native callstack: 
0x00007ff79e68424d (Unity) StackWalker::GetCurrentCallstack
0x00007ff79e689329 (Unity) StackWalker::ShowCallstack
0x00007ff79f67dae1 (Unity) GetStacktrace
0x00007ff79e57f20d (Unity) ScriptingGCHandle::ReleaseAndClear
0x00007ff79eb4748c (Unity) UploadHandlerRaw::`vector deleting destructor'
0x00007ff79eb4803d (Unity) UploadHandler::Release
0x00007ff79eb448dd (Unity) UnityWebRequestProto<UnityWebRequestTransport,AtomicRefCounter,RedirectHelper,ResponseHelper,DownloadHandler,UploadHandler,CertificateHandler,HeaderHelper,AsyncOperation>::~UnityWebRequestProto<UnityWebRequestTransport,AtomicRefCounter,RedirectHelper,ResponseHelper,DownloadHandler,UploadHandler,CertificateHandler,HeaderHelper,AsyncOperation>
0x00007ff79eb44bd6 (Unity) UnityWebRequest::`vector deleting destructor'
0x00007ff79d894b77 (Unity) UnityWebRequestProto<UnityWebRequestTransport,AtomicRefCounter,RedirectHelper,ResponseHelper,DownloadHandler,UploadHandler,CertificateHandler,HeaderHelper,AsyncOperation>::Release
0x00007ff79eb46605 (Unity) UnityWebRequestAsyncOperation::InvokeCoroutine
0x00007ff79eb467e1 (Unity) UnityWebRequestProto<UnityWebRequestTransport,AtomicRefCounter,RedirectHelper,ResponseHelper,DownloadHandler,UploadHandler,CertificateHandler,HeaderHelper,AsyncOperation>::Job_InvokeCoroutine
0x00007ff79e1ab54a (Unity) BackgroundJobQueue::ExecuteMainThreadJobs
0x00007ff79e26005f (Unity) PreloadManager::WaitForAllAsyncOperationsToComplete
0x00007ff79fa23af8 (Unity) <lambda_b37b41f03089e3cb3f55061bbc93253d>::operator()
0x00007ff79fa5f422 (Unity) asio::detail::completion_handler<core::mutable_function<void __cdecl(void)>,asio::io_context::basic_executor_type<std::allocator<void>,0> >::do_complete
0x00007ff79fa4b3ce (Unity) asio::detail::win_iocp_io_context::do_one
0x00007ff79fa4d034 (Unity) asio::detail::win_iocp_io_context::run
0x00007ff79fa5d7cc (Unity) IOService::Run
0x00007ff79fa30c2f (Unity) AssetImportWorkerClient::Run
0x00007ff79f9fc3d7 (Unity) RunAssetImportWorkerClientV2
0x00007ff79f9fc45b (Unity) RunAssetImporterV2
0x00007ff79f1f31de (Unity) Application::InitializeProject
0x00007ff79f688795 (Unity) WinMain
0x00007ff7a0a535ce (Unity) __scrt_common_main_seh
0x00007ffa8b87e8d7 (KERNEL32) BaseThreadInitThunk
0x00007ffa8c1714fc (ntdll) RtlUserThreadStart
Unloading 3365 Unused Serialized files (Serialized files now loaded: 0)
Unloading 28 unused Assets / (396.7 KB). Loaded Objects now: 3898.
Memory consumption went from 132.5 MB to 132.1 MB.
Total: 4.712900 ms (FindLiveObjects: 0.288600 ms CreateObjectMapping: 0.090700 ms MarkObjects: 4.025800 ms  DeleteObjects: 0.306600 ms)

Prepare: number of updated asset objects reloaded= 0
AssetImportParameters requested are different than current active one (requested -> active):
  custom:container-demuxer-ogg: 62fdf1f143b41e24485cea50d1cbac27 -> 
  custom:scripting/monoscript/fileName/Tree.cs: dca7474b58f05e1dc61bb9deb148038d -> 
  custom:video-codec-MediaFoundation-h265: 746d11721c4dcdbdad8f713fa42b33f4 -> 
  custom:video-decoder-ogg-theora: a1e56fd34408186e4bbccfd4996cb3dc -> 
  custom:scripting/monoscript/fileName/Timber.cs: e3f520cc8fc09857160dc689c53c79e7 -> 
  custom:framework-win-MediaFoundation: 216162199b28c13a410421893ffa2e32 -> 
  custom:scripting/monoscript/fileName/Money.cs: 9c40cb0a308c8e4e1f5815ebef98078a -> 
  custom:CustomObjectIndexerAttribute: 9a22284fe3817be447336de3de66b15e -> 
  custom:container-demuxer-webm: 4f35f7cbe854078d1ac9338744f61a02 -> 
  custom:container-muxer-webm: aa71ff27fc2769a1b78a27578f13a17b -> 
  custom:video-decoder-webm-vp8: 9c59270c3fd7afecdb556c50c9e8de78 -> 
  custom:SearchIndexIgnoredProperties: e643bd26f0fe6173181afceb89e7c659 -> 
  custom:AudioImporter_EditorPlatform: d09bf68614088b80899f8185d706f6e7 -> 
  custom:video-encoder-webm-vp8: eb34c28f22e8b96e1ab97ce403110664 -> 
  custom:audio-decoder-ogg-vorbis: bf7c407c2cedff20999df2af8eb42d56 -> 
  custom:audio-encoder-webm-vorbis: bf7c407c2cedff20999df2af8eb42d56 -> 
  custom:scripting/precompiled-assembly-types:Assembly-CSharp: a694a1f0850a7d1734b2a3120e73acdf -> 898d7dc12b5aaae7dfacee678fc8dd41
========================================================================
Received Prepare
Caller must complete domain reload
Begin MonoManager ReloadAssembly
- Loaded All Assemblies, in  0.492 seconds
Native extension for WindowsStandalone target not found
Native extension for Android target not found
Native extension for WebGL target not found
[Package Manager] Server::EnsureServerProcessIsRunning -- launch failed, reason: Unity was launched with the -noUpm command-line argument
[Package Manager] UpmClient::Send -- Unable to send message (not connected to UPM process).
[Package Manager] Cannot connect to Unity Package Manager local server
Failed to sync packages list
UnityEngine.StackTraceUtility:ExtractStackTrace ()
UnityEngine.DebugLogHandler:LogFormat (UnityEngine.LogType,UnityEngine.Object,string,object[])
UnityEngine.Logger:Log (UnityEngine.LogType,object)
UnityEngine.Debug:LogWarning (object)
 .  / :MoveNext ()
System.Runtime.CompilerServices.AsyncVoidMethodBuilder:Start< .  / > ( .  / &)
 .  :  ()
 .⁪/ :MoveNext ()
System.Runtime.CompilerServices.AsyncTaskMethodBuilder:Start< .⁪/ > ( .⁪/ &)
 .⁪:  ()
System.Reflection.RuntimeMethodInfo:Invoke (object,System.Reflection.BindingFlags,System.Reflection.Binder,object[],System.Globalization.CultureInfo)
System.Reflection.MethodBase:Invoke (object,object[])
UnityEditor.EditorAssemblies:ProcessInitializeOnLoadMethodAttributes ()

Mono: successfully reloaded assembly
- Finished resetting the current domain, in  1.029 seconds
Domain Reload Profiling: 1519ms
	BeginReloadAssembly (160ms)
		ExecutionOrderSort (0ms)
		DisableScriptedObjects (5ms)
		BackupInstance (0ms)
		ReleaseScriptingObjects (0ms)
		CreateAndSetChildDomain (35ms)
	RebuildCommonClasses (43ms)
	RebuildNativeTypeToScriptingClass (13ms)
	initialDomainReloadingComplete (29ms)
	LoadAllAssembliesAndSetupDomain (245ms)
		LoadAssemblies (319ms)
		RebuildTransferFunctionScriptingTraits (0ms)
		AnalyzeDomain (14ms)
			TypeCache.Refresh (6ms)
				TypeCache.ScanAssembly (0ms)
			ScanForSourceGeneratedMonoScriptInfo (0ms)
			ResolveRequiredComponents (6ms)
	FinalizeReload (1029ms)
		ReleaseScriptCaches (0ms)
		RebuildScriptCaches (0ms)
		SetupLoadedEditorAssemblies (577ms)
			LogAssemblyErrors (0ms)
			InitializePlatformSupportModulesInManaged (20ms)
			SetLoadedEditorAssemblies (5ms)
			RefreshPlugins (0ms)
			BeforeProcessingInitializeOnLoad (66ms)
			ProcessInitializeOnLoadAttributes (434ms)
			ProcessInitializeOnLoadMethodAttributes (48ms)
			AfterProcessingInitializeOnLoad (5ms)
			EditorAssembliesLoaded (0ms)
		ExecutionOrderSort2 (0ms)
		AwakeInstancesAfterBackupRestoration (7ms)
Refreshing native plugins compatible for Editor in 4.13 ms, found 6 plugins.
Preloading 0 native plugins for Editor in 0.00 ms.
Release of invalid GC handle. The handle is from a previous domain. The release operation is skipped.
Release of invalid GC handle native callstack: 
0x00007ff79e68424d (Unity) StackWalker::GetCurrentCallstack
0x00007ff79e689329 (Unity) StackWalker::ShowCallstack
0x00007ff79f67dae1 (Unity) GetStacktrace
0x00007ff79e57f20d (Unity) ScriptingGCHandle::ReleaseAndClear
0x00007ff79eb4748c (Unity) UploadHandlerRaw::`vector deleting destructor'
0x00007ff79eb4803d (Unity) UploadHandler::Release
0x00007ff79eb448dd (Unity) UnityWebRequestProto<UnityWebRequestTransport,AtomicRefCounter,RedirectHelper,ResponseHelper,DownloadHandler,UploadHandler,CertificateHandler,HeaderHelper,AsyncOperation>::~UnityWebRequestProto<UnityWebRequestTransport,AtomicRefCounter,RedirectHelper,ResponseHelper,DownloadHandler,UploadHandler,CertificateHandler,HeaderHelper,AsyncOperation>
0x00007ff79eb44bd6 (Unity) UnityWebRequest::`vector deleting destructor'
0x00007ff79d894b77 (Unity) UnityWebRequestProto<UnityWebRequestTransport,AtomicRefCounter,RedirectHelper,ResponseHelper,DownloadHandler,UploadHandler,CertificateHandler,HeaderHelper,AsyncOperation>::Release
0x00007ff79eb46605 (Unity) UnityWebRequestAsyncOperation::InvokeCoroutine
0x00007ff79eb467e1 (Unity) UnityWebRequestProto<UnityWebRequestTransport,AtomicRefCounter,RedirectHelper,ResponseHelper,DownloadHandler,UploadHandler,CertificateHandler,HeaderHelper,AsyncOperation>::Job_InvokeCoroutine
0x00007ff79e1ab54a (Unity) BackgroundJobQueue::ExecuteMainThreadJobs
0x00007ff79e26005f (Unity) PreloadManager::WaitForAllAsyncOperationsToComplete
0x00007ff79fa23af8 (Unity) <lambda_b37b41f03089e3cb3f55061bbc93253d>::operator()
0x00007ff79fa5f422 (Unity) asio::detail::completion_handler<core::mutable_function<void __cdecl(void)>,asio::io_context::basic_executor_type<std::allocator<void>,0> >::do_complete
0x00007ff79fa4b3ce (Unity) asio::detail::win_iocp_io_context::do_one
0x00007ff79fa4d034 (Unity) asio::detail::win_iocp_io_context::run
0x00007ff79fa5d7cc (Unity) IOService::Run
0x00007ff79fa30c2f (Unity) AssetImportWorkerClient::Run
0x00007ff79f9fc3d7 (Unity) RunAssetImportWorkerClientV2
0x00007ff79f9fc45b (Unity) RunAssetImporterV2
0x00007ff79f1f31de (Unity) Application::InitializeProject
0x00007ff79f688795 (Unity) WinMain
0x00007ff7a0a535ce (Unity) __scrt_common_main_seh
0x00007ffa8b87e8d7 (KERNEL32) BaseThreadInitThunk
0x00007ffa8c1714fc (ntdll) RtlUserThreadStart
Unloading 3365 Unused Serialized files (Serialized files now loaded: 0)
Unloading 28 unused Assets / (396.8 KB). Loaded Objects now: 3903.
Memory consumption went from 132.7 MB to 132.3 MB.
Total: 4.446100 ms (FindLiveObjects: 0.317300 ms CreateObjectMapping: 0.102900 ms MarkObjects: 3.776600 ms  DeleteObjects: 0.247500 ms)

Prepare: number of updated asset objects reloaded= 0
AssetImportParameters requested are different than current active one (requested -> active):
  custom:container-demuxer-ogg: 62fdf1f143b41e24485cea50d1cbac27 -> 
  custom:scripting/monoscript/fileName/Tree.cs: dca7474b58f05e1dc61bb9deb148038d -> 
  custom:video-codec-MediaFoundation-h265: 746d11721c4dcdbdad8f713fa42b33f4 -> 
  custom:video-decoder-ogg-theora: a1e56fd34408186e4bbccfd4996cb3dc -> 
  custom:scripting/monoscript/fileName/Timber.cs: e3f520cc8fc09857160dc689c53c79e7 -> 
  custom:framework-win-MediaFoundation: 216162199b28c13a410421893ffa2e32 -> 
  custom:scripting/monoscript/fileName/Money.cs: 9c40cb0a308c8e4e1f5815ebef98078a -> 
  custom:CustomObjectIndexerAttribute: 9a22284fe3817be447336de3de66b15e -> 
  custom:container-demuxer-webm: 4f35f7cbe854078d1ac9338744f61a02 -> 
  custom:container-muxer-webm: aa71ff27fc2769a1b78a27578f13a17b -> 
  custom:video-decoder-webm-vp8: 9c59270c3fd7afecdb556c50c9e8de78 -> 
  custom:SearchIndexIgnoredProperties: e643bd26f0fe6173181afceb89e7c659 -> 
  custom:AudioImporter_EditorPlatform: d09bf68614088b80899f8185d706f6e7 -> 
  custom:video-encoder-webm-vp8: eb34c28f22e8b96e1ab97ce403110664 -> 
  custom:audio-decoder-ogg-vorbis: bf7c407c2cedff20999df2af8eb42d56 -> 
  custom:audio-encoder-webm-vorbis: bf7c407c2cedff20999df2af8eb42d56 -> 
  custom:scripting/precompiled-assembly-types:Assembly-CSharp: a694a1f0850a7d1734b2a3120e73acdf -> 898d7dc12b5aaae7dfacee678fc8dd41
========================================================================
Received Prepare
Caller must complete domain reload
Begin MonoManager ReloadAssembly
- Loaded All Assemblies, in  0.431 seconds
Native extension for WindowsStandalone target not found
Native extension for Android target not found
Native extension for WebGL target not found
[Package Manager] Server::EnsureServerProcessIsRunning -- launch failed, reason: Unity was launched with the -noUpm command-line argument
[Package Manager] UpmClient::Send -- Unable to send message (not connected to UPM process).
[Package Manager] Cannot connect to Unity Package Manager local server
Failed to sync packages list
UnityEngine.StackTraceUtility:ExtractStackTrace ()
UnityEngine.DebugLogHandler:LogFormat (UnityEngine.LogType,UnityEngine.Object,string,object[])
UnityEngine.Logger:Log (UnityEngine.LogType,object)
UnityEngine.Debug:LogWarning (object)
 .  / :MoveNext ()
System.Runtime.CompilerServices.AsyncVoidMethodBuilder:Start< .  / > ( .  / &)
 .  :  ()
 .⁪/ :MoveNext ()
System.Runtime.CompilerServices.AsyncTaskMethodBuilder:Start< .⁪/ > ( .⁪/ &)
 .⁪:  ()
System.Reflection.RuntimeMethodInfo:Invoke (object,System.Reflection.BindingFlags,System.Reflection.Binder,object[],System.Globalization.CultureInfo)
System.Reflection.MethodBase:Invoke (object,object[])
UnityEditor.EditorAssemblies:ProcessInitializeOnLoadMethodAttributes ()

Mono: successfully reloaded assembly
- Finished resetting the current domain, in  0.978 seconds
Domain Reload Profiling: 1407ms
	BeginReloadAssembly (145ms)
		ExecutionOrderSort (0ms)
		DisableScriptedObjects (5ms)
		BackupInstance (0ms)
		ReleaseScriptingObjects (0ms)
		CreateAndSetChildDomain (31ms)
	RebuildCommonClasses (30ms)
	RebuildNativeTypeToScriptingClass (11ms)
	initialDomainReloadingComplete (27ms)
	LoadAllAssembliesAndSetupDomain (216ms)
		LoadAssemblies (277ms)
		RebuildTransferFunctionScriptingTraits (0ms)
		AnalyzeDomain (15ms)
			TypeCache.Refresh (6ms)
				TypeCache.ScanAssembly (0ms)
			ScanForSourceGeneratedMonoScriptInfo (0ms)
			ResolveRequiredComponents (6ms)
	FinalizeReload (979ms)
		ReleaseScriptCaches (0ms)
		RebuildScriptCaches (0ms)
		SetupLoadedEditorAssemblies (556ms)
			LogAssemblyErrors (0ms)
			InitializePlatformSupportModulesInManaged (21ms)
			SetLoadedEditorAssemblies (6ms)
			RefreshPlugins (0ms)
			BeforeProcessingInitializeOnLoad (62ms)
			ProcessInitializeOnLoadAttributes (409ms)
			ProcessInitializeOnLoadMethodAttributes (52ms)
			AfterProcessingInitializeOnLoad (5ms)
			EditorAssembliesLoaded (0ms)
		ExecutionOrderSort2 (0ms)
		AwakeInstancesAfterBackupRestoration (8ms)
Refreshing native plugins compatible for Editor in 4.64 ms, found 6 plugins.
Preloading 0 native plugins for Editor in 0.00 ms.
Release of invalid GC handle. The handle is from a previous domain. The release operation is skipped.
Release of invalid GC handle native callstack: 
0x00007ff79e68424d (Unity) StackWalker::GetCurrentCallstack
0x00007ff79e689329 (Unity) StackWalker::ShowCallstack
0x00007ff79f67dae1 (Unity) GetStacktrace
0x00007ff79e57f20d (Unity) ScriptingGCHandle::ReleaseAndClear
0x00007ff79eb4748c (Unity) UploadHandlerRaw::`vector deleting destructor'
0x00007ff79eb4803d (Unity) UploadHandler::Release
0x00007ff79eb448dd (Unity) UnityWebRequestProto<UnityWebRequestTransport,AtomicRefCounter,RedirectHelper,ResponseHelper,DownloadHandler,UploadHandler,CertificateHandler,HeaderHelper,AsyncOperation>::~UnityWebRequestProto<UnityWebRequestTransport,AtomicRefCounter,RedirectHelper,ResponseHelper,DownloadHandler,UploadHandler,CertificateHandler,HeaderHelper,AsyncOperation>
0x00007ff79eb44bd6 (Unity) UnityWebRequest::`vector deleting destructor'
0x00007ff79d894b77 (Unity) UnityWebRequestProto<UnityWebRequestTransport,AtomicRefCounter,RedirectHelper,ResponseHelper,DownloadHandler,UploadHandler,CertificateHandler,HeaderHelper,AsyncOperation>::Release
0x00007ff79eb46605 (Unity) UnityWebRequestAsyncOperation::InvokeCoroutine
0x00007ff79eb467e1 (Unity) UnityWebRequestProto<UnityWebRequestTransport,AtomicRefCounter,RedirectHelper,ResponseHelper,DownloadHandler,UploadHandler,CertificateHandler,HeaderHelper,AsyncOperation>::Job_InvokeCoroutine
0x00007ff79e1ab54a (Unity) BackgroundJobQueue::ExecuteMainThreadJobs
0x00007ff79e26005f (Unity) PreloadManager::WaitForAllAsyncOperationsToComplete
0x00007ff79fa23af8 (Unity) <lambda_b37b41f03089e3cb3f55061bbc93253d>::operator()
0x00007ff79fa5f422 (Unity) asio::detail::completion_handler<core::mutable_function<void __cdecl(void)>,asio::io_context::basic_executor_type<std::allocator<void>,0> >::do_complete
0x00007ff79fa4b3ce (Unity) asio::detail::win_iocp_io_context::do_one
0x00007ff79fa4d034 (Unity) asio::detail::win_iocp_io_context::run
0x00007ff79fa5d7cc (Unity) IOService::Run
0x00007ff79fa30c2f (Unity) AssetImportWorkerClient::Run
0x00007ff79f9fc3d7 (Unity) RunAssetImportWorkerClientV2
0x00007ff79f9fc45b (Unity) RunAssetImporterV2
0x00007ff79f1f31de (Unity) Application::InitializeProject
0x00007ff79f688795 (Unity) WinMain
0x00007ff7a0a535ce (Unity) __scrt_common_main_seh
0x00007ffa8b87e8d7 (KERNEL32) BaseThreadInitThunk
0x00007ffa8c1714fc (ntdll) RtlUserThreadStart
Unloading 3365 Unused Serialized files (Serialized files now loaded: 0)
Unloading 28 unused Assets / (396.9 KB). Loaded Objects now: 3908.
Memory consumption went from 132.8 MB to 132.4 MB.
Total: 4.597800 ms (FindLiveObjects: 0.227800 ms CreateObjectMapping: 0.106800 ms MarkObjects: 4.010400 ms  DeleteObjects: 0.250800 ms)

Prepare: number of updated asset objects reloaded= 0
AssetImportParameters requested are different than current active one (requested -> active):
  custom:container-demuxer-ogg: 62fdf1f143b41e24485cea50d1cbac27 -> 
  custom:scripting/monoscript/fileName/Tree.cs: dca7474b58f05e1dc61bb9deb148038d -> 
  custom:video-codec-MediaFoundation-h265: 746d11721c4dcdbdad8f713fa42b33f4 -> 
  custom:video-decoder-ogg-theora: a1e56fd34408186e4bbccfd4996cb3dc -> 
  custom:scripting/monoscript/fileName/Timber.cs: e3f520cc8fc09857160dc689c53c79e7 -> 
  custom:framework-win-MediaFoundation: 216162199b28c13a410421893ffa2e32 -> 
  custom:scripting/monoscript/fileName/Money.cs: 9c40cb0a308c8e4e1f5815ebef98078a -> 
  custom:CustomObjectIndexerAttribute: 9a22284fe3817be447336de3de66b15e -> 
  custom:container-demuxer-webm: 4f35f7cbe854078d1ac9338744f61a02 -> 
  custom:container-muxer-webm: aa71ff27fc2769a1b78a27578f13a17b -> 
  custom:video-decoder-webm-vp8: 9c59270c3fd7afecdb556c50c9e8de78 -> 
  custom:SearchIndexIgnoredProperties: e643bd26f0fe6173181afceb89e7c659 -> 
  custom:AudioImporter_EditorPlatform: d09bf68614088b80899f8185d706f6e7 -> 
  custom:video-encoder-webm-vp8: eb34c28f22e8b96e1ab97ce403110664 -> 
  custom:audio-decoder-ogg-vorbis: bf7c407c2cedff20999df2af8eb42d56 -> 
  custom:audio-encoder-webm-vorbis: bf7c407c2cedff20999df2af8eb42d56 -> 
  custom:scripting/precompiled-assembly-types:Assembly-CSharp: a694a1f0850a7d1734b2a3120e73acdf -> 898d7dc12b5aaae7dfacee678fc8dd41
========================================================================
Received Prepare
Caller must complete domain reload
Begin MonoManager ReloadAssembly
- Loaded All Assemblies, in  0.431 seconds
Native extension for WindowsStandalone target not found
Native extension for Android target not found
Native extension for WebGL target not found
[Package Manager] Server::EnsureServerProcessIsRunning -- launch failed, reason: Unity was launched with the -noUpm command-line argument
[Package Manager] UpmClient::Send -- Unable to send message (not connected to UPM process).
[Package Manager] Cannot connect to Unity Package Manager local server
Failed to sync packages list
UnityEngine.StackTraceUtility:ExtractStackTrace ()
UnityEngine.DebugLogHandler:LogFormat (UnityEngine.LogType,UnityEngine.Object,string,object[])
UnityEngine.Logger:Log (UnityEngine.LogType,object)
UnityEngine.Debug:LogWarning (object)
 .  / :MoveNext ()
System.Runtime.CompilerServices.AsyncVoidMethodBuilder:Start< .  / > ( .  / &)
 .  :  ()
 .⁪/ :MoveNext ()
System.Runtime.CompilerServices.AsyncTaskMethodBuilder:Start< .⁪/ > ( .⁪/ &)
 .⁪:  ()
System.Reflection.RuntimeMethodInfo:Invoke (object,System.Reflection.BindingFlags,System.Reflection.Binder,object[],System.Globalization.CultureInfo)
System.Reflection.MethodBase:Invoke (object,object[])
UnityEditor.EditorAssemblies:ProcessInitializeOnLoadMethodAttributes ()

Mono: successfully reloaded assembly
- Finished resetting the current domain, in  0.979 seconds
Domain Reload Profiling: 1408ms
	BeginReloadAssembly (145ms)
		ExecutionOrderSort (0ms)
		DisableScriptedObjects (5ms)
		BackupInstance (0ms)
		ReleaseScriptingObjects (0ms)
		CreateAndSetChildDomain (30ms)
	RebuildCommonClasses (32ms)
	RebuildNativeTypeToScriptingClass (10ms)
	initialDomainReloadingComplete (29ms)
	LoadAllAssembliesAndSetupDomain (213ms)
		LoadAssemblies (274ms)
		RebuildTransferFunctionScriptingTraits (0ms)
		AnalyzeDomain (14ms)
			TypeCache.Refresh (6ms)
				TypeCache.ScanAssembly (0ms)
			ScanForSourceGeneratedMonoScriptInfo (0ms)
			ResolveRequiredComponents (6ms)
	FinalizeReload (980ms)
		ReleaseScriptCaches (0ms)
		RebuildScriptCaches (0ms)
		SetupLoadedEditorAssemblies (555ms)
			LogAssemblyErrors (0ms)
			InitializePlatformSupportModulesInManaged (20ms)
			SetLoadedEditorAssemblies (4ms)
			RefreshPlugins (0ms)
			BeforeProcessingInitializeOnLoad (58ms)
			ProcessInitializeOnLoadAttributes (418ms)
			ProcessInitializeOnLoadMethodAttributes (49ms)
			AfterProcessingInitializeOnLoad (6ms)
			EditorAssembliesLoaded (0ms)
		ExecutionOrderSort2 (0ms)
		AwakeInstancesAfterBackupRestoration (8ms)
Refreshing native plugins compatible for Editor in 3.48 ms, found 6 plugins.
Preloading 0 native plugins for Editor in 0.00 ms.
Release of invalid GC handle. The handle is from a previous domain. The release operation is skipped.
Release of invalid GC handle native callstack: 
0x00007ff79e68424d (Unity) StackWalker::GetCurrentCallstack
0x00007ff79e689329 (Unity) StackWalker::ShowCallstack
0x00007ff79f67dae1 (Unity) GetStacktrace
0x00007ff79e57f20d (Unity) ScriptingGCHandle::ReleaseAndClear
0x00007ff79eb4748c (Unity) UploadHandlerRaw::`vector deleting destructor'
0x00007ff79eb4803d (Unity) UploadHandler::Release
0x00007ff79eb448dd (Unity) UnityWebRequestProto<UnityWebRequestTransport,AtomicRefCounter,RedirectHelper,ResponseHelper,DownloadHandler,UploadHandler,CertificateHandler,HeaderHelper,AsyncOperation>::~UnityWebRequestProto<UnityWebRequestTransport,AtomicRefCounter,RedirectHelper,ResponseHelper,DownloadHandler,UploadHandler,CertificateHandler,HeaderHelper,AsyncOperation>
0x00007ff79eb44bd6 (Unity) UnityWebRequest::`vector deleting destructor'
0x00007ff79d894b77 (Unity) UnityWebRequestProto<UnityWebRequestTransport,AtomicRefCounter,RedirectHelper,ResponseHelper,DownloadHandler,UploadHandler,CertificateHandler,HeaderHelper,AsyncOperation>::Release
0x00007ff79eb46605 (Unity) UnityWebRequestAsyncOperation::InvokeCoroutine
0x00007ff79eb467e1 (Unity) UnityWebRequestProto<UnityWebRequestTransport,AtomicRefCounter,RedirectHelper,ResponseHelper,DownloadHandler,UploadHandler,CertificateHandler,HeaderHelper,AsyncOperation>::Job_InvokeCoroutine
0x00007ff79e1ab54a (Unity) BackgroundJobQueue::ExecuteMainThreadJobs
0x00007ff79e26005f (Unity) PreloadManager::WaitForAllAsyncOperationsToComplete
0x00007ff79fa23af8 (Unity) <lambda_b37b41f03089e3cb3f55061bbc93253d>::operator()
0x00007ff79fa5f422 (Unity) asio::detail::completion_handler<core::mutable_function<void __cdecl(void)>,asio::io_context::basic_executor_type<std::allocator<void>,0> >::do_complete
0x00007ff79fa4b3ce (Unity) asio::detail::win_iocp_io_context::do_one
0x00007ff79fa4d034 (Unity) asio::detail::win_iocp_io_context::run
0x00007ff79fa5d7cc (Unity) IOService::Run
0x00007ff79fa30c2f (Unity) AssetImportWorkerClient::Run
0x00007ff79f9fc3d7 (Unity) RunAssetImportWorkerClientV2
0x00007ff79f9fc45b (Unity) RunAssetImporterV2
0x00007ff79f1f31de (Unity) Application::InitializeProject
0x00007ff79f688795 (Unity) WinMain
0x00007ff7a0a535ce (Unity) __scrt_common_main_seh
0x00007ffa8b87e8d7 (KERNEL32) BaseThreadInitThunk
0x00007ffa8c1714fc (ntdll) RtlUserThreadStart
Unloading 3365 Unused Serialized files (Serialized files now loaded: 0)
Unloading 28 unused Assets / (396.9 KB). Loaded Objects now: 3913.
Memory consumption went from 133.0 MB to 132.6 MB.
Total: 3.889700 ms (FindLiveObjects: 0.220700 ms CreateObjectMapping: 0.091900 ms MarkObjects: 3.348100 ms  DeleteObjects: 0.227400 ms)

Prepare: number of updated asset objects reloaded= 0
AssetImportParameters requested are different than current active one (requested -> active):
  custom:container-demuxer-ogg: 62fdf1f143b41e24485cea50d1cbac27 -> 
  custom:scripting/monoscript/fileName/Tree.cs: dca7474b58f05e1dc61bb9deb148038d -> 
  custom:video-codec-MediaFoundation-h265: 746d11721c4dcdbdad8f713fa42b33f4 -> 
  custom:video-decoder-ogg-theora: a1e56fd34408186e4bbccfd4996cb3dc -> 
  custom:scripting/monoscript/fileName/Timber.cs: e3f520cc8fc09857160dc689c53c79e7 -> 
  custom:framework-win-MediaFoundation: 216162199b28c13a410421893ffa2e32 -> 
  custom:scripting/monoscript/fileName/Money.cs: 9c40cb0a308c8e4e1f5815ebef98078a -> 
  custom:CustomObjectIndexerAttribute: 9a22284fe3817be447336de3de66b15e -> 
  custom:container-demuxer-webm: 4f35f7cbe854078d1ac9338744f61a02 -> 
  custom:container-muxer-webm: aa71ff27fc2769a1b78a27578f13a17b -> 
  custom:video-decoder-webm-vp8: 9c59270c3fd7afecdb556c50c9e8de78 -> 
  custom:SearchIndexIgnoredProperties: e643bd26f0fe6173181afceb89e7c659 -> 
  custom:AudioImporter_EditorPlatform: d09bf68614088b80899f8185d706f6e7 -> 
  custom:video-encoder-webm-vp8: eb34c28f22e8b96e1ab97ce403110664 -> 
  custom:audio-decoder-ogg-vorbis: bf7c407c2cedff20999df2af8eb42d56 -> 
  custom:audio-encoder-webm-vorbis: bf7c407c2cedff20999df2af8eb42d56 -> 
  custom:scripting/precompiled-assembly-types:Assembly-CSharp: a694a1f0850a7d1734b2a3120e73acdf -> 898d7dc12b5aaae7dfacee678fc8dd41
========================================================================
Received Prepare
Caller must complete domain reload
Begin MonoManager ReloadAssembly
- Loaded All Assemblies, in  0.455 seconds
Native extension for WindowsStandalone target not found
Native extension for Android target not found
Native extension for WebGL target not found
[Package Manager] Server::EnsureServerProcessIsRunning -- launch failed, reason: Unity was launched with the -noUpm command-line argument
[Package Manager] UpmClient::Send -- Unable to send message (not connected to UPM process).
[Package Manager] Cannot connect to Unity Package Manager local server
Failed to sync packages list
UnityEngine.StackTraceUtility:ExtractStackTrace ()
UnityEngine.DebugLogHandler:LogFormat (UnityEngine.LogType,UnityEngine.Object,string,object[])
UnityEngine.Logger:Log (UnityEngine.LogType,object)
UnityEngine.Debug:LogWarning (object)
 .  / :MoveNext ()
System.Runtime.CompilerServices.AsyncVoidMethodBuilder:Start< .  / > ( .  / &)
 .  :  ()
 .⁪/ :MoveNext ()
System.Runtime.CompilerServices.AsyncTaskMethodBuilder:Start< .⁪/ > ( .⁪/ &)
 .⁪:  ()
System.Reflection.RuntimeMethodInfo:Invoke (object,System.Reflection.BindingFlags,System.Reflection.Binder,object[],System.Globalization.CultureInfo)
System.Reflection.MethodBase:Invoke (object,object[])
UnityEditor.EditorAssemblies:ProcessInitializeOnLoadMethodAttributes ()

Mono: successfully reloaded assembly
- Finished resetting the current domain, in  1.021 seconds
Domain Reload Profiling: 1475ms
	BeginReloadAssembly (154ms)
		ExecutionOrderSort (0ms)
		DisableScriptedObjects (6ms)
		BackupInstance (0ms)
		ReleaseScriptingObjects (0ms)
		CreateAndSetChildDomain (32ms)
	RebuildCommonClasses (32ms)
	RebuildNativeTypeToScriptingClass (13ms)
	initialDomainReloadingComplete (32ms)
	LoadAllAssembliesAndSetupDomain (223ms)
		LoadAssemblies (292ms)
		RebuildTransferFunctionScriptingTraits (0ms)
		AnalyzeDomain (14ms)
			TypeCache.Refresh (6ms)
				TypeCache.ScanAssembly (0ms)
			ScanForSourceGeneratedMonoScriptInfo (0ms)
			ResolveRequiredComponents (6ms)
	FinalizeReload (1022ms)
		ReleaseScriptCaches (0ms)
		RebuildScriptCaches (0ms)
		SetupLoadedEditorAssemblies (595ms)
			LogAssemblyErrors (0ms)
			InitializePlatformSupportModulesInManaged (20ms)
			SetLoadedEditorAssemblies (5ms)
			RefreshPlugins (0ms)
			BeforeProcessingInitializeOnLoad (66ms)
			ProcessInitializeOnLoadAttributes (439ms)
			ProcessInitializeOnLoadMethodAttributes (60ms)
			AfterProcessingInitializeOnLoad (6ms)
			EditorAssembliesLoaded (0ms)
		ExecutionOrderSort2 (0ms)
		AwakeInstancesAfterBackupRestoration (7ms)
Refreshing native plugins compatible for Editor in 5.32 ms, found 6 plugins.
Preloading 0 native plugins for Editor in 0.00 ms.
Release of invalid GC handle. The handle is from a previous domain. The release operation is skipped.
Release of invalid GC handle native callstack: 
0x00007ff79e68424d (Unity) StackWalker::GetCurrentCallstack
0x00007ff79e689329 (Unity) StackWalker::ShowCallstack
0x00007ff79f67dae1 (Unity) GetStacktrace
0x00007ff79e57f20d (Unity) ScriptingGCHandle::ReleaseAndClear
0x00007ff79eb4748c (Unity) UploadHandlerRaw::`vector deleting destructor'
0x00007ff79eb4803d (Unity) UploadHandler::Release
0x00007ff79eb448dd (Unity) UnityWebRequestProto<UnityWebRequestTransport,AtomicRefCounter,RedirectHelper,ResponseHelper,DownloadHandler,UploadHandler,CertificateHandler,HeaderHelper,AsyncOperation>::~UnityWebRequestProto<UnityWebRequestTransport,AtomicRefCounter,RedirectHelper,ResponseHelper,DownloadHandler,UploadHandler,CertificateHandler,HeaderHelper,AsyncOperation>
0x00007ff79eb44bd6 (Unity) UnityWebRequest::`vector deleting destructor'
0x00007ff79d894b77 (Unity) UnityWebRequestProto<UnityWebRequestTransport,AtomicRefCounter,RedirectHelper,ResponseHelper,DownloadHandler,UploadHandler,CertificateHandler,HeaderHelper,AsyncOperation>::Release
0x00007ff79eb46605 (Unity) UnityWebRequestAsyncOperation::InvokeCoroutine
0x00007ff79eb467e1 (Unity) UnityWebRequestProto<UnityWebRequestTransport,AtomicRefCounter,RedirectHelper,ResponseHelper,DownloadHandler,UploadHandler,CertificateHandler,HeaderHelper,AsyncOperation>::Job_InvokeCoroutine
0x00007ff79e1ab54a (Unity) BackgroundJobQueue::ExecuteMainThreadJobs
0x00007ff79e26005f (Unity) PreloadManager::WaitForAllAsyncOperationsToComplete
0x00007ff79fa23af8 (Unity) <lambda_b37b41f03089e3cb3f55061bbc93253d>::operator()
0x00007ff79fa5f422 (Unity) asio::detail::completion_handler<core::mutable_function<void __cdecl(void)>,asio::io_context::basic_executor_type<std::allocator<void>,0> >::do_complete
0x00007ff79fa4b3ce (Unity) asio::detail::win_iocp_io_context::do_one
0x00007ff79fa4d034 (Unity) asio::detail::win_iocp_io_context::run
0x00007ff79fa5d7cc (Unity) IOService::Run
0x00007ff79fa30c2f (Unity) AssetImportWorkerClient::Run
0x00007ff79f9fc3d7 (Unity) RunAssetImportWorkerClientV2
0x00007ff79f9fc45b (Unity) RunAssetImporterV2
0x00007ff79f1f31de (Unity) Application::InitializeProject
0x00007ff79f688795 (Unity) WinMain
0x00007ff7a0a535ce (Unity) __scrt_common_main_seh
0x00007ffa8b87e8d7 (KERNEL32) BaseThreadInitThunk
0x00007ffa8c1714fc (ntdll) RtlUserThreadStart
Unloading 3365 Unused Serialized files (Serialized files now loaded: 0)
Unloading 28 unused Assets / (396.7 KB). Loaded Objects now: 3918.
Memory consumption went from 133.1 MB to 132.7 MB.
Total: 4.537900 ms (FindLiveObjects: 0.243100 ms CreateObjectMapping: 0.093100 ms MarkObjects: 3.906800 ms  DeleteObjects: 0.293600 ms)

Prepare: number of updated asset objects reloaded= 0
AssetImportParameters requested are different than current active one (requested -> active):
  custom:container-demuxer-ogg: 62fdf1f143b41e24485cea50d1cbac27 -> 
  custom:scripting/monoscript/fileName/Tree.cs: dca7474b58f05e1dc61bb9deb148038d -> 
  custom:video-codec-MediaFoundation-h265: 746d11721c4dcdbdad8f713fa42b33f4 -> 
  custom:video-decoder-ogg-theora: a1e56fd34408186e4bbccfd4996cb3dc -> 
  custom:scripting/monoscript/fileName/Timber.cs: e3f520cc8fc09857160dc689c53c79e7 -> 
  custom:framework-win-MediaFoundation: 216162199b28c13a410421893ffa2e32 -> 
  custom:scripting/monoscript/fileName/Money.cs: 9c40cb0a308c8e4e1f5815ebef98078a -> 
  custom:CustomObjectIndexerAttribute: 9a22284fe3817be447336de3de66b15e -> 
  custom:container-demuxer-webm: 4f35f7cbe854078d1ac9338744f61a02 -> 
  custom:container-muxer-webm: aa71ff27fc2769a1b78a27578f13a17b -> 
  custom:video-decoder-webm-vp8: 9c59270c3fd7afecdb556c50c9e8de78 -> 
  custom:SearchIndexIgnoredProperties: e643bd26f0fe6173181afceb89e7c659 -> 
  custom:AudioImporter_EditorPlatform: d09bf68614088b80899f8185d706f6e7 -> 
  custom:video-encoder-webm-vp8: eb34c28f22e8b96e1ab97ce403110664 -> 
  custom:audio-decoder-ogg-vorbis: bf7c407c2cedff20999df2af8eb42d56 -> 
  custom:audio-encoder-webm-vorbis: bf7c407c2cedff20999df2af8eb42d56 -> 
  custom:scripting/precompiled-assembly-types:Assembly-CSharp: a694a1f0850a7d1734b2a3120e73acdf -> 898d7dc12b5aaae7dfacee678fc8dd41
========================================================================
Received Prepare
Caller must complete domain reload
Begin MonoManager ReloadAssembly
- Loaded All Assemblies, in  0.433 seconds
Native extension for WindowsStandalone target not found
Native extension for Android target not found
Native extension for WebGL target not found
[Package Manager] Server::EnsureServerProcessIsRunning -- launch failed, reason: Unity was launched with the -noUpm command-line argument
[Package Manager] UpmClient::Send -- Unable to send message (not connected to UPM process).
[Package Manager] Cannot connect to Unity Package Manager local server
Failed to sync packages list
UnityEngine.StackTraceUtility:ExtractStackTrace ()
UnityEngine.DebugLogHandler:LogFormat (UnityEngine.LogType,UnityEngine.Object,string,object[])
UnityEngine.Logger:Log (UnityEngine.LogType,object)
UnityEngine.Debug:LogWarning (object)
 .  / :MoveNext ()
System.Runtime.CompilerServices.AsyncVoidMethodBuilder:Start< .  / > ( .  / &)
 .  :  ()
 .⁪/ :MoveNext ()
System.Runtime.CompilerServices.AsyncTaskMethodBuilder:Start< .⁪/ > ( .⁪/ &)
 .⁪:  ()
System.Reflection.RuntimeMethodInfo:Invoke (object,System.Reflection.BindingFlags,System.Reflection.Binder,object[],System.Globalization.CultureInfo)
System.Reflection.MethodBase:Invoke (object,object[])
UnityEditor.EditorAssemblies:ProcessInitializeOnLoadMethodAttributes ()

Mono: successfully reloaded assembly
- Finished resetting the current domain, in  0.958 seconds
Domain Reload Profiling: 1389ms
	BeginReloadAssembly (143ms)
		ExecutionOrderSort (0ms)
		DisableScriptedObjects (5ms)
		BackupInstance (0ms)
		ReleaseScriptingObjects (0ms)
		CreateAndSetChildDomain (33ms)
	RebuildCommonClasses (31ms)
	RebuildNativeTypeToScriptingClass (10ms)
	initialDomainReloadingComplete (28ms)
	LoadAllAssembliesAndSetupDomain (217ms)
		LoadAssemblies (277ms)
		RebuildTransferFunctionScriptingTraits (0ms)
		AnalyzeDomain (13ms)
			TypeCache.Refresh (6ms)
				TypeCache.ScanAssembly (0ms)
			ScanForSourceGeneratedMonoScriptInfo (0ms)
			ResolveRequiredComponents (6ms)
	FinalizeReload (958ms)
		ReleaseScriptCaches (0ms)
		RebuildScriptCaches (0ms)
		SetupLoadedEditorAssemblies (543ms)
			LogAssemblyErrors (0ms)
			InitializePlatformSupportModulesInManaged (17ms)
			SetLoadedEditorAssemblies (4ms)
			RefreshPlugins (0ms)
			BeforeProcessingInitializeOnLoad (66ms)
			ProcessInitializeOnLoadAttributes (403ms)
			ProcessInitializeOnLoadMethodAttributes (48ms)
			AfterProcessingInitializeOnLoad (5ms)
			EditorAssembliesLoaded (0ms)
		ExecutionOrderSort2 (0ms)
		AwakeInstancesAfterBackupRestoration (7ms)
Refreshing native plugins compatible for Editor in 6.05 ms, found 6 plugins.
Preloading 0 native plugins for Editor in 0.00 ms.
Release of invalid GC handle. The handle is from a previous domain. The release operation is skipped.
Release of invalid GC handle native callstack: 
0x00007ff79e68424d (Unity) StackWalker::GetCurrentCallstack
0x00007ff79e689329 (Unity) StackWalker::ShowCallstack
0x00007ff79f67dae1 (Unity) GetStacktrace
0x00007ff79e57f20d (Unity) ScriptingGCHandle::ReleaseAndClear
0x00007ff79eb4748c (Unity) UploadHandlerRaw::`vector deleting destructor'
0x00007ff79eb4803d (Unity) UploadHandler::Release
0x00007ff79eb448dd (Unity) UnityWebRequestProto<UnityWebRequestTransport,AtomicRefCounter,RedirectHelper,ResponseHelper,DownloadHandler,UploadHandler,CertificateHandler,HeaderHelper,AsyncOperation>::~UnityWebRequestProto<UnityWebRequestTransport,AtomicRefCounter,RedirectHelper,ResponseHelper,DownloadHandler,UploadHandler,CertificateHandler,HeaderHelper,AsyncOperation>
0x00007ff79eb44bd6 (Unity) UnityWebRequest::`vector deleting destructor'
0x00007ff79d894b77 (Unity) UnityWebRequestProto<UnityWebRequestTransport,AtomicRefCounter,RedirectHelper,ResponseHelper,DownloadHandler,UploadHandler,CertificateHandler,HeaderHelper,AsyncOperation>::Release
0x00007ff79eb46605 (Unity) UnityWebRequestAsyncOperation::InvokeCoroutine
0x00007ff79eb467e1 (Unity) UnityWebRequestProto<UnityWebRequestTransport,AtomicRefCounter,RedirectHelper,ResponseHelper,DownloadHandler,UploadHandler,CertificateHandler,HeaderHelper,AsyncOperation>::Job_InvokeCoroutine
0x00007ff79e1ab54a (Unity) BackgroundJobQueue::ExecuteMainThreadJobs
0x00007ff79e26005f (Unity) PreloadManager::WaitForAllAsyncOperationsToComplete
0x00007ff79fa23af8 (Unity) <lambda_b37b41f03089e3cb3f55061bbc93253d>::operator()
0x00007ff79fa5f422 (Unity) asio::detail::completion_handler<core::mutable_function<void __cdecl(void)>,asio::io_context::basic_executor_type<std::allocator<void>,0> >::do_complete
0x00007ff79fa4b3ce (Unity) asio::detail::win_iocp_io_context::do_one
0x00007ff79fa4d034 (Unity) asio::detail::win_iocp_io_context::run
0x00007ff79fa5d7cc (Unity) IOService::Run
0x00007ff79fa30c2f (Unity) AssetImportWorkerClient::Run
0x00007ff79f9fc3d7 (Unity) RunAssetImportWorkerClientV2
0x00007ff79f9fc45b (Unity) RunAssetImporterV2
0x00007ff79f1f31de (Unity) Application::InitializeProject
0x00007ff79f688795 (Unity) WinMain
0x00007ff7a0a535ce (Unity) __scrt_common_main_seh
0x00007ffa8b87e8d7 (KERNEL32) BaseThreadInitThunk
0x00007ffa8c1714fc (ntdll) RtlUserThreadStart
Unloading 3365 Unused Serialized files (Serialized files now loaded: 0)
Unloading 28 unused Assets / (396.6 KB). Loaded Objects now: 3923.
Memory consumption went from 133.3 MB to 132.9 MB.
Total: 4.218500 ms (FindLiveObjects: 0.212800 ms CreateObjectMapping: 0.094300 ms MarkObjects: 3.566900 ms  DeleteObjects: 0.343700 ms)

Prepare: number of updated asset objects reloaded= 0
AssetImportParameters requested are different than current active one (requested -> active):
  custom:container-demuxer-ogg: 62fdf1f143b41e24485cea50d1cbac27 -> 
  custom:scripting/monoscript/fileName/Tree.cs: dca7474b58f05e1dc61bb9deb148038d -> 
  custom:video-codec-MediaFoundation-h265: 746d11721c4dcdbdad8f713fa42b33f4 -> 
  custom:video-decoder-ogg-theora: a1e56fd34408186e4bbccfd4996cb3dc -> 
  custom:scripting/monoscript/fileName/Timber.cs: e3f520cc8fc09857160dc689c53c79e7 -> 
  custom:framework-win-MediaFoundation: 216162199b28c13a410421893ffa2e32 -> 
  custom:scripting/monoscript/fileName/Money.cs: 9c40cb0a308c8e4e1f5815ebef98078a -> 
  custom:CustomObjectIndexerAttribute: 9a22284fe3817be447336de3de66b15e -> 
  custom:container-demuxer-webm: 4f35f7cbe854078d1ac9338744f61a02 -> 
  custom:container-muxer-webm: aa71ff27fc2769a1b78a27578f13a17b -> 
  custom:video-decoder-webm-vp8: 9c59270c3fd7afecdb556c50c9e8de78 -> 
  custom:SearchIndexIgnoredProperties: e643bd26f0fe6173181afceb89e7c659 -> 
  custom:AudioImporter_EditorPlatform: d09bf68614088b80899f8185d706f6e7 -> 
  custom:video-encoder-webm-vp8: eb34c28f22e8b96e1ab97ce403110664 -> 
  custom:audio-decoder-ogg-vorbis: bf7c407c2cedff20999df2af8eb42d56 -> 
  custom:audio-encoder-webm-vorbis: bf7c407c2cedff20999df2af8eb42d56 -> 
  custom:scripting/precompiled-assembly-types:Assembly-CSharp: a694a1f0850a7d1734b2a3120e73acdf -> 898d7dc12b5aaae7dfacee678fc8dd41
========================================================================
Received Prepare
Caller must complete domain reload
Begin MonoManager ReloadAssembly
- Loaded All Assemblies, in  0.575 seconds
Native extension for WindowsStandalone target not found
Native extension for Android target not found
Native extension for WebGL target not found
[Package Manager] Server::EnsureServerProcessIsRunning -- launch failed, reason: Unity was launched with the -noUpm command-line argument
[Package Manager] UpmClient::Send -- Unable to send message (not connected to UPM process).
[Package Manager] Cannot connect to Unity Package Manager local server
Failed to sync packages list
UnityEngine.StackTraceUtility:ExtractStackTrace ()
UnityEngine.DebugLogHandler:LogFormat (UnityEngine.LogType,UnityEngine.Object,string,object[])
UnityEngine.Logger:Log (UnityEngine.LogType,object)
UnityEngine.Debug:LogWarning (object)
 .  / :MoveNext ()
System.Runtime.CompilerServices.AsyncVoidMethodBuilder:Start< .  / > ( .  / &)
 .  :  ()
 .⁪/ :MoveNext ()
System.Runtime.CompilerServices.AsyncTaskMethodBuilder:Start< .⁪/ > ( .⁪/ &)
 .⁪:  ()
System.Reflection.RuntimeMethodInfo:Invoke (object,System.Reflection.BindingFlags,System.Reflection.Binder,object[],System.Globalization.CultureInfo)
System.Reflection.MethodBase:Invoke (object,object[])
UnityEditor.EditorAssemblies:ProcessInitializeOnLoadMethodAttributes ()

Mono: successfully reloaded assembly
- Finished resetting the current domain, in  1.105 seconds
Domain Reload Profiling: 1679ms
	BeginReloadAssembly (266ms)
		ExecutionOrderSort (0ms)
		DisableScriptedObjects (15ms)
		BackupInstance (0ms)
		ReleaseScriptingObjects (0ms)
		CreateAndSetChildDomain (71ms)
	RebuildCommonClasses (34ms)
	RebuildNativeTypeToScriptingClass (10ms)
	initialDomainReloadingComplete (29ms)
	LoadAllAssembliesAndSetupDomain (233ms)
		LoadAssemblies (313ms)
		RebuildTransferFunctionScriptingTraits (0ms)
		AnalyzeDomain (26ms)
			TypeCache.Refresh (9ms)
				TypeCache.ScanAssembly (0ms)
			ScanForSourceGeneratedMonoScriptInfo (7ms)
			ResolveRequiredComponents (7ms)
	FinalizeReload (1106ms)
		ReleaseScriptCaches (0ms)
		RebuildScriptCaches (0ms)
		SetupLoadedEditorAssemblies (557ms)
			LogAssemblyErrors (0ms)
			InitializePlatformSupportModulesInManaged (19ms)
			SetLoadedEditorAssemblies (6ms)
			RefreshPlugins (0ms)
			BeforeProcessingInitializeOnLoad (68ms)
			ProcessInitializeOnLoadAttributes (400ms)
			ProcessInitializeOnLoadMethodAttributes (58ms)
			AfterProcessingInitializeOnLoad (4ms)
			EditorAssembliesLoaded (0ms)
		ExecutionOrderSort2 (0ms)
		AwakeInstancesAfterBackupRestoration (6ms)
Refreshing native plugins compatible for Editor in 3.70 ms, found 6 plugins.
Preloading 0 native plugins for Editor in 0.00 ms.
Release of invalid GC handle. The handle is from a previous domain. The release operation is skipped.
Release of invalid GC handle native callstack: 
0x00007ff79e68424d (Unity) StackWalker::GetCurrentCallstack
0x00007ff79e689329 (Unity) StackWalker::ShowCallstack
0x00007ff79f67dae1 (Unity) GetStacktrace
0x00007ff79e57f20d (Unity) ScriptingGCHandle::ReleaseAndClear
0x00007ff79eb4748c (Unity) UploadHandlerRaw::`vector deleting destructor'
0x00007ff79eb4803d (Unity) UploadHandler::Release
0x00007ff79eb448dd (Unity) UnityWebRequestProto<UnityWebRequestTransport,AtomicRefCounter,RedirectHelper,ResponseHelper,DownloadHandler,UploadHandler,CertificateHandler,HeaderHelper,AsyncOperation>::~UnityWebRequestProto<UnityWebRequestTransport,AtomicRefCounter,RedirectHelper,ResponseHelper,DownloadHandler,UploadHandler,CertificateHandler,HeaderHelper,AsyncOperation>
0x00007ff79eb44bd6 (Unity) UnityWebRequest::`vector deleting destructor'
0x00007ff79d894b77 (Unity) UnityWebRequestProto<UnityWebRequestTransport,AtomicRefCounter,RedirectHelper,ResponseHelper,DownloadHandler,UploadHandler,CertificateHandler,HeaderHelper,AsyncOperation>::Release
0x00007ff79eb46605 (Unity) UnityWebRequestAsyncOperation::InvokeCoroutine
0x00007ff79eb467e1 (Unity) UnityWebRequestProto<UnityWebRequestTransport,AtomicRefCounter,RedirectHelper,ResponseHelper,DownloadHandler,UploadHandler,CertificateHandler,HeaderHelper,AsyncOperation>::Job_InvokeCoroutine
0x00007ff79e1ab54a (Unity) BackgroundJobQueue::ExecuteMainThreadJobs
0x00007ff79e26005f (Unity) PreloadManager::WaitForAllAsyncOperationsToComplete
0x00007ff79fa23af8 (Unity) <lambda_b37b41f03089e3cb3f55061bbc93253d>::operator()
0x00007ff79fa5f422 (Unity) asio::detail::completion_handler<core::mutable_function<void __cdecl(void)>,asio::io_context::basic_executor_type<std::allocator<void>,0> >::do_complete
0x00007ff79fa4b3ce (Unity) asio::detail::win_iocp_io_context::do_one
0x00007ff79fa4d034 (Unity) asio::detail::win_iocp_io_context::run
0x00007ff79fa5d7cc (Unity) IOService::Run
0x00007ff79fa30c2f (Unity) AssetImportWorkerClient::Run
0x00007ff79f9fc3d7 (Unity) RunAssetImportWorkerClientV2
0x00007ff79f9fc45b (Unity) RunAssetImporterV2
0x00007ff79f1f31de (Unity) Application::InitializeProject
0x00007ff79f688795 (Unity) WinMain
0x00007ff7a0a535ce (Unity) __scrt_common_main_seh
0x00007ffa8b87e8d7 (KERNEL32) BaseThreadInitThunk
0x00007ffa8c1714fc (ntdll) RtlUserThreadStart
Unloading 3365 Unused Serialized files (Serialized files now loaded: 0)
Unloading 28 unused Assets / (396.6 KB). Loaded Objects now: 3928.
Memory consumption went from 133.4 MB to 133.0 MB.
Total: 5.391500 ms (FindLiveObjects: 0.208300 ms CreateObjectMapping: 0.089600 ms MarkObjects: 4.824300 ms  DeleteObjects: 0.268200 ms)

Prepare: number of updated asset objects reloaded= 0
AssetImportParameters requested are different than current active one (requested -> active):
  custom:container-demuxer-ogg: 62fdf1f143b41e24485cea50d1cbac27 -> 
  custom:scripting/monoscript/fileName/Tree.cs: dca7474b58f05e1dc61bb9deb148038d -> 
  custom:video-codec-MediaFoundation-h265: 746d11721c4dcdbdad8f713fa42b33f4 -> 
  custom:video-decoder-ogg-theora: a1e56fd34408186e4bbccfd4996cb3dc -> 
  custom:scripting/monoscript/fileName/Timber.cs: e3f520cc8fc09857160dc689c53c79e7 -> 
  custom:framework-win-MediaFoundation: 216162199b28c13a410421893ffa2e32 -> 
  custom:scripting/monoscript/fileName/Money.cs: 9c40cb0a308c8e4e1f5815ebef98078a -> 
  custom:CustomObjectIndexerAttribute: 9a22284fe3817be447336de3de66b15e -> 
  custom:container-demuxer-webm: 4f35f7cbe854078d1ac9338744f61a02 -> 
  custom:container-muxer-webm: aa71ff27fc2769a1b78a27578f13a17b -> 
  custom:video-decoder-webm-vp8: 9c59270c3fd7afecdb556c50c9e8de78 -> 
  custom:SearchIndexIgnoredProperties: e643bd26f0fe6173181afceb89e7c659 -> 
  custom:AudioImporter_EditorPlatform: d09bf68614088b80899f8185d706f6e7 -> 
  custom:video-encoder-webm-vp8: eb34c28f22e8b96e1ab97ce403110664 -> 
  custom:audio-decoder-ogg-vorbis: bf7c407c2cedff20999df2af8eb42d56 -> 
  custom:audio-encoder-webm-vorbis: bf7c407c2cedff20999df2af8eb42d56 -> 
  custom:scripting/precompiled-assembly-types:Assembly-CSharp: a694a1f0850a7d1734b2a3120e73acdf -> 898d7dc12b5aaae7dfacee678fc8dd41
========================================================================
Received Prepare
Caller must complete domain reload
Begin MonoManager ReloadAssembly
- Loaded All Assemblies, in  0.440 seconds
Native extension for WindowsStandalone target not found
Native extension for Android target not found
Native extension for WebGL target not found
[Package Manager] Server::EnsureServerProcessIsRunning -- launch failed, reason: Unity was launched with the -noUpm command-line argument
[Package Manager] UpmClient::Send -- Unable to send message (not connected to UPM process).
[Package Manager] Cannot connect to Unity Package Manager local server
Failed to sync packages list
UnityEngine.StackTraceUtility:ExtractStackTrace ()
UnityEngine.DebugLogHandler:LogFormat (UnityEngine.LogType,UnityEngine.Object,string,object[])
UnityEngine.Logger:Log (UnityEngine.LogType,object)
UnityEngine.Debug:LogWarning (object)
 .  / :MoveNext ()
System.Runtime.CompilerServices.AsyncVoidMethodBuilder:Start< .  / > ( .  / &)
 .  :  ()
 .⁪/ :MoveNext ()
System.Runtime.CompilerServices.AsyncTaskMethodBuilder:Start< .⁪/ > ( .⁪/ &)
 .⁪:  ()
System.Reflection.RuntimeMethodInfo:Invoke (object,System.Reflection.BindingFlags,System.Reflection.Binder,object[],System.Globalization.CultureInfo)
System.Reflection.MethodBase:Invoke (object,object[])
UnityEditor.EditorAssemblies:ProcessInitializeOnLoadMethodAttributes ()

Mono: successfully reloaded assembly
- Finished resetting the current domain, in  0.971 seconds
Domain Reload Profiling: 1410ms
	BeginReloadAssembly (158ms)
		ExecutionOrderSort (0ms)
		DisableScriptedObjects (5ms)
		BackupInstance (0ms)
		ReleaseScriptingObjects (0ms)
		CreateAndSetChildDomain (32ms)
	RebuildCommonClasses (30ms)
	RebuildNativeTypeToScriptingClass (10ms)
	initialDomainReloadingComplete (25ms)
	LoadAllAssembliesAndSetupDomain (215ms)
		LoadAssemblies (285ms)
		RebuildTransferFunctionScriptingTraits (0ms)
		AnalyzeDomain (15ms)
			TypeCache.Refresh (6ms)
				TypeCache.ScanAssembly (0ms)
			ScanForSourceGeneratedMonoScriptInfo (0ms)
			ResolveRequiredComponents (7ms)
	FinalizeReload (972ms)
		ReleaseScriptCaches (0ms)
		RebuildScriptCaches (0ms)
		SetupLoadedEditorAssemblies (555ms)
			LogAssemblyErrors (0ms)
			InitializePlatformSupportModulesInManaged (18ms)
			SetLoadedEditorAssemblies (4ms)
			RefreshPlugins (0ms)
			BeforeProcessingInitializeOnLoad (68ms)
			ProcessInitializeOnLoadAttributes (411ms)
			ProcessInitializeOnLoadMethodAttributes (50ms)
			AfterProcessingInitializeOnLoad (4ms)
			EditorAssembliesLoaded (0ms)
		ExecutionOrderSort2 (0ms)
		AwakeInstancesAfterBackupRestoration (8ms)
Refreshing native plugins compatible for Editor in 4.79 ms, found 6 plugins.
Preloading 0 native plugins for Editor in 0.00 ms.
Release of invalid GC handle. The handle is from a previous domain. The release operation is skipped.
Release of invalid GC handle native callstack: 
0x00007ff79e68424d (Unity) StackWalker::GetCurrentCallstack
0x00007ff79e689329 (Unity) StackWalker::ShowCallstack
0x00007ff79f67dae1 (Unity) GetStacktrace
0x00007ff79e57f20d (Unity) ScriptingGCHandle::ReleaseAndClear
0x00007ff79eb4748c (Unity) UploadHandlerRaw::`vector deleting destructor'
0x00007ff79eb4803d (Unity) UploadHandler::Release
0x00007ff79eb448dd (Unity) UnityWebRequestProto<UnityWebRequestTransport,AtomicRefCounter,RedirectHelper,ResponseHelper,DownloadHandler,UploadHandler,CertificateHandler,HeaderHelper,AsyncOperation>::~UnityWebRequestProto<UnityWebRequestTransport,AtomicRefCounter,RedirectHelper,ResponseHelper,DownloadHandler,UploadHandler,CertificateHandler,HeaderHelper,AsyncOperation>
0x00007ff79eb44bd6 (Unity) UnityWebRequest::`vector deleting destructor'
0x00007ff79d894b77 (Unity) UnityWebRequestProto<UnityWebRequestTransport,AtomicRefCounter,RedirectHelper,ResponseHelper,DownloadHandler,UploadHandler,CertificateHandler,HeaderHelper,AsyncOperation>::Release
0x00007ff79eb46605 (Unity) UnityWebRequestAsyncOperation::InvokeCoroutine
0x00007ff79eb467e1 (Unity) UnityWebRequestProto<UnityWebRequestTransport,AtomicRefCounter,RedirectHelper,ResponseHelper,DownloadHandler,UploadHandler,CertificateHandler,HeaderHelper,AsyncOperation>::Job_InvokeCoroutine
0x00007ff79e1ab54a (Unity) BackgroundJobQueue::ExecuteMainThreadJobs
0x00007ff79e26005f (Unity) PreloadManager::WaitForAllAsyncOperationsToComplete
0x00007ff79fa23af8 (Unity) <lambda_b37b41f03089e3cb3f55061bbc93253d>::operator()
0x00007ff79fa5f422 (Unity) asio::detail::completion_handler<core::mutable_function<void __cdecl(void)>,asio::io_context::basic_executor_type<std::allocator<void>,0> >::do_complete
0x00007ff79fa4b3ce (Unity) asio::detail::win_iocp_io_context::do_one
0x00007ff79fa4d034 (Unity) asio::detail::win_iocp_io_context::run
0x00007ff79fa5d7cc (Unity) IOService::Run
0x00007ff79fa30c2f (Unity) AssetImportWorkerClient::Run
0x00007ff79f9fc3d7 (Unity) RunAssetImportWorkerClientV2
0x00007ff79f9fc45b (Unity) RunAssetImporterV2
0x00007ff79f1f31de (Unity) Application::InitializeProject
0x00007ff79f688795 (Unity) WinMain
0x00007ff7a0a535ce (Unity) __scrt_common_main_seh
0x00007ffa8b87e8d7 (KERNEL32) BaseThreadInitThunk
0x00007ffa8c1714fc (ntdll) RtlUserThreadStart
Unloading 3365 Unused Serialized files (Serialized files now loaded: 0)
Unloading 28 unused Assets / (396.7 KB). Loaded Objects now: 3933.
Memory consumption went from 133.6 MB to 133.2 MB.
Total: 4.354700 ms (FindLiveObjects: 0.206300 ms CreateObjectMapping: 0.092000 ms MarkObjects: 3.738900 ms  DeleteObjects: 0.316200 ms)

Prepare: number of updated asset objects reloaded= 0
AssetImportParameters requested are different than current active one (requested -> active):
  custom:container-demuxer-ogg: 62fdf1f143b41e24485cea50d1cbac27 -> 
  custom:scripting/monoscript/fileName/Tree.cs: dca7474b58f05e1dc61bb9deb148038d -> 
  custom:video-codec-MediaFoundation-h265: 746d11721c4dcdbdad8f713fa42b33f4 -> 
  custom:video-decoder-ogg-theora: a1e56fd34408186e4bbccfd4996cb3dc -> 
  custom:scripting/monoscript/fileName/Timber.cs: e3f520cc8fc09857160dc689c53c79e7 -> 
  custom:framework-win-MediaFoundation: 216162199b28c13a410421893ffa2e32 -> 
  custom:scripting/monoscript/fileName/Money.cs: 9c40cb0a308c8e4e1f5815ebef98078a -> 
  custom:CustomObjectIndexerAttribute: 9a22284fe3817be447336de3de66b15e -> 
  custom:container-demuxer-webm: 4f35f7cbe854078d1ac9338744f61a02 -> 
  custom:container-muxer-webm: aa71ff27fc2769a1b78a27578f13a17b -> 
  custom:video-decoder-webm-vp8: 9c59270c3fd7afecdb556c50c9e8de78 -> 
  custom:SearchIndexIgnoredProperties: e643bd26f0fe6173181afceb89e7c659 -> 
  custom:AudioImporter_EditorPlatform: d09bf68614088b80899f8185d706f6e7 -> 
  custom:video-encoder-webm-vp8: eb34c28f22e8b96e1ab97ce403110664 -> 
  custom:audio-decoder-ogg-vorbis: bf7c407c2cedff20999df2af8eb42d56 -> 
  custom:audio-encoder-webm-vorbis: bf7c407c2cedff20999df2af8eb42d56 -> 
  custom:scripting/precompiled-assembly-types:Assembly-CSharp: a694a1f0850a7d1734b2a3120e73acdf -> 898d7dc12b5aaae7dfacee678fc8dd41
========================================================================
Received Prepare
Caller must complete domain reload
Begin MonoManager ReloadAssembly
- Loaded All Assemblies, in  0.453 seconds
Native extension for WindowsStandalone target not found
Native extension for Android target not found
Native extension for WebGL target not found
[Package Manager] Server::EnsureServerProcessIsRunning -- launch failed, reason: Unity was launched with the -noUpm command-line argument
[Package Manager] UpmClient::Send -- Unable to send message (not connected to UPM process).
[Package Manager] Cannot connect to Unity Package Manager local server
Failed to sync packages list
UnityEngine.StackTraceUtility:ExtractStackTrace ()
UnityEngine.DebugLogHandler:LogFormat (UnityEngine.LogType,UnityEngine.Object,string,object[])
UnityEngine.Logger:Log (UnityEngine.LogType,object)
UnityEngine.Debug:LogWarning (object)
 .  / :MoveNext ()
System.Runtime.CompilerServices.AsyncVoidMethodBuilder:Start< .  / > ( .  / &)
 .  :  ()
 .⁪/ :MoveNext ()
System.Runtime.CompilerServices.AsyncTaskMethodBuilder:Start< .⁪/ > ( .⁪/ &)
 .⁪:  ()
System.Reflection.RuntimeMethodInfo:Invoke (object,System.Reflection.BindingFlags,System.Reflection.Binder,object[],System.Globalization.CultureInfo)
System.Reflection.MethodBase:Invoke (object,object[])
UnityEditor.EditorAssemblies:ProcessInitializeOnLoadMethodAttributes ()

Mono: successfully reloaded assembly
- Finished resetting the current domain, in  0.956 seconds
Domain Reload Profiling: 1408ms
	BeginReloadAssembly (156ms)
		ExecutionOrderSort (0ms)
		DisableScriptedObjects (5ms)
		BackupInstance (0ms)
		ReleaseScriptingObjects (0ms)
		CreateAndSetChildDomain (34ms)
	RebuildCommonClasses (34ms)
	RebuildNativeTypeToScriptingClass (11ms)
	initialDomainReloadingComplete (30ms)
	LoadAllAssembliesAndSetupDomain (219ms)
		LoadAssemblies (285ms)
		RebuildTransferFunctionScriptingTraits (0ms)
		AnalyzeDomain (18ms)
			TypeCache.Refresh (9ms)
				TypeCache.ScanAssembly (0ms)
			ScanForSourceGeneratedMonoScriptInfo (0ms)
			ResolveRequiredComponents (6ms)
	FinalizeReload (957ms)
		ReleaseScriptCaches (0ms)
		RebuildScriptCaches (0ms)
		SetupLoadedEditorAssemblies (534ms)
			LogAssemblyErrors (0ms)
			InitializePlatformSupportModulesInManaged (18ms)
			SetLoadedEditorAssemblies (4ms)
			RefreshPlugins (0ms)
			BeforeProcessingInitializeOnLoad (68ms)
			ProcessInitializeOnLoadAttributes (390ms)
			ProcessInitializeOnLoadMethodAttributes (49ms)
			AfterProcessingInitializeOnLoad (4ms)
			EditorAssembliesLoaded (0ms)
		ExecutionOrderSort2 (0ms)
		AwakeInstancesAfterBackupRestoration (7ms)
Refreshing native plugins compatible for Editor in 4.43 ms, found 6 plugins.
Preloading 0 native plugins for Editor in 0.00 ms.
Release of invalid GC handle. The handle is from a previous domain. The release operation is skipped.
Release of invalid GC handle native callstack: 
0x00007ff79e68424d (Unity) StackWalker::GetCurrentCallstack
0x00007ff79e689329 (Unity) StackWalker::ShowCallstack
0x00007ff79f67dae1 (Unity) GetStacktrace
0x00007ff79e57f20d (Unity) ScriptingGCHandle::ReleaseAndClear
0x00007ff79eb4748c (Unity) UploadHandlerRaw::`vector deleting destructor'
0x00007ff79eb4803d (Unity) UploadHandler::Release
0x00007ff79eb448dd (Unity) UnityWebRequestProto<UnityWebRequestTransport,AtomicRefCounter,RedirectHelper,ResponseHelper,DownloadHandler,UploadHandler,CertificateHandler,HeaderHelper,AsyncOperation>::~UnityWebRequestProto<UnityWebRequestTransport,AtomicRefCounter,RedirectHelper,ResponseHelper,DownloadHandler,UploadHandler,CertificateHandler,HeaderHelper,AsyncOperation>
0x00007ff79eb44bd6 (Unity) UnityWebRequest::`vector deleting destructor'
0x00007ff79d894b77 (Unity) UnityWebRequestProto<UnityWebRequestTransport,AtomicRefCounter,RedirectHelper,ResponseHelper,DownloadHandler,UploadHandler,CertificateHandler,HeaderHelper,AsyncOperation>::Release
0x00007ff79eb46605 (Unity) UnityWebRequestAsyncOperation::InvokeCoroutine
0x00007ff79eb467e1 (Unity) UnityWebRequestProto<UnityWebRequestTransport,AtomicRefCounter,RedirectHelper,ResponseHelper,DownloadHandler,UploadHandler,CertificateHandler,HeaderHelper,AsyncOperation>::Job_InvokeCoroutine
0x00007ff79e1ab54a (Unity) BackgroundJobQueue::ExecuteMainThreadJobs
0x00007ff79e26005f (Unity) PreloadManager::WaitForAllAsyncOperationsToComplete
0x00007ff79fa23af8 (Unity) <lambda_b37b41f03089e3cb3f55061bbc93253d>::operator()
0x00007ff79fa5f422 (Unity) asio::detail::completion_handler<core::mutable_function<void __cdecl(void)>,asio::io_context::basic_executor_type<std::allocator<void>,0> >::do_complete
0x00007ff79fa4b3ce (Unity) asio::detail::win_iocp_io_context::do_one
0x00007ff79fa4d034 (Unity) asio::detail::win_iocp_io_context::run
0x00007ff79fa5d7cc (Unity) IOService::Run
0x00007ff79fa30c2f (Unity) AssetImportWorkerClient::Run
0x00007ff79f9fc3d7 (Unity) RunAssetImportWorkerClientV2
0x00007ff79f9fc45b (Unity) RunAssetImporterV2
0x00007ff79f1f31de (Unity) Application::InitializeProject
0x00007ff79f688795 (Unity) WinMain
0x00007ff7a0a535ce (Unity) __scrt_common_main_seh
0x00007ffa8b87e8d7 (KERNEL32) BaseThreadInitThunk
0x00007ffa8c1714fc (ntdll) RtlUserThreadStart
Unloading 3365 Unused Serialized files (Serialized files now loaded: 0)
Unloading 28 unused Assets / (396.6 KB). Loaded Objects now: 3938.
Memory consumption went from 133.7 MB to 133.3 MB.
Total: 4.875800 ms (FindLiveObjects: 0.540100 ms CreateObjectMapping: 0.167200 ms MarkObjects: 3.913300 ms  DeleteObjects: 0.253900 ms)

Prepare: number of updated asset objects reloaded= 0
AssetImportParameters requested are different than current active one (requested -> active):
  custom:container-demuxer-ogg: 62fdf1f143b41e24485cea50d1cbac27 -> 
  custom:scripting/monoscript/fileName/Tree.cs: dca7474b58f05e1dc61bb9deb148038d -> 
  custom:video-codec-MediaFoundation-h265: 746d11721c4dcdbdad8f713fa42b33f4 -> 
  custom:video-decoder-ogg-theora: a1e56fd34408186e4bbccfd4996cb3dc -> 
  custom:scripting/monoscript/fileName/Timber.cs: e3f520cc8fc09857160dc689c53c79e7 -> 
  custom:framework-win-MediaFoundation: 216162199b28c13a410421893ffa2e32 -> 
  custom:scripting/monoscript/fileName/Money.cs: 9c40cb0a308c8e4e1f5815ebef98078a -> 
  custom:CustomObjectIndexerAttribute: 9a22284fe3817be447336de3de66b15e -> 
  custom:container-demuxer-webm: 4f35f7cbe854078d1ac9338744f61a02 -> 
  custom:container-muxer-webm: aa71ff27fc2769a1b78a27578f13a17b -> 
  custom:video-decoder-webm-vp8: 9c59270c3fd7afecdb556c50c9e8de78 -> 
  custom:SearchIndexIgnoredProperties: e643bd26f0fe6173181afceb89e7c659 -> 
  custom:AudioImporter_EditorPlatform: d09bf68614088b80899f8185d706f6e7 -> 
  custom:video-encoder-webm-vp8: eb34c28f22e8b96e1ab97ce403110664 -> 
  custom:audio-decoder-ogg-vorbis: bf7c407c2cedff20999df2af8eb42d56 -> 
  custom:audio-encoder-webm-vorbis: bf7c407c2cedff20999df2af8eb42d56 -> 
  custom:scripting/precompiled-assembly-types:Assembly-CSharp: a694a1f0850a7d1734b2a3120e73acdf -> 898d7dc12b5aaae7dfacee678fc8dd41
========================================================================
Received Prepare
Caller must complete domain reload
Begin MonoManager ReloadAssembly
- Loaded All Assemblies, in  0.437 seconds
Native extension for WindowsStandalone target not found
Native extension for Android target not found
Native extension for WebGL target not found
[Package Manager] Server::EnsureServerProcessIsRunning -- launch failed, reason: Unity was launched with the -noUpm command-line argument
[Package Manager] UpmClient::Send -- Unable to send message (not connected to UPM process).
[Package Manager] Cannot connect to Unity Package Manager local server
Failed to sync packages list
UnityEngine.StackTraceUtility:ExtractStackTrace ()
UnityEngine.DebugLogHandler:LogFormat (UnityEngine.LogType,UnityEngine.Object,string,object[])
UnityEngine.Logger:Log (UnityEngine.LogType,object)
UnityEngine.Debug:LogWarning (object)
 .  / :MoveNext ()
System.Runtime.CompilerServices.AsyncVoidMethodBuilder:Start< .  / > ( .  / &)
 .  :  ()
 .⁪/ :MoveNext ()
System.Runtime.CompilerServices.AsyncTaskMethodBuilder:Start< .⁪/ > ( .⁪/ &)
 .⁪:  ()
System.Reflection.RuntimeMethodInfo:Invoke (object,System.Reflection.BindingFlags,System.Reflection.Binder,object[],System.Globalization.CultureInfo)
System.Reflection.MethodBase:Invoke (object,object[])
UnityEditor.EditorAssemblies:ProcessInitializeOnLoadMethodAttributes ()

Mono: successfully reloaded assembly
- Finished resetting the current domain, in  0.958 seconds
Domain Reload Profiling: 1394ms
	BeginReloadAssembly (149ms)
		ExecutionOrderSort (0ms)
		DisableScriptedObjects (5ms)
		BackupInstance (0ms)
		ReleaseScriptingObjects (0ms)
		CreateAndSetChildDomain (31ms)
	RebuildCommonClasses (41ms)
	RebuildNativeTypeToScriptingClass (12ms)
	initialDomainReloadingComplete (26ms)
	LoadAllAssembliesAndSetupDomain (207ms)
		LoadAssemblies (270ms)
		RebuildTransferFunctionScriptingTraits (0ms)
		AnalyzeDomain (18ms)
			TypeCache.Refresh (6ms)
				TypeCache.ScanAssembly (0ms)
			ScanForSourceGeneratedMonoScriptInfo (0ms)
			ResolveRequiredComponents (9ms)
	FinalizeReload (959ms)
		ReleaseScriptCaches (0ms)
		RebuildScriptCaches (0ms)
		SetupLoadedEditorAssemblies (546ms)
			LogAssemblyErrors (0ms)
			InitializePlatformSupportModulesInManaged (19ms)
			SetLoadedEditorAssemblies (5ms)
			RefreshPlugins (0ms)
			BeforeProcessingInitializeOnLoad (63ms)
			ProcessInitializeOnLoadAttributes (402ms)
			ProcessInitializeOnLoadMethodAttributes (53ms)
			AfterProcessingInitializeOnLoad (5ms)
			EditorAssembliesLoaded (0ms)
		ExecutionOrderSort2 (0ms)
		AwakeInstancesAfterBackupRestoration (7ms)
Refreshing native plugins compatible for Editor in 7.62 ms, found 6 plugins.
Preloading 0 native plugins for Editor in 0.00 ms.
Release of invalid GC handle. The handle is from a previous domain. The release operation is skipped.
Release of invalid GC handle native callstack: 
0x00007ff79e68424d (Unity) StackWalker::GetCurrentCallstack
0x00007ff79e689329 (Unity) StackWalker::ShowCallstack
0x00007ff79f67dae1 (Unity) GetStacktrace
0x00007ff79e57f20d (Unity) ScriptingGCHandle::ReleaseAndClear
0x00007ff79eb4748c (Unity) UploadHandlerRaw::`vector deleting destructor'
0x00007ff79eb4803d (Unity) UploadHandler::Release
0x00007ff79eb448dd (Unity) UnityWebRequestProto<UnityWebRequestTransport,AtomicRefCounter,RedirectHelper,ResponseHelper,DownloadHandler,UploadHandler,CertificateHandler,HeaderHelper,AsyncOperation>::~UnityWebRequestProto<UnityWebRequestTransport,AtomicRefCounter,RedirectHelper,ResponseHelper,DownloadHandler,UploadHandler,CertificateHandler,HeaderHelper,AsyncOperation>
0x00007ff79eb44bd6 (Unity) UnityWebRequest::`vector deleting destructor'
0x00007ff79d894b77 (Unity) UnityWebRequestProto<UnityWebRequestTransport,AtomicRefCounter,RedirectHelper,ResponseHelper,DownloadHandler,UploadHandler,CertificateHandler,HeaderHelper,AsyncOperation>::Release
0x00007ff79eb46605 (Unity) UnityWebRequestAsyncOperation::InvokeCoroutine
0x00007ff79eb467e1 (Unity) UnityWebRequestProto<UnityWebRequestTransport,AtomicRefCounter,RedirectHelper,ResponseHelper,DownloadHandler,UploadHandler,CertificateHandler,HeaderHelper,AsyncOperation>::Job_InvokeCoroutine
0x00007ff79e1ab54a (Unity) BackgroundJobQueue::ExecuteMainThreadJobs
0x00007ff79e26005f (Unity) PreloadManager::WaitForAllAsyncOperationsToComplete
0x00007ff79fa23af8 (Unity) <lambda_b37b41f03089e3cb3f55061bbc93253d>::operator()
0x00007ff79fa5f422 (Unity) asio::detail::completion_handler<core::mutable_function<void __cdecl(void)>,asio::io_context::basic_executor_type<std::allocator<void>,0> >::do_complete
0x00007ff79fa4b3ce (Unity) asio::detail::win_iocp_io_context::do_one
0x00007ff79fa4d034 (Unity) asio::detail::win_iocp_io_context::run
0x00007ff79fa5d7cc (Unity) IOService::Run
0x00007ff79fa30c2f (Unity) AssetImportWorkerClient::Run
0x00007ff79f9fc3d7 (Unity) RunAssetImportWorkerClientV2
0x00007ff79f9fc45b (Unity) RunAssetImporterV2
0x00007ff79f1f31de (Unity) Application::InitializeProject
0x00007ff79f688795 (Unity) WinMain
0x00007ff7a0a535ce (Unity) __scrt_common_main_seh
0x00007ffa8b87e8d7 (KERNEL32) BaseThreadInitThunk
0x00007ffa8c1714fc (ntdll) RtlUserThreadStart
Unloading 3365 Unused Serialized files (Serialized files now loaded: 0)
Unloading 28 unused Assets / (396.7 KB). Loaded Objects now: 3943.
Memory consumption went from 133.9 MB to 133.5 MB.
Total: 4.075800 ms (FindLiveObjects: 0.256300 ms CreateObjectMapping: 0.098200 ms MarkObjects: 3.473900 ms  DeleteObjects: 0.245800 ms)

Prepare: number of updated asset objects reloaded= 0
AssetImportParameters requested are different than current active one (requested -> active):
  custom:container-demuxer-ogg: 62fdf1f143b41e24485cea50d1cbac27 -> 
  custom:scripting/monoscript/fileName/Tree.cs: dca7474b58f05e1dc61bb9deb148038d -> 
  custom:video-codec-MediaFoundation-h265: 746d11721c4dcdbdad8f713fa42b33f4 -> 
  custom:video-decoder-ogg-theora: a1e56fd34408186e4bbccfd4996cb3dc -> 
  custom:scripting/monoscript/fileName/Timber.cs: e3f520cc8fc09857160dc689c53c79e7 -> 
  custom:framework-win-MediaFoundation: 216162199b28c13a410421893ffa2e32 -> 
  custom:scripting/monoscript/fileName/Money.cs: 9c40cb0a308c8e4e1f5815ebef98078a -> 
  custom:CustomObjectIndexerAttribute: 9a22284fe3817be447336de3de66b15e -> 
  custom:container-demuxer-webm: 4f35f7cbe854078d1ac9338744f61a02 -> 
  custom:container-muxer-webm: aa71ff27fc2769a1b78a27578f13a17b -> 
  custom:video-decoder-webm-vp8: 9c59270c3fd7afecdb556c50c9e8de78 -> 
  custom:SearchIndexIgnoredProperties: e643bd26f0fe6173181afceb89e7c659 -> 
  custom:AudioImporter_EditorPlatform: d09bf68614088b80899f8185d706f6e7 -> 
  custom:video-encoder-webm-vp8: eb34c28f22e8b96e1ab97ce403110664 -> 
  custom:audio-decoder-ogg-vorbis: bf7c407c2cedff20999df2af8eb42d56 -> 
  custom:audio-encoder-webm-vorbis: bf7c407c2cedff20999df2af8eb42d56 -> 
  custom:scripting/precompiled-assembly-types:Assembly-CSharp: a694a1f0850a7d1734b2a3120e73acdf -> 898d7dc12b5aaae7dfacee678fc8dd41
========================================================================
Received Import Request.
  Time since last request: 756.496092 seconds.
  path: Assets/Resources/Plashka_punktir_plus
  artifactKey: Guid(ac9da68cd7b1ed74f9b520dca596cba5) Importer(815301076,1909f56bfc062723c751e8b465ee728b)
Start importing Assets/Resources/Plashka_punktir_plus using Guid(ac9da68cd7b1ed74f9b520dca596cba5) Importer(815301076,1909f56bfc062723c751e8b465ee728b) [PhysX] Initialized MultithreadedTaskDispatcher with 12 workers.
 -> (artifact id: '6d1e4b204ebbddb12c634191ffeee1c8') in 0.006829 seconds
Number of updated asset objects reloaded before import = 0
Number of asset objects unloaded after import = 0
========================================================================
Received Import Request.
  Time since last request: 0.206516 seconds.
  path: Assets/Resources/Plashka_punktir_plus/Plashka_punktir_plus.fbx
  artifactKey: Guid(dafc71b2c2ce8b9469da1c103757c737) Importer(815301076,1909f56bfc062723c751e8b465ee728b)
Start importing Assets/Resources/Plashka_punktir_plus/Plashka_punktir_plus.fbx using Guid(dafc71b2c2ce8b9469da1c103757c737) Importer(815301076,1909f56bfc062723c751e8b465ee728b) [PhysX] Initialized MultithreadedTaskDispatcher with 12 workers.
[PhysX] Initialized MultithreadedTaskDispatcher with 12 workers.
[PhysX] Initialized MultithreadedTaskDispatcher with 12 workers.
[PhysX] Initialized MultithreadedTaskDispatcher with 12 workers.
[PhysX] Initialized MultithreadedTaskDispatcher with 12 workers.
[PhysX] Initialized MultithreadedTaskDispatcher with 12 workers.
[PhysX] Initialized MultithreadedTaskDispatcher with 12 workers.
 -> (artifact id: '44f64458ffd77deef6c720aecd43f57c') in 0.184727 seconds
Number of updated asset objects reloaded before import = 0
Number of asset objects unloaded after import = 15
========================================================================
Received Import Request.
  Time since last request: 3.063908 seconds.
  path: Assets/Resources/Plashka_punktir/Plashka_punktir.fbx
  artifactKey: Guid(fe4938038c58fe24282caf2bdfaf5883) Importer(815301076,1909f56bfc062723c751e8b465ee728b)
Start importing Assets/Resources/Plashka_punktir/Plashka_punktir.fbx using Guid(fe4938038c58fe24282caf2bdfaf5883) Importer(815301076,1909f56bfc062723c751e8b465ee728b) [PhysX] Initialized MultithreadedTaskDispatcher with 12 workers.
[PhysX] Initialized MultithreadedTaskDispatcher with 12 workers.
[PhysX] Initialized MultithreadedTaskDispatcher with 12 workers.
[PhysX] Initialized MultithreadedTaskDispatcher with 12 workers.
 -> (artifact id: 'f7ef348620734f488a751fe04873ae0f') in 0.065170 seconds
Number of updated asset objects reloaded before import = 0
Number of asset objects unloaded after import = 8
========================================================================
Received Prepare
Caller must complete domain reload
Begin MonoManager ReloadAssembly
- Loaded All Assemblies, in  0.458 seconds
Native extension for WindowsStandalone target not found
Native extension for Android target not found
Native extension for WebGL target not found
[Package Manager] Server::EnsureServerProcessIsRunning -- launch failed, reason: Unity was launched with the -noUpm command-line argument
[Package Manager] UpmClient::Send -- Unable to send message (not connected to UPM process).
[Package Manager] Cannot connect to Unity Package Manager local server
Failed to sync packages list
UnityEngine.StackTraceUtility:ExtractStackTrace ()
UnityEngine.DebugLogHandler:LogFormat (UnityEngine.LogType,UnityEngine.Object,string,object[])
UnityEngine.Logger:Log (UnityEngine.LogType,object)
UnityEngine.Debug:LogWarning (object)
 .  / :MoveNext ()
System.Runtime.CompilerServices.AsyncVoidMethodBuilder:Start< .  / > ( .  / &)
 .  :  ()
 .⁪/ :MoveNext ()
System.Runtime.CompilerServices.AsyncTaskMethodBuilder:Start< .⁪/ > ( .⁪/ &)
 .⁪:  ()
System.Reflection.RuntimeMethodInfo:Invoke (object,System.Reflection.BindingFlags,System.Reflection.Binder,object[],System.Globalization.CultureInfo)
System.Reflection.MethodBase:Invoke (object,object[])
UnityEditor.EditorAssemblies:ProcessInitializeOnLoadMethodAttributes ()

Mono: successfully reloaded assembly
- Finished resetting the current domain, in  1.118 seconds
Domain Reload Profiling: 1574ms
	BeginReloadAssembly (152ms)
		ExecutionOrderSort (0ms)
		DisableScriptedObjects (4ms)
		BackupInstance (0ms)
		ReleaseScriptingObjects (0ms)
		CreateAndSetChildDomain (36ms)
	RebuildCommonClasses (37ms)
	RebuildNativeTypeToScriptingClass (11ms)
	initialDomainReloadingComplete (27ms)
	LoadAllAssembliesAndSetupDomain (228ms)
		LoadAssemblies (290ms)
		RebuildTransferFunctionScriptingTraits (0ms)
		AnalyzeDomain (17ms)
			TypeCache.Refresh (6ms)
				TypeCache.ScanAssembly (0ms)
			ScanForSourceGeneratedMonoScriptInfo (0ms)
			ResolveRequiredComponents (6ms)
	FinalizeReload (1118ms)
		ReleaseScriptCaches (0ms)
		RebuildScriptCaches (0ms)
		SetupLoadedEditorAssemblies (607ms)
			LogAssemblyErrors (0ms)
			InitializePlatformSupportModulesInManaged (21ms)
			SetLoadedEditorAssemblies (4ms)
			RefreshPlugins (0ms)
			BeforeProcessingInitializeOnLoad (74ms)
			ProcessInitializeOnLoadAttributes (449ms)
			ProcessInitializeOnLoadMethodAttributes (54ms)
			AfterProcessingInitializeOnLoad (5ms)
			EditorAssembliesLoaded (0ms)
		ExecutionOrderSort2 (0ms)
		AwakeInstancesAfterBackupRestoration (8ms)
Refreshing native plugins compatible for Editor in 4.37 ms, found 6 plugins.
Preloading 0 native plugins for Editor in 0.00 ms.
Release of invalid GC handle. The handle is from a previous domain. The release operation is skipped.
Release of invalid GC handle native callstack: 
0x00007ff79e68424d (Unity) StackWalker::GetCurrentCallstack
0x00007ff79e689329 (Unity) StackWalker::ShowCallstack
0x00007ff79f67dae1 (Unity) GetStacktrace
0x00007ff79e57f20d (Unity) ScriptingGCHandle::ReleaseAndClear
0x00007ff79eb4748c (Unity) UploadHandlerRaw::`vector deleting destructor'
0x00007ff79eb4803d (Unity) UploadHandler::Release
0x00007ff79eb448dd (Unity) UnityWebRequestProto<UnityWebRequestTransport,AtomicRefCounter,RedirectHelper,ResponseHelper,DownloadHandler,UploadHandler,CertificateHandler,HeaderHelper,AsyncOperation>::~UnityWebRequestProto<UnityWebRequestTransport,AtomicRefCounter,RedirectHelper,ResponseHelper,DownloadHandler,UploadHandler,CertificateHandler,HeaderHelper,AsyncOperation>
0x00007ff79eb44bd6 (Unity) UnityWebRequest::`vector deleting destructor'
0x00007ff79d894b77 (Unity) UnityWebRequestProto<UnityWebRequestTransport,AtomicRefCounter,RedirectHelper,ResponseHelper,DownloadHandler,UploadHandler,CertificateHandler,HeaderHelper,AsyncOperation>::Release
0x00007ff79eb46605 (Unity) UnityWebRequestAsyncOperation::InvokeCoroutine
0x00007ff79eb467e1 (Unity) UnityWebRequestProto<UnityWebRequestTransport,AtomicRefCounter,RedirectHelper,ResponseHelper,DownloadHandler,UploadHandler,CertificateHandler,HeaderHelper,AsyncOperation>::Job_InvokeCoroutine
0x00007ff79e1ab54a (Unity) BackgroundJobQueue::ExecuteMainThreadJobs
0x00007ff79e26005f (Unity) PreloadManager::WaitForAllAsyncOperationsToComplete
0x00007ff79fa23af8 (Unity) <lambda_b37b41f03089e3cb3f55061bbc93253d>::operator()
0x00007ff79fa5f422 (Unity) asio::detail::completion_handler<core::mutable_function<void __cdecl(void)>,asio::io_context::basic_executor_type<std::allocator<void>,0> >::do_complete
0x00007ff79fa4b3ce (Unity) asio::detail::win_iocp_io_context::do_one
0x00007ff79fa4d034 (Unity) asio::detail::win_iocp_io_context::run
0x00007ff79fa5d7cc (Unity) IOService::Run
0x00007ff79fa30c2f (Unity) AssetImportWorkerClient::Run
0x00007ff79f9fc3d7 (Unity) RunAssetImportWorkerClientV2
0x00007ff79f9fc45b (Unity) RunAssetImporterV2
0x00007ff79f1f31de (Unity) Application::InitializeProject
0x00007ff79f688795 (Unity) WinMain
0x00007ff7a0a535ce (Unity) __scrt_common_main_seh
0x00007ffa8b87e8d7 (KERNEL32) BaseThreadInitThunk
0x00007ffa8c1714fc (ntdll) RtlUserThreadStart
Unloading 3364 Unused Serialized files (Serialized files now loaded: 0)
Unloading 28 unused Assets / (396.7 KB). Loaded Objects now: 3984.
Memory consumption went from 134.2 MB to 133.8 MB.
Total: 4.285900 ms (FindLiveObjects: 0.213700 ms CreateObjectMapping: 0.178800 ms MarkObjects: 3.651800 ms  DeleteObjects: 0.240200 ms)

Prepare: number of updated asset objects reloaded= 0
AssetImportParameters requested are different than current active one (requested -> active):
  custom:container-demuxer-ogg: 62fdf1f143b41e24485cea50d1cbac27 -> 
  custom:scripting/monoscript/fileName/Tree.cs: dca7474b58f05e1dc61bb9deb148038d -> 
  custom:video-codec-MediaFoundation-h265: 746d11721c4dcdbdad8f713fa42b33f4 -> 
  custom:video-decoder-ogg-theora: a1e56fd34408186e4bbccfd4996cb3dc -> 
  custom:scripting/monoscript/fileName/Timber.cs: e3f520cc8fc09857160dc689c53c79e7 -> 
  custom:framework-win-MediaFoundation: 216162199b28c13a410421893ffa2e32 -> 
  custom:scripting/monoscript/fileName/Money.cs: 9c40cb0a308c8e4e1f5815ebef98078a -> 
  custom:CustomObjectIndexerAttribute: 9a22284fe3817be447336de3de66b15e -> 
  custom:container-demuxer-webm: 4f35f7cbe854078d1ac9338744f61a02 -> 
  custom:container-muxer-webm: aa71ff27fc2769a1b78a27578f13a17b -> 
  custom:video-decoder-webm-vp8: 9c59270c3fd7afecdb556c50c9e8de78 -> 
  custom:SearchIndexIgnoredProperties: e643bd26f0fe6173181afceb89e7c659 -> 
  custom:AudioImporter_EditorPlatform: d09bf68614088b80899f8185d706f6e7 -> 
  custom:video-encoder-webm-vp8: eb34c28f22e8b96e1ab97ce403110664 -> 
  custom:audio-decoder-ogg-vorbis: bf7c407c2cedff20999df2af8eb42d56 -> 
  custom:audio-encoder-webm-vorbis: bf7c407c2cedff20999df2af8eb42d56 -> 
  custom:scripting/precompiled-assembly-types:Assembly-CSharp: a694a1f0850a7d1734b2a3120e73acdf -> 898d7dc12b5aaae7dfacee678fc8dd41
========================================================================
Received Import Request.
  Time since last request: 232.738870 seconds.
  path: Assets/Resources/Road
  artifactKey: Guid(c40d2dc3c3a70514cb850f4c5ec3d37a) Importer(815301076,1909f56bfc062723c751e8b465ee728b)
Start importing Assets/Resources/Road using Guid(c40d2dc3c3a70514cb850f4c5ec3d37a) Importer(815301076,1909f56bfc062723c751e8b465ee728b) [PhysX] Initialized MultithreadedTaskDispatcher with 12 workers.
 -> (artifact id: '4de5165a69cdd05c91abd6975a977b49') in 0.003778 seconds
Number of updated asset objects reloaded before import = 0
Number of asset objects unloaded after import = 0
========================================================================
Received Import Request.
  Time since last request: 0.063446 seconds.
  path: Assets/Resources/Road/Road.fbx
  artifactKey: Guid(7ef72926dee015d4eaacfc11f1697401) Importer(815301076,1909f56bfc062723c751e8b465ee728b)
Start importing Assets/Resources/Road/Road.fbx using Guid(7ef72926dee015d4eaacfc11f1697401) Importer(815301076,1909f56bfc062723c751e8b465ee728b) [PhysX] Initialized MultithreadedTaskDispatcher with 12 workers.
[PhysX] Initialized MultithreadedTaskDispatcher with 12 workers.
[PhysX] Initialized MultithreadedTaskDispatcher with 12 workers.
[PhysX] Initialized MultithreadedTaskDispatcher with 12 workers.
[PhysX] Initialized MultithreadedTaskDispatcher with 12 workers.
[PhysX] Initialized MultithreadedTaskDispatcher with 12 workers.
[PhysX] Initialized MultithreadedTaskDispatcher with 12 workers.
[PhysX] Initialized MultithreadedTaskDispatcher with 12 workers.
[PhysX] Initialized MultithreadedTaskDispatcher with 12 workers.
[PhysX] Initialized MultithreadedTaskDispatcher with 12 workers.
 -> (artifact id: '2e28c126c050df0ed615da4940d7e0e6') in 0.169274 seconds
Number of updated asset objects reloaded before import = 0
Number of asset objects unloaded after import = 21
========================================================================
Received Import Request.
  Time since last request: 329.628573 seconds.
  path: Assets/Resources/Table 1
  artifactKey: Guid(1d935bed35063aa4ea7e879c8b1d0b2d) Importer(815301076,1909f56bfc062723c751e8b465ee728b)
Start importing Assets/Resources/Table 1 using Guid(1d935bed35063aa4ea7e879c8b1d0b2d) Importer(815301076,1909f56bfc062723c751e8b465ee728b) [PhysX] Initialized MultithreadedTaskDispatcher with 12 workers.
 -> (artifact id: 'dddd9f6d4d0242dbacf73cb6fed4c1c5') in 0.001352 seconds
Number of updated asset objects reloaded before import = 0
Number of asset objects unloaded after import = 0
========================================================================
Received Import Request.
  Time since last request: 0.063239 seconds.
  path: Assets/Resources/Table 1/Table.fbx
  artifactKey: Guid(04d9eaca07859474fa41752fb63724a4) Importer(815301076,1909f56bfc062723c751e8b465ee728b)
Start importing Assets/Resources/Table 1/Table.fbx using Guid(04d9eaca07859474fa41752fb63724a4) Importer(815301076,1909f56bfc062723c751e8b465ee728b) [PhysX] Initialized MultithreadedTaskDispatcher with 12 workers.
[PhysX] Initialized MultithreadedTaskDispatcher with 12 workers.
[PhysX] Initialized MultithreadedTaskDispatcher with 12 workers.
[PhysX] Initialized MultithreadedTaskDispatcher with 12 workers.
[PhysX] Initialized MultithreadedTaskDispatcher with 12 workers.
 -> (artifact id: '1b1b098358f915a85f6b29fcb4ed85a8') in 0.111516 seconds
Number of updated asset objects reloaded before import = 0
Number of asset objects unloaded after import = 9
========================================================================
Received Import Request.
  Time since last request: 394.946201 seconds.
  path: Assets/Scripts/UI
  artifactKey: Guid(e40565b41298f124bbe0e9673bb3b703) Importer(815301076,1909f56bfc062723c751e8b465ee728b)
Start importing Assets/Scripts/UI using Guid(e40565b41298f124bbe0e9673bb3b703) Importer(815301076,1909f56bfc062723c751e8b465ee728b) [PhysX] Initialized MultithreadedTaskDispatcher with 12 workers.
 -> (artifact id: 'af43e2873fbe081f0ff7f492bf869fb2') in 0.001762 seconds
Number of updated asset objects reloaded before import = 0
Number of asset objects unloaded after import = 0
========================================================================
Received Import Request.
  Time since last request: 10.819846 seconds.
  path: Assets/Scripts/UI/ArrowController.cs
  artifactKey: Guid(994d3f4e52b19d44689b07bcf302116b) Importer(815301076,1909f56bfc062723c751e8b465ee728b)
Start importing Assets/Scripts/UI/ArrowController.cs using Guid(994d3f4e52b19d44689b07bcf302116b) Importer(815301076,1909f56bfc062723c751e8b465ee728b) [PhysX] Initialized MultithreadedTaskDispatcher with 12 workers.
 -> (artifact id: 'df5aea77c370b18942afcf62f69c6a35') in 0.001045 seconds
Number of updated asset objects reloaded before import = 0
Number of asset objects unloaded after import = 0
========================================================================
Received Prepare
Caller must complete domain reload
Begin MonoManager ReloadAssembly
- Loaded All Assemblies, in  0.504 seconds
Native extension for WindowsStandalone target not found
Native extension for Android target not found
Native extension for WebGL target not found
[Package Manager] Server::EnsureServerProcessIsRunning -- launch failed, reason: Unity was launched with the -noUpm command-line argument
[Package Manager] UpmClient::Send -- Unable to send message (not connected to UPM process).
[Package Manager] Cannot connect to Unity Package Manager local server
Failed to sync packages list
UnityEngine.StackTraceUtility:ExtractStackTrace ()
UnityEngine.DebugLogHandler:LogFormat (UnityEngine.LogType,UnityEngine.Object,string,object[])
UnityEngine.Logger:Log (UnityEngine.LogType,object)
UnityEngine.Debug:LogWarning (object)
 .  / :MoveNext ()
System.Runtime.CompilerServices.AsyncVoidMethodBuilder:Start< .  / > ( .  / &)
 .  :  ()
 .⁪/ :MoveNext ()
System.Runtime.CompilerServices.AsyncTaskMethodBuilder:Start< .⁪/ > ( .⁪/ &)
 .⁪:  ()
System.Reflection.RuntimeMethodInfo:Invoke (object,System.Reflection.BindingFlags,System.Reflection.Binder,object[],System.Globalization.CultureInfo)
System.Reflection.MethodBase:Invoke (object,object[])
UnityEditor.EditorAssemblies:ProcessInitializeOnLoadMethodAttributes ()

Mono: successfully reloaded assembly
- Finished resetting the current domain, in  1.029 seconds
Domain Reload Profiling: 1532ms
	BeginReloadAssembly (182ms)
		ExecutionOrderSort (0ms)
		DisableScriptedObjects (7ms)
		BackupInstance (0ms)
		ReleaseScriptingObjects (0ms)
		CreateAndSetChildDomain (39ms)
	RebuildCommonClasses (35ms)
	RebuildNativeTypeToScriptingClass (12ms)
	initialDomainReloadingComplete (32ms)
	LoadAllAssembliesAndSetupDomain (242ms)
		LoadAssemblies (314ms)
		RebuildTransferFunctionScriptingTraits (0ms)
		AnalyzeDomain (27ms)
			TypeCache.Refresh (9ms)
				TypeCache.ScanAssembly (0ms)
			ScanForSourceGeneratedMonoScriptInfo (9ms)
			ResolveRequiredComponents (6ms)
	FinalizeReload (1029ms)
		ReleaseScriptCaches (0ms)
		RebuildScriptCaches (0ms)
		SetupLoadedEditorAssemblies (571ms)
			LogAssemblyErrors (0ms)
			InitializePlatformSupportModulesInManaged (18ms)
			SetLoadedEditorAssemblies (4ms)
			RefreshPlugins (0ms)
			BeforeProcessingInitializeOnLoad (61ms)
			ProcessInitializeOnLoadAttributes (436ms)
			ProcessInitializeOnLoadMethodAttributes (49ms)
			AfterProcessingInitializeOnLoad (4ms)
			EditorAssembliesLoaded (0ms)
		ExecutionOrderSort2 (0ms)
		AwakeInstancesAfterBackupRestoration (6ms)
Refreshing native plugins compatible for Editor in 4.47 ms, found 6 plugins.
Preloading 0 native plugins for Editor in 0.00 ms.
Release of invalid GC handle. The handle is from a previous domain. The release operation is skipped.
Release of invalid GC handle native callstack: 
0x00007ff79e68424d (Unity) StackWalker::GetCurrentCallstack
0x00007ff79e689329 (Unity) StackWalker::ShowCallstack
0x00007ff79f67dae1 (Unity) GetStacktrace
0x00007ff79e57f20d (Unity) ScriptingGCHandle::ReleaseAndClear
0x00007ff79eb4748c (Unity) UploadHandlerRaw::`vector deleting destructor'
0x00007ff79eb4803d (Unity) UploadHandler::Release
0x00007ff79eb448dd (Unity) UnityWebRequestProto<UnityWebRequestTransport,AtomicRefCounter,RedirectHelper,ResponseHelper,DownloadHandler,UploadHandler,CertificateHandler,HeaderHelper,AsyncOperation>::~UnityWebRequestProto<UnityWebRequestTransport,AtomicRefCounter,RedirectHelper,ResponseHelper,DownloadHandler,UploadHandler,CertificateHandler,HeaderHelper,AsyncOperation>
0x00007ff79eb44bd6 (Unity) UnityWebRequest::`vector deleting destructor'
0x00007ff79d894b77 (Unity) UnityWebRequestProto<UnityWebRequestTransport,AtomicRefCounter,RedirectHelper,ResponseHelper,DownloadHandler,UploadHandler,CertificateHandler,HeaderHelper,AsyncOperation>::Release
0x00007ff79eb46605 (Unity) UnityWebRequestAsyncOperation::InvokeCoroutine
0x00007ff79eb467e1 (Unity) UnityWebRequestProto<UnityWebRequestTransport,AtomicRefCounter,RedirectHelper,ResponseHelper,DownloadHandler,UploadHandler,CertificateHandler,HeaderHelper,AsyncOperation>::Job_InvokeCoroutine
0x00007ff79e1ab54a (Unity) BackgroundJobQueue::ExecuteMainThreadJobs
0x00007ff79e26005f (Unity) PreloadManager::WaitForAllAsyncOperationsToComplete
0x00007ff79fa23af8 (Unity) <lambda_b37b41f03089e3cb3f55061bbc93253d>::operator()
0x00007ff79fa5f422 (Unity) asio::detail::completion_handler<core::mutable_function<void __cdecl(void)>,asio::io_context::basic_executor_type<std::allocator<void>,0> >::do_complete
0x00007ff79fa4b3ce (Unity) asio::detail::win_iocp_io_context::do_one
0x00007ff79fa4d034 (Unity) asio::detail::win_iocp_io_context::run
0x00007ff79fa5d7cc (Unity) IOService::Run
0x00007ff79fa30c2f (Unity) AssetImportWorkerClient::Run
0x00007ff79f9fc3d7 (Unity) RunAssetImportWorkerClientV2
0x00007ff79f9fc45b (Unity) RunAssetImporterV2
0x00007ff79f1f31de (Unity) Application::InitializeProject
0x00007ff79f688795 (Unity) WinMain
0x00007ff7a0a535ce (Unity) __scrt_common_main_seh
0x00007ffa8b87e8d7 (KERNEL32) BaseThreadInitThunk
0x00007ffa8c1714fc (ntdll) RtlUserThreadStart
Unloading 3365 Unused Serialized files (Serialized files now loaded: 0)
Unloading 28 unused Assets / (396.8 KB). Loaded Objects now: 3990.
Memory consumption went from 134.3 MB to 133.9 MB.
Total: 4.709700 ms (FindLiveObjects: 0.220800 ms CreateObjectMapping: 0.100500 ms MarkObjects: 4.096600 ms  DeleteObjects: 0.290300 ms)

Prepare: number of updated asset objects reloaded= 0
AssetImportParameters requested are different than current active one (requested -> active):
  custom:container-demuxer-ogg: 62fdf1f143b41e24485cea50d1cbac27 -> 
  custom:scripting/monoscript/fileName/Tree.cs: dca7474b58f05e1dc61bb9deb148038d -> 
  custom:video-codec-MediaFoundation-h265: 746d11721c4dcdbdad8f713fa42b33f4 -> 
  custom:video-decoder-ogg-theora: a1e56fd34408186e4bbccfd4996cb3dc -> 
  custom:scripting/monoscript/fileName/Timber.cs: e3f520cc8fc09857160dc689c53c79e7 -> 
  custom:framework-win-MediaFoundation: 216162199b28c13a410421893ffa2e32 -> 
  custom:scripting/monoscript/fileName/Money.cs: 9c40cb0a308c8e4e1f5815ebef98078a -> 
  custom:CustomObjectIndexerAttribute: 9a22284fe3817be447336de3de66b15e -> 
  custom:scripting/monoscript/fileName/ArrowController.cs: 7d28f605bc04aa841d426c294f7114a9 -> 
  custom:container-demuxer-webm: 4f35f7cbe854078d1ac9338744f61a02 -> 
  custom:container-muxer-webm: aa71ff27fc2769a1b78a27578f13a17b -> 
  custom:video-decoder-webm-vp8: 9c59270c3fd7afecdb556c50c9e8de78 -> 
  custom:SearchIndexIgnoredProperties: e643bd26f0fe6173181afceb89e7c659 -> 
  custom:AudioImporter_EditorPlatform: d09bf68614088b80899f8185d706f6e7 -> 
  custom:video-encoder-webm-vp8: eb34c28f22e8b96e1ab97ce403110664 -> 
  custom:audio-decoder-ogg-vorbis: bf7c407c2cedff20999df2af8eb42d56 -> 
  custom:audio-encoder-webm-vorbis: bf7c407c2cedff20999df2af8eb42d56 -> 
  custom:scripting/precompiled-assembly-types:Assembly-CSharp: 7ee5dcc11363eb66e20121a910d79e99 -> 898d7dc12b5aaae7dfacee678fc8dd41
========================================================================
Received Import Request.
  Time since last request: 114.635504 seconds.
  path: Assets/Scripts/UI/ArrowController.cs
  artifactKey: Guid(994d3f4e52b19d44689b07bcf302116b) Importer(815301076,1909f56bfc062723c751e8b465ee728b)
Start importing Assets/Scripts/UI/ArrowController.cs using Guid(994d3f4e52b19d44689b07bcf302116b) Importer(815301076,1909f56bfc062723c751e8b465ee728b) [PhysX] Initialized MultithreadedTaskDispatcher with 12 workers.
 -> (artifact id: 'd0a981c8d62a7a8c40f85428079e1e8a') in 0.006565 seconds
Number of updated asset objects reloaded before import = 0
Number of asset objects unloaded after import = 0
========================================================================
Received Import Request.
  Time since last request: 74.949309 seconds.
  path: Assets/Resources/Gate.fbx
  artifactKey: Guid(0e250a9a88e21f74cade45a008e84ffa) Importer(815301076,1909f56bfc062723c751e8b465ee728b)
Start importing Assets/Resources/Gate.fbx using Guid(0e250a9a88e21f74cade45a008e84ffa) Importer(815301076,1909f56bfc062723c751e8b465ee728b) [PhysX] Initialized MultithreadedTaskDispatcher with 12 workers.
[PhysX] Initialized MultithreadedTaskDispatcher with 12 workers.
[PhysX] Initialized MultithreadedTaskDispatcher with 12 workers.
[PhysX] Initialized MultithreadedTaskDispatcher with 12 workers.
 -> (artifact id: '44434ddfc66e0699ffbf3cf9ff62bf3f') in 0.141250 seconds
Number of updated asset objects reloaded before import = 0
Number of asset objects unloaded after import = 8
========================================================================
Received Import Request.
  Time since last request: 31.968368 seconds.
  path: Assets/Resources/Gate.fbx
  artifactKey: Guid(0e250a9a88e21f74cade45a008e84ffa) Importer(815301076,1909f56bfc062723c751e8b465ee728b)
Start importing Assets/Resources/Gate.fbx using Guid(0e250a9a88e21f74cade45a008e84ffa) Importer(815301076,1909f56bfc062723c751e8b465ee728b) [PhysX] Initialized MultithreadedTaskDispatcher with 12 workers.
[PhysX] Initialized MultithreadedTaskDispatcher with 12 workers.
[PhysX] Initialized MultithreadedTaskDispatcher with 12 workers.
 -> (artifact id: '06d1f76050d5a4d021db734f51cd81d8') in 0.045116 seconds
Number of updated asset objects reloaded before import = 0
Number of asset objects unloaded after import = 8
========================================================================
Received Import Request.
  Time since last request: 0.005511 seconds.
  path: Assets/Resources/Material.002.mat
  artifactKey: Guid(f9422b19707e9fc4f9809254e43fe1b2) Importer(815301076,1909f56bfc062723c751e8b465ee728b)
Start importing Assets/Resources/Material.002.mat using Guid(f9422b19707e9fc4f9809254e43fe1b2) Importer(815301076,1909f56bfc062723c751e8b465ee728b) [PhysX] Initialized MultithreadedTaskDispatcher with 12 workers.
[PhysX] Initialized MultithreadedTaskDispatcher with 12 workers.
 -> (artifact id: '62684d7c09c8831ffbb6ed4d5de966d5') in 0.032793 seconds
Number of updated asset objects reloaded before import = 0
Number of asset objects unloaded after import = 1
========================================================================
Received Prepare
Caller must complete domain reload
Begin MonoManager ReloadAssembly
- Loaded All Assemblies, in  0.578 seconds
Native extension for WindowsStandalone target not found
Native extension for Android target not found
Native extension for WebGL target not found
[Package Manager] Server::EnsureServerProcessIsRunning -- launch failed, reason: Unity was launched with the -noUpm command-line argument
[Package Manager] UpmClient::Send -- Unable to send message (not connected to UPM process).
[Package Manager] Cannot connect to Unity Package Manager local server
Failed to sync packages list
UnityEngine.StackTraceUtility:ExtractStackTrace ()
UnityEngine.DebugLogHandler:LogFormat (UnityEngine.LogType,UnityEngine.Object,string,object[])
UnityEngine.Logger:Log (UnityEngine.LogType,object)
UnityEngine.Debug:LogWarning (object)
 .  / :MoveNext ()
System.Runtime.CompilerServices.AsyncVoidMethodBuilder:Start< .  / > ( .  / &)
 .  :  ()
 .⁪/ :MoveNext ()
System.Runtime.CompilerServices.AsyncTaskMethodBuilder:Start< .⁪/ > ( .⁪/ &)
 .⁪:  ()
System.Reflection.RuntimeMethodInfo:Invoke (object,System.Reflection.BindingFlags,System.Reflection.Binder,object[],System.Globalization.CultureInfo)
System.Reflection.MethodBase:Invoke (object,object[])
UnityEditor.EditorAssemblies:ProcessInitializeOnLoadMethodAttributes ()

Mono: successfully reloaded assembly
- Finished resetting the current domain, in  1.108 seconds
Domain Reload Profiling: 1684ms
	BeginReloadAssembly (218ms)
		ExecutionOrderSort (0ms)
		DisableScriptedObjects (4ms)
		BackupInstance (0ms)
		ReleaseScriptingObjects (0ms)
		CreateAndSetChildDomain (48ms)
	RebuildCommonClasses (57ms)
	RebuildNativeTypeToScriptingClass (18ms)
	initialDomainReloadingComplete (34ms)
	LoadAllAssembliesAndSetupDomain (249ms)
		LoadAssemblies (351ms)
		RebuildTransferFunctionScriptingTraits (0ms)
		AnalyzeDomain (29ms)
			TypeCache.Refresh (10ms)
				TypeCache.ScanAssembly (1ms)
			ScanForSourceGeneratedMonoScriptInfo (9ms)
			ResolveRequiredComponents (7ms)
	FinalizeReload (1109ms)
		ReleaseScriptCaches (0ms)
		RebuildScriptCaches (0ms)
		SetupLoadedEditorAssemblies (587ms)
			LogAssemblyErrors (0ms)
			InitializePlatformSupportModulesInManaged (24ms)
			SetLoadedEditorAssemblies (6ms)
			RefreshPlugins (0ms)
			BeforeProcessingInitializeOnLoad (65ms)
			ProcessInitializeOnLoadAttributes (430ms)
			ProcessInitializeOnLoadMethodAttributes (56ms)
			AfterProcessingInitializeOnLoad (5ms)
			EditorAssembliesLoaded (0ms)
		ExecutionOrderSort2 (0ms)
		AwakeInstancesAfterBackupRestoration (9ms)
Refreshing native plugins compatible for Editor in 4.20 ms, found 6 plugins.
Preloading 0 native plugins for Editor in 0.00 ms.
Release of invalid GC handle. The handle is from a previous domain. The release operation is skipped.
Release of invalid GC handle native callstack: 
0x00007ff79e68424d (Unity) StackWalker::GetCurrentCallstack
0x00007ff79e689329 (Unity) StackWalker::ShowCallstack
0x00007ff79f67dae1 (Unity) GetStacktrace
0x00007ff79e57f20d (Unity) ScriptingGCHandle::ReleaseAndClear
0x00007ff79eb4748c (Unity) UploadHandlerRaw::`vector deleting destructor'
0x00007ff79eb4803d (Unity) UploadHandler::Release
0x00007ff79eb448dd (Unity) UnityWebRequestProto<UnityWebRequestTransport,AtomicRefCounter,RedirectHelper,ResponseHelper,DownloadHandler,UploadHandler,CertificateHandler,HeaderHelper,AsyncOperation>::~UnityWebRequestProto<UnityWebRequestTransport,AtomicRefCounter,RedirectHelper,ResponseHelper,DownloadHandler,UploadHandler,CertificateHandler,HeaderHelper,AsyncOperation>
0x00007ff79eb44bd6 (Unity) UnityWebRequest::`vector deleting destructor'
0x00007ff79d894b77 (Unity) UnityWebRequestProto<UnityWebRequestTransport,AtomicRefCounter,RedirectHelper,ResponseHelper,DownloadHandler,UploadHandler,CertificateHandler,HeaderHelper,AsyncOperation>::Release
0x00007ff79eb46605 (Unity) UnityWebRequestAsyncOperation::InvokeCoroutine
0x00007ff79eb467e1 (Unity) UnityWebRequestProto<UnityWebRequestTransport,AtomicRefCounter,RedirectHelper,ResponseHelper,DownloadHandler,UploadHandler,CertificateHandler,HeaderHelper,AsyncOperation>::Job_InvokeCoroutine
0x00007ff79e1ab54a (Unity) BackgroundJobQueue::ExecuteMainThreadJobs
0x00007ff79e26005f (Unity) PreloadManager::WaitForAllAsyncOperationsToComplete
0x00007ff79fa23af8 (Unity) <lambda_b37b41f03089e3cb3f55061bbc93253d>::operator()
0x00007ff79fa5f422 (Unity) asio::detail::completion_handler<core::mutable_function<void __cdecl(void)>,asio::io_context::basic_executor_type<std::allocator<void>,0> >::do_complete
0x00007ff79fa4b3ce (Unity) asio::detail::win_iocp_io_context::do_one
0x00007ff79fa4d034 (Unity) asio::detail::win_iocp_io_context::run
0x00007ff79fa5d7cc (Unity) IOService::Run
0x00007ff79fa30c2f (Unity) AssetImportWorkerClient::Run
0x00007ff79f9fc3d7 (Unity) RunAssetImportWorkerClientV2
0x00007ff79f9fc45b (Unity) RunAssetImporterV2
0x00007ff79f1f31de (Unity) Application::InitializeProject
0x00007ff79f688795 (Unity) WinMain
0x00007ff7a0a535ce (Unity) __scrt_common_main_seh
0x00007ffa8b87e8d7 (KERNEL32) BaseThreadInitThunk
0x00007ffa8c1714fc (ntdll) RtlUserThreadStart
Unloading 3365 Unused Serialized files (Serialized files now loaded: 0)
Unloading 28 unused Assets / (397.0 KB). Loaded Objects now: 3995.
Memory consumption went from 134.5 MB to 134.1 MB.
Total: 3.832600 ms (FindLiveObjects: 0.213500 ms CreateObjectMapping: 0.106800 ms MarkObjects: 3.278000 ms  DeleteObjects: 0.232400 ms)

Prepare: number of updated asset objects reloaded= 0
AssetImportParameters requested are different than current active one (requested -> active):
  custom:container-demuxer-ogg: 62fdf1f143b41e24485cea50d1cbac27 -> 
  custom:scripting/monoscript/fileName/Tree.cs: dca7474b58f05e1dc61bb9deb148038d -> 
  custom:video-codec-MediaFoundation-h265: 746d11721c4dcdbdad8f713fa42b33f4 -> 
  custom:video-decoder-ogg-theora: a1e56fd34408186e4bbccfd4996cb3dc -> 
  custom:scripting/monoscript/fileName/Timber.cs: e3f520cc8fc09857160dc689c53c79e7 -> 
  custom:framework-win-MediaFoundation: 216162199b28c13a410421893ffa2e32 -> 
  custom:scripting/monoscript/fileName/Money.cs: 9c40cb0a308c8e4e1f5815ebef98078a -> 
  custom:CustomObjectIndexerAttribute: 9a22284fe3817be447336de3de66b15e -> 
  custom:scripting/monoscript/fileName/ArrowController.cs: 7d28f605bc04aa841d426c294f7114a9 -> 
  custom:container-demuxer-webm: 4f35f7cbe854078d1ac9338744f61a02 -> 
  custom:container-muxer-webm: aa71ff27fc2769a1b78a27578f13a17b -> 
  custom:video-decoder-webm-vp8: 9c59270c3fd7afecdb556c50c9e8de78 -> 
  custom:SearchIndexIgnoredProperties: e643bd26f0fe6173181afceb89e7c659 -> 
  custom:AudioImporter_EditorPlatform: d09bf68614088b80899f8185d706f6e7 -> 
  custom:video-encoder-webm-vp8: eb34c28f22e8b96e1ab97ce403110664 -> 
  custom:audio-decoder-ogg-vorbis: bf7c407c2cedff20999df2af8eb42d56 -> 
  custom:audio-encoder-webm-vorbis: bf7c407c2cedff20999df2af8eb42d56 -> 
  custom:scripting/precompiled-assembly-types:Assembly-CSharp: 7ee5dcc11363eb66e20121a910d79e99 -> 898d7dc12b5aaae7dfacee678fc8dd41
========================================================================
Received Prepare
Caller must complete domain reload
Begin MonoManager ReloadAssembly
- Loaded All Assemblies, in  0.869 seconds
Native extension for WindowsStandalone target not found
Native extension for Android target not found
Native extension for WebGL target not found
[Package Manager] Server::EnsureServerProcessIsRunning -- launch failed, reason: Unity was launched with the -noUpm command-line argument
[Package Manager] UpmClient::Send -- Unable to send message (not connected to UPM process).
[Package Manager] Cannot connect to Unity Package Manager local server
Failed to sync packages list
UnityEngine.StackTraceUtility:ExtractStackTrace ()
UnityEngine.DebugLogHandler:LogFormat (UnityEngine.LogType,UnityEngine.Object,string,object[])
UnityEngine.Logger:Log (UnityEngine.LogType,object)
UnityEngine.Debug:LogWarning (object)
 .  / :MoveNext ()
System.Runtime.CompilerServices.AsyncVoidMethodBuilder:Start< .  / > ( .  / &)
 .  :  ()
 .⁪/ :MoveNext ()
System.Runtime.CompilerServices.AsyncTaskMethodBuilder:Start< .⁪/ > ( .⁪/ &)
 .⁪:  ()
System.Reflection.RuntimeMethodInfo:Invoke (object,System.Reflection.BindingFlags,System.Reflection.Binder,object[],System.Globalization.CultureInfo)
System.Reflection.MethodBase:Invoke (object,object[])
UnityEditor.EditorAssemblies:ProcessInitializeOnLoadMethodAttributes ()

Mono: successfully reloaded assembly
- Finished resetting the current domain, in  1.437 seconds
Domain Reload Profiling: 2302ms
	BeginReloadAssembly (282ms)
		ExecutionOrderSort (0ms)
		DisableScriptedObjects (10ms)
		BackupInstance (0ms)
		ReleaseScriptingObjects (0ms)
		CreateAndSetChildDomain (62ms)
	RebuildCommonClasses (58ms)
	RebuildNativeTypeToScriptingClass (24ms)
	initialDomainReloadingComplete (58ms)
	LoadAllAssembliesAndSetupDomain (442ms)
		LoadAssemblies (550ms)
		RebuildTransferFunctionScriptingTraits (0ms)
		AnalyzeDomain (42ms)
			TypeCache.Refresh (14ms)
				TypeCache.ScanAssembly (1ms)
			ScanForSourceGeneratedMonoScriptInfo (12ms)
			ResolveRequiredComponents (11ms)
	FinalizeReload (1438ms)
		ReleaseScriptCaches (0ms)
		RebuildScriptCaches (0ms)
		SetupLoadedEditorAssemblies (517ms)
			LogAssemblyErrors (0ms)
			InitializePlatformSupportModulesInManaged (17ms)
			SetLoadedEditorAssemblies (4ms)
			RefreshPlugins (0ms)
			BeforeProcessingInitializeOnLoad (66ms)
			ProcessInitializeOnLoadAttributes (378ms)
			ProcessInitializeOnLoadMethodAttributes (46ms)
			AfterProcessingInitializeOnLoad (5ms)
			EditorAssembliesLoaded (0ms)
		ExecutionOrderSort2 (0ms)
		AwakeInstancesAfterBackupRestoration (7ms)
Refreshing native plugins compatible for Editor in 3.50 ms, found 6 plugins.
Preloading 0 native plugins for Editor in 0.00 ms.
Release of invalid GC handle. The handle is from a previous domain. The release operation is skipped.
Release of invalid GC handle native callstack: 
0x00007ff79e68424d (Unity) StackWalker::GetCurrentCallstack
0x00007ff79e689329 (Unity) StackWalker::ShowCallstack
0x00007ff79f67dae1 (Unity) GetStacktrace
0x00007ff79e57f20d (Unity) ScriptingGCHandle::ReleaseAndClear
0x00007ff79eb4748c (Unity) UploadHandlerRaw::`vector deleting destructor'
0x00007ff79eb4803d (Unity) UploadHandler::Release
0x00007ff79eb448dd (Unity) UnityWebRequestProto<UnityWebRequestTransport,AtomicRefCounter,RedirectHelper,ResponseHelper,DownloadHandler,UploadHandler,CertificateHandler,HeaderHelper,AsyncOperation>::~UnityWebRequestProto<UnityWebRequestTransport,AtomicRefCounter,RedirectHelper,ResponseHelper,DownloadHandler,UploadHandler,CertificateHandler,HeaderHelper,AsyncOperation>
0x00007ff79eb44bd6 (Unity) UnityWebRequest::`vector deleting destructor'
0x00007ff79d894b77 (Unity) UnityWebRequestProto<UnityWebRequestTransport,AtomicRefCounter,RedirectHelper,ResponseHelper,DownloadHandler,UploadHandler,CertificateHandler,HeaderHelper,AsyncOperation>::Release
0x00007ff79eb46605 (Unity) UnityWebRequestAsyncOperation::InvokeCoroutine
0x00007ff79eb467e1 (Unity) UnityWebRequestProto<UnityWebRequestTransport,AtomicRefCounter,RedirectHelper,ResponseHelper,DownloadHandler,UploadHandler,CertificateHandler,HeaderHelper,AsyncOperation>::Job_InvokeCoroutine
0x00007ff79e1ab54a (Unity) BackgroundJobQueue::ExecuteMainThreadJobs
0x00007ff79e26005f (Unity) PreloadManager::WaitForAllAsyncOperationsToComplete
0x00007ff79fa23af8 (Unity) <lambda_b37b41f03089e3cb3f55061bbc93253d>::operator()
0x00007ff79fa5f422 (Unity) asio::detail::completion_handler<core::mutable_function<void __cdecl(void)>,asio::io_context::basic_executor_type<std::allocator<void>,0> >::do_complete
0x00007ff79fa4b3ce (Unity) asio::detail::win_iocp_io_context::do_one
0x00007ff79fa4d034 (Unity) asio::detail::win_iocp_io_context::run
0x00007ff79fa5d7cc (Unity) IOService::Run
0x00007ff79fa30c2f (Unity) AssetImportWorkerClient::Run
0x00007ff79f9fc3d7 (Unity) RunAssetImportWorkerClientV2
0x00007ff79f9fc45b (Unity) RunAssetImporterV2
0x00007ff79f1f31de (Unity) Application::InitializeProject
0x00007ff79f688795 (Unity) WinMain
0x00007ff7a0a535ce (Unity) __scrt_common_main_seh
0x00007ffa8b87e8d7 (KERNEL32) BaseThreadInitThunk
0x00007ffa8c1714fc (ntdll) RtlUserThreadStart
Unloading 3366 Unused Serialized files (Serialized files now loaded: 0)
Unloading 28 unused Assets / (396.8 KB). Loaded Objects now: 4000.
Memory consumption went from 134.9 MB to 134.5 MB.
Total: 4.015100 ms (FindLiveObjects: 0.215100 ms CreateObjectMapping: 0.094200 ms MarkObjects: 3.469900 ms  DeleteObjects: 0.235100 ms)

Prepare: number of updated asset objects reloaded= 0
AssetImportParameters requested are different than current active one (requested -> active):
  custom:container-demuxer-ogg: 62fdf1f143b41e24485cea50d1cbac27 -> 
  custom:scripting/monoscript/fileName/Tree.cs: dca7474b58f05e1dc61bb9deb148038d -> 
  custom:video-codec-MediaFoundation-h265: 746d11721c4dcdbdad8f713fa42b33f4 -> 
  custom:video-decoder-ogg-theora: a1e56fd34408186e4bbccfd4996cb3dc -> 
  custom:scripting/monoscript/fileName/Timber.cs: e3f520cc8fc09857160dc689c53c79e7 -> 
  custom:framework-win-MediaFoundation: 216162199b28c13a410421893ffa2e32 -> 
  custom:scripting/monoscript/fileName/Money.cs: 9c40cb0a308c8e4e1f5815ebef98078a -> 
  custom:CustomObjectIndexerAttribute: 9a22284fe3817be447336de3de66b15e -> 
  custom:scripting/monoscript/fileName/ArrowController.cs: 7d28f605bc04aa841d426c294f7114a9 -> 
  custom:container-demuxer-webm: 4f35f7cbe854078d1ac9338744f61a02 -> 
  custom:container-muxer-webm: aa71ff27fc2769a1b78a27578f13a17b -> 
  custom:video-decoder-webm-vp8: 9c59270c3fd7afecdb556c50c9e8de78 -> 
  custom:SearchIndexIgnoredProperties: e643bd26f0fe6173181afceb89e7c659 -> 
  custom:AudioImporter_EditorPlatform: d09bf68614088b80899f8185d706f6e7 -> 
  custom:video-encoder-webm-vp8: eb34c28f22e8b96e1ab97ce403110664 -> 
  custom:audio-decoder-ogg-vorbis: bf7c407c2cedff20999df2af8eb42d56 -> 
  custom:audio-encoder-webm-vorbis: bf7c407c2cedff20999df2af8eb42d56 -> 
  custom:scripting/precompiled-assembly-types:Assembly-CSharp: 7ee5dcc11363eb66e20121a910d79e99 -> 898d7dc12b5aaae7dfacee678fc8dd41
========================================================================
Received Prepare
Caller must complete domain reload
Begin MonoManager ReloadAssembly
- Loaded All Assemblies, in  0.466 seconds
Native extension for WindowsStandalone target not found
Native extension for Android target not found
Native extension for WebGL target not found
[Package Manager] Server::EnsureServerProcessIsRunning -- launch failed, reason: Unity was launched with the -noUpm command-line argument
[Package Manager] UpmClient::Send -- Unable to send message (not connected to UPM process).
[Package Manager] Cannot connect to Unity Package Manager local server
Failed to sync packages list
UnityEngine.StackTraceUtility:ExtractStackTrace ()
UnityEngine.DebugLogHandler:LogFormat (UnityEngine.LogType,UnityEngine.Object,string,object[])
UnityEngine.Logger:Log (UnityEngine.LogType,object)
UnityEngine.Debug:LogWarning (object)
 .  / :MoveNext ()
System.Runtime.CompilerServices.AsyncVoidMethodBuilder:Start< .  / > ( .  / &)
 .  :  ()
 .⁪/ :MoveNext ()
System.Runtime.CompilerServices.AsyncTaskMethodBuilder:Start< .⁪/ > ( .⁪/ &)
 .⁪:  ()
System.Reflection.RuntimeMethodInfo:Invoke (object,System.Reflection.BindingFlags,System.Reflection.Binder,object[],System.Globalization.CultureInfo)
System.Reflection.MethodBase:Invoke (object,object[])
UnityEditor.EditorAssemblies:ProcessInitializeOnLoadMethodAttributes ()

Mono: successfully reloaded assembly
- Finished resetting the current domain, in  1.082 seconds
Domain Reload Profiling: 1546ms
	BeginReloadAssembly (148ms)
		ExecutionOrderSort (0ms)
		DisableScriptedObjects (5ms)
		BackupInstance (0ms)
		ReleaseScriptingObjects (0ms)
		CreateAndSetChildDomain (32ms)
	RebuildCommonClasses (40ms)
	RebuildNativeTypeToScriptingClass (12ms)
	initialDomainReloadingComplete (30ms)
	LoadAllAssembliesAndSetupDomain (234ms)
		LoadAssemblies (286ms)
		RebuildTransferFunctionScriptingTraits (0ms)
		AnalyzeDomain (27ms)
			TypeCache.Refresh (9ms)
				TypeCache.ScanAssembly (0ms)
			ScanForSourceGeneratedMonoScriptInfo (7ms)
			ResolveRequiredComponents (8ms)
	FinalizeReload (1082ms)
		ReleaseScriptCaches (0ms)
		RebuildScriptCaches (0ms)
		SetupLoadedEditorAssemblies (582ms)
			LogAssemblyErrors (0ms)
			InitializePlatformSupportModulesInManaged (23ms)
			SetLoadedEditorAssemblies (6ms)
			RefreshPlugins (0ms)
			BeforeProcessingInitializeOnLoad (63ms)
			ProcessInitializeOnLoadAttributes (431ms)
			ProcessInitializeOnLoadMethodAttributes (54ms)
			AfterProcessingInitializeOnLoad (5ms)
			EditorAssembliesLoaded (0ms)
		ExecutionOrderSort2 (0ms)
		AwakeInstancesAfterBackupRestoration (7ms)
Refreshing native plugins compatible for Editor in 4.58 ms, found 6 plugins.
Preloading 0 native plugins for Editor in 0.00 ms.
Release of invalid GC handle. The handle is from a previous domain. The release operation is skipped.
Release of invalid GC handle native callstack: 
0x00007ff79e68424d (Unity) StackWalker::GetCurrentCallstack
0x00007ff79e689329 (Unity) StackWalker::ShowCallstack
0x00007ff79f67dae1 (Unity) GetStacktrace
0x00007ff79e57f20d (Unity) ScriptingGCHandle::ReleaseAndClear
0x00007ff79eb4748c (Unity) UploadHandlerRaw::`vector deleting destructor'
0x00007ff79eb4803d (Unity) UploadHandler::Release
0x00007ff79eb448dd (Unity) UnityWebRequestProto<UnityWebRequestTransport,AtomicRefCounter,RedirectHelper,ResponseHelper,DownloadHandler,UploadHandler,CertificateHandler,HeaderHelper,AsyncOperation>::~UnityWebRequestProto<UnityWebRequestTransport,AtomicRefCounter,RedirectHelper,ResponseHelper,DownloadHandler,UploadHandler,CertificateHandler,HeaderHelper,AsyncOperation>
0x00007ff79eb44bd6 (Unity) UnityWebRequest::`vector deleting destructor'
0x00007ff79d894b77 (Unity) UnityWebRequestProto<UnityWebRequestTransport,AtomicRefCounter,RedirectHelper,ResponseHelper,DownloadHandler,UploadHandler,CertificateHandler,HeaderHelper,AsyncOperation>::Release
0x00007ff79eb46605 (Unity) UnityWebRequestAsyncOperation::InvokeCoroutine
0x00007ff79eb467e1 (Unity) UnityWebRequestProto<UnityWebRequestTransport,AtomicRefCounter,RedirectHelper,ResponseHelper,DownloadHandler,UploadHandler,CertificateHandler,HeaderHelper,AsyncOperation>::Job_InvokeCoroutine
0x00007ff79e1ab54a (Unity) BackgroundJobQueue::ExecuteMainThreadJobs
0x00007ff79e26005f (Unity) PreloadManager::WaitForAllAsyncOperationsToComplete
0x00007ff79fa23af8 (Unity) <lambda_b37b41f03089e3cb3f55061bbc93253d>::operator()
0x00007ff79fa5f422 (Unity) asio::detail::completion_handler<core::mutable_function<void __cdecl(void)>,asio::io_context::basic_executor_type<std::allocator<void>,0> >::do_complete
0x00007ff79fa4b3ce (Unity) asio::detail::win_iocp_io_context::do_one
0x00007ff79fa4d034 (Unity) asio::detail::win_iocp_io_context::run
0x00007ff79fa5d7cc (Unity) IOService::Run
0x00007ff79fa30c2f (Unity) AssetImportWorkerClient::Run
0x00007ff79f9fc3d7 (Unity) RunAssetImportWorkerClientV2
0x00007ff79f9fc45b (Unity) RunAssetImporterV2
0x00007ff79f1f31de (Unity) Application::InitializeProject
0x00007ff79f688795 (Unity) WinMain
0x00007ff7a0a535ce (Unity) __scrt_common_main_seh
0x00007ffa8b87e8d7 (KERNEL32) BaseThreadInitThunk
0x00007ffa8c1714fc (ntdll) RtlUserThreadStart
Unloading 3366 Unused Serialized files (Serialized files now loaded: 0)
Unloading 28 unused Assets / (396.6 KB). Loaded Objects now: 4005.
Memory consumption went from 135.1 MB to 134.7 MB.
Total: 3.796500 ms (FindLiveObjects: 0.211300 ms CreateObjectMapping: 0.101000 ms MarkObjects: 3.246100 ms  DeleteObjects: 0.237100 ms)

Prepare: number of updated asset objects reloaded= 0
AssetImportParameters requested are different than current active one (requested -> active):
  custom:container-demuxer-ogg: 62fdf1f143b41e24485cea50d1cbac27 -> 
  custom:scripting/monoscript/fileName/Tree.cs: dca7474b58f05e1dc61bb9deb148038d -> 
  custom:video-codec-MediaFoundation-h265: 746d11721c4dcdbdad8f713fa42b33f4 -> 
  custom:video-decoder-ogg-theora: a1e56fd34408186e4bbccfd4996cb3dc -> 
  custom:scripting/monoscript/fileName/Timber.cs: e3f520cc8fc09857160dc689c53c79e7 -> 
  custom:framework-win-MediaFoundation: 216162199b28c13a410421893ffa2e32 -> 
  custom:scripting/monoscript/fileName/Money.cs: 9c40cb0a308c8e4e1f5815ebef98078a -> 
  custom:CustomObjectIndexerAttribute: 9a22284fe3817be447336de3de66b15e -> 
  custom:scripting/monoscript/fileName/ArrowController.cs: 1a447edfdb5484109c0662398b0d2a4f -> 
  custom:container-demuxer-webm: 4f35f7cbe854078d1ac9338744f61a02 -> 
  custom:container-muxer-webm: aa71ff27fc2769a1b78a27578f13a17b -> 
  custom:video-decoder-webm-vp8: 9c59270c3fd7afecdb556c50c9e8de78 -> 
  custom:SearchIndexIgnoredProperties: e643bd26f0fe6173181afceb89e7c659 -> 
  custom:AudioImporter_EditorPlatform: d09bf68614088b80899f8185d706f6e7 -> 
  custom:video-encoder-webm-vp8: eb34c28f22e8b96e1ab97ce403110664 -> 
  custom:audio-decoder-ogg-vorbis: bf7c407c2cedff20999df2af8eb42d56 -> 
  custom:audio-encoder-webm-vorbis: bf7c407c2cedff20999df2af8eb42d56 -> 
  custom:scripting/precompiled-assembly-types:Assembly-CSharp: 949f8ed07658b361c9fff9d15a5615a3 -> 898d7dc12b5aaae7dfacee678fc8dd41
========================================================================
Received Import Request.
  Time since last request: 872.736630 seconds.
  path: Assets
  artifactKey: Guid(00000000000000001000000000000000) Importer(815301076,1909f56bfc062723c751e8b465ee728b)
Start importing Assets using Guid(00000000000000001000000000000000) Importer(815301076,1909f56bfc062723c751e8b465ee728b) [PhysX] Initialized MultithreadedTaskDispatcher with 12 workers.
 -> (artifact id: 'ae5280ad91af67e2a353905758f96678') in 0.010070 seconds
Number of updated asset objects reloaded before import = 0
Number of asset objects unloaded after import = 0
========================================================================
Received Import Request.
  Time since last request: 7.087391 seconds.
  path: Assets/Animations
  artifactKey: Guid(7ee8d5cf4d71aa54da51e04b1bb5f8e4) Importer(815301076,1909f56bfc062723c751e8b465ee728b)
Start importing Assets/Animations using Guid(7ee8d5cf4d71aa54da51e04b1bb5f8e4) Importer(815301076,1909f56bfc062723c751e8b465ee728b) [PhysX] Initialized MultithreadedTaskDispatcher with 12 workers.
 -> (artifact id: 'f1a4108047a0d30593f0da5d234ddb5e') in 0.000872 seconds
Number of updated asset objects reloaded before import = 0
Number of asset objects unloaded after import = 0
========================================================================
Received Import Request.
  Time since last request: 329.622936 seconds.
  path: Assets/Animations/StartAni,ation.anim
  artifactKey: Guid(5057c2bb96698984a990fd2e991ebcae) Importer(815301076,1909f56bfc062723c751e8b465ee728b)
Start importing Assets/Animations/StartAni,ation.anim using Guid(5057c2bb96698984a990fd2e991ebcae) Importer(815301076,1909f56bfc062723c751e8b465ee728b) [PhysX] Initialized MultithreadedTaskDispatcher with 12 workers.
 -> (artifact id: 'c42a1bf80a81b85149b98281f70db631') in 0.012748 seconds
Number of updated asset objects reloaded before import = 0
Number of asset objects unloaded after import = 1
========================================================================
Received Import Request.
  Time since last request: 5.688381 seconds.
  path: Assets/Animations/StartAnimation.anim
  artifactKey: Guid(5057c2bb96698984a990fd2e991ebcae) Importer(815301076,1909f56bfc062723c751e8b465ee728b)
Start importing Assets/Animations/StartAnimation.anim using Guid(5057c2bb96698984a990fd2e991ebcae) Importer(815301076,1909f56bfc062723c751e8b465ee728b) [PhysX] Initialized MultithreadedTaskDispatcher with 12 workers.
 -> (artifact id: 'd322520f0e1b7b6db31b2b841810a5c1') in 0.002454 seconds
Number of updated asset objects reloaded before import = 0
Number of asset objects unloaded after import = 1
========================================================================
Received Prepare
Caller must complete domain reload
Begin MonoManager ReloadAssembly
- Loaded All Assemblies, in  0.454 seconds
Native extension for WindowsStandalone target not found
Native extension for Android target not found
Native extension for WebGL target not found
[Package Manager] Server::EnsureServerProcessIsRunning -- launch failed, reason: Unity was launched with the -noUpm command-line argument
[Package Manager] UpmClient::Send -- Unable to send message (not connected to UPM process).
[Package Manager] Cannot connect to Unity Package Manager local server
Failed to sync packages list
UnityEngine.StackTraceUtility:ExtractStackTrace ()
UnityEngine.DebugLogHandler:LogFormat (UnityEngine.LogType,UnityEngine.Object,string,object[])
UnityEngine.Logger:Log (UnityEngine.LogType,object)
UnityEngine.Debug:LogWarning (object)
 .  / :MoveNext ()
System.Runtime.CompilerServices.AsyncVoidMethodBuilder:Start< .  / > ( .  / &)
 .  :  ()
 .⁪/ :MoveNext ()
System.Runtime.CompilerServices.AsyncTaskMethodBuilder:Start< .⁪/ > ( .⁪/ &)
 .⁪:  ()
System.Reflection.RuntimeMethodInfo:Invoke (object,System.Reflection.BindingFlags,System.Reflection.Binder,object[],System.Globalization.CultureInfo)
System.Reflection.MethodBase:Invoke (object,object[])
UnityEditor.EditorAssemblies:ProcessInitializeOnLoadMethodAttributes ()

Mono: successfully reloaded assembly
- Finished resetting the current domain, in  1.091 seconds
Domain Reload Profiling: 1544ms
	BeginReloadAssembly (155ms)
		ExecutionOrderSort (0ms)
		DisableScriptedObjects (5ms)
		BackupInstance (0ms)
		ReleaseScriptingObjects (0ms)
		CreateAndSetChildDomain (36ms)
	RebuildCommonClasses (37ms)
	RebuildNativeTypeToScriptingClass (12ms)
	initialDomainReloadingComplete (27ms)
	LoadAllAssembliesAndSetupDomain (221ms)
		LoadAssemblies (286ms)
		RebuildTransferFunctionScriptingTraits (0ms)
		AnalyzeDomain (15ms)
			TypeCache.Refresh (6ms)
				TypeCache.ScanAssembly (0ms)
			ScanForSourceGeneratedMonoScriptInfo (0ms)
			ResolveRequiredComponents (6ms)
	FinalizeReload (1091ms)
		ReleaseScriptCaches (0ms)
		RebuildScriptCaches (0ms)
		SetupLoadedEditorAssemblies (583ms)
			LogAssemblyErrors (0ms)
			InitializePlatformSupportModulesInManaged (22ms)
			SetLoadedEditorAssemblies (9ms)
			RefreshPlugins (0ms)
			BeforeProcessingInitializeOnLoad (75ms)
			ProcessInitializeOnLoadAttributes (411ms)
			ProcessInitializeOnLoadMethodAttributes (60ms)
			AfterProcessingInitializeOnLoad (5ms)
			EditorAssembliesLoaded (0ms)
		ExecutionOrderSort2 (0ms)
		AwakeInstancesAfterBackupRestoration (8ms)
Refreshing native plugins compatible for Editor in 5.35 ms, found 6 plugins.
Preloading 0 native plugins for Editor in 0.00 ms.
Release of invalid GC handle. The handle is from a previous domain. The release operation is skipped.
Release of invalid GC handle native callstack: 
0x00007ff79e68424d (Unity) StackWalker::GetCurrentCallstack
0x00007ff79e689329 (Unity) StackWalker::ShowCallstack
0x00007ff79f67dae1 (Unity) GetStacktrace
0x00007ff79e57f20d (Unity) ScriptingGCHandle::ReleaseAndClear
0x00007ff79eb4748c (Unity) UploadHandlerRaw::`vector deleting destructor'
0x00007ff79eb4803d (Unity) UploadHandler::Release
0x00007ff79eb448dd (Unity) UnityWebRequestProto<UnityWebRequestTransport,AtomicRefCounter,RedirectHelper,ResponseHelper,DownloadHandler,UploadHandler,CertificateHandler,HeaderHelper,AsyncOperation>::~UnityWebRequestProto<UnityWebRequestTransport,AtomicRefCounter,RedirectHelper,ResponseHelper,DownloadHandler,UploadHandler,CertificateHandler,HeaderHelper,AsyncOperation>
0x00007ff79eb44bd6 (Unity) UnityWebRequest::`vector deleting destructor'
0x00007ff79d894b77 (Unity) UnityWebRequestProto<UnityWebRequestTransport,AtomicRefCounter,RedirectHelper,ResponseHelper,DownloadHandler,UploadHandler,CertificateHandler,HeaderHelper,AsyncOperation>::Release
0x00007ff79eb46605 (Unity) UnityWebRequestAsyncOperation::InvokeCoroutine
0x00007ff79eb467e1 (Unity) UnityWebRequestProto<UnityWebRequestTransport,AtomicRefCounter,RedirectHelper,ResponseHelper,DownloadHandler,UploadHandler,CertificateHandler,HeaderHelper,AsyncOperation>::Job_InvokeCoroutine
0x00007ff79e1ab54a (Unity) BackgroundJobQueue::ExecuteMainThreadJobs
0x00007ff79e26005f (Unity) PreloadManager::WaitForAllAsyncOperationsToComplete
0x00007ff79fa23af8 (Unity) <lambda_b37b41f03089e3cb3f55061bbc93253d>::operator()
0x00007ff79fa5f422 (Unity) asio::detail::completion_handler<core::mutable_function<void __cdecl(void)>,asio::io_context::basic_executor_type<std::allocator<void>,0> >::do_complete
0x00007ff79fa4b3ce (Unity) asio::detail::win_iocp_io_context::do_one
0x00007ff79fa4d034 (Unity) asio::detail::win_iocp_io_context::run
0x00007ff79fa5d7cc (Unity) IOService::Run
0x00007ff79fa30c2f (Unity) AssetImportWorkerClient::Run
0x00007ff79f9fc3d7 (Unity) RunAssetImportWorkerClientV2
0x00007ff79f9fc45b (Unity) RunAssetImporterV2
0x00007ff79f1f31de (Unity) Application::InitializeProject
0x00007ff79f688795 (Unity) WinMain
0x00007ff7a0a535ce (Unity) __scrt_common_main_seh
0x00007ffa8b87e8d7 (KERNEL32) BaseThreadInitThunk
0x00007ffa8c1714fc (ntdll) RtlUserThreadStart
Unloading 3365 Unused Serialized files (Serialized files now loaded: 0)
Unloading 28 unused Assets / (396.9 KB). Loaded Objects now: 4010.
Memory consumption went from 135.0 MB to 134.6 MB.
Total: 4.305000 ms (FindLiveObjects: 0.253700 ms CreateObjectMapping: 0.105600 ms MarkObjects: 3.696800 ms  DeleteObjects: 0.247900 ms)

Prepare: number of updated asset objects reloaded= 0
AssetImportParameters requested are different than current active one (requested -> active):
  custom:container-demuxer-ogg: 62fdf1f143b41e24485cea50d1cbac27 -> 
  custom:scripting/monoscript/fileName/Tree.cs: dca7474b58f05e1dc61bb9deb148038d -> 
  custom:video-codec-MediaFoundation-h265: 746d11721c4dcdbdad8f713fa42b33f4 -> 
  custom:video-decoder-ogg-theora: a1e56fd34408186e4bbccfd4996cb3dc -> 
  custom:scripting/monoscript/fileName/Timber.cs: e3f520cc8fc09857160dc689c53c79e7 -> 
  custom:framework-win-MediaFoundation: 216162199b28c13a410421893ffa2e32 -> 
  custom:scripting/monoscript/fileName/Money.cs: 9c40cb0a308c8e4e1f5815ebef98078a -> 
  custom:CustomObjectIndexerAttribute: 9a22284fe3817be447336de3de66b15e -> 
  custom:scripting/monoscript/fileName/ArrowController.cs: 1a447edfdb5484109c0662398b0d2a4f -> 
  custom:container-demuxer-webm: 4f35f7cbe854078d1ac9338744f61a02 -> 
  custom:container-muxer-webm: aa71ff27fc2769a1b78a27578f13a17b -> 
  custom:video-decoder-webm-vp8: 9c59270c3fd7afecdb556c50c9e8de78 -> 
  custom:SearchIndexIgnoredProperties: e643bd26f0fe6173181afceb89e7c659 -> 
  custom:AudioImporter_EditorPlatform: d09bf68614088b80899f8185d706f6e7 -> 
  custom:video-encoder-webm-vp8: eb34c28f22e8b96e1ab97ce403110664 -> 
  custom:audio-decoder-ogg-vorbis: bf7c407c2cedff20999df2af8eb42d56 -> 
  custom:audio-encoder-webm-vorbis: bf7c407c2cedff20999df2af8eb42d56 -> 
  custom:scripting/precompiled-assembly-types:Assembly-CSharp: 949f8ed07658b361c9fff9d15a5615a3 -> 898d7dc12b5aaae7dfacee678fc8dd41
========================================================================
Received Prepare
Caller must complete domain reload
Begin MonoManager ReloadAssembly
- Loaded All Assemblies, in  0.460 seconds
Native extension for WindowsStandalone target not found
Native extension for Android target not found
Native extension for WebGL target not found
[Package Manager] Server::EnsureServerProcessIsRunning -- launch failed, reason: Unity was launched with the -noUpm command-line argument
[Package Manager] UpmClient::Send -- Unable to send message (not connected to UPM process).
[Package Manager] Cannot connect to Unity Package Manager local server
Failed to sync packages list
UnityEngine.StackTraceUtility:ExtractStackTrace ()
UnityEngine.DebugLogHandler:LogFormat (UnityEngine.LogType,UnityEngine.Object,string,object[])
UnityEngine.Logger:Log (UnityEngine.LogType,object)
UnityEngine.Debug:LogWarning (object)
 .  / :MoveNext ()
System.Runtime.CompilerServices.AsyncVoidMethodBuilder:Start< .  / > ( .  / &)
 .  :  ()
 .⁪/ :MoveNext ()
System.Runtime.CompilerServices.AsyncTaskMethodBuilder:Start< .⁪/ > ( .⁪/ &)
 .⁪:  ()
System.Reflection.RuntimeMethodInfo:Invoke (object,System.Reflection.BindingFlags,System.Reflection.Binder,object[],System.Globalization.CultureInfo)
System.Reflection.MethodBase:Invoke (object,object[])
UnityEditor.EditorAssemblies:ProcessInitializeOnLoadMethodAttributes ()

Mono: successfully reloaded assembly
- Finished resetting the current domain, in  1.032 seconds
Domain Reload Profiling: 1491ms
	BeginReloadAssembly (157ms)
		ExecutionOrderSort (0ms)
		DisableScriptedObjects (5ms)
		BackupInstance (0ms)
		ReleaseScriptingObjects (0ms)
		CreateAndSetChildDomain (33ms)
	RebuildCommonClasses (35ms)
	RebuildNativeTypeToScriptingClass (10ms)
	initialDomainReloadingComplete (27ms)
	LoadAllAssembliesAndSetupDomain (229ms)
		LoadAssemblies (295ms)
		RebuildTransferFunctionScriptingTraits (0ms)
		AnalyzeDomain (17ms)
			TypeCache.Refresh (6ms)
				TypeCache.ScanAssembly (0ms)
			ScanForSourceGeneratedMonoScriptInfo (0ms)
			ResolveRequiredComponents (8ms)
	FinalizeReload (1032ms)
		ReleaseScriptCaches (0ms)
		RebuildScriptCaches (0ms)
		SetupLoadedEditorAssemblies (578ms)
			LogAssemblyErrors (0ms)
			InitializePlatformSupportModulesInManaged (21ms)
			SetLoadedEditorAssemblies (4ms)
			RefreshPlugins (0ms)
			BeforeProcessingInitializeOnLoad (60ms)
			ProcessInitializeOnLoadAttributes (435ms)
			ProcessInitializeOnLoadMethodAttributes (53ms)
			AfterProcessingInitializeOnLoad (5ms)
			EditorAssembliesLoaded (0ms)
		ExecutionOrderSort2 (0ms)
		AwakeInstancesAfterBackupRestoration (7ms)
Refreshing native plugins compatible for Editor in 6.34 ms, found 6 plugins.
Preloading 0 native plugins for Editor in 0.00 ms.
Release of invalid GC handle. The handle is from a previous domain. The release operation is skipped.
Release of invalid GC handle native callstack: 
0x00007ff79e68424d (Unity) StackWalker::GetCurrentCallstack
0x00007ff79e689329 (Unity) StackWalker::ShowCallstack
0x00007ff79f67dae1 (Unity) GetStacktrace
0x00007ff79e57f20d (Unity) ScriptingGCHandle::ReleaseAndClear
0x00007ff79eb4748c (Unity) UploadHandlerRaw::`vector deleting destructor'
0x00007ff79eb4803d (Unity) UploadHandler::Release
0x00007ff79eb448dd (Unity) UnityWebRequestProto<UnityWebRequestTransport,AtomicRefCounter,RedirectHelper,ResponseHelper,DownloadHandler,UploadHandler,CertificateHandler,HeaderHelper,AsyncOperation>::~UnityWebRequestProto<UnityWebRequestTransport,AtomicRefCounter,RedirectHelper,ResponseHelper,DownloadHandler,UploadHandler,CertificateHandler,HeaderHelper,AsyncOperation>
0x00007ff79eb44bd6 (Unity) UnityWebRequest::`vector deleting destructor'
0x00007ff79d894b77 (Unity) UnityWebRequestProto<UnityWebRequestTransport,AtomicRefCounter,RedirectHelper,ResponseHelper,DownloadHandler,UploadHandler,CertificateHandler,HeaderHelper,AsyncOperation>::Release
0x00007ff79eb46605 (Unity) UnityWebRequestAsyncOperation::InvokeCoroutine
0x00007ff79eb467e1 (Unity) UnityWebRequestProto<UnityWebRequestTransport,AtomicRefCounter,RedirectHelper,ResponseHelper,DownloadHandler,UploadHandler,CertificateHandler,HeaderHelper,AsyncOperation>::Job_InvokeCoroutine
0x00007ff79e1ab54a (Unity) BackgroundJobQueue::ExecuteMainThreadJobs
0x00007ff79e26005f (Unity) PreloadManager::WaitForAllAsyncOperationsToComplete
0x00007ff79fa23af8 (Unity) <lambda_b37b41f03089e3cb3f55061bbc93253d>::operator()
0x00007ff79fa5f422 (Unity) asio::detail::completion_handler<core::mutable_function<void __cdecl(void)>,asio::io_context::basic_executor_type<std::allocator<void>,0> >::do_complete
0x00007ff79fa4b3ce (Unity) asio::detail::win_iocp_io_context::do_one
0x00007ff79fa4d034 (Unity) asio::detail::win_iocp_io_context::run
0x00007ff79fa5d7cc (Unity) IOService::Run
0x00007ff79fa30c2f (Unity) AssetImportWorkerClient::Run
0x00007ff79f9fc3d7 (Unity) RunAssetImportWorkerClientV2
0x00007ff79f9fc45b (Unity) RunAssetImporterV2
0x00007ff79f1f31de (Unity) Application::InitializeProject
0x00007ff79f688795 (Unity) WinMain
0x00007ff7a0a535ce (Unity) __scrt_common_main_seh
0x00007ffa8b87e8d7 (KERNEL32) BaseThreadInitThunk
0x00007ffa8c1714fc (ntdll) RtlUserThreadStart
Unloading 3366 Unused Serialized files (Serialized files now loaded: 0)
Unloading 28 unused Assets / (397.0 KB). Loaded Objects now: 4015.
Memory consumption went from 135.4 MB to 135.0 MB.
Total: 4.838700 ms (FindLiveObjects: 0.220000 ms CreateObjectMapping: 0.175300 ms MarkObjects: 4.175900 ms  DeleteObjects: 0.266300 ms)

Prepare: number of updated asset objects reloaded= 0
AssetImportParameters requested are different than current active one (requested -> active):
  custom:container-demuxer-ogg: 62fdf1f143b41e24485cea50d1cbac27 -> 
  custom:scripting/monoscript/fileName/Tree.cs: dca7474b58f05e1dc61bb9deb148038d -> 
  custom:video-codec-MediaFoundation-h265: 746d11721c4dcdbdad8f713fa42b33f4 -> 
  custom:video-decoder-ogg-theora: a1e56fd34408186e4bbccfd4996cb3dc -> 
  custom:scripting/monoscript/fileName/Timber.cs: e3f520cc8fc09857160dc689c53c79e7 -> 
  custom:framework-win-MediaFoundation: 216162199b28c13a410421893ffa2e32 -> 
  custom:scripting/monoscript/fileName/Money.cs: 9c40cb0a308c8e4e1f5815ebef98078a -> 
  custom:CustomObjectIndexerAttribute: 9a22284fe3817be447336de3de66b15e -> 
  custom:scripting/monoscript/fileName/ArrowController.cs: 1a447edfdb5484109c0662398b0d2a4f -> 
  custom:container-demuxer-webm: 4f35f7cbe854078d1ac9338744f61a02 -> 
  custom:container-muxer-webm: aa71ff27fc2769a1b78a27578f13a17b -> 
  custom:video-decoder-webm-vp8: 9c59270c3fd7afecdb556c50c9e8de78 -> 
  custom:SearchIndexIgnoredProperties: e643bd26f0fe6173181afceb89e7c659 -> 
  custom:AudioImporter_EditorPlatform: d09bf68614088b80899f8185d706f6e7 -> 
  custom:video-encoder-webm-vp8: eb34c28f22e8b96e1ab97ce403110664 -> 
  custom:audio-decoder-ogg-vorbis: bf7c407c2cedff20999df2af8eb42d56 -> 
  custom:audio-encoder-webm-vorbis: bf7c407c2cedff20999df2af8eb42d56 -> 
  custom:scripting/precompiled-assembly-types:Assembly-CSharp: 949f8ed07658b361c9fff9d15a5615a3 -> 898d7dc12b5aaae7dfacee678fc8dd41
========================================================================
Received Import Request.
  Time since last request: 245.631326 seconds.
  path: Assets/Animations/StartAnimation.anim
  artifactKey: Guid(5057c2bb96698984a990fd2e991ebcae) Importer(815301076,1909f56bfc062723c751e8b465ee728b)
Start importing Assets/Animations/StartAnimation.anim using Guid(5057c2bb96698984a990fd2e991ebcae) Importer(815301076,1909f56bfc062723c751e8b465ee728b) [PhysX] Initialized MultithreadedTaskDispatcher with 12 workers.
 -> (artifact id: '8258b163db6867a4c1626bb2e7fdc88a') in 0.018992 seconds
Number of updated asset objects reloaded before import = 0
Number of asset objects unloaded after import = 1
========================================================================
Received Import Request.
  Time since last request: 7.532827 seconds.
  path: Assets/Animations/New Animation.anim
  artifactKey: Guid(bcfb0de23d3c07646939ab1cdba169e9) Importer(815301076,1909f56bfc062723c751e8b465ee728b)
Start importing Assets/Animations/New Animation.anim using Guid(bcfb0de23d3c07646939ab1cdba169e9) Importer(815301076,1909f56bfc062723c751e8b465ee728b) [PhysX] Initialized MultithreadedTaskDispatcher with 12 workers.
 -> (artifact id: 'ed083e285cc2d75e4ac98c4cb49ed0dd') in 0.001393 seconds
Number of updated asset objects reloaded before import = 0
Number of asset objects unloaded after import = 1
========================================================================
Received Import Request.
  Time since last request: 10.523976 seconds.
  path: Assets/Animations/Arrow.controller
  artifactKey: Guid(bd56a3ae677c27b4d9de4a415e126146) Importer(815301076,1909f56bfc062723c751e8b465ee728b)
Start importing Assets/Animations/Arrow.controller using Guid(bd56a3ae677c27b4d9de4a415e126146) Importer(815301076,1909f56bfc062723c751e8b465ee728b) [PhysX] Initialized MultithreadedTaskDispatcher with 12 workers.
 -> (artifact id: 'd4ea6d1e59008907e8660157a70bd8a3') in 0.001798 seconds
Number of updated asset objects reloaded before import = 0
Number of asset objects unloaded after import = 1
========================================================================
Received Import Request.
  Time since last request: 6.367033 seconds.
  path: Assets/Animations/Arrow
  artifactKey: Guid(56962e39e9be57d4184ff8be68eaf4a3) Importer(815301076,1909f56bfc062723c751e8b465ee728b)
Start importing Assets/Animations/Arrow using Guid(56962e39e9be57d4184ff8be68eaf4a3) Importer(815301076,1909f56bfc062723c751e8b465ee728b) [PhysX] Initialized MultithreadedTaskDispatcher with 12 workers.
 -> (artifact id: '7c3138cd1ae45123a4fe375da98e8cf3') in 0.000686 seconds
Number of updated asset objects reloaded before import = 0
Number of asset objects unloaded after import = 0
========================================================================
Received Import Request.
  Time since last request: 4.811255 seconds.
  path: Assets/Animations/Arrow/Arrow.controller
  artifactKey: Guid(bd56a3ae677c27b4d9de4a415e126146) Importer(815301076,1909f56bfc062723c751e8b465ee728b)
Start importing Assets/Animations/Arrow/Arrow.controller using Guid(bd56a3ae677c27b4d9de4a415e126146) Importer(815301076,1909f56bfc062723c751e8b465ee728b) [PhysX] Initialized MultithreadedTaskDispatcher with 12 workers.
 -> (artifact id: '9fa7ed831d99f2bf886be326a64466d7') in 0.003059 seconds
Number of updated asset objects reloaded before import = 0
Number of asset objects unloaded after import = 2
========================================================================
Received Prepare
Caller must complete domain reload
Begin MonoManager ReloadAssembly
- Loaded All Assemblies, in  0.439 seconds
Native extension for WindowsStandalone target not found
Native extension for Android target not found
Native extension for WebGL target not found
[Package Manager] Server::EnsureServerProcessIsRunning -- launch failed, reason: Unity was launched with the -noUpm command-line argument
[Package Manager] UpmClient::Send -- Unable to send message (not connected to UPM process).
[Package Manager] Cannot connect to Unity Package Manager local server
Failed to sync packages list
UnityEngine.StackTraceUtility:ExtractStackTrace ()
UnityEngine.DebugLogHandler:LogFormat (UnityEngine.LogType,UnityEngine.Object,string,object[])
UnityEngine.Logger:Log (UnityEngine.LogType,object)
UnityEngine.Debug:LogWarning (object)
 .  / :MoveNext ()
System.Runtime.CompilerServices.AsyncVoidMethodBuilder:Start< .  / > ( .  / &)
 .  :  ()
 .⁪/ :MoveNext ()
System.Runtime.CompilerServices.AsyncTaskMethodBuilder:Start< .⁪/ > ( .⁪/ &)
 .⁪:  ()
System.Reflection.RuntimeMethodInfo:Invoke (object,System.Reflection.BindingFlags,System.Reflection.Binder,object[],System.Globalization.CultureInfo)
System.Reflection.MethodBase:Invoke (object,object[])
UnityEditor.EditorAssemblies:ProcessInitializeOnLoadMethodAttributes ()

Mono: successfully reloaded assembly
- Finished resetting the current domain, in  1.090 seconds
Domain Reload Profiling: 1527ms
	BeginReloadAssembly (150ms)
		ExecutionOrderSort (0ms)
		DisableScriptedObjects (5ms)
		BackupInstance (0ms)
		ReleaseScriptingObjects (0ms)
		CreateAndSetChildDomain (33ms)
	RebuildCommonClasses (31ms)
	RebuildNativeTypeToScriptingClass (10ms)
	initialDomainReloadingComplete (29ms)
	LoadAllAssembliesAndSetupDomain (217ms)
		LoadAssemblies (279ms)
		RebuildTransferFunctionScriptingTraits (0ms)
		AnalyzeDomain (16ms)
			TypeCache.Refresh (6ms)
				TypeCache.ScanAssembly (0ms)
			ScanForSourceGeneratedMonoScriptInfo (0ms)
			ResolveRequiredComponents (8ms)
	FinalizeReload (1090ms)
		ReleaseScriptCaches (0ms)
		RebuildScriptCaches (0ms)
		SetupLoadedEditorAssemblies (578ms)
			LogAssemblyErrors (0ms)
			InitializePlatformSupportModulesInManaged (23ms)
			SetLoadedEditorAssemblies (4ms)
			RefreshPlugins (0ms)
			BeforeProcessingInitializeOnLoad (64ms)
			ProcessInitializeOnLoadAttributes (430ms)
			ProcessInitializeOnLoadMethodAttributes (52ms)
			AfterProcessingInitializeOnLoad (5ms)
			EditorAssembliesLoaded (0ms)
		ExecutionOrderSort2 (0ms)
		AwakeInstancesAfterBackupRestoration (8ms)
Refreshing native plugins compatible for Editor in 4.57 ms, found 6 plugins.
Preloading 0 native plugins for Editor in 0.00 ms.
Release of invalid GC handle. The handle is from a previous domain. The release operation is skipped.
Release of invalid GC handle native callstack: 
0x00007ff79e68424d (Unity) StackWalker::GetCurrentCallstack
0x00007ff79e689329 (Unity) StackWalker::ShowCallstack
0x00007ff79f67dae1 (Unity) GetStacktrace
0x00007ff79e57f20d (Unity) ScriptingGCHandle::ReleaseAndClear
0x00007ff79eb4748c (Unity) UploadHandlerRaw::`vector deleting destructor'
0x00007ff79eb4803d (Unity) UploadHandler::Release
0x00007ff79eb448dd (Unity) UnityWebRequestProto<UnityWebRequestTransport,AtomicRefCounter,RedirectHelper,ResponseHelper,DownloadHandler,UploadHandler,CertificateHandler,HeaderHelper,AsyncOperation>::~UnityWebRequestProto<UnityWebRequestTransport,AtomicRefCounter,RedirectHelper,ResponseHelper,DownloadHandler,UploadHandler,CertificateHandler,HeaderHelper,AsyncOperation>
0x00007ff79eb44bd6 (Unity) UnityWebRequest::`vector deleting destructor'
0x00007ff79d894b77 (Unity) UnityWebRequestProto<UnityWebRequestTransport,AtomicRefCounter,RedirectHelper,ResponseHelper,DownloadHandler,UploadHandler,CertificateHandler,HeaderHelper,AsyncOperation>::Release
0x00007ff79eb46605 (Unity) UnityWebRequestAsyncOperation::InvokeCoroutine
0x00007ff79eb467e1 (Unity) UnityWebRequestProto<UnityWebRequestTransport,AtomicRefCounter,RedirectHelper,ResponseHelper,DownloadHandler,UploadHandler,CertificateHandler,HeaderHelper,AsyncOperation>::Job_InvokeCoroutine
0x00007ff79e1ab54a (Unity) BackgroundJobQueue::ExecuteMainThreadJobs
0x00007ff79e26005f (Unity) PreloadManager::WaitForAllAsyncOperationsToComplete
0x00007ff79fa23af8 (Unity) <lambda_b37b41f03089e3cb3f55061bbc93253d>::operator()
0x00007ff79fa5f422 (Unity) asio::detail::completion_handler<core::mutable_function<void __cdecl(void)>,asio::io_context::basic_executor_type<std::allocator<void>,0> >::do_complete
0x00007ff79fa4b3ce (Unity) asio::detail::win_iocp_io_context::do_one
0x00007ff79fa4d034 (Unity) asio::detail::win_iocp_io_context::run
0x00007ff79fa5d7cc (Unity) IOService::Run
0x00007ff79fa30c2f (Unity) AssetImportWorkerClient::Run
0x00007ff79f9fc3d7 (Unity) RunAssetImportWorkerClientV2
0x00007ff79f9fc45b (Unity) RunAssetImporterV2
0x00007ff79f1f31de (Unity) Application::InitializeProject
0x00007ff79f688795 (Unity) WinMain
0x00007ff7a0a535ce (Unity) __scrt_common_main_seh
0x00007ffa8b87e8d7 (KERNEL32) BaseThreadInitThunk
0x00007ffa8c1714fc (ntdll) RtlUserThreadStart
Unloading 3365 Unused Serialized files (Serialized files now loaded: 0)
Unloading 28 unused Assets / (396.9 KB). Loaded Objects now: 4020.
Memory consumption went from 135.3 MB to 134.9 MB.
Total: 4.070700 ms (FindLiveObjects: 0.217100 ms CreateObjectMapping: 0.102900 ms MarkObjects: 3.503100 ms  DeleteObjects: 0.246400 ms)

Prepare: number of updated asset objects reloaded= 0
AssetImportParameters requested are different than current active one (requested -> active):
  custom:container-demuxer-ogg: 62fdf1f143b41e24485cea50d1cbac27 -> 
  custom:scripting/monoscript/fileName/Tree.cs: dca7474b58f05e1dc61bb9deb148038d -> 
  custom:video-codec-MediaFoundation-h265: 746d11721c4dcdbdad8f713fa42b33f4 -> 
  custom:video-decoder-ogg-theora: a1e56fd34408186e4bbccfd4996cb3dc -> 
  custom:scripting/monoscript/fileName/Timber.cs: e3f520cc8fc09857160dc689c53c79e7 -> 
  custom:framework-win-MediaFoundation: 216162199b28c13a410421893ffa2e32 -> 
  custom:scripting/monoscript/fileName/Money.cs: 9c40cb0a308c8e4e1f5815ebef98078a -> 
  custom:CustomObjectIndexerAttribute: 9a22284fe3817be447336de3de66b15e -> 
  custom:scripting/monoscript/fileName/ArrowController.cs: 1a447edfdb5484109c0662398b0d2a4f -> 
  custom:container-demuxer-webm: 4f35f7cbe854078d1ac9338744f61a02 -> 
  custom:container-muxer-webm: aa71ff27fc2769a1b78a27578f13a17b -> 
  custom:video-decoder-webm-vp8: 9c59270c3fd7afecdb556c50c9e8de78 -> 
  custom:SearchIndexIgnoredProperties: e643bd26f0fe6173181afceb89e7c659 -> 
  custom:AudioImporter_EditorPlatform: d09bf68614088b80899f8185d706f6e7 -> 
  custom:video-encoder-webm-vp8: eb34c28f22e8b96e1ab97ce403110664 -> 
  custom:audio-decoder-ogg-vorbis: bf7c407c2cedff20999df2af8eb42d56 -> 
  custom:audio-encoder-webm-vorbis: bf7c407c2cedff20999df2af8eb42d56 -> 
  custom:scripting/precompiled-assembly-types:Assembly-CSharp: 949f8ed07658b361c9fff9d15a5615a3 -> 898d7dc12b5aaae7dfacee678fc8dd41
========================================================================
Received Import Request.
  Time since last request: 29.474221 seconds.
  path: Assets/Animations/Arrow/StartAnimation.anim
  artifactKey: Guid(5057c2bb96698984a990fd2e991ebcae) Importer(815301076,1909f56bfc062723c751e8b465ee728b)
Start importing Assets/Animations/Arrow/StartAnimation.anim using Guid(5057c2bb96698984a990fd2e991ebcae) Importer(815301076,1909f56bfc062723c751e8b465ee728b) [PhysX] Initialized MultithreadedTaskDispatcher with 12 workers.
 -> (artifact id: '477456cef5a813cb03964b0385d7b61b') in 0.023231 seconds
Number of updated asset objects reloaded before import = 0
Number of asset objects unloaded after import = 1
========================================================================
Received Prepare
Caller must complete domain reload
Begin MonoManager ReloadAssembly
- Loaded All Assemblies, in  0.435 seconds
Native extension for WindowsStandalone target not found
Native extension for Android target not found
Native extension for WebGL target not found
[Package Manager] Server::EnsureServerProcessIsRunning -- launch failed, reason: Unity was launched with the -noUpm command-line argument
[Package Manager] UpmClient::Send -- Unable to send message (not connected to UPM process).
[Package Manager] Cannot connect to Unity Package Manager local server
Failed to sync packages list
UnityEngine.StackTraceUtility:ExtractStackTrace ()
UnityEngine.DebugLogHandler:LogFormat (UnityEngine.LogType,UnityEngine.Object,string,object[])
UnityEngine.Logger:Log (UnityEngine.LogType,object)
UnityEngine.Debug:LogWarning (object)
 .  / :MoveNext ()
System.Runtime.CompilerServices.AsyncVoidMethodBuilder:Start< .  / > ( .  / &)
 .  :  ()
 .⁪/ :MoveNext ()
System.Runtime.CompilerServices.AsyncTaskMethodBuilder:Start< .⁪/ > ( .⁪/ &)
 .⁪:  ()
System.Reflection.RuntimeMethodInfo:Invoke (object,System.Reflection.BindingFlags,System.Reflection.Binder,object[],System.Globalization.CultureInfo)
System.Reflection.MethodBase:Invoke (object,object[])
UnityEditor.EditorAssemblies:ProcessInitializeOnLoadMethodAttributes ()

Mono: successfully reloaded assembly
- Finished resetting the current domain, in  0.995 seconds
Domain Reload Profiling: 1429ms
	BeginReloadAssembly (146ms)
		ExecutionOrderSort (0ms)
		DisableScriptedObjects (5ms)
		BackupInstance (0ms)
		ReleaseScriptingObjects (0ms)
		CreateAndSetChildDomain (32ms)
	RebuildCommonClasses (32ms)
	RebuildNativeTypeToScriptingClass (10ms)
	initialDomainReloadingComplete (31ms)
	LoadAllAssembliesAndSetupDomain (214ms)
		LoadAssemblies (274ms)
		RebuildTransferFunctionScriptingTraits (0ms)
		AnalyzeDomain (18ms)
			TypeCache.Refresh (6ms)
				TypeCache.ScanAssembly (0ms)
			ScanForSourceGeneratedMonoScriptInfo (0ms)
			ResolveRequiredComponents (9ms)
	FinalizeReload (995ms)
		ReleaseScriptCaches (0ms)
		RebuildScriptCaches (0ms)
		SetupLoadedEditorAssemblies (569ms)
			LogAssemblyErrors (0ms)
			InitializePlatformSupportModulesInManaged (21ms)
			SetLoadedEditorAssemblies (4ms)
			RefreshPlugins (0ms)
			BeforeProcessingInitializeOnLoad (59ms)
			ProcessInitializeOnLoadAttributes (422ms)
			ProcessInitializeOnLoadMethodAttributes (59ms)
			AfterProcessingInitializeOnLoad (4ms)
			EditorAssembliesLoaded (0ms)
		ExecutionOrderSort2 (0ms)
		AwakeInstancesAfterBackupRestoration (8ms)
Refreshing native plugins compatible for Editor in 6.21 ms, found 6 plugins.
Preloading 0 native plugins for Editor in 0.00 ms.
Release of invalid GC handle. The handle is from a previous domain. The release operation is skipped.
Release of invalid GC handle native callstack: 
0x00007ff79e68424d (Unity) StackWalker::GetCurrentCallstack
0x00007ff79e689329 (Unity) StackWalker::ShowCallstack
0x00007ff79f67dae1 (Unity) GetStacktrace
0x00007ff79e57f20d (Unity) ScriptingGCHandle::ReleaseAndClear
0x00007ff79eb4748c (Unity) UploadHandlerRaw::`vector deleting destructor'
0x00007ff79eb4803d (Unity) UploadHandler::Release
0x00007ff79eb448dd (Unity) UnityWebRequestProto<UnityWebRequestTransport,AtomicRefCounter,RedirectHelper,ResponseHelper,DownloadHandler,UploadHandler,CertificateHandler,HeaderHelper,AsyncOperation>::~UnityWebRequestProto<UnityWebRequestTransport,AtomicRefCounter,RedirectHelper,ResponseHelper,DownloadHandler,UploadHandler,CertificateHandler,HeaderHelper,AsyncOperation>
0x00007ff79eb44bd6 (Unity) UnityWebRequest::`vector deleting destructor'
0x00007ff79d894b77 (Unity) UnityWebRequestProto<UnityWebRequestTransport,AtomicRefCounter,RedirectHelper,ResponseHelper,DownloadHandler,UploadHandler,CertificateHandler,HeaderHelper,AsyncOperation>::Release
0x00007ff79eb46605 (Unity) UnityWebRequestAsyncOperation::InvokeCoroutine
0x00007ff79eb467e1 (Unity) UnityWebRequestProto<UnityWebRequestTransport,AtomicRefCounter,RedirectHelper,ResponseHelper,DownloadHandler,UploadHandler,CertificateHandler,HeaderHelper,AsyncOperation>::Job_InvokeCoroutine
0x00007ff79e1ab54a (Unity) BackgroundJobQueue::ExecuteMainThreadJobs
0x00007ff79e26005f (Unity) PreloadManager::WaitForAllAsyncOperationsToComplete
0x00007ff79fa23af8 (Unity) <lambda_b37b41f03089e3cb3f55061bbc93253d>::operator()
0x00007ff79fa5f422 (Unity) asio::detail::completion_handler<core::mutable_function<void __cdecl(void)>,asio::io_context::basic_executor_type<std::allocator<void>,0> >::do_complete
0x00007ff79fa4b3ce (Unity) asio::detail::win_iocp_io_context::do_one
0x00007ff79fa4d034 (Unity) asio::detail::win_iocp_io_context::run
0x00007ff79fa5d7cc (Unity) IOService::Run
0x00007ff79fa30c2f (Unity) AssetImportWorkerClient::Run
0x00007ff79f9fc3d7 (Unity) RunAssetImportWorkerClientV2
0x00007ff79f9fc45b (Unity) RunAssetImporterV2
0x00007ff79f1f31de (Unity) Application::InitializeProject
0x00007ff79f688795 (Unity) WinMain
0x00007ff7a0a535ce (Unity) __scrt_common_main_seh
0x00007ffa8b87e8d7 (KERNEL32) BaseThreadInitThunk
0x00007ffa8c1714fc (ntdll) RtlUserThreadStart
Unloading 3365 Unused Serialized files (Serialized files now loaded: 0)
Unloading 28 unused Assets / (396.6 KB). Loaded Objects now: 4025.
Memory consumption went from 135.4 MB to 135.0 MB.
Total: 4.175400 ms (FindLiveObjects: 0.225300 ms CreateObjectMapping: 0.102300 ms MarkObjects: 3.542000 ms  DeleteObjects: 0.304400 ms)

Prepare: number of updated asset objects reloaded= 0
AssetImportParameters requested are different than current active one (requested -> active):
  custom:container-demuxer-ogg: 62fdf1f143b41e24485cea50d1cbac27 -> 
  custom:scripting/monoscript/fileName/Tree.cs: dca7474b58f05e1dc61bb9deb148038d -> 
  custom:video-codec-MediaFoundation-h265: 746d11721c4dcdbdad8f713fa42b33f4 -> 
  custom:video-decoder-ogg-theora: a1e56fd34408186e4bbccfd4996cb3dc -> 
  custom:scripting/monoscript/fileName/Timber.cs: e3f520cc8fc09857160dc689c53c79e7 -> 
  custom:framework-win-MediaFoundation: 216162199b28c13a410421893ffa2e32 -> 
  custom:scripting/monoscript/fileName/Money.cs: 9c40cb0a308c8e4e1f5815ebef98078a -> 
  custom:CustomObjectIndexerAttribute: 9a22284fe3817be447336de3de66b15e -> 
  custom:scripting/monoscript/fileName/ArrowController.cs: 1a447edfdb5484109c0662398b0d2a4f -> 
  custom:container-demuxer-webm: 4f35f7cbe854078d1ac9338744f61a02 -> 
  custom:container-muxer-webm: aa71ff27fc2769a1b78a27578f13a17b -> 
  custom:video-decoder-webm-vp8: 9c59270c3fd7afecdb556c50c9e8de78 -> 
  custom:SearchIndexIgnoredProperties: e643bd26f0fe6173181afceb89e7c659 -> 
  custom:AudioImporter_EditorPlatform: d09bf68614088b80899f8185d706f6e7 -> 
  custom:video-encoder-webm-vp8: eb34c28f22e8b96e1ab97ce403110664 -> 
  custom:audio-decoder-ogg-vorbis: bf7c407c2cedff20999df2af8eb42d56 -> 
  custom:audio-encoder-webm-vorbis: bf7c407c2cedff20999df2af8eb42d56 -> 
  custom:scripting/precompiled-assembly-types:Assembly-CSharp: 949f8ed07658b361c9fff9d15a5615a3 -> 898d7dc12b5aaae7dfacee678fc8dd41
========================================================================
Received Prepare
Caller must complete domain reload
Begin MonoManager ReloadAssembly
- Loaded All Assemblies, in  0.427 seconds
Native extension for WindowsStandalone target not found
Native extension for Android target not found
Native extension for WebGL target not found
[Package Manager] Server::EnsureServerProcessIsRunning -- launch failed, reason: Unity was launched with the -noUpm command-line argument
[Package Manager] UpmClient::Send -- Unable to send message (not connected to UPM process).
[Package Manager] Cannot connect to Unity Package Manager local server
Failed to sync packages list
UnityEngine.StackTraceUtility:ExtractStackTrace ()
UnityEngine.DebugLogHandler:LogFormat (UnityEngine.LogType,UnityEngine.Object,string,object[])
UnityEngine.Logger:Log (UnityEngine.LogType,object)
UnityEngine.Debug:LogWarning (object)
 .  / :MoveNext ()
System.Runtime.CompilerServices.AsyncVoidMethodBuilder:Start< .  / > ( .  / &)
 .  :  ()
 .⁪/ :MoveNext ()
System.Runtime.CompilerServices.AsyncTaskMethodBuilder:Start< .⁪/ > ( .⁪/ &)
 .⁪:  ()
System.Reflection.RuntimeMethodInfo:Invoke (object,System.Reflection.BindingFlags,System.Reflection.Binder,object[],System.Globalization.CultureInfo)
System.Reflection.MethodBase:Invoke (object,object[])
UnityEditor.EditorAssemblies:ProcessInitializeOnLoadMethodAttributes ()

Mono: successfully reloaded assembly
- Finished resetting the current domain, in  0.979 seconds
Domain Reload Profiling: 1405ms
	BeginReloadAssembly (145ms)
		ExecutionOrderSort (0ms)
		DisableScriptedObjects (5ms)
		BackupInstance (0ms)
		ReleaseScriptingObjects (0ms)
		CreateAndSetChildDomain (30ms)
	RebuildCommonClasses (30ms)
	RebuildNativeTypeToScriptingClass (10ms)
	initialDomainReloadingComplete (28ms)
	LoadAllAssembliesAndSetupDomain (210ms)
		LoadAssemblies (269ms)
		RebuildTransferFunctionScriptingTraits (0ms)
		AnalyzeDomain (18ms)
			TypeCache.Refresh (6ms)
				TypeCache.ScanAssembly (0ms)
			ScanForSourceGeneratedMonoScriptInfo (0ms)
			ResolveRequiredComponents (9ms)
	FinalizeReload (980ms)
		ReleaseScriptCaches (0ms)
		RebuildScriptCaches (0ms)
		SetupLoadedEditorAssemblies (541ms)
			LogAssemblyErrors (0ms)
			InitializePlatformSupportModulesInManaged (20ms)
			SetLoadedEditorAssemblies (4ms)
			RefreshPlugins (0ms)
			BeforeProcessingInitializeOnLoad (61ms)
			ProcessInitializeOnLoadAttributes (403ms)
			ProcessInitializeOnLoadMethodAttributes (48ms)
			AfterProcessingInitializeOnLoad (5ms)
			EditorAssembliesLoaded (0ms)
		ExecutionOrderSort2 (0ms)
		AwakeInstancesAfterBackupRestoration (9ms)
Refreshing native plugins compatible for Editor in 3.80 ms, found 6 plugins.
Preloading 0 native plugins for Editor in 0.00 ms.
Release of invalid GC handle. The handle is from a previous domain. The release operation is skipped.
Release of invalid GC handle native callstack: 
0x00007ff79e68424d (Unity) StackWalker::GetCurrentCallstack
0x00007ff79e689329 (Unity) StackWalker::ShowCallstack
0x00007ff79f67dae1 (Unity) GetStacktrace
0x00007ff79e57f20d (Unity) ScriptingGCHandle::ReleaseAndClear
0x00007ff79eb4748c (Unity) UploadHandlerRaw::`vector deleting destructor'
0x00007ff79eb4803d (Unity) UploadHandler::Release
0x00007ff79eb448dd (Unity) UnityWebRequestProto<UnityWebRequestTransport,AtomicRefCounter,RedirectHelper,ResponseHelper,DownloadHandler,UploadHandler,CertificateHandler,HeaderHelper,AsyncOperation>::~UnityWebRequestProto<UnityWebRequestTransport,AtomicRefCounter,RedirectHelper,ResponseHelper,DownloadHandler,UploadHandler,CertificateHandler,HeaderHelper,AsyncOperation>
0x00007ff79eb44bd6 (Unity) UnityWebRequest::`vector deleting destructor'
0x00007ff79d894b77 (Unity) UnityWebRequestProto<UnityWebRequestTransport,AtomicRefCounter,RedirectHelper,ResponseHelper,DownloadHandler,UploadHandler,CertificateHandler,HeaderHelper,AsyncOperation>::Release
0x00007ff79eb46605 (Unity) UnityWebRequestAsyncOperation::InvokeCoroutine
0x00007ff79eb467e1 (Unity) UnityWebRequestProto<UnityWebRequestTransport,AtomicRefCounter,RedirectHelper,ResponseHelper,DownloadHandler,UploadHandler,CertificateHandler,HeaderHelper,AsyncOperation>::Job_InvokeCoroutine
0x00007ff79e1ab54a (Unity) BackgroundJobQueue::ExecuteMainThreadJobs
0x00007ff79e26005f (Unity) PreloadManager::WaitForAllAsyncOperationsToComplete
0x00007ff79fa23af8 (Unity) <lambda_b37b41f03089e3cb3f55061bbc93253d>::operator()
0x00007ff79fa5f422 (Unity) asio::detail::completion_handler<core::mutable_function<void __cdecl(void)>,asio::io_context::basic_executor_type<std::allocator<void>,0> >::do_complete
0x00007ff79fa4b3ce (Unity) asio::detail::win_iocp_io_context::do_one
0x00007ff79fa4d034 (Unity) asio::detail::win_iocp_io_context::run
0x00007ff79fa5d7cc (Unity) IOService::Run
0x00007ff79fa30c2f (Unity) AssetImportWorkerClient::Run
0x00007ff79f9fc3d7 (Unity) RunAssetImportWorkerClientV2
0x00007ff79f9fc45b (Unity) RunAssetImporterV2
0x00007ff79f1f31de (Unity) Application::InitializeProject
0x00007ff79f688795 (Unity) WinMain
0x00007ff7a0a535ce (Unity) __scrt_common_main_seh
0x00007ffa8b87e8d7 (KERNEL32) BaseThreadInitThunk
0x00007ffa8c1714fc (ntdll) RtlUserThreadStart
Unloading 3366 Unused Serialized files (Serialized files now loaded: 0)
Unloading 28 unused Assets / (396.9 KB). Loaded Objects now: 4030.
Memory consumption went from 135.8 MB to 135.4 MB.
Total: 4.355600 ms (FindLiveObjects: 0.323500 ms CreateObjectMapping: 0.114400 ms MarkObjects: 3.563300 ms  DeleteObjects: 0.353100 ms)

Prepare: number of updated asset objects reloaded= 0
AssetImportParameters requested are different than current active one (requested -> active):
  custom:container-demuxer-ogg: 62fdf1f143b41e24485cea50d1cbac27 -> 
  custom:scripting/monoscript/fileName/Tree.cs: dca7474b58f05e1dc61bb9deb148038d -> 
  custom:video-codec-MediaFoundation-h265: 746d11721c4dcdbdad8f713fa42b33f4 -> 
  custom:video-decoder-ogg-theora: a1e56fd34408186e4bbccfd4996cb3dc -> 
  custom:scripting/monoscript/fileName/Timber.cs: e3f520cc8fc09857160dc689c53c79e7 -> 
  custom:framework-win-MediaFoundation: 216162199b28c13a410421893ffa2e32 -> 
  custom:scripting/monoscript/fileName/Money.cs: 9c40cb0a308c8e4e1f5815ebef98078a -> 
  custom:CustomObjectIndexerAttribute: 9a22284fe3817be447336de3de66b15e -> 
  custom:scripting/monoscript/fileName/ArrowController.cs: 1a447edfdb5484109c0662398b0d2a4f -> 
  custom:container-demuxer-webm: 4f35f7cbe854078d1ac9338744f61a02 -> 
  custom:container-muxer-webm: aa71ff27fc2769a1b78a27578f13a17b -> 
  custom:video-decoder-webm-vp8: 9c59270c3fd7afecdb556c50c9e8de78 -> 
  custom:SearchIndexIgnoredProperties: e643bd26f0fe6173181afceb89e7c659 -> 
  custom:AudioImporter_EditorPlatform: d09bf68614088b80899f8185d706f6e7 -> 
  custom:video-encoder-webm-vp8: eb34c28f22e8b96e1ab97ce403110664 -> 
  custom:audio-decoder-ogg-vorbis: bf7c407c2cedff20999df2af8eb42d56 -> 
  custom:audio-encoder-webm-vorbis: bf7c407c2cedff20999df2af8eb42d56 -> 
  custom:scripting/precompiled-assembly-types:Assembly-CSharp: 949f8ed07658b361c9fff9d15a5615a3 -> 898d7dc12b5aaae7dfacee678fc8dd41
========================================================================
Received Import Request.
  Time since last request: 479.050369 seconds.
  path: Assets/Resources/Controls/Graphics/FlatDark/Joystick/flatDark00.png
  artifactKey: Guid(feb4e677e7afc03429ca1c69ca33d783) Importer(815301076,1909f56bfc062723c751e8b465ee728b)
Start importing Assets/Resources/Controls/Graphics/FlatDark/Joystick/flatDark00.png using Guid(feb4e677e7afc03429ca1c69ca33d783) Importer(815301076,1909f56bfc062723c751e8b465ee728b) [PhysX] Initialized MultithreadedTaskDispatcher with 12 workers.
[PhysX] Initialized MultithreadedTaskDispatcher with 12 workers.
 -> (artifact id: '6414cc0ed0ad90913c807a5d1ab307dd') in 0.151106 seconds
Number of updated asset objects reloaded before import = 0
Number of asset objects unloaded after import = 3
========================================================================
Received Import Request.
  Time since last request: 0.000083 seconds.
  path: Assets/Resources/Controls/Graphics/flatLight46.png
  artifactKey: Guid(22802cebf78d3434b9d715f82bbe80c7) Importer(815301076,1909f56bfc062723c751e8b465ee728b)
Start importing Assets/Resources/Controls/Graphics/flatLight46.png using Guid(22802cebf78d3434b9d715f82bbe80c7) Importer(815301076,1909f56bfc062723c751e8b465ee728b) [PhysX] Initialized MultithreadedTaskDispatcher with 12 workers.
[PhysX] Initialized MultithreadedTaskDispatcher with 12 workers.
 -> (artifact id: '76d78a16306deb7663304b0ab2e0c84a') in 0.036750 seconds
Number of updated asset objects reloaded before import = 0
Number of asset objects unloaded after import = 3
========================================================================
Received Prepare
Caller must complete domain reload
Begin MonoManager ReloadAssembly
- Loaded All Assemblies, in  0.448 seconds
Native extension for WindowsStandalone target not found
Native extension for Android target not found
Native extension for WebGL target not found
[Package Manager] Server::EnsureServerProcessIsRunning -- launch failed, reason: Unity was launched with the -noUpm command-line argument
[Package Manager] UpmClient::Send -- Unable to send message (not connected to UPM process).
[Package Manager] Cannot connect to Unity Package Manager local server
Failed to sync packages list
UnityEngine.StackTraceUtility:ExtractStackTrace ()
UnityEngine.DebugLogHandler:LogFormat (UnityEngine.LogType,UnityEngine.Object,string,object[])
UnityEngine.Logger:Log (UnityEngine.LogType,object)
UnityEngine.Debug:LogWarning (object)
 .  / :MoveNext ()
System.Runtime.CompilerServices.AsyncVoidMethodBuilder:Start< .  / > ( .  / &)
 .  :  ()
 .⁪/ :MoveNext ()
System.Runtime.CompilerServices.AsyncTaskMethodBuilder:Start< .⁪/ > ( .⁪/ &)
 .⁪:  ()
System.Reflection.RuntimeMethodInfo:Invoke (object,System.Reflection.BindingFlags,System.Reflection.Binder,object[],System.Globalization.CultureInfo)
System.Reflection.MethodBase:Invoke (object,object[])
UnityEditor.EditorAssemblies:ProcessInitializeOnLoadMethodAttributes ()

Mono: successfully reloaded assembly
- Finished resetting the current domain, in  0.958 seconds
Domain Reload Profiling: 1404ms
	BeginReloadAssembly (154ms)
		ExecutionOrderSort (0ms)
		DisableScriptedObjects (5ms)
		BackupInstance (0ms)
		ReleaseScriptingObjects (0ms)
		CreateAndSetChildDomain (36ms)
	RebuildCommonClasses (31ms)
	RebuildNativeTypeToScriptingClass (11ms)
	initialDomainReloadingComplete (30ms)
	LoadAllAssembliesAndSetupDomain (220ms)
		LoadAssemblies (287ms)
		RebuildTransferFunctionScriptingTraits (0ms)
		AnalyzeDomain (15ms)
			TypeCache.Refresh (6ms)
				TypeCache.ScanAssembly (0ms)
			ScanForSourceGeneratedMonoScriptInfo (0ms)
			ResolveRequiredComponents (6ms)
	FinalizeReload (958ms)
		ReleaseScriptCaches (0ms)
		RebuildScriptCaches (0ms)
		SetupLoadedEditorAssemblies (537ms)
			LogAssemblyErrors (0ms)
			InitializePlatformSupportModulesInManaged (18ms)
			SetLoadedEditorAssemblies (6ms)
			RefreshPlugins (0ms)
			BeforeProcessingInitializeOnLoad (66ms)
			ProcessInitializeOnLoadAttributes (392ms)
			ProcessInitializeOnLoadMethodAttributes (49ms)
			AfterProcessingInitializeOnLoad (5ms)
			EditorAssembliesLoaded (0ms)
		ExecutionOrderSort2 (0ms)
		AwakeInstancesAfterBackupRestoration (8ms)
Refreshing native plugins compatible for Editor in 4.74 ms, found 6 plugins.
Preloading 0 native plugins for Editor in 0.00 ms.
Release of invalid GC handle. The handle is from a previous domain. The release operation is skipped.
Release of invalid GC handle native callstack: 
0x00007ff79e68424d (Unity) StackWalker::GetCurrentCallstack
0x00007ff79e689329 (Unity) StackWalker::ShowCallstack
0x00007ff79f67dae1 (Unity) GetStacktrace
0x00007ff79e57f20d (Unity) ScriptingGCHandle::ReleaseAndClear
0x00007ff79eb4748c (Unity) UploadHandlerRaw::`vector deleting destructor'
0x00007ff79eb4803d (Unity) UploadHandler::Release
0x00007ff79eb448dd (Unity) UnityWebRequestProto<UnityWebRequestTransport,AtomicRefCounter,RedirectHelper,ResponseHelper,DownloadHandler,UploadHandler,CertificateHandler,HeaderHelper,AsyncOperation>::~UnityWebRequestProto<UnityWebRequestTransport,AtomicRefCounter,RedirectHelper,ResponseHelper,DownloadHandler,UploadHandler,CertificateHandler,HeaderHelper,AsyncOperation>
0x00007ff79eb44bd6 (Unity) UnityWebRequest::`vector deleting destructor'
0x00007ff79d894b77 (Unity) UnityWebRequestProto<UnityWebRequestTransport,AtomicRefCounter,RedirectHelper,ResponseHelper,DownloadHandler,UploadHandler,CertificateHandler,HeaderHelper,AsyncOperation>::Release
0x00007ff79eb46605 (Unity) UnityWebRequestAsyncOperation::InvokeCoroutine
0x00007ff79eb467e1 (Unity) UnityWebRequestProto<UnityWebRequestTransport,AtomicRefCounter,RedirectHelper,ResponseHelper,DownloadHandler,UploadHandler,CertificateHandler,HeaderHelper,AsyncOperation>::Job_InvokeCoroutine
0x00007ff79e1ab54a (Unity) BackgroundJobQueue::ExecuteMainThreadJobs
0x00007ff79e26005f (Unity) PreloadManager::WaitForAllAsyncOperationsToComplete
0x00007ff79fa23af8 (Unity) <lambda_b37b41f03089e3cb3f55061bbc93253d>::operator()
0x00007ff79fa5f422 (Unity) asio::detail::completion_handler<core::mutable_function<void __cdecl(void)>,asio::io_context::basic_executor_type<std::allocator<void>,0> >::do_complete
0x00007ff79fa4b3ce (Unity) asio::detail::win_iocp_io_context::do_one
0x00007ff79fa4d034 (Unity) asio::detail::win_iocp_io_context::run
0x00007ff79fa5d7cc (Unity) IOService::Run
0x00007ff79fa30c2f (Unity) AssetImportWorkerClient::Run
0x00007ff79f9fc3d7 (Unity) RunAssetImportWorkerClientV2
0x00007ff79f9fc45b (Unity) RunAssetImporterV2
0x00007ff79f1f31de (Unity) Application::InitializeProject
0x00007ff79f688795 (Unity) WinMain
0x00007ff7a0a535ce (Unity) __scrt_common_main_seh
0x00007ffa8b87e8d7 (KERNEL32) BaseThreadInitThunk
0x00007ffa8c1714fc (ntdll) RtlUserThreadStart
Unloading 3378 Unused Serialized files (Serialized files now loaded: 0)
Unloading 41 unused Assets / (1.1 MB). Loaded Objects now: 4040.
Memory consumption went from 139.6 MB to 138.5 MB.
Total: 4.540700 ms (FindLiveObjects: 0.224400 ms CreateObjectMapping: 0.100300 ms MarkObjects: 3.731400 ms  DeleteObjects: 0.483600 ms)

Prepare: number of updated asset objects reloaded= 0
AssetImportParameters requested are different than current active one (requested -> active):
  custom:container-demuxer-ogg: 62fdf1f143b41e24485cea50d1cbac27 -> 
  custom:scripting/monoscript/fileName/Tree.cs: dca7474b58f05e1dc61bb9deb148038d -> 
  custom:video-codec-MediaFoundation-h265: 746d11721c4dcdbdad8f713fa42b33f4 -> 
  custom:video-decoder-ogg-theora: a1e56fd34408186e4bbccfd4996cb3dc -> 
  custom:scripting/monoscript/fileName/Timber.cs: e3f520cc8fc09857160dc689c53c79e7 -> 
  custom:framework-win-MediaFoundation: 216162199b28c13a410421893ffa2e32 -> 
  custom:scripting/monoscript/fileName/Money.cs: 9c40cb0a308c8e4e1f5815ebef98078a -> 
  custom:CustomObjectIndexerAttribute: 9a22284fe3817be447336de3de66b15e -> 
  custom:scripting/monoscript/fileName/ArrowController.cs: 1a447edfdb5484109c0662398b0d2a4f -> 
  custom:container-demuxer-webm: 4f35f7cbe854078d1ac9338744f61a02 -> 
  custom:container-muxer-webm: aa71ff27fc2769a1b78a27578f13a17b -> 
  custom:video-decoder-webm-vp8: 9c59270c3fd7afecdb556c50c9e8de78 -> 
  custom:SearchIndexIgnoredProperties: e643bd26f0fe6173181afceb89e7c659 -> 
  custom:AudioImporter_EditorPlatform: d09bf68614088b80899f8185d706f6e7 -> 
  custom:video-encoder-webm-vp8: eb34c28f22e8b96e1ab97ce403110664 -> 
  custom:audio-decoder-ogg-vorbis: bf7c407c2cedff20999df2af8eb42d56 -> 
  custom:audio-encoder-webm-vorbis: bf7c407c2cedff20999df2af8eb42d56 -> 
  custom:scripting/precompiled-assembly-types:Assembly-CSharp: 949f8ed07658b361c9fff9d15a5615a3 -> 898d7dc12b5aaae7dfacee678fc8dd41
========================================================================
Received Import Request.
  Time since last request: 213.678742 seconds.
  path: Assets/TextMesh Pro/Resources/Fonts & Materials/LiberationSans SDF - Drop Shadow.mat
  artifactKey: Guid(e73a58f6e2794ae7b1b7e50b7fb811b0) Importer(815301076,1909f56bfc062723c751e8b465ee728b)
Start importing Assets/TextMesh Pro/Resources/Fonts & Materials/LiberationSans SDF - Drop Shadow.mat using Guid(e73a58f6e2794ae7b1b7e50b7fb811b0) Importer(815301076,1909f56bfc062723c751e8b465ee728b) [PhysX] Initialized MultithreadedTaskDispatcher with 12 workers.
[PhysX] Initialized MultithreadedTaskDispatcher with 12 workers.
 -> (artifact id: 'b930049049cc606fe7a640ed8d797e4e') in 0.177499 seconds
Number of updated asset objects reloaded before import = 0
Number of asset objects unloaded after import = 3
========================================================================
Received Import Request.
  Time since last request: 0.000021 seconds.
  path: Assets/TextMesh Pro/Resources/Fonts & Materials/LiberationSans SDF.asset
  artifactKey: Guid(8f586378b4e144a9851e7b34d9b748ee) Importer(815301076,1909f56bfc062723c751e8b465ee728b)
Start importing Assets/TextMesh Pro/Resources/Fonts & Materials/LiberationSans SDF.asset using Guid(8f586378b4e144a9851e7b34d9b748ee) Importer(815301076,1909f56bfc062723c751e8b465ee728b) [PhysX] Initialized MultithreadedTaskDispatcher with 12 workers.
[PhysX] Initialized MultithreadedTaskDispatcher with 12 workers.
[PhysX] Initialized MultithreadedTaskDispatcher with 12 workers.
 -> (artifact id: '8660b155406cd8ff397a8c1a5553bc58') in 0.119599 seconds
Number of updated asset objects reloaded before import = 0
Number of asset objects unloaded after import = 10
========================================================================
Received Import Request.
  Time since last request: 18.613491 seconds.
  path: Assets/Resources/Plashka_pryamougolnik/Plashka_pryamougolnik.fbx
  artifactKey: Guid(ae6908d2173496e4cab19aec6b0629a0) Importer(815301076,1909f56bfc062723c751e8b465ee728b)
Start importing Assets/Resources/Plashka_pryamougolnik/Plashka_pryamougolnik.fbx using Guid(ae6908d2173496e4cab19aec6b0629a0) Importer(815301076,1909f56bfc062723c751e8b465ee728b) [PhysX] Initialized MultithreadedTaskDispatcher with 12 workers.
[PhysX] Initialized MultithreadedTaskDispatcher with 12 workers.
[PhysX] Initialized MultithreadedTaskDispatcher with 12 workers.
[PhysX] Initialized MultithreadedTaskDispatcher with 12 workers.
[PhysX] Initialized MultithreadedTaskDispatcher with 12 workers.
[PhysX] Initialized MultithreadedTaskDispatcher with 12 workers.
 -> (artifact id: '1dbd53dc0fe08130f11b132c032fe9e7') in 0.143135 seconds
Number of updated asset objects reloaded before import = 0
Number of asset objects unloaded after import = 16
========================================================================
Received Import Request.
  Time since last request: 0.000025 seconds.
  path: Assets/Resources/Plashka_pryamougolnik/Plashka.mat
  artifactKey: Guid(3c5154d115c49a84da330d3791538bb7) Importer(815301076,1909f56bfc062723c751e8b465ee728b)
Start importing Assets/Resources/Plashka_pryamougolnik/Plashka.mat using Guid(3c5154d115c49a84da330d3791538bb7) Importer(815301076,1909f56bfc062723c751e8b465ee728b) [PhysX] Initialized MultithreadedTaskDispatcher with 12 workers.
[PhysX] Initialized MultithreadedTaskDispatcher with 12 workers.
 -> (artifact id: '08271a20661a43f42278b3086399c038') in 0.034000 seconds
Number of updated asset objects reloaded before import = 0
Number of asset objects unloaded after import = 1
========================================================================
Received Import Request.
  Time since last request: 3.686195 seconds.
  path: Assets/Resources/Plashka_pryamougolnik/Plashka 1.mat
  artifactKey: Guid(88473c0d2efd7e043a6298241d5dac3a) Importer(815301076,1909f56bfc062723c751e8b465ee728b)
Start importing Assets/Resources/Plashka_pryamougolnik/Plashka 1.mat using Guid(88473c0d2efd7e043a6298241d5dac3a) Importer(815301076,1909f56bfc062723c751e8b465ee728b) [PhysX] Initialized MultithreadedTaskDispatcher with 12 workers.
[PhysX] Initialized MultithreadedTaskDispatcher with 12 workers.
 -> (artifact id: '59d16cbda4d748c7ea6edb95dd5d950d') in 0.044320 seconds
Number of updated asset objects reloaded before import = 0
Number of asset objects unloaded after import = 1
========================================================================
Received Import Request.
  Time since last request: 851.740778 seconds.
  path: Assets/Resources/Plashka_pryamougolnik/Plashka 1.mat
  artifactKey: Guid(88473c0d2efd7e043a6298241d5dac3a) Importer(815301076,1909f56bfc062723c751e8b465ee728b)
Start importing Assets/Resources/Plashka_pryamougolnik/Plashka 1.mat using Guid(88473c0d2efd7e043a6298241d5dac3a) Importer(815301076,1909f56bfc062723c751e8b465ee728b) [PhysX] Initialized MultithreadedTaskDispatcher with 12 workers.
[PhysX] Initialized MultithreadedTaskDispatcher with 12 workers.
 -> (artifact id: '02393b92f8d47d42c862748e0dc75a90') in 0.059613 seconds
Number of updated asset objects reloaded before import = 0
Number of asset objects unloaded after import = 1
========================================================================
Received Prepare
Caller must complete domain reload
Begin MonoManager ReloadAssembly
- Loaded All Assemblies, in  0.496 seconds
Native extension for WindowsStandalone target not found
Native extension for Android target not found
Native extension for WebGL target not found
[Package Manager] Server::EnsureServerProcessIsRunning -- launch failed, reason: Unity was launched with the -noUpm command-line argument
[Package Manager] UpmClient::Send -- Unable to send message (not connected to UPM process).
[Package Manager] Cannot connect to Unity Package Manager local server
Failed to sync packages list
UnityEngine.StackTraceUtility:ExtractStackTrace ()
UnityEngine.DebugLogHandler:LogFormat (UnityEngine.LogType,UnityEngine.Object,string,object[])
UnityEngine.Logger:Log (UnityEngine.LogType,object)
UnityEngine.Debug:LogWarning (object)
 .  / :MoveNext ()
System.Runtime.CompilerServices.AsyncVoidMethodBuilder:Start< .  / > ( .  / &)
 .  :  ()
 .⁪/ :MoveNext ()
System.Runtime.CompilerServices.AsyncTaskMethodBuilder:Start< .⁪/ > ( .⁪/ &)
 .⁪:  ()
System.Reflection.RuntimeMethodInfo:Invoke (object,System.Reflection.BindingFlags,System.Reflection.Binder,object[],System.Globalization.CultureInfo)
System.Reflection.MethodBase:Invoke (object,object[])
UnityEditor.EditorAssemblies:ProcessInitializeOnLoadMethodAttributes ()

Mono: successfully reloaded assembly
- Finished resetting the current domain, in  1.726 seconds
Domain Reload Profiling: 2221ms
	BeginReloadAssembly (155ms)
		ExecutionOrderSort (0ms)
		DisableScriptedObjects (4ms)
		BackupInstance (0ms)
		ReleaseScriptingObjects (0ms)
		CreateAndSetChildDomain (36ms)
	RebuildCommonClasses (32ms)
	RebuildNativeTypeToScriptingClass (10ms)
	initialDomainReloadingComplete (26ms)
	LoadAllAssembliesAndSetupDomain (271ms)
		LoadAssemblies (336ms)
		RebuildTransferFunctionScriptingTraits (0ms)
		AnalyzeDomain (16ms)
			TypeCache.Refresh (6ms)
				TypeCache.ScanAssembly (0ms)
			ScanForSourceGeneratedMonoScriptInfo (0ms)
			ResolveRequiredComponents (6ms)
	FinalizeReload (1727ms)
		ReleaseScriptCaches (0ms)
		RebuildScriptCaches (0ms)
		SetupLoadedEditorAssemblies (651ms)
			LogAssemblyErrors (0ms)
			InitializePlatformSupportModulesInManaged (25ms)
			SetLoadedEditorAssemblies (5ms)
			RefreshPlugins (0ms)
			BeforeProcessingInitializeOnLoad (71ms)
			ProcessInitializeOnLoadAttributes (486ms)
			ProcessInitializeOnLoadMethodAttributes (59ms)
			AfterProcessingInitializeOnLoad (5ms)
			EditorAssembliesLoaded (0ms)
		ExecutionOrderSort2 (0ms)
		AwakeInstancesAfterBackupRestoration (9ms)
Refreshing native plugins compatible for Editor in 5.65 ms, found 6 plugins.
Preloading 0 native plugins for Editor in 0.00 ms.
Release of invalid GC handle. The handle is from a previous domain. The release operation is skipped.
Release of invalid GC handle native callstack: 
0x00007ff79e68424d (Unity) StackWalker::GetCurrentCallstack
0x00007ff79e689329 (Unity) StackWalker::ShowCallstack
0x00007ff79f67dae1 (Unity) GetStacktrace
0x00007ff79e57f20d (Unity) ScriptingGCHandle::ReleaseAndClear
0x00007ff79eb4748c (Unity) UploadHandlerRaw::`vector deleting destructor'
0x00007ff79eb4803d (Unity) UploadHandler::Release
0x00007ff79eb448dd (Unity) UnityWebRequestProto<UnityWebRequestTransport,AtomicRefCounter,RedirectHelper,ResponseHelper,DownloadHandler,UploadHandler,CertificateHandler,HeaderHelper,AsyncOperation>::~UnityWebRequestProto<UnityWebRequestTransport,AtomicRefCounter,RedirectHelper,ResponseHelper,DownloadHandler,UploadHandler,CertificateHandler,HeaderHelper,AsyncOperation>
0x00007ff79eb44bd6 (Unity) UnityWebRequest::`vector deleting destructor'
0x00007ff79d894b77 (Unity) UnityWebRequestProto<UnityWebRequestTransport,AtomicRefCounter,RedirectHelper,ResponseHelper,DownloadHandler,UploadHandler,CertificateHandler,HeaderHelper,AsyncOperation>::Release
0x00007ff79eb46605 (Unity) UnityWebRequestAsyncOperation::InvokeCoroutine
0x00007ff79eb467e1 (Unity) UnityWebRequestProto<UnityWebRequestTransport,AtomicRefCounter,RedirectHelper,ResponseHelper,DownloadHandler,UploadHandler,CertificateHandler,HeaderHelper,AsyncOperation>::Job_InvokeCoroutine
0x00007ff79e1ab54a (Unity) BackgroundJobQueue::ExecuteMainThreadJobs
0x00007ff79e26005f (Unity) PreloadManager::WaitForAllAsyncOperationsToComplete
0x00007ff79fa23af8 (Unity) <lambda_b37b41f03089e3cb3f55061bbc93253d>::operator()
0x00007ff79fa5f422 (Unity) asio::detail::completion_handler<core::mutable_function<void __cdecl(void)>,asio::io_context::basic_executor_type<std::allocator<void>,0> >::do_complete
0x00007ff79fa4b3ce (Unity) asio::detail::win_iocp_io_context::do_one
0x00007ff79fa4d034 (Unity) asio::detail::win_iocp_io_context::run
0x00007ff79fa5d7cc (Unity) IOService::Run
0x00007ff79fa30c2f (Unity) AssetImportWorkerClient::Run
0x00007ff79f9fc3d7 (Unity) RunAssetImportWorkerClientV2
0x00007ff79f9fc45b (Unity) RunAssetImporterV2
0x00007ff79f1f31de (Unity) Application::InitializeProject
0x00007ff79f688795 (Unity) WinMain
0x00007ff7a0a535ce (Unity) __scrt_common_main_seh
0x00007ffa8b87e8d7 (KERNEL32) BaseThreadInitThunk
0x00007ffa8c1714fc (ntdll) RtlUserThreadStart
Unloading 3378 Unused Serialized files (Serialized files now loaded: 0)
Unloading 40 unused Assets / (1.0 MB). Loaded Objects now: 4049.
Memory consumption went from 128.1 MB to 127.1 MB.
Total: 5.179800 ms (FindLiveObjects: 0.219200 ms CreateObjectMapping: 0.093100 ms MarkObjects: 4.309500 ms  DeleteObjects: 0.556900 ms)

Prepare: number of updated asset objects reloaded= 0
AssetImportParameters requested are different than current active one (requested -> active):
  custom:container-demuxer-ogg: 62fdf1f143b41e24485cea50d1cbac27 -> 
  custom:scripting/monoscript/fileName/Tree.cs: dca7474b58f05e1dc61bb9deb148038d -> 
  custom:video-codec-MediaFoundation-h265: 746d11721c4dcdbdad8f713fa42b33f4 -> 
  custom:video-decoder-ogg-theora: a1e56fd34408186e4bbccfd4996cb3dc -> 
  custom:scripting/monoscript/fileName/Timber.cs: e3f520cc8fc09857160dc689c53c79e7 -> 
  custom:framework-win-MediaFoundation: 216162199b28c13a410421893ffa2e32 -> 
  custom:scripting/monoscript/fileName/Money.cs: 9c40cb0a308c8e4e1f5815ebef98078a -> 
  custom:CustomObjectIndexerAttribute: 9a22284fe3817be447336de3de66b15e -> 
  custom:scripting/monoscript/fileName/ArrowController.cs: 1a447edfdb5484109c0662398b0d2a4f -> 
  custom:container-demuxer-webm: 4f35f7cbe854078d1ac9338744f61a02 -> 
  custom:container-muxer-webm: aa71ff27fc2769a1b78a27578f13a17b -> 
  custom:video-decoder-webm-vp8: 9c59270c3fd7afecdb556c50c9e8de78 -> 
  custom:SearchIndexIgnoredProperties: e643bd26f0fe6173181afceb89e7c659 -> 
  custom:AudioImporter_EditorPlatform: d09bf68614088b80899f8185d706f6e7 -> 
  custom:video-encoder-webm-vp8: eb34c28f22e8b96e1ab97ce403110664 -> 
  custom:audio-decoder-ogg-vorbis: bf7c407c2cedff20999df2af8eb42d56 -> 
  custom:audio-encoder-webm-vorbis: bf7c407c2cedff20999df2af8eb42d56 -> 
  custom:scripting/precompiled-assembly-types:Assembly-CSharp: 949f8ed07658b361c9fff9d15a5615a3 -> 898d7dc12b5aaae7dfacee678fc8dd41
========================================================================
Received Import Request.
  Time since last request: 190.999575 seconds.
  path: Assets/Resources/Plashka_pryamougolnik/Plashka 2.mat
  artifactKey: Guid(a6624977a06810d448c469acd01de51d) Importer(815301076,1909f56bfc062723c751e8b465ee728b)
Start importing Assets/Resources/Plashka_pryamougolnik/Plashka 2.mat using Guid(a6624977a06810d448c469acd01de51d) Importer(815301076,1909f56bfc062723c751e8b465ee728b) [PhysX] Initialized MultithreadedTaskDispatcher with 12 workers.
[PhysX] Initialized MultithreadedTaskDispatcher with 12 workers.
 -> (artifact id: '4b36ccec689a9ef213d480e487d55811') in 0.288784 seconds
Number of updated asset objects reloaded before import = 1
Number of asset objects unloaded after import = 1
========================================================================
Received Import Request.
  Time since last request: 157.357843 seconds.
  path: Assets/SVC_Luna.asset
  artifactKey: Guid(714a77ec0e52b854b9f8a0ba25e5969b) Importer(815301076,1909f56bfc062723c751e8b465ee728b)
Start importing Assets/SVC_Luna.asset using Guid(714a77ec0e52b854b9f8a0ba25e5969b) Importer(815301076,1909f56bfc062723c751e8b465ee728b) [PhysX] Initialized MultithreadedTaskDispatcher with 12 workers.
 -> (artifact id: 'df65c12d62974790a017c7f4f20e3413') in 0.002215 seconds
Number of updated asset objects reloaded before import = 0
Number of asset objects unloaded after import = 0
========================================================================
Received Import Request.
  Time since last request: 15.601923 seconds.
  path: Assets/Scripts/UI/FillableBar3D.cs
  artifactKey: Guid(abadd43b23771b04a87a4ba3d66a02fd) Importer(815301076,1909f56bfc062723c751e8b465ee728b)
Start importing Assets/Scripts/UI/FillableBar3D.cs using Guid(abadd43b23771b04a87a4ba3d66a02fd) Importer(815301076,1909f56bfc062723c751e8b465ee728b) [PhysX] Initialized MultithreadedTaskDispatcher with 12 workers.
 -> (artifact id: 'ec76be0fdb852e5d568c86b3c2df8063') in 0.000709 seconds
Number of updated asset objects reloaded before import = 0
Number of asset objects unloaded after import = 0
========================================================================
Received Prepare
Caller must complete domain reload
Begin MonoManager ReloadAssembly
- Loaded All Assemblies, in  0.564 seconds
Native extension for WindowsStandalone target not found
Native extension for Android target not found
Native extension for WebGL target not found
[Package Manager] Server::EnsureServerProcessIsRunning -- launch failed, reason: Unity was launched with the -noUpm command-line argument
[Package Manager] UpmClient::Send -- Unable to send message (not connected to UPM process).
[Package Manager] Cannot connect to Unity Package Manager local server
Failed to sync packages list
UnityEngine.StackTraceUtility:ExtractStackTrace ()
UnityEngine.DebugLogHandler:LogFormat (UnityEngine.LogType,UnityEngine.Object,string,object[])
UnityEngine.Logger:Log (UnityEngine.LogType,object)
UnityEngine.Debug:LogWarning (object)
 .  / :MoveNext ()
System.Runtime.CompilerServices.AsyncVoidMethodBuilder:Start< .  / > ( .  / &)
 .  :  ()
 .⁪/ :MoveNext ()
System.Runtime.CompilerServices.AsyncTaskMethodBuilder:Start< .⁪/ > ( .⁪/ &)
 .⁪:  ()
System.Reflection.RuntimeMethodInfo:Invoke (object,System.Reflection.BindingFlags,System.Reflection.Binder,object[],System.Globalization.CultureInfo)
System.Reflection.MethodBase:Invoke (object,object[])
UnityEditor.EditorAssemblies:ProcessInitializeOnLoadMethodAttributes ()

Mono: successfully reloaded assembly
- Finished resetting the current domain, in  1.007 seconds
Domain Reload Profiling: 1569ms
	BeginReloadAssembly (191ms)
		ExecutionOrderSort (0ms)
		DisableScriptedObjects (5ms)
		BackupInstance (0ms)
		ReleaseScriptingObjects (0ms)
		CreateAndSetChildDomain (39ms)
	RebuildCommonClasses (35ms)
	RebuildNativeTypeToScriptingClass (11ms)
	initialDomainReloadingComplete (31ms)
	LoadAllAssembliesAndSetupDomain (294ms)
		LoadAssemblies (365ms)
		RebuildTransferFunctionScriptingTraits (0ms)
		AnalyzeDomain (32ms)
			TypeCache.Refresh (12ms)
				TypeCache.ScanAssembly (0ms)
			ScanForSourceGeneratedMonoScriptInfo (11ms)
			ResolveRequiredComponents (6ms)
	FinalizeReload (1007ms)
		ReleaseScriptCaches (0ms)
		RebuildScriptCaches (0ms)
		SetupLoadedEditorAssemblies (576ms)
			LogAssemblyErrors (0ms)
			InitializePlatformSupportModulesInManaged (19ms)
			SetLoadedEditorAssemblies (4ms)
			RefreshPlugins (0ms)
			BeforeProcessingInitializeOnLoad (61ms)
			ProcessInitializeOnLoadAttributes (427ms)
			ProcessInitializeOnLoadMethodAttributes (57ms)
			AfterProcessingInitializeOnLoad (7ms)
			EditorAssembliesLoaded (0ms)
		ExecutionOrderSort2 (0ms)
		AwakeInstancesAfterBackupRestoration (7ms)
Refreshing native plugins compatible for Editor in 4.58 ms, found 6 plugins.
Preloading 0 native plugins for Editor in 0.00 ms.
Release of invalid GC handle. The handle is from a previous domain. The release operation is skipped.
Release of invalid GC handle native callstack: 
0x00007ff79e68424d (Unity) StackWalker::GetCurrentCallstack
0x00007ff79e689329 (Unity) StackWalker::ShowCallstack
0x00007ff79f67dae1 (Unity) GetStacktrace
0x00007ff79e57f20d (Unity) ScriptingGCHandle::ReleaseAndClear
0x00007ff79eb4748c (Unity) UploadHandlerRaw::`vector deleting destructor'
0x00007ff79eb4803d (Unity) UploadHandler::Release
0x00007ff79eb448dd (Unity) UnityWebRequestProto<UnityWebRequestTransport,AtomicRefCounter,RedirectHelper,ResponseHelper,DownloadHandler,UploadHandler,CertificateHandler,HeaderHelper,AsyncOperation>::~UnityWebRequestProto<UnityWebRequestTransport,AtomicRefCounter,RedirectHelper,ResponseHelper,DownloadHandler,UploadHandler,CertificateHandler,HeaderHelper,AsyncOperation>
0x00007ff79eb44bd6 (Unity) UnityWebRequest::`vector deleting destructor'
0x00007ff79d894b77 (Unity) UnityWebRequestProto<UnityWebRequestTransport,AtomicRefCounter,RedirectHelper,ResponseHelper,DownloadHandler,UploadHandler,CertificateHandler,HeaderHelper,AsyncOperation>::Release
0x00007ff79eb46605 (Unity) UnityWebRequestAsyncOperation::InvokeCoroutine
0x00007ff79eb467e1 (Unity) UnityWebRequestProto<UnityWebRequestTransport,AtomicRefCounter,RedirectHelper,ResponseHelper,DownloadHandler,UploadHandler,CertificateHandler,HeaderHelper,AsyncOperation>::Job_InvokeCoroutine
0x00007ff79e1ab54a (Unity) BackgroundJobQueue::ExecuteMainThreadJobs
0x00007ff79e26005f (Unity) PreloadManager::WaitForAllAsyncOperationsToComplete
0x00007ff79fa23af8 (Unity) <lambda_b37b41f03089e3cb3f55061bbc93253d>::operator()
0x00007ff79fa5f422 (Unity) asio::detail::completion_handler<core::mutable_function<void __cdecl(void)>,asio::io_context::basic_executor_type<std::allocator<void>,0> >::do_complete
0x00007ff79fa4b3ce (Unity) asio::detail::win_iocp_io_context::do_one
0x00007ff79fa4d034 (Unity) asio::detail::win_iocp_io_context::run
0x00007ff79fa5d7cc (Unity) IOService::Run
0x00007ff79fa30c2f (Unity) AssetImportWorkerClient::Run
0x00007ff79f9fc3d7 (Unity) RunAssetImportWorkerClientV2
0x00007ff79f9fc45b (Unity) RunAssetImporterV2
0x00007ff79f1f31de (Unity) Application::InitializeProject
0x00007ff79f688795 (Unity) WinMain
0x00007ff7a0a535ce (Unity) __scrt_common_main_seh
0x00007ffa8b87e8d7 (KERNEL32) BaseThreadInitThunk
0x00007ffa8c1714fc (ntdll) RtlUserThreadStart
Unloading 3377 Unused Serialized files (Serialized files now loaded: 0)
Unloading 39 unused Assets / (1.0 MB). Loaded Objects now: 4056.
Memory consumption went from 139.5 MB to 138.5 MB.
Total: 4.701000 ms (FindLiveObjects: 0.317300 ms CreateObjectMapping: 0.095900 ms MarkObjects: 3.563300 ms  DeleteObjects: 0.723100 ms)

Prepare: number of updated asset objects reloaded= 0
AssetImportParameters requested are different than current active one (requested -> active):
  custom:container-demuxer-ogg: 62fdf1f143b41e24485cea50d1cbac27 -> 
  custom:scripting/monoscript/fileName/Tree.cs: dca7474b58f05e1dc61bb9deb148038d -> 
  custom:video-codec-MediaFoundation-h265: 746d11721c4dcdbdad8f713fa42b33f4 -> 
  custom:video-decoder-ogg-theora: a1e56fd34408186e4bbccfd4996cb3dc -> 
  custom:scripting/monoscript/fileName/Timber.cs: e3f520cc8fc09857160dc689c53c79e7 -> 
  custom:framework-win-MediaFoundation: 216162199b28c13a410421893ffa2e32 -> 
  custom:scripting/monoscript/fileName/Money.cs: 9c40cb0a308c8e4e1f5815ebef98078a -> 
  custom:CustomObjectIndexerAttribute: 9a22284fe3817be447336de3de66b15e -> 
  custom:scripting/monoscript/fileName/FillableBar3D.cs: 52f14b7e6922cb183133cc6746322f72 -> 
  custom:scripting/monoscript/fileName/ArrowController.cs: 1a447edfdb5484109c0662398b0d2a4f -> 
  custom:container-demuxer-webm: 4f35f7cbe854078d1ac9338744f61a02 -> 
  custom:container-muxer-webm: aa71ff27fc2769a1b78a27578f13a17b -> 
  custom:video-decoder-webm-vp8: 9c59270c3fd7afecdb556c50c9e8de78 -> 
  custom:SearchIndexIgnoredProperties: e643bd26f0fe6173181afceb89e7c659 -> 
  custom:AudioImporter_EditorPlatform: d09bf68614088b80899f8185d706f6e7 -> 
  custom:video-encoder-webm-vp8: eb34c28f22e8b96e1ab97ce403110664 -> 
  custom:audio-decoder-ogg-vorbis: bf7c407c2cedff20999df2af8eb42d56 -> 
  custom:audio-encoder-webm-vorbis: bf7c407c2cedff20999df2af8eb42d56 -> 
  custom:scripting/precompiled-assembly-types:Assembly-CSharp: f0319d0306588bc75f46ae5680644858 -> 898d7dc12b5aaae7dfacee678fc8dd41
========================================================================
Received Import Request.
  Time since last request: 8.789567 seconds.
  path: Assets/Scripts/UI/FillableBar3D.cs
  artifactKey: Guid(abadd43b23771b04a87a4ba3d66a02fd) Importer(815301076,1909f56bfc062723c751e8b465ee728b)
Start importing Assets/Scripts/UI/FillableBar3D.cs using Guid(abadd43b23771b04a87a4ba3d66a02fd) Importer(815301076,1909f56bfc062723c751e8b465ee728b) [PhysX] Initialized MultithreadedTaskDispatcher with 12 workers.
 -> (artifact id: '5d6c6ae9368a3f7897935683ad8fb4cf') in 0.002792 seconds
Number of updated asset objects reloaded before import = 0
Number of asset objects unloaded after import = 0
========================================================================
Received Import Request.
  Time since last request: 5.123651 seconds.
  path: Assets/Scripts/UI/FillableBar3D.cs
  artifactKey: Guid(abadd43b23771b04a87a4ba3d66a02fd) Importer(815301076,1909f56bfc062723c751e8b465ee728b)
Start importing Assets/Scripts/UI/FillableBar3D.cs using Guid(abadd43b23771b04a87a4ba3d66a02fd) Importer(815301076,1909f56bfc062723c751e8b465ee728b) [PhysX] Initialized MultithreadedTaskDispatcher with 12 workers.
 -> (artifact id: '6c56083023ee8483b98f6224b2e702c5') in 0.001332 seconds
Number of updated asset objects reloaded before import = 0
Number of asset objects unloaded after import = 0
========================================================================
Received Prepare
Caller must complete domain reload
Begin MonoManager ReloadAssembly
- Loaded All Assemblies, in  0.957 seconds
Native extension for WindowsStandalone target not found
Native extension for Android target not found
Native extension for WebGL target not found
[Package Manager] Server::EnsureServerProcessIsRunning -- launch failed, reason: Unity was launched with the -noUpm command-line argument
[Package Manager] UpmClient::Send -- Unable to send message (not connected to UPM process).
[Package Manager] Cannot connect to Unity Package Manager local server
Failed to sync packages list
UnityEngine.StackTraceUtility:ExtractStackTrace ()
UnityEngine.DebugLogHandler:LogFormat (UnityEngine.LogType,UnityEngine.Object,string,object[])
UnityEngine.Logger:Log (UnityEngine.LogType,object)
UnityEngine.Debug:LogWarning (object)
 .  / :MoveNext ()
System.Runtime.CompilerServices.AsyncVoidMethodBuilder:Start< .  / > ( .  / &)
 .  :  ()
 .⁪/ :MoveNext ()
System.Runtime.CompilerServices.AsyncTaskMethodBuilder:Start< .⁪/ > ( .⁪/ &)
 .⁪:  ()
System.Reflection.RuntimeMethodInfo:Invoke (object,System.Reflection.BindingFlags,System.Reflection.Binder,object[],System.Globalization.CultureInfo)
System.Reflection.MethodBase:Invoke (object,object[])
UnityEditor.EditorAssemblies:ProcessInitializeOnLoadMethodAttributes ()

Mono: successfully reloaded assembly
- Finished resetting the current domain, in  1.285 seconds
Domain Reload Profiling: 2235ms
	BeginReloadAssembly (354ms)
		ExecutionOrderSort (0ms)
		DisableScriptedObjects (12ms)
		BackupInstance (0ms)
		ReleaseScriptingObjects (0ms)
		CreateAndSetChildDomain (56ms)
	RebuildCommonClasses (72ms)
	RebuildNativeTypeToScriptingClass (25ms)
	initialDomainReloadingComplete (62ms)
	LoadAllAssembliesAndSetupDomain (436ms)
		LoadAssemblies (620ms)
		RebuildTransferFunctionScriptingTraits (0ms)
		AnalyzeDomain (41ms)
			TypeCache.Refresh (14ms)
				TypeCache.ScanAssembly (1ms)
			ScanForSourceGeneratedMonoScriptInfo (11ms)
			ResolveRequiredComponents (11ms)
	FinalizeReload (1286ms)
		ReleaseScriptCaches (0ms)
		RebuildScriptCaches (0ms)
		SetupLoadedEditorAssemblies (590ms)
			LogAssemblyErrors (0ms)
			InitializePlatformSupportModulesInManaged (28ms)
			SetLoadedEditorAssemblies (6ms)
			RefreshPlugins (0ms)
			BeforeProcessingInitializeOnLoad (81ms)
			ProcessInitializeOnLoadAttributes (418ms)
			ProcessInitializeOnLoadMethodAttributes (47ms)
			AfterProcessingInitializeOnLoad (9ms)
			EditorAssembliesLoaded (0ms)
		ExecutionOrderSort2 (0ms)
		AwakeInstancesAfterBackupRestoration (8ms)
Refreshing native plugins compatible for Editor in 3.39 ms, found 6 plugins.
Preloading 0 native plugins for Editor in 0.00 ms.
Release of invalid GC handle. The handle is from a previous domain. The release operation is skipped.
Release of invalid GC handle native callstack: 
0x00007ff79e68424d (Unity) StackWalker::GetCurrentCallstack
0x00007ff79e689329 (Unity) StackWalker::ShowCallstack
0x00007ff79f67dae1 (Unity) GetStacktrace
0x00007ff79e57f20d (Unity) ScriptingGCHandle::ReleaseAndClear
0x00007ff79eb4748c (Unity) UploadHandlerRaw::`vector deleting destructor'
0x00007ff79eb4803d (Unity) UploadHandler::Release
0x00007ff79eb448dd (Unity) UnityWebRequestProto<UnityWebRequestTransport,AtomicRefCounter,RedirectHelper,ResponseHelper,DownloadHandler,UploadHandler,CertificateHandler,HeaderHelper,AsyncOperation>::~UnityWebRequestProto<UnityWebRequestTransport,AtomicRefCounter,RedirectHelper,ResponseHelper,DownloadHandler,UploadHandler,CertificateHandler,HeaderHelper,AsyncOperation>
0x00007ff79eb44bd6 (Unity) UnityWebRequest::`vector deleting destructor'
0x00007ff79d894b77 (Unity) UnityWebRequestProto<UnityWebRequestTransport,AtomicRefCounter,RedirectHelper,ResponseHelper,DownloadHandler,UploadHandler,CertificateHandler,HeaderHelper,AsyncOperation>::Release
0x00007ff79eb46605 (Unity) UnityWebRequestAsyncOperation::InvokeCoroutine
0x00007ff79eb467e1 (Unity) UnityWebRequestProto<UnityWebRequestTransport,AtomicRefCounter,RedirectHelper,ResponseHelper,DownloadHandler,UploadHandler,CertificateHandler,HeaderHelper,AsyncOperation>::Job_InvokeCoroutine
0x00007ff79e1ab54a (Unity) BackgroundJobQueue::ExecuteMainThreadJobs
0x00007ff79e26005f (Unity) PreloadManager::WaitForAllAsyncOperationsToComplete
0x00007ff79fa23af8 (Unity) <lambda_b37b41f03089e3cb3f55061bbc93253d>::operator()
0x00007ff79fa5f422 (Unity) asio::detail::completion_handler<core::mutable_function<void __cdecl(void)>,asio::io_context::basic_executor_type<std::allocator<void>,0> >::do_complete
0x00007ff79fa4b3ce (Unity) asio::detail::win_iocp_io_context::do_one
0x00007ff79fa4d034 (Unity) asio::detail::win_iocp_io_context::run
0x00007ff79fa5d7cc (Unity) IOService::Run
0x00007ff79fa30c2f (Unity) AssetImportWorkerClient::Run
0x00007ff79f9fc3d7 (Unity) RunAssetImportWorkerClientV2
0x00007ff79f9fc45b (Unity) RunAssetImporterV2
0x00007ff79f1f31de (Unity) Application::InitializeProject
0x00007ff79f688795 (Unity) WinMain
0x00007ff7a0a535ce (Unity) __scrt_common_main_seh
0x00007ffa8b87e8d7 (KERNEL32) BaseThreadInitThunk
0x00007ffa8c1714fc (ntdll) RtlUserThreadStart
Unloading 3377 Unused Serialized files (Serialized files now loaded: 0)
Unloading 39 unused Assets / (1.0 MB). Loaded Objects now: 4061.
Memory consumption went from 139.7 MB to 138.6 MB.
Total: 6.625500 ms (FindLiveObjects: 0.515300 ms CreateObjectMapping: 0.153500 ms MarkObjects: 5.252000 ms  DeleteObjects: 0.702700 ms)

Prepare: number of updated asset objects reloaded= 0
AssetImportParameters requested are different than current active one (requested -> active):
  custom:container-demuxer-ogg: 62fdf1f143b41e24485cea50d1cbac27 -> 
  custom:scripting/monoscript/fileName/Tree.cs: dca7474b58f05e1dc61bb9deb148038d -> 
  custom:video-codec-MediaFoundation-h265: 746d11721c4dcdbdad8f713fa42b33f4 -> 
  custom:video-decoder-ogg-theora: a1e56fd34408186e4bbccfd4996cb3dc -> 
  custom:scripting/monoscript/fileName/Timber.cs: e3f520cc8fc09857160dc689c53c79e7 -> 
  custom:framework-win-MediaFoundation: 216162199b28c13a410421893ffa2e32 -> 
  custom:scripting/monoscript/fileName/Money.cs: 9c40cb0a308c8e4e1f5815ebef98078a -> 
  custom:CustomObjectIndexerAttribute: 9a22284fe3817be447336de3de66b15e -> 
  custom:scripting/monoscript/fileName/FillableBar3D.cs: 52f14b7e6922cb183133cc6746322f72 -> 
  custom:scripting/monoscript/fileName/ArrowController.cs: 1a447edfdb5484109c0662398b0d2a4f -> 
  custom:container-demuxer-webm: 4f35f7cbe854078d1ac9338744f61a02 -> 
  custom:container-muxer-webm: aa71ff27fc2769a1b78a27578f13a17b -> 
  custom:video-decoder-webm-vp8: 9c59270c3fd7afecdb556c50c9e8de78 -> 
  custom:SearchIndexIgnoredProperties: e643bd26f0fe6173181afceb89e7c659 -> 
  custom:AudioImporter_EditorPlatform: d09bf68614088b80899f8185d706f6e7 -> 
  custom:video-encoder-webm-vp8: eb34c28f22e8b96e1ab97ce403110664 -> 
  custom:audio-decoder-ogg-vorbis: bf7c407c2cedff20999df2af8eb42d56 -> 
  custom:audio-encoder-webm-vorbis: bf7c407c2cedff20999df2af8eb42d56 -> 
  custom:scripting/precompiled-assembly-types:Assembly-CSharp: f0319d0306588bc75f46ae5680644858 -> 898d7dc12b5aaae7dfacee678fc8dd41
========================================================================
Received Prepare
Caller must complete domain reload
Begin MonoManager ReloadAssembly
- Loaded All Assemblies, in  0.441 seconds
Native extension for WindowsStandalone target not found
Native extension for Android target not found
Native extension for WebGL target not found
[Package Manager] Server::EnsureServerProcessIsRunning -- launch failed, reason: Unity was launched with the -noUpm command-line argument
[Package Manager] UpmClient::Send -- Unable to send message (not connected to UPM process).
[Package Manager] Cannot connect to Unity Package Manager local server
Failed to sync packages list
UnityEngine.StackTraceUtility:ExtractStackTrace ()
UnityEngine.DebugLogHandler:LogFormat (UnityEngine.LogType,UnityEngine.Object,string,object[])
UnityEngine.Logger:Log (UnityEngine.LogType,object)
UnityEngine.Debug:LogWarning (object)
 .  / :MoveNext ()
System.Runtime.CompilerServices.AsyncVoidMethodBuilder:Start< .  / > ( .  / &)
 .  :  ()
 .⁪/ :MoveNext ()
System.Runtime.CompilerServices.AsyncTaskMethodBuilder:Start< .⁪/ > ( .⁪/ &)
 .⁪:  ()
System.Reflection.RuntimeMethodInfo:Invoke (object,System.Reflection.BindingFlags,System.Reflection.Binder,object[],System.Globalization.CultureInfo)
System.Reflection.MethodBase:Invoke (object,object[])
UnityEditor.EditorAssemblies:ProcessInitializeOnLoadMethodAttributes ()

Mono: successfully reloaded assembly
- Finished resetting the current domain, in  1.004 seconds
Domain Reload Profiling: 1444ms
	BeginReloadAssembly (154ms)
		ExecutionOrderSort (0ms)
		DisableScriptedObjects (5ms)
		BackupInstance (0ms)
		ReleaseScriptingObjects (0ms)
		CreateAndSetChildDomain (36ms)
	RebuildCommonClasses (32ms)
	RebuildNativeTypeToScriptingClass (11ms)
	initialDomainReloadingComplete (28ms)
	LoadAllAssembliesAndSetupDomain (215ms)
		LoadAssemblies (276ms)
		RebuildTransferFunctionScriptingTraits (0ms)
		AnalyzeDomain (15ms)
			TypeCache.Refresh (6ms)
				TypeCache.ScanAssembly (0ms)
			ScanForSourceGeneratedMonoScriptInfo (0ms)
			ResolveRequiredComponents (6ms)
	FinalizeReload (1004ms)
		ReleaseScriptCaches (0ms)
		RebuildScriptCaches (0ms)
		SetupLoadedEditorAssemblies (570ms)
			LogAssemblyErrors (0ms)
			InitializePlatformSupportModulesInManaged (23ms)
			SetLoadedEditorAssemblies (4ms)
			RefreshPlugins (0ms)
			BeforeProcessingInitializeOnLoad (64ms)
			ProcessInitializeOnLoadAttributes (423ms)
			ProcessInitializeOnLoadMethodAttributes (51ms)
			AfterProcessingInitializeOnLoad (4ms)
			EditorAssembliesLoaded (0ms)
		ExecutionOrderSort2 (0ms)
		AwakeInstancesAfterBackupRestoration (11ms)
Refreshing native plugins compatible for Editor in 5.24 ms, found 6 plugins.
Preloading 0 native plugins for Editor in 0.00 ms.
Release of invalid GC handle. The handle is from a previous domain. The release operation is skipped.
Release of invalid GC handle native callstack: 
0x00007ff79e68424d (Unity) StackWalker::GetCurrentCallstack
0x00007ff79e689329 (Unity) StackWalker::ShowCallstack
0x00007ff79f67dae1 (Unity) GetStacktrace
0x00007ff79e57f20d (Unity) ScriptingGCHandle::ReleaseAndClear
0x00007ff79eb4748c (Unity) UploadHandlerRaw::`vector deleting destructor'
0x00007ff79eb4803d (Unity) UploadHandler::Release
0x00007ff79eb448dd (Unity) UnityWebRequestProto<UnityWebRequestTransport,AtomicRefCounter,RedirectHelper,ResponseHelper,DownloadHandler,UploadHandler,CertificateHandler,HeaderHelper,AsyncOperation>::~UnityWebRequestProto<UnityWebRequestTransport,AtomicRefCounter,RedirectHelper,ResponseHelper,DownloadHandler,UploadHandler,CertificateHandler,HeaderHelper,AsyncOperation>
0x00007ff79eb44bd6 (Unity) UnityWebRequest::`vector deleting destructor'
0x00007ff79d894b77 (Unity) UnityWebRequestProto<UnityWebRequestTransport,AtomicRefCounter,RedirectHelper,ResponseHelper,DownloadHandler,UploadHandler,CertificateHandler,HeaderHelper,AsyncOperation>::Release
0x00007ff79eb46605 (Unity) UnityWebRequestAsyncOperation::InvokeCoroutine
0x00007ff79eb467e1 (Unity) UnityWebRequestProto<UnityWebRequestTransport,AtomicRefCounter,RedirectHelper,ResponseHelper,DownloadHandler,UploadHandler,CertificateHandler,HeaderHelper,AsyncOperation>::Job_InvokeCoroutine
0x00007ff79e1ab54a (Unity) BackgroundJobQueue::ExecuteMainThreadJobs
0x00007ff79e26005f (Unity) PreloadManager::WaitForAllAsyncOperationsToComplete
0x00007ff79fa23af8 (Unity) <lambda_b37b41f03089e3cb3f55061bbc93253d>::operator()
0x00007ff79fa5f422 (Unity) asio::detail::completion_handler<core::mutable_function<void __cdecl(void)>,asio::io_context::basic_executor_type<std::allocator<void>,0> >::do_complete
0x00007ff79fa4b3ce (Unity) asio::detail::win_iocp_io_context::do_one
0x00007ff79fa4d034 (Unity) asio::detail::win_iocp_io_context::run
0x00007ff79fa5d7cc (Unity) IOService::Run
0x00007ff79fa30c2f (Unity) AssetImportWorkerClient::Run
0x00007ff79f9fc3d7 (Unity) RunAssetImportWorkerClientV2
0x00007ff79f9fc45b (Unity) RunAssetImporterV2
0x00007ff79f1f31de (Unity) Application::InitializeProject
0x00007ff79f688795 (Unity) WinMain
0x00007ff7a0a535ce (Unity) __scrt_common_main_seh
0x00007ffa8b87e8d7 (KERNEL32) BaseThreadInitThunk
0x00007ffa8c1714fc (ntdll) RtlUserThreadStart
Unloading 3378 Unused Serialized files (Serialized files now loaded: 0)
Unloading 39 unused Assets / (1.0 MB). Loaded Objects now: 4066.
Memory consumption went from 140.1 MB to 139.1 MB.
Total: 4.813400 ms (FindLiveObjects: 0.315500 ms CreateObjectMapping: 0.106600 ms MarkObjects: 3.826900 ms  DeleteObjects: 0.563200 ms)

Prepare: number of updated asset objects reloaded= 0
AssetImportParameters requested are different than current active one (requested -> active):
  custom:container-demuxer-ogg: 62fdf1f143b41e24485cea50d1cbac27 -> 
  custom:scripting/monoscript/fileName/Tree.cs: dca7474b58f05e1dc61bb9deb148038d -> 
  custom:video-codec-MediaFoundation-h265: 746d11721c4dcdbdad8f713fa42b33f4 -> 
  custom:video-decoder-ogg-theora: a1e56fd34408186e4bbccfd4996cb3dc -> 
  custom:scripting/monoscript/fileName/Timber.cs: e3f520cc8fc09857160dc689c53c79e7 -> 
  custom:framework-win-MediaFoundation: 216162199b28c13a410421893ffa2e32 -> 
  custom:scripting/monoscript/fileName/Money.cs: 9c40cb0a308c8e4e1f5815ebef98078a -> 
  custom:CustomObjectIndexerAttribute: 9a22284fe3817be447336de3de66b15e -> 
  custom:scripting/monoscript/fileName/FillableBar3D.cs: 52f14b7e6922cb183133cc6746322f72 -> 
  custom:scripting/monoscript/fileName/ArrowController.cs: 1a447edfdb5484109c0662398b0d2a4f -> 
  custom:container-demuxer-webm: 4f35f7cbe854078d1ac9338744f61a02 -> 
  custom:container-muxer-webm: aa71ff27fc2769a1b78a27578f13a17b -> 
  custom:video-decoder-webm-vp8: 9c59270c3fd7afecdb556c50c9e8de78 -> 
  custom:SearchIndexIgnoredProperties: e643bd26f0fe6173181afceb89e7c659 -> 
  custom:AudioImporter_EditorPlatform: d09bf68614088b80899f8185d706f6e7 -> 
  custom:video-encoder-webm-vp8: eb34c28f22e8b96e1ab97ce403110664 -> 
  custom:audio-decoder-ogg-vorbis: bf7c407c2cedff20999df2af8eb42d56 -> 
  custom:audio-encoder-webm-vorbis: bf7c407c2cedff20999df2af8eb42d56 -> 
  custom:scripting/precompiled-assembly-types:Assembly-CSharp: f0319d0306588bc75f46ae5680644858 -> 898d7dc12b5aaae7dfacee678fc8dd41
========================================================================
Received Prepare
Caller must complete domain reload
Begin MonoManager ReloadAssembly
- Loaded All Assemblies, in  0.551 seconds
Native extension for WindowsStandalone target not found
Native extension for Android target not found
Native extension for WebGL target not found
[Package Manager] Server::EnsureServerProcessIsRunning -- launch failed, reason: Unity was launched with the -noUpm command-line argument
[Package Manager] UpmClient::Send -- Unable to send message (not connected to UPM process).
[Package Manager] Cannot connect to Unity Package Manager local server
Failed to sync packages list
UnityEngine.StackTraceUtility:ExtractStackTrace ()
UnityEngine.DebugLogHandler:LogFormat (UnityEngine.LogType,UnityEngine.Object,string,object[])
UnityEngine.Logger:Log (UnityEngine.LogType,object)
UnityEngine.Debug:LogWarning (object)
 .  / :MoveNext ()
System.Runtime.CompilerServices.AsyncVoidMethodBuilder:Start< .  / > ( .  / &)
 .  :  ()
 .⁪/ :MoveNext ()
System.Runtime.CompilerServices.AsyncTaskMethodBuilder:Start< .⁪/ > ( .⁪/ &)
 .⁪:  ()
System.Reflection.RuntimeMethodInfo:Invoke (object,System.Reflection.BindingFlags,System.Reflection.Binder,object[],System.Globalization.CultureInfo)
System.Reflection.MethodBase:Invoke (object,object[])
UnityEditor.EditorAssemblies:ProcessInitializeOnLoadMethodAttributes ()

Mono: successfully reloaded assembly
- Finished resetting the current domain, in  2.093 seconds
Domain Reload Profiling: 2642ms
	BeginReloadAssembly (162ms)
		ExecutionOrderSort (0ms)
		DisableScriptedObjects (6ms)
		BackupInstance (0ms)
		ReleaseScriptingObjects (0ms)
		CreateAndSetChildDomain (34ms)
	RebuildCommonClasses (41ms)
	RebuildNativeTypeToScriptingClass (13ms)
	initialDomainReloadingComplete (32ms)
	LoadAllAssembliesAndSetupDomain (301ms)
		LoadAssemblies (373ms)
		RebuildTransferFunctionScriptingTraits (0ms)
		AnalyzeDomain (15ms)
			TypeCache.Refresh (6ms)
				TypeCache.ScanAssembly (0ms)
			ScanForSourceGeneratedMonoScriptInfo (0ms)
			ResolveRequiredComponents (7ms)
	FinalizeReload (2093ms)
		ReleaseScriptCaches (0ms)
		RebuildScriptCaches (0ms)
		SetupLoadedEditorAssemblies (703ms)
			LogAssemblyErrors (0ms)
			InitializePlatformSupportModulesInManaged (23ms)
			SetLoadedEditorAssemblies (5ms)
			RefreshPlugins (0ms)
			BeforeProcessingInitializeOnLoad (78ms)
			ProcessInitializeOnLoadAttributes (523ms)
			ProcessInitializeOnLoadMethodAttributes (66ms)
			AfterProcessingInitializeOnLoad (7ms)
			EditorAssembliesLoaded (0ms)
		ExecutionOrderSort2 (0ms)
		AwakeInstancesAfterBackupRestoration (9ms)
Refreshing native plugins compatible for Editor in 19.70 ms, found 6 plugins.
Preloading 0 native plugins for Editor in 0.00 ms.
Release of invalid GC handle. The handle is from a previous domain. The release operation is skipped.
Release of invalid GC handle native callstack: 
0x00007ff79e68424d (Unity) StackWalker::GetCurrentCallstack
0x00007ff79e689329 (Unity) StackWalker::ShowCallstack
0x00007ff79f67dae1 (Unity) GetStacktrace
0x00007ff79e57f20d (Unity) ScriptingGCHandle::ReleaseAndClear
0x00007ff79eb4748c (Unity) UploadHandlerRaw::`vector deleting destructor'
0x00007ff79eb4803d (Unity) UploadHandler::Release
0x00007ff79eb448dd (Unity) UnityWebRequestProto<UnityWebRequestTransport,AtomicRefCounter,RedirectHelper,ResponseHelper,DownloadHandler,UploadHandler,CertificateHandler,HeaderHelper,AsyncOperation>::~UnityWebRequestProto<UnityWebRequestTransport,AtomicRefCounter,RedirectHelper,ResponseHelper,DownloadHandler,UploadHandler,CertificateHandler,HeaderHelper,AsyncOperation>
0x00007ff79eb44bd6 (Unity) UnityWebRequest::`vector deleting destructor'
0x00007ff79d894b77 (Unity) UnityWebRequestProto<UnityWebRequestTransport,AtomicRefCounter,RedirectHelper,ResponseHelper,DownloadHandler,UploadHandler,CertificateHandler,HeaderHelper,AsyncOperation>::Release
0x00007ff79eb46605 (Unity) UnityWebRequestAsyncOperation::InvokeCoroutine
0x00007ff79eb467e1 (Unity) UnityWebRequestProto<UnityWebRequestTransport,AtomicRefCounter,RedirectHelper,ResponseHelper,DownloadHandler,UploadHandler,CertificateHandler,HeaderHelper,AsyncOperation>::Job_InvokeCoroutine
0x00007ff79e1ab54a (Unity) BackgroundJobQueue::ExecuteMainThreadJobs
0x00007ff79e26005f (Unity) PreloadManager::WaitForAllAsyncOperationsToComplete
0x00007ff79fa23af8 (Unity) <lambda_b37b41f03089e3cb3f55061bbc93253d>::operator()
0x00007ff79fa5f422 (Unity) asio::detail::completion_handler<core::mutable_function<void __cdecl(void)>,asio::io_context::basic_executor_type<std::allocator<void>,0> >::do_complete
0x00007ff79fa4b3ce (Unity) asio::detail::win_iocp_io_context::do_one
0x00007ff79fa4d034 (Unity) asio::detail::win_iocp_io_context::run
0x00007ff79fa5d7cc (Unity) IOService::Run
0x00007ff79fa30c2f (Unity) AssetImportWorkerClient::Run
0x00007ff79f9fc3d7 (Unity) RunAssetImportWorkerClientV2
0x00007ff79f9fc45b (Unity) RunAssetImporterV2
0x00007ff79f1f31de (Unity) Application::InitializeProject
0x00007ff79f688795 (Unity) WinMain
0x00007ff7a0a535ce (Unity) __scrt_common_main_seh
0x00007ffa8b87e8d7 (KERNEL32) BaseThreadInitThunk
0x00007ffa8c1714fc (ntdll) RtlUserThreadStart
Unloading 3378 Unused Serialized files (Serialized files now loaded: 0)
Unloading 39 unused Assets / (1.0 MB). Loaded Objects now: 4071.
Memory consumption went from 127.2 MB to 126.2 MB.
Total: 6.125000 ms (FindLiveObjects: 0.224200 ms CreateObjectMapping: 0.096800 ms MarkObjects: 5.068500 ms  DeleteObjects: 0.734200 ms)

Prepare: number of updated asset objects reloaded= 0
AssetImportParameters requested are different than current active one (requested -> active):
  custom:container-demuxer-ogg: 62fdf1f143b41e24485cea50d1cbac27 -> 
  custom:scripting/monoscript/fileName/Tree.cs: dca7474b58f05e1dc61bb9deb148038d -> 
  custom:video-codec-MediaFoundation-h265: 746d11721c4dcdbdad8f713fa42b33f4 -> 
  custom:video-decoder-ogg-theora: a1e56fd34408186e4bbccfd4996cb3dc -> 
  custom:scripting/monoscript/fileName/Timber.cs: e3f520cc8fc09857160dc689c53c79e7 -> 
  custom:framework-win-MediaFoundation: 216162199b28c13a410421893ffa2e32 -> 
  custom:scripting/monoscript/fileName/Money.cs: 9c40cb0a308c8e4e1f5815ebef98078a -> 
  custom:CustomObjectIndexerAttribute: 9a22284fe3817be447336de3de66b15e -> 
  custom:scripting/monoscript/fileName/FillableBar3D.cs: 52f14b7e6922cb183133cc6746322f72 -> 
  custom:scripting/monoscript/fileName/ArrowController.cs: 1a447edfdb5484109c0662398b0d2a4f -> 
  custom:container-demuxer-webm: 4f35f7cbe854078d1ac9338744f61a02 -> 
  custom:container-muxer-webm: aa71ff27fc2769a1b78a27578f13a17b -> 
  custom:video-decoder-webm-vp8: 9c59270c3fd7afecdb556c50c9e8de78 -> 
  custom:SearchIndexIgnoredProperties: e643bd26f0fe6173181afceb89e7c659 -> 
  custom:AudioImporter_EditorPlatform: d09bf68614088b80899f8185d706f6e7 -> 
  custom:video-encoder-webm-vp8: eb34c28f22e8b96e1ab97ce403110664 -> 
  custom:audio-decoder-ogg-vorbis: bf7c407c2cedff20999df2af8eb42d56 -> 
  custom:audio-encoder-webm-vorbis: bf7c407c2cedff20999df2af8eb42d56 -> 
  custom:scripting/precompiled-assembly-types:Assembly-CSharp: f0319d0306588bc75f46ae5680644858 -> 898d7dc12b5aaae7dfacee678fc8dd41
========================================================================
Received Prepare
Caller must complete domain reload
Begin MonoManager ReloadAssembly
- Loaded All Assemblies, in  0.550 seconds
Native extension for WindowsStandalone target not found
Native extension for Android target not found
Native extension for WebGL target not found
[Package Manager] Server::EnsureServerProcessIsRunning -- launch failed, reason: Unity was launched with the -noUpm command-line argument
[Package Manager] UpmClient::Send -- Unable to send message (not connected to UPM process).
[Package Manager] Cannot connect to Unity Package Manager local server
Failed to sync packages list
UnityEngine.StackTraceUtility:ExtractStackTrace ()
UnityEngine.DebugLogHandler:LogFormat (UnityEngine.LogType,UnityEngine.Object,string,object[])
UnityEngine.Logger:Log (UnityEngine.LogType,object)
UnityEngine.Debug:LogWarning (object)
 .  / :MoveNext ()
System.Runtime.CompilerServices.AsyncVoidMethodBuilder:Start< .  / > ( .  / &)
 .  :  ()
 .⁪/ :MoveNext ()
System.Runtime.CompilerServices.AsyncTaskMethodBuilder:Start< .⁪/ > ( .⁪/ &)
 .⁪:  ()
System.Reflection.RuntimeMethodInfo:Invoke (object,System.Reflection.BindingFlags,System.Reflection.Binder,object[],System.Globalization.CultureInfo)
System.Reflection.MethodBase:Invoke (object,object[])
UnityEditor.EditorAssemblies:ProcessInitializeOnLoadMethodAttributes ()

Mono: successfully reloaded assembly
- Finished resetting the current domain, in  1.761 seconds
Domain Reload Profiling: 2309ms
	BeginReloadAssembly (165ms)
		ExecutionOrderSort (0ms)
		DisableScriptedObjects (5ms)
		BackupInstance (0ms)
		ReleaseScriptingObjects (0ms)
		CreateAndSetChildDomain (37ms)
	RebuildCommonClasses (42ms)
	RebuildNativeTypeToScriptingClass (11ms)
	initialDomainReloadingComplete (31ms)
	LoadAllAssembliesAndSetupDomain (299ms)
		LoadAssemblies (367ms)
		RebuildTransferFunctionScriptingTraits (0ms)
		AnalyzeDomain (19ms)
			TypeCache.Refresh (7ms)
				TypeCache.ScanAssembly (0ms)
			ScanForSourceGeneratedMonoScriptInfo (0ms)
			ResolveRequiredComponents (9ms)
	FinalizeReload (1762ms)
		ReleaseScriptCaches (0ms)
		RebuildScriptCaches (0ms)
		SetupLoadedEditorAssemblies (658ms)
			LogAssemblyErrors (0ms)
			InitializePlatformSupportModulesInManaged (22ms)
			SetLoadedEditorAssemblies (7ms)
			RefreshPlugins (0ms)
			BeforeProcessingInitializeOnLoad (67ms)
			ProcessInitializeOnLoadAttributes (493ms)
			ProcessInitializeOnLoadMethodAttributes (63ms)
			AfterProcessingInitializeOnLoad (6ms)
			EditorAssembliesLoaded (0ms)
		ExecutionOrderSort2 (0ms)
		AwakeInstancesAfterBackupRestoration (8ms)
Refreshing native plugins compatible for Editor in 24.56 ms, found 6 plugins.
Preloading 0 native plugins for Editor in 0.00 ms.
Release of invalid GC handle. The handle is from a previous domain. The release operation is skipped.
Release of invalid GC handle native callstack: 
0x00007ff79e68424d (Unity) StackWalker::GetCurrentCallstack
0x00007ff79e689329 (Unity) StackWalker::ShowCallstack
0x00007ff79f67dae1 (Unity) GetStacktrace
0x00007ff79e57f20d (Unity) ScriptingGCHandle::ReleaseAndClear
0x00007ff79eb4748c (Unity) UploadHandlerRaw::`vector deleting destructor'
0x00007ff79eb4803d (Unity) UploadHandler::Release
0x00007ff79eb448dd (Unity) UnityWebRequestProto<UnityWebRequestTransport,AtomicRefCounter,RedirectHelper,ResponseHelper,DownloadHandler,UploadHandler,CertificateHandler,HeaderHelper,AsyncOperation>::~UnityWebRequestProto<UnityWebRequestTransport,AtomicRefCounter,RedirectHelper,ResponseHelper,DownloadHandler,UploadHandler,CertificateHandler,HeaderHelper,AsyncOperation>
0x00007ff79eb44bd6 (Unity) UnityWebRequest::`vector deleting destructor'
0x00007ff79d894b77 (Unity) UnityWebRequestProto<UnityWebRequestTransport,AtomicRefCounter,RedirectHelper,ResponseHelper,DownloadHandler,UploadHandler,CertificateHandler,HeaderHelper,AsyncOperation>::Release
0x00007ff79eb46605 (Unity) UnityWebRequestAsyncOperation::InvokeCoroutine
0x00007ff79eb467e1 (Unity) UnityWebRequestProto<UnityWebRequestTransport,AtomicRefCounter,RedirectHelper,ResponseHelper,DownloadHandler,UploadHandler,CertificateHandler,HeaderHelper,AsyncOperation>::Job_InvokeCoroutine
0x00007ff79e1ab54a (Unity) BackgroundJobQueue::ExecuteMainThreadJobs
0x00007ff79e26005f (Unity) PreloadManager::WaitForAllAsyncOperationsToComplete
0x00007ff79fa23af8 (Unity) <lambda_b37b41f03089e3cb3f55061bbc93253d>::operator()
0x00007ff79fa5f422 (Unity) asio::detail::completion_handler<core::mutable_function<void __cdecl(void)>,asio::io_context::basic_executor_type<std::allocator<void>,0> >::do_complete
0x00007ff79fa4b3ce (Unity) asio::detail::win_iocp_io_context::do_one
0x00007ff79fa4d034 (Unity) asio::detail::win_iocp_io_context::run
0x00007ff79fa5d7cc (Unity) IOService::Run
0x00007ff79fa30c2f (Unity) AssetImportWorkerClient::Run
0x00007ff79f9fc3d7 (Unity) RunAssetImportWorkerClientV2
0x00007ff79f9fc45b (Unity) RunAssetImporterV2
0x00007ff79f1f31de (Unity) Application::InitializeProject
0x00007ff79f688795 (Unity) WinMain
0x00007ff7a0a535ce (Unity) __scrt_common_main_seh
0x00007ffa8b87e8d7 (KERNEL32) BaseThreadInitThunk
0x00007ffa8c1714fc (ntdll) RtlUserThreadStart
Unloading 3378 Unused Serialized files (Serialized files now loaded: 0)
Unloading 39 unused Assets / (1.0 MB). Loaded Objects now: 4076.
Memory consumption went from 129.2 MB to 128.2 MB.
Total: 4.718000 ms (FindLiveObjects: 0.241800 ms CreateObjectMapping: 0.097600 ms MarkObjects: 3.861900 ms  DeleteObjects: 0.515500 ms)

Prepare: number of updated asset objects reloaded= 0
AssetImportParameters requested are different than current active one (requested -> active):
  custom:container-demuxer-ogg: 62fdf1f143b41e24485cea50d1cbac27 -> 
  custom:scripting/monoscript/fileName/Tree.cs: dca7474b58f05e1dc61bb9deb148038d -> 
  custom:video-codec-MediaFoundation-h265: 746d11721c4dcdbdad8f713fa42b33f4 -> 
  custom:video-decoder-ogg-theora: a1e56fd34408186e4bbccfd4996cb3dc -> 
  custom:scripting/monoscript/fileName/Timber.cs: e3f520cc8fc09857160dc689c53c79e7 -> 
  custom:framework-win-MediaFoundation: 216162199b28c13a410421893ffa2e32 -> 
  custom:scripting/monoscript/fileName/Money.cs: 9c40cb0a308c8e4e1f5815ebef98078a -> 
  custom:CustomObjectIndexerAttribute: 9a22284fe3817be447336de3de66b15e -> 
  custom:scripting/monoscript/fileName/FillableBar3D.cs: 52f14b7e6922cb183133cc6746322f72 -> 
  custom:scripting/monoscript/fileName/ArrowController.cs: 1a447edfdb5484109c0662398b0d2a4f -> 
  custom:container-demuxer-webm: 4f35f7cbe854078d1ac9338744f61a02 -> 
  custom:container-muxer-webm: aa71ff27fc2769a1b78a27578f13a17b -> 
  custom:video-decoder-webm-vp8: 9c59270c3fd7afecdb556c50c9e8de78 -> 
  custom:SearchIndexIgnoredProperties: e643bd26f0fe6173181afceb89e7c659 -> 
  custom:AudioImporter_EditorPlatform: d09bf68614088b80899f8185d706f6e7 -> 
  custom:video-encoder-webm-vp8: eb34c28f22e8b96e1ab97ce403110664 -> 
  custom:audio-decoder-ogg-vorbis: bf7c407c2cedff20999df2af8eb42d56 -> 
  custom:audio-encoder-webm-vorbis: bf7c407c2cedff20999df2af8eb42d56 -> 
  custom:scripting/precompiled-assembly-types:Assembly-CSharp: f0319d0306588bc75f46ae5680644858 -> 898d7dc12b5aaae7dfacee678fc8dd41
========================================================================
Received Prepare
Caller must complete domain reload
Begin MonoManager ReloadAssembly
- Loaded All Assemblies, in  1.227 seconds
Native extension for WindowsStandalone target not found
Native extension for Android target not found
Native extension for WebGL target not found
[Package Manager] Server::EnsureServerProcessIsRunning -- launch failed, reason: Unity was launched with the -noUpm command-line argument
[Package Manager] UpmClient::Send -- Unable to send message (not connected to UPM process).
[Package Manager] Cannot connect to Unity Package Manager local server
Failed to sync packages list
UnityEngine.StackTraceUtility:ExtractStackTrace ()
UnityEngine.DebugLogHandler:LogFormat (UnityEngine.LogType,UnityEngine.Object,string,object[])
UnityEngine.Logger:Log (UnityEngine.LogType,object)
UnityEngine.Debug:LogWarning (object)
 .  / :MoveNext ()
System.Runtime.CompilerServices.AsyncVoidMethodBuilder:Start< .  / > ( .  / &)
 .  :  ()
 .⁪/ :MoveNext ()
System.Runtime.CompilerServices.AsyncTaskMethodBuilder:Start< .⁪/ > ( .⁪/ &)
 .⁪:  ()
System.Reflection.RuntimeMethodInfo:Invoke (object,System.Reflection.BindingFlags,System.Reflection.Binder,object[],System.Globalization.CultureInfo)
System.Reflection.MethodBase:Invoke (object,object[])
UnityEditor.EditorAssemblies:ProcessInitializeOnLoadMethodAttributes ()

Mono: successfully reloaded assembly
- Finished resetting the current domain, in 10.156 seconds
Domain Reload Profiling: 11382ms
	BeginReloadAssembly (164ms)
		ExecutionOrderSort (0ms)
		DisableScriptedObjects (5ms)
		BackupInstance (0ms)
		ReleaseScriptingObjects (0ms)
		CreateAndSetChildDomain (32ms)
	RebuildCommonClasses (31ms)
	RebuildNativeTypeToScriptingClass (10ms)
	initialDomainReloadingComplete (29ms)
	LoadAllAssembliesAndSetupDomain (991ms)
		LoadAssemblies (1068ms)
		RebuildTransferFunctionScriptingTraits (0ms)
		AnalyzeDomain (16ms)
			TypeCache.Refresh (6ms)
				TypeCache.ScanAssembly (0ms)
			ScanForSourceGeneratedMonoScriptInfo (0ms)
			ResolveRequiredComponents (6ms)
	FinalizeReload (10157ms)
		ReleaseScriptCaches (0ms)
		RebuildScriptCaches (0ms)
		SetupLoadedEditorAssemblies (696ms)
			LogAssemblyErrors (0ms)
			InitializePlatformSupportModulesInManaged (18ms)
			SetLoadedEditorAssemblies (7ms)
			RefreshPlugins (0ms)
			BeforeProcessingInitializeOnLoad (65ms)
			ProcessInitializeOnLoadAttributes (535ms)
			ProcessInitializeOnLoadMethodAttributes (66ms)
			AfterProcessingInitializeOnLoad (5ms)
			EditorAssembliesLoaded (0ms)
		ExecutionOrderSort2 (0ms)
		AwakeInstancesAfterBackupRestoration (9ms)
Refreshing native plugins compatible for Editor in 24.61 ms, found 6 plugins.
Preloading 0 native plugins for Editor in 0.00 ms.
Release of invalid GC handle. The handle is from a previous domain. The release operation is skipped.
Release of invalid GC handle native callstack: 
0x00007ff79e68424d (Unity) StackWalker::GetCurrentCallstack
0x00007ff79e689329 (Unity) StackWalker::ShowCallstack
0x00007ff79f67dae1 (Unity) GetStacktrace
0x00007ff79e57f20d (Unity) ScriptingGCHandle::ReleaseAndClear
0x00007ff79eb4748c (Unity) UploadHandlerRaw::`vector deleting destructor'
0x00007ff79eb4803d (Unity) UploadHandler::Release
0x00007ff79eb448dd (Unity) UnityWebRequestProto<UnityWebRequestTransport,AtomicRefCounter,RedirectHelper,ResponseHelper,DownloadHandler,UploadHandler,CertificateHandler,HeaderHelper,AsyncOperation>::~UnityWebRequestProto<UnityWebRequestTransport,AtomicRefCounter,RedirectHelper,ResponseHelper,DownloadHandler,UploadHandler,CertificateHandler,HeaderHelper,AsyncOperation>
0x00007ff79eb44bd6 (Unity) UnityWebRequest::`vector deleting destructor'
0x00007ff79d894b77 (Unity) UnityWebRequestProto<UnityWebRequestTransport,AtomicRefCounter,RedirectHelper,ResponseHelper,DownloadHandler,UploadHandler,CertificateHandler,HeaderHelper,AsyncOperation>::Release
0x00007ff79eb46605 (Unity) UnityWebRequestAsyncOperation::InvokeCoroutine
0x00007ff79eb467e1 (Unity) UnityWebRequestProto<UnityWebRequestTransport,AtomicRefCounter,RedirectHelper,ResponseHelper,DownloadHandler,UploadHandler,CertificateHandler,HeaderHelper,AsyncOperation>::Job_InvokeCoroutine
0x00007ff79e1ab54a (Unity) BackgroundJobQueue::ExecuteMainThreadJobs
0x00007ff79e26005f (Unity) PreloadManager::WaitForAllAsyncOperationsToComplete
0x00007ff79fa23af8 (Unity) <lambda_b37b41f03089e3cb3f55061bbc93253d>::operator()
0x00007ff79fa5f422 (Unity) asio::detail::completion_handler<core::mutable_function<void __cdecl(void)>,asio::io_context::basic_executor_type<std::allocator<void>,0> >::do_complete
0x00007ff79fa4b3ce (Unity) asio::detail::win_iocp_io_context::do_one
0x00007ff79fa4d034 (Unity) asio::detail::win_iocp_io_context::run
0x00007ff79fa5d7cc (Unity) IOService::Run
0x00007ff79fa30c2f (Unity) AssetImportWorkerClient::Run
0x00007ff79f9fc3d7 (Unity) RunAssetImportWorkerClientV2
0x00007ff79f9fc45b (Unity) RunAssetImporterV2
0x00007ff79f1f31de (Unity) Application::InitializeProject
0x00007ff79f688795 (Unity) WinMain
0x00007ff7a0a535ce (Unity) __scrt_common_main_seh
0x00007ffa8b87e8d7 (KERNEL32) BaseThreadInitThunk
0x00007ffa8c1714fc (ntdll) RtlUserThreadStart
Unloading 3378 Unused Serialized files (Serialized files now loaded: 0)
Unloading 39 unused Assets / (1.0 MB). Loaded Objects now: 4081.
Memory consumption went from 127.6 MB to 126.6 MB.
Total: 15.741900 ms (FindLiveObjects: 9.261900 ms CreateObjectMapping: 0.127500 ms MarkObjects: 5.490200 ms  DeleteObjects: 0.859800 ms)

Prepare: number of updated asset objects reloaded= 0
AssetImportParameters requested are different than current active one (requested -> active):
  custom:container-demuxer-ogg: 62fdf1f143b41e24485cea50d1cbac27 -> 
  custom:scripting/monoscript/fileName/Tree.cs: dca7474b58f05e1dc61bb9deb148038d -> 
  custom:video-codec-MediaFoundation-h265: 746d11721c4dcdbdad8f713fa42b33f4 -> 
  custom:video-decoder-ogg-theora: a1e56fd34408186e4bbccfd4996cb3dc -> 
  custom:scripting/monoscript/fileName/Timber.cs: e3f520cc8fc09857160dc689c53c79e7 -> 
  custom:framework-win-MediaFoundation: 216162199b28c13a410421893ffa2e32 -> 
  custom:scripting/monoscript/fileName/Money.cs: 9c40cb0a308c8e4e1f5815ebef98078a -> 
  custom:CustomObjectIndexerAttribute: 9a22284fe3817be447336de3de66b15e -> 
  custom:scripting/monoscript/fileName/FillableBar3D.cs: 52f14b7e6922cb183133cc6746322f72 -> 
  custom:scripting/monoscript/fileName/ArrowController.cs: 1a447edfdb5484109c0662398b0d2a4f -> 
  custom:container-demuxer-webm: 4f35f7cbe854078d1ac9338744f61a02 -> 
  custom:container-muxer-webm: aa71ff27fc2769a1b78a27578f13a17b -> 
  custom:video-decoder-webm-vp8: 9c59270c3fd7afecdb556c50c9e8de78 -> 
  custom:SearchIndexIgnoredProperties: e643bd26f0fe6173181afceb89e7c659 -> 
  custom:AudioImporter_EditorPlatform: d09bf68614088b80899f8185d706f6e7 -> 
  custom:video-encoder-webm-vp8: eb34c28f22e8b96e1ab97ce403110664 -> 
  custom:audio-decoder-ogg-vorbis: bf7c407c2cedff20999df2af8eb42d56 -> 
  custom:audio-encoder-webm-vorbis: bf7c407c2cedff20999df2af8eb42d56 -> 
  custom:scripting/precompiled-assembly-types:Assembly-CSharp: f0319d0306588bc75f46ae5680644858 -> 898d7dc12b5aaae7dfacee678fc8dd41
========================================================================
Received Prepare
Caller must complete domain reload
Begin MonoManager ReloadAssembly
- Loaded All Assemblies, in  1.102 seconds
Native extension for WindowsStandalone target not found
Native extension for Android target not found
Native extension for WebGL target not found
[Package Manager] Server::EnsureServerProcessIsRunning -- launch failed, reason: Unity was launched with the -noUpm command-line argument
[Package Manager] UpmClient::Send -- Unable to send message (not connected to UPM process).
[Package Manager] Cannot connect to Unity Package Manager local server
Failed to sync packages list
UnityEngine.StackTraceUtility:ExtractStackTrace ()
UnityEngine.DebugLogHandler:LogFormat (UnityEngine.LogType,UnityEngine.Object,string,object[])
UnityEngine.Logger:Log (UnityEngine.LogType,object)
UnityEngine.Debug:LogWarning (object)
 .  / :MoveNext ()
System.Runtime.CompilerServices.AsyncVoidMethodBuilder:Start< .  / > ( .  / &)
 .  :  ()
 .⁪/ :MoveNext ()
System.Runtime.CompilerServices.AsyncTaskMethodBuilder:Start< .⁪/ > ( .⁪/ &)
 .⁪:  ()
System.Reflection.RuntimeMethodInfo:Invoke (object,System.Reflection.BindingFlags,System.Reflection.Binder,object[],System.Globalization.CultureInfo)
System.Reflection.MethodBase:Invoke (object,object[])
UnityEditor.EditorAssemblies:ProcessInitializeOnLoadMethodAttributes ()

Mono: successfully reloaded assembly
- Finished resetting the current domain, in 12.514 seconds
Domain Reload Profiling: 13615ms
	BeginReloadAssembly (176ms)
		ExecutionOrderSort (0ms)
		DisableScriptedObjects (5ms)
		BackupInstance (0ms)
		ReleaseScriptingObjects (0ms)
		CreateAndSetChildDomain (32ms)
	RebuildCommonClasses (75ms)
	RebuildNativeTypeToScriptingClass (13ms)
	initialDomainReloadingComplete (32ms)
	LoadAllAssembliesAndSetupDomain (805ms)
		LoadAssemblies (882ms)
		RebuildTransferFunctionScriptingTraits (0ms)
		AnalyzeDomain (26ms)
			TypeCache.Refresh (6ms)
				TypeCache.ScanAssembly (0ms)
			ScanForSourceGeneratedMonoScriptInfo (0ms)
			ResolveRequiredComponents (16ms)
	FinalizeReload (12515ms)
		ReleaseScriptCaches (0ms)
		RebuildScriptCaches (0ms)
		SetupLoadedEditorAssemblies (710ms)
			LogAssemblyErrors (0ms)
			InitializePlatformSupportModulesInManaged (55ms)
			SetLoadedEditorAssemblies (7ms)
			RefreshPlugins (0ms)
			BeforeProcessingInitializeOnLoad (102ms)
			ProcessInitializeOnLoadAttributes (489ms)
			ProcessInitializeOnLoadMethodAttributes (54ms)
			AfterProcessingInitializeOnLoad (4ms)
			EditorAssembliesLoaded (0ms)
		ExecutionOrderSort2 (0ms)
		AwakeInstancesAfterBackupRestoration (6ms)
Refreshing native plugins compatible for Editor in 4.74 ms, found 6 plugins.
Preloading 0 native plugins for Editor in 0.00 ms.
Release of invalid GC handle. The handle is from a previous domain. The release operation is skipped.
Release of invalid GC handle native callstack: 
0x00007ff79e68424d (Unity) StackWalker::GetCurrentCallstack
0x00007ff79e689329 (Unity) StackWalker::ShowCallstack
0x00007ff79f67dae1 (Unity) GetStacktrace
0x00007ff79e57f20d (Unity) ScriptingGCHandle::ReleaseAndClear
0x00007ff79eb4748c (Unity) UploadHandlerRaw::`vector deleting destructor'
0x00007ff79eb4803d (Unity) UploadHandler::Release
0x00007ff79eb448dd (Unity) UnityWebRequestProto<UnityWebRequestTransport,AtomicRefCounter,RedirectHelper,ResponseHelper,DownloadHandler,UploadHandler,CertificateHandler,HeaderHelper,AsyncOperation>::~UnityWebRequestProto<UnityWebRequestTransport,AtomicRefCounter,RedirectHelper,ResponseHelper,DownloadHandler,UploadHandler,CertificateHandler,HeaderHelper,AsyncOperation>
0x00007ff79eb44bd6 (Unity) UnityWebRequest::`vector deleting destructor'
0x00007ff79d894b77 (Unity) UnityWebRequestProto<UnityWebRequestTransport,AtomicRefCounter,RedirectHelper,ResponseHelper,DownloadHandler,UploadHandler,CertificateHandler,HeaderHelper,AsyncOperation>::Release
0x00007ff79eb46605 (Unity) UnityWebRequestAsyncOperation::InvokeCoroutine
0x00007ff79eb467e1 (Unity) UnityWebRequestProto<UnityWebRequestTransport,AtomicRefCounter,RedirectHelper,ResponseHelper,DownloadHandler,UploadHandler,CertificateHandler,HeaderHelper,AsyncOperation>::Job_InvokeCoroutine
0x00007ff79e1ab54a (Unity) BackgroundJobQueue::ExecuteMainThreadJobs
0x00007ff79e26005f (Unity) PreloadManager::WaitForAllAsyncOperationsToComplete
0x00007ff79fa23af8 (Unity) <lambda_b37b41f03089e3cb3f55061bbc93253d>::operator()
0x00007ff79fa5f422 (Unity) asio::detail::completion_handler<core::mutable_function<void __cdecl(void)>,asio::io_context::basic_executor_type<std::allocator<void>,0> >::do_complete
0x00007ff79fa4b3ce (Unity) asio::detail::win_iocp_io_context::do_one
0x00007ff79fa4d034 (Unity) asio::detail::win_iocp_io_context::run
0x00007ff79fa5d7cc (Unity) IOService::Run
0x00007ff79fa30c2f (Unity) AssetImportWorkerClient::Run
0x00007ff79f9fc3d7 (Unity) RunAssetImportWorkerClientV2
0x00007ff79f9fc45b (Unity) RunAssetImporterV2
0x00007ff79f1f31de (Unity) Application::InitializeProject
0x00007ff79f688795 (Unity) WinMain
0x00007ff7a0a535ce (Unity) __scrt_common_main_seh
0x00007ffa8b87e8d7 (KERNEL32) BaseThreadInitThunk
0x00007ffa8c1714fc (ntdll) RtlUserThreadStart
Unloading 3378 Unused Serialized files (Serialized files now loaded: 0)
Unloading 39 unused Assets / (1.0 MB). Loaded Objects now: 4086.
Memory consumption went from 129.2 MB to 128.2 MB.
Total: 4.540900 ms (FindLiveObjects: 0.227100 ms CreateObjectMapping: 0.095600 ms MarkObjects: 3.730700 ms  DeleteObjects: 0.486300 ms)

Prepare: number of updated asset objects reloaded= 0
AssetImportParameters requested are different than current active one (requested -> active):
  custom:container-demuxer-ogg: 62fdf1f143b41e24485cea50d1cbac27 -> 
  custom:scripting/monoscript/fileName/Tree.cs: dca7474b58f05e1dc61bb9deb148038d -> 
  custom:video-codec-MediaFoundation-h265: 746d11721c4dcdbdad8f713fa42b33f4 -> 
  custom:video-decoder-ogg-theora: a1e56fd34408186e4bbccfd4996cb3dc -> 
  custom:scripting/monoscript/fileName/Timber.cs: e3f520cc8fc09857160dc689c53c79e7 -> 
  custom:framework-win-MediaFoundation: 216162199b28c13a410421893ffa2e32 -> 
  custom:scripting/monoscript/fileName/Money.cs: 9c40cb0a308c8e4e1f5815ebef98078a -> 
  custom:CustomObjectIndexerAttribute: 9a22284fe3817be447336de3de66b15e -> 
  custom:scripting/monoscript/fileName/FillableBar3D.cs: 52f14b7e6922cb183133cc6746322f72 -> 
  custom:scripting/monoscript/fileName/ArrowController.cs: 1a447edfdb5484109c0662398b0d2a4f -> 
  custom:container-demuxer-webm: 4f35f7cbe854078d1ac9338744f61a02 -> 
  custom:container-muxer-webm: aa71ff27fc2769a1b78a27578f13a17b -> 
  custom:video-decoder-webm-vp8: 9c59270c3fd7afecdb556c50c9e8de78 -> 
  custom:SearchIndexIgnoredProperties: e643bd26f0fe6173181afceb89e7c659 -> 
  custom:AudioImporter_EditorPlatform: d09bf68614088b80899f8185d706f6e7 -> 
  custom:video-encoder-webm-vp8: eb34c28f22e8b96e1ab97ce403110664 -> 
  custom:audio-decoder-ogg-vorbis: bf7c407c2cedff20999df2af8eb42d56 -> 
  custom:audio-encoder-webm-vorbis: bf7c407c2cedff20999df2af8eb42d56 -> 
  custom:scripting/precompiled-assembly-types:Assembly-CSharp: f0319d0306588bc75f46ae5680644858 -> 898d7dc12b5aaae7dfacee678fc8dd41
========================================================================
Received Prepare
Caller must complete domain reload
Begin MonoManager ReloadAssembly
Curl error 42: Callback aborted
- Loaded All Assemblies, in  0.898 seconds
Native extension for WindowsStandalone target not found
Native extension for Android target not found
Native extension for WebGL target not found
[Package Manager] Server::EnsureServerProcessIsRunning -- launch failed, reason: Unity was launched with the -noUpm command-line argument
[Package Manager] UpmClient::Send -- Unable to send message (not connected to UPM process).
[Package Manager] Cannot connect to Unity Package Manager local server
Failed to sync packages list
UnityEngine.StackTraceUtility:ExtractStackTrace ()
UnityEngine.DebugLogHandler:LogFormat (UnityEngine.LogType,UnityEngine.Object,string,object[])
UnityEngine.Logger:Log (UnityEngine.LogType,object)
UnityEngine.Debug:LogWarning (object)
 .  / :MoveNext ()
System.Runtime.CompilerServices.AsyncVoidMethodBuilder:Start< .  / > ( .  / &)
 .  :  ()
 .⁪/ :MoveNext ()
System.Runtime.CompilerServices.AsyncTaskMethodBuilder:Start< .⁪/ > ( .⁪/ &)
 .⁪:  ()
System.Reflection.RuntimeMethodInfo:Invoke (object,System.Reflection.BindingFlags,System.Reflection.Binder,object[],System.Globalization.CultureInfo)
System.Reflection.MethodBase:Invoke (object,object[])
UnityEditor.EditorAssemblies:ProcessInitializeOnLoadMethodAttributes ()

Mono: successfully reloaded assembly
- Finished resetting the current domain, in  7.186 seconds
Domain Reload Profiling: 8083ms
	BeginReloadAssembly (162ms)
		ExecutionOrderSort (0ms)
		DisableScriptedObjects (7ms)
		BackupInstance (0ms)
		ReleaseScriptingObjects (0ms)
		CreateAndSetChildDomain (32ms)
	RebuildCommonClasses (48ms)
	RebuildNativeTypeToScriptingClass (15ms)
	initialDomainReloadingComplete (31ms)
	LoadAllAssembliesAndSetupDomain (642ms)
		LoadAssemblies (704ms)
		RebuildTransferFunctionScriptingTraits (0ms)
		AnalyzeDomain (19ms)
			TypeCache.Refresh (8ms)
				TypeCache.ScanAssembly (0ms)
			ScanForSourceGeneratedMonoScriptInfo (0ms)
			ResolveRequiredComponents (8ms)
	FinalizeReload (7186ms)
		ReleaseScriptCaches (0ms)
		RebuildScriptCaches (0ms)
		SetupLoadedEditorAssemblies (526ms)
			LogAssemblyErrors (0ms)
			InitializePlatformSupportModulesInManaged (22ms)
			SetLoadedEditorAssemblies (5ms)
			RefreshPlugins (0ms)
			BeforeProcessingInitializeOnLoad (63ms)
			ProcessInitializeOnLoadAttributes (383ms)
			ProcessInitializeOnLoadMethodAttributes (49ms)
			AfterProcessingInitializeOnLoad (4ms)
			EditorAssembliesLoaded (0ms)
		ExecutionOrderSort2 (0ms)
		AwakeInstancesAfterBackupRestoration (6ms)
Refreshing native plugins compatible for Editor in 8.03 ms, found 6 plugins.
Preloading 0 native plugins for Editor in 0.00 ms.
Release of invalid GC handle. The handle is from a previous domain. The release operation is skipped.
Release of invalid GC handle native callstack: 
0x00007ff79e68424d (Unity) StackWalker::GetCurrentCallstack
0x00007ff79e689329 (Unity) StackWalker::ShowCallstack
0x00007ff79f67dae1 (Unity) GetStacktrace
0x00007ff79e57f20d (Unity) ScriptingGCHandle::ReleaseAndClear
0x00007ff79eb4748c (Unity) UploadHandlerRaw::`vector deleting destructor'
0x00007ff79eb4803d (Unity) UploadHandler::Release
0x00007ff79eb448dd (Unity) UnityWebRequestProto<UnityWebRequestTransport,AtomicRefCounter,RedirectHelper,ResponseHelper,DownloadHandler,UploadHandler,CertificateHandler,HeaderHelper,AsyncOperation>::~UnityWebRequestProto<UnityWebRequestTransport,AtomicRefCounter,RedirectHelper,ResponseHelper,DownloadHandler,UploadHandler,CertificateHandler,HeaderHelper,AsyncOperation>
0x00007ff79eb44bd6 (Unity) UnityWebRequest::`vector deleting destructor'
0x00007ff79d894b77 (Unity) UnityWebRequestProto<UnityWebRequestTransport,AtomicRefCounter,RedirectHelper,ResponseHelper,DownloadHandler,UploadHandler,CertificateHandler,HeaderHelper,AsyncOperation>::Release
0x00007ff79eb46605 (Unity) UnityWebRequestAsyncOperation::InvokeCoroutine
0x00007ff79eb467e1 (Unity) UnityWebRequestProto<UnityWebRequestTransport,AtomicRefCounter,RedirectHelper,ResponseHelper,DownloadHandler,UploadHandler,CertificateHandler,HeaderHelper,AsyncOperation>::Job_InvokeCoroutine
0x00007ff79e1ab54a (Unity) BackgroundJobQueue::ExecuteMainThreadJobs
0x00007ff79e26005f (Unity) PreloadManager::WaitForAllAsyncOperationsToComplete
0x00007ff79fa23af8 (Unity) <lambda_b37b41f03089e3cb3f55061bbc93253d>::operator()
0x00007ff79fa5f422 (Unity) asio::detail::completion_handler<core::mutable_function<void __cdecl(void)>,asio::io_context::basic_executor_type<std::allocator<void>,0> >::do_complete
0x00007ff79fa4b3ce (Unity) asio::detail::win_iocp_io_context::do_one
0x00007ff79fa4d034 (Unity) asio::detail::win_iocp_io_context::run
0x00007ff79fa5d7cc (Unity) IOService::Run
0x00007ff79fa30c2f (Unity) AssetImportWorkerClient::Run
0x00007ff79f9fc3d7 (Unity) RunAssetImportWorkerClientV2
0x00007ff79f9fc45b (Unity) RunAssetImporterV2
0x00007ff79f1f31de (Unity) Application::InitializeProject
0x00007ff79f688795 (Unity) WinMain
0x00007ff7a0a535ce (Unity) __scrt_common_main_seh
0x00007ffa8b87e8d7 (KERNEL32) BaseThreadInitThunk
0x00007ffa8c1714fc (ntdll) RtlUserThreadStart
Unloading 3378 Unused Serialized files (Serialized files now loaded: 0)
Unloading 39 unused Assets / (1.0 MB). Loaded Objects now: 4091.
Memory consumption went from 130.5 MB to 129.5 MB.
Total: 9.853800 ms (FindLiveObjects: 0.248000 ms CreateObjectMapping: 0.096500 ms MarkObjects: 8.953400 ms  DeleteObjects: 0.554400 ms)

Prepare: number of updated asset objects reloaded= 0
AssetImportParameters requested are different than current active one (requested -> active):
  custom:container-demuxer-ogg: 62fdf1f143b41e24485cea50d1cbac27 -> 
  custom:scripting/monoscript/fileName/Tree.cs: dca7474b58f05e1dc61bb9deb148038d -> 
  custom:video-codec-MediaFoundation-h265: 746d11721c4dcdbdad8f713fa42b33f4 -> 
  custom:video-decoder-ogg-theora: a1e56fd34408186e4bbccfd4996cb3dc -> 
  custom:scripting/monoscript/fileName/Timber.cs: e3f520cc8fc09857160dc689c53c79e7 -> 
  custom:framework-win-MediaFoundation: 216162199b28c13a410421893ffa2e32 -> 
  custom:scripting/monoscript/fileName/Money.cs: 9c40cb0a308c8e4e1f5815ebef98078a -> 
  custom:CustomObjectIndexerAttribute: 9a22284fe3817be447336de3de66b15e -> 
  custom:scripting/monoscript/fileName/FillableBar3D.cs: 52f14b7e6922cb183133cc6746322f72 -> 
  custom:scripting/monoscript/fileName/ArrowController.cs: 1a447edfdb5484109c0662398b0d2a4f -> 
  custom:container-demuxer-webm: 4f35f7cbe854078d1ac9338744f61a02 -> 
  custom:container-muxer-webm: aa71ff27fc2769a1b78a27578f13a17b -> 
  custom:video-decoder-webm-vp8: 9c59270c3fd7afecdb556c50c9e8de78 -> 
  custom:SearchIndexIgnoredProperties: e643bd26f0fe6173181afceb89e7c659 -> 
  custom:AudioImporter_EditorPlatform: d09bf68614088b80899f8185d706f6e7 -> 
  custom:video-encoder-webm-vp8: eb34c28f22e8b96e1ab97ce403110664 -> 
  custom:audio-decoder-ogg-vorbis: bf7c407c2cedff20999df2af8eb42d56 -> 
  custom:audio-encoder-webm-vorbis: bf7c407c2cedff20999df2af8eb42d56 -> 
  custom:scripting/precompiled-assembly-types:Assembly-CSharp: f0319d0306588bc75f46ae5680644858 -> 898d7dc12b5aaae7dfacee678fc8dd41
========================================================================
Received Prepare
Caller must complete domain reload
Begin MonoManager ReloadAssembly
- Loaded All Assemblies, in  1.167 seconds
Native extension for WindowsStandalone target not found
Native extension for Android target not found
Native extension for WebGL target not found
[Package Manager] Server::EnsureServerProcessIsRunning -- launch failed, reason: Unity was launched with the -noUpm command-line argument
[Package Manager] UpmClient::Send -- Unable to send message (not connected to UPM process).
[Package Manager] Cannot connect to Unity Package Manager local server
Failed to sync packages list
UnityEngine.StackTraceUtility:ExtractStackTrace ()
UnityEngine.DebugLogHandler:LogFormat (UnityEngine.LogType,UnityEngine.Object,string,object[])
UnityEngine.Logger:Log (UnityEngine.LogType,object)
UnityEngine.Debug:LogWarning (object)
 .  / :MoveNext ()
System.Runtime.CompilerServices.AsyncVoidMethodBuilder:Start< .  / > ( .  / &)
 .  :  ()
 .⁪/ :MoveNext ()
System.Runtime.CompilerServices.AsyncTaskMethodBuilder:Start< .⁪/ > ( .⁪/ &)
 .⁪:  ()
System.Reflection.RuntimeMethodInfo:Invoke (object,System.Reflection.BindingFlags,System.Reflection.Binder,object[],System.Globalization.CultureInfo)
System.Reflection.MethodBase:Invoke (object,object[])
UnityEditor.EditorAssemblies:ProcessInitializeOnLoadMethodAttributes ()

Mono: successfully reloaded assembly
- Finished resetting the current domain, in  8.851 seconds
Domain Reload Profiling: 10018ms
	BeginReloadAssembly (182ms)
		ExecutionOrderSort (0ms)
		DisableScriptedObjects (7ms)
		BackupInstance (0ms)
		ReleaseScriptingObjects (0ms)
		CreateAndSetChildDomain (50ms)
	RebuildCommonClasses (35ms)
	RebuildNativeTypeToScriptingClass (12ms)
	initialDomainReloadingComplete (27ms)
	LoadAllAssembliesAndSetupDomain (910ms)
		LoadAssemblies (971ms)
		RebuildTransferFunctionScriptingTraits (0ms)
		AnalyzeDomain (28ms)
			TypeCache.Refresh (10ms)
				TypeCache.ScanAssembly (0ms)
			ScanForSourceGeneratedMonoScriptInfo (0ms)
			ResolveRequiredComponents (8ms)
	FinalizeReload (8852ms)
		ReleaseScriptCaches (0ms)
		RebuildScriptCaches (0ms)
		SetupLoadedEditorAssemblies (554ms)
			LogAssemblyErrors (0ms)
			InitializePlatformSupportModulesInManaged (22ms)
			SetLoadedEditorAssemblies (5ms)
			RefreshPlugins (0ms)
			BeforeProcessingInitializeOnLoad (66ms)
			ProcessInitializeOnLoadAttributes (408ms)
			ProcessInitializeOnLoadMethodAttributes (48ms)
			AfterProcessingInitializeOnLoad (5ms)
			EditorAssembliesLoaded (0ms)
		ExecutionOrderSort2 (0ms)
		AwakeInstancesAfterBackupRestoration (7ms)
Refreshing native plugins compatible for Editor in 6.18 ms, found 6 plugins.
Preloading 0 native plugins for Editor in 0.00 ms.
Release of invalid GC handle. The handle is from a previous domain. The release operation is skipped.
Release of invalid GC handle native callstack: 
0x00007ff79e68424d (Unity) StackWalker::GetCurrentCallstack
0x00007ff79e689329 (Unity) StackWalker::ShowCallstack
0x00007ff79f67dae1 (Unity) GetStacktrace
0x00007ff79e57f20d (Unity) ScriptingGCHandle::ReleaseAndClear
0x00007ff79eb4748c (Unity) UploadHandlerRaw::`vector deleting destructor'
0x00007ff79eb4803d (Unity) UploadHandler::Release
0x00007ff79eb448dd (Unity) UnityWebRequestProto<UnityWebRequestTransport,AtomicRefCounter,RedirectHelper,ResponseHelper,DownloadHandler,UploadHandler,CertificateHandler,HeaderHelper,AsyncOperation>::~UnityWebRequestProto<UnityWebRequestTransport,AtomicRefCounter,RedirectHelper,ResponseHelper,DownloadHandler,UploadHandler,CertificateHandler,HeaderHelper,AsyncOperation>
0x00007ff79eb44bd6 (Unity) UnityWebRequest::`vector deleting destructor'
0x00007ff79d894b77 (Unity) UnityWebRequestProto<UnityWebRequestTransport,AtomicRefCounter,RedirectHelper,ResponseHelper,DownloadHandler,UploadHandler,CertificateHandler,HeaderHelper,AsyncOperation>::Release
0x00007ff79eb46605 (Unity) UnityWebRequestAsyncOperation::InvokeCoroutine
0x00007ff79eb467e1 (Unity) UnityWebRequestProto<UnityWebRequestTransport,AtomicRefCounter,RedirectHelper,ResponseHelper,DownloadHandler,UploadHandler,CertificateHandler,HeaderHelper,AsyncOperation>::Job_InvokeCoroutine
0x00007ff79e1ab54a (Unity) BackgroundJobQueue::ExecuteMainThreadJobs
0x00007ff79e26005f (Unity) PreloadManager::WaitForAllAsyncOperationsToComplete
0x00007ff79fa23af8 (Unity) <lambda_b37b41f03089e3cb3f55061bbc93253d>::operator()
0x00007ff79fa5f422 (Unity) asio::detail::completion_handler<core::mutable_function<void __cdecl(void)>,asio::io_context::basic_executor_type<std::allocator<void>,0> >::do_complete
0x00007ff79fa4b3ce (Unity) asio::detail::win_iocp_io_context::do_one
0x00007ff79fa4d034 (Unity) asio::detail::win_iocp_io_context::run
0x00007ff79fa5d7cc (Unity) IOService::Run
0x00007ff79fa30c2f (Unity) AssetImportWorkerClient::Run
0x00007ff79f9fc3d7 (Unity) RunAssetImportWorkerClientV2
0x00007ff79f9fc45b (Unity) RunAssetImporterV2
0x00007ff79f1f31de (Unity) Application::InitializeProject
0x00007ff79f688795 (Unity) WinMain
0x00007ff7a0a535ce (Unity) __scrt_common_main_seh
0x00007ffa8b87e8d7 (KERNEL32) BaseThreadInitThunk
0x00007ffa8c1714fc (ntdll) RtlUserThreadStart
Unloading 3378 Unused Serialized files (Serialized files now loaded: 0)
Unloading 39 unused Assets / (1.0 MB). Loaded Objects now: 4096.
Memory consumption went from 141.0 MB to 140.0 MB.
Total: 4.511900 ms (FindLiveObjects: 0.242700 ms CreateObjectMapping: 0.101000 ms MarkObjects: 3.678300 ms  DeleteObjects: 0.488900 ms)

Prepare: number of updated asset objects reloaded= 0
AssetImportParameters requested are different than current active one (requested -> active):
  custom:container-demuxer-ogg: 62fdf1f143b41e24485cea50d1cbac27 -> 
  custom:scripting/monoscript/fileName/Tree.cs: dca7474b58f05e1dc61bb9deb148038d -> 
  custom:video-codec-MediaFoundation-h265: 746d11721c4dcdbdad8f713fa42b33f4 -> 
  custom:video-decoder-ogg-theora: a1e56fd34408186e4bbccfd4996cb3dc -> 
  custom:scripting/monoscript/fileName/Timber.cs: e3f520cc8fc09857160dc689c53c79e7 -> 
  custom:framework-win-MediaFoundation: 216162199b28c13a410421893ffa2e32 -> 
  custom:scripting/monoscript/fileName/Money.cs: 9c40cb0a308c8e4e1f5815ebef98078a -> 
  custom:CustomObjectIndexerAttribute: 9a22284fe3817be447336de3de66b15e -> 
  custom:scripting/monoscript/fileName/FillableBar3D.cs: 52f14b7e6922cb183133cc6746322f72 -> 
  custom:scripting/monoscript/fileName/ArrowController.cs: 1a447edfdb5484109c0662398b0d2a4f -> 
  custom:container-demuxer-webm: 4f35f7cbe854078d1ac9338744f61a02 -> 
  custom:container-muxer-webm: aa71ff27fc2769a1b78a27578f13a17b -> 
  custom:video-decoder-webm-vp8: 9c59270c3fd7afecdb556c50c9e8de78 -> 
  custom:SearchIndexIgnoredProperties: e643bd26f0fe6173181afceb89e7c659 -> 
  custom:AudioImporter_EditorPlatform: d09bf68614088b80899f8185d706f6e7 -> 
  custom:video-encoder-webm-vp8: eb34c28f22e8b96e1ab97ce403110664 -> 
  custom:audio-decoder-ogg-vorbis: bf7c407c2cedff20999df2af8eb42d56 -> 
  custom:audio-encoder-webm-vorbis: bf7c407c2cedff20999df2af8eb42d56 -> 
  custom:scripting/precompiled-assembly-types:Assembly-CSharp: f0319d0306588bc75f46ae5680644858 -> 898d7dc12b5aaae7dfacee678fc8dd41
========================================================================
Received Prepare
Caller must complete domain reload
Begin MonoManager ReloadAssembly
- Loaded All Assemblies, in  0.685 seconds
Native extension for WindowsStandalone target not found
Native extension for Android target not found
Native extension for WebGL target not found
[Package Manager] Server::EnsureServerProcessIsRunning -- launch failed, reason: Unity was launched with the -noUpm command-line argument
[Package Manager] UpmClient::Send -- Unable to send message (not connected to UPM process).
[Package Manager] Cannot connect to Unity Package Manager local server
Failed to sync packages list
UnityEngine.StackTraceUtility:ExtractStackTrace ()
UnityEngine.DebugLogHandler:LogFormat (UnityEngine.LogType,UnityEngine.Object,string,object[])
UnityEngine.Logger:Log (UnityEngine.LogType,object)
UnityEngine.Debug:LogWarning (object)
 .  / :MoveNext ()
System.Runtime.CompilerServices.AsyncVoidMethodBuilder:Start< .  / > ( .  / &)
 .  :  ()
 .⁪/ :MoveNext ()
System.Runtime.CompilerServices.AsyncTaskMethodBuilder:Start< .⁪/ > ( .⁪/ &)
 .⁪:  ()
System.Reflection.RuntimeMethodInfo:Invoke (object,System.Reflection.BindingFlags,System.Reflection.Binder,object[],System.Globalization.CultureInfo)
System.Reflection.MethodBase:Invoke (object,object[])
UnityEditor.EditorAssemblies:ProcessInitializeOnLoadMethodAttributes ()

Mono: successfully reloaded assembly
- Finished resetting the current domain, in  2.059 seconds
Domain Reload Profiling: 2742ms
	BeginReloadAssembly (171ms)
		ExecutionOrderSort (0ms)
		DisableScriptedObjects (5ms)
		BackupInstance (0ms)
		ReleaseScriptingObjects (0ms)
		CreateAndSetChildDomain (38ms)
	RebuildCommonClasses (32ms)
	RebuildNativeTypeToScriptingClass (14ms)
	initialDomainReloadingComplete (36ms)
	LoadAllAssembliesAndSetupDomain (430ms)
		LoadAssemblies (501ms)
		RebuildTransferFunctionScriptingTraits (0ms)
		AnalyzeDomain (23ms)
			TypeCache.Refresh (8ms)
				TypeCache.ScanAssembly (0ms)
			ScanForSourceGeneratedMonoScriptInfo (7ms)
			ResolveRequiredComponents (5ms)
	FinalizeReload (2059ms)
		ReleaseScriptCaches (0ms)
		RebuildScriptCaches (0ms)
		SetupLoadedEditorAssemblies (634ms)
			LogAssemblyErrors (0ms)
			InitializePlatformSupportModulesInManaged (19ms)
			SetLoadedEditorAssemblies (5ms)
			RefreshPlugins (0ms)
			BeforeProcessingInitializeOnLoad (69ms)
			ProcessInitializeOnLoadAttributes (482ms)
			ProcessInitializeOnLoadMethodAttributes (54ms)
			AfterProcessingInitializeOnLoad (5ms)
			EditorAssembliesLoaded (0ms)
		ExecutionOrderSort2 (0ms)
		AwakeInstancesAfterBackupRestoration (7ms)
Refreshing native plugins compatible for Editor in 4.23 ms, found 6 plugins.
Preloading 0 native plugins for Editor in 0.00 ms.
Release of invalid GC handle. The handle is from a previous domain. The release operation is skipped.
Release of invalid GC handle native callstack: 
0x00007ff79e68424d (Unity) StackWalker::GetCurrentCallstack
0x00007ff79e689329 (Unity) StackWalker::ShowCallstack
0x00007ff79f67dae1 (Unity) GetStacktrace
0x00007ff79e57f20d (Unity) ScriptingGCHandle::ReleaseAndClear
0x00007ff79eb4748c (Unity) UploadHandlerRaw::`vector deleting destructor'
0x00007ff79eb4803d (Unity) UploadHandler::Release
0x00007ff79eb448dd (Unity) UnityWebRequestProto<UnityWebRequestTransport,AtomicRefCounter,RedirectHelper,ResponseHelper,DownloadHandler,UploadHandler,CertificateHandler,HeaderHelper,AsyncOperation>::~UnityWebRequestProto<UnityWebRequestTransport,AtomicRefCounter,RedirectHelper,ResponseHelper,DownloadHandler,UploadHandler,CertificateHandler,HeaderHelper,AsyncOperation>
0x00007ff79eb44bd6 (Unity) UnityWebRequest::`vector deleting destructor'
0x00007ff79d894b77 (Unity) UnityWebRequestProto<UnityWebRequestTransport,AtomicRefCounter,RedirectHelper,ResponseHelper,DownloadHandler,UploadHandler,CertificateHandler,HeaderHelper,AsyncOperation>::Release
0x00007ff79eb46605 (Unity) UnityWebRequestAsyncOperation::InvokeCoroutine
0x00007ff79eb467e1 (Unity) UnityWebRequestProto<UnityWebRequestTransport,AtomicRefCounter,RedirectHelper,ResponseHelper,DownloadHandler,UploadHandler,CertificateHandler,HeaderHelper,AsyncOperation>::Job_InvokeCoroutine
0x00007ff79e1ab54a (Unity) BackgroundJobQueue::ExecuteMainThreadJobs
0x00007ff79e26005f (Unity) PreloadManager::WaitForAllAsyncOperationsToComplete
0x00007ff79fa23af8 (Unity) <lambda_b37b41f03089e3cb3f55061bbc93253d>::operator()
0x00007ff79fa5f422 (Unity) asio::detail::completion_handler<core::mutable_function<void __cdecl(void)>,asio::io_context::basic_executor_type<std::allocator<void>,0> >::do_complete
0x00007ff79fa4b3ce (Unity) asio::detail::win_iocp_io_context::do_one
0x00007ff79fa4d034 (Unity) asio::detail::win_iocp_io_context::run
0x00007ff79fa5d7cc (Unity) IOService::Run
0x00007ff79fa30c2f (Unity) AssetImportWorkerClient::Run
0x00007ff79f9fc3d7 (Unity) RunAssetImportWorkerClientV2
0x00007ff79f9fc45b (Unity) RunAssetImporterV2
0x00007ff79f1f31de (Unity) Application::InitializeProject
0x00007ff79f688795 (Unity) WinMain
0x00007ff7a0a535ce (Unity) __scrt_common_main_seh
0x00007ffa8b87e8d7 (KERNEL32) BaseThreadInitThunk
0x00007ffa8c1714fc (ntdll) RtlUserThreadStart
Unloading 3378 Unused Serialized files (Serialized files now loaded: 0)
Unloading 39 unused Assets / (1.0 MB). Loaded Objects now: 4101.
Memory consumption went from 120.8 MB to 119.8 MB.
Total: 4.509800 ms (FindLiveObjects: 0.235200 ms CreateObjectMapping: 0.097200 ms MarkObjects: 3.543500 ms  DeleteObjects: 0.632900 ms)

Prepare: number of updated asset objects reloaded= 0
AssetImportParameters requested are different than current active one (requested -> active):
  custom:container-demuxer-ogg: 62fdf1f143b41e24485cea50d1cbac27 -> 
  custom:scripting/monoscript/fileName/Tree.cs: dca7474b58f05e1dc61bb9deb148038d -> 
  custom:video-codec-MediaFoundation-h265: 746d11721c4dcdbdad8f713fa42b33f4 -> 
  custom:video-decoder-ogg-theora: a1e56fd34408186e4bbccfd4996cb3dc -> 
  custom:scripting/monoscript/fileName/Timber.cs: e3f520cc8fc09857160dc689c53c79e7 -> 
  custom:framework-win-MediaFoundation: 216162199b28c13a410421893ffa2e32 -> 
  custom:scripting/monoscript/fileName/Money.cs: 9c40cb0a308c8e4e1f5815ebef98078a -> 
  custom:CustomObjectIndexerAttribute: 9a22284fe3817be447336de3de66b15e -> 
  custom:scripting/monoscript/fileName/FillableBar3D.cs: 52f14b7e6922cb183133cc6746322f72 -> 
  custom:scripting/monoscript/fileName/ArrowController.cs: 1a447edfdb5484109c0662398b0d2a4f -> 
  custom:container-demuxer-webm: 4f35f7cbe854078d1ac9338744f61a02 -> 
  custom:container-muxer-webm: aa71ff27fc2769a1b78a27578f13a17b -> 
  custom:video-decoder-webm-vp8: 9c59270c3fd7afecdb556c50c9e8de78 -> 
  custom:SearchIndexIgnoredProperties: e643bd26f0fe6173181afceb89e7c659 -> 
  custom:AudioImporter_EditorPlatform: d09bf68614088b80899f8185d706f6e7 -> 
  custom:video-encoder-webm-vp8: eb34c28f22e8b96e1ab97ce403110664 -> 
  custom:audio-decoder-ogg-vorbis: bf7c407c2cedff20999df2af8eb42d56 -> 
  custom:audio-encoder-webm-vorbis: bf7c407c2cedff20999df2af8eb42d56 -> 
  custom:scripting/precompiled-assembly-types:Assembly-CSharp: f0319d0306588bc75f46ae5680644858 -> 898d7dc12b5aaae7dfacee678fc8dd41
========================================================================
Received Prepare
Caller must complete domain reload
Begin MonoManager ReloadAssembly
Curl error 42: Callback aborted
- Loaded All Assemblies, in  0.493 seconds
Native extension for WindowsStandalone target not found
Native extension for Android target not found
Native extension for WebGL target not found
[Package Manager] Server::EnsureServerProcessIsRunning -- launch failed, reason: Unity was launched with the -noUpm command-line argument
[Package Manager] UpmClient::Send -- Unable to send message (not connected to UPM process).
[Package Manager] Cannot connect to Unity Package Manager local server
Failed to sync packages list
UnityEngine.StackTraceUtility:ExtractStackTrace ()
UnityEngine.DebugLogHandler:LogFormat (UnityEngine.LogType,UnityEngine.Object,string,object[])
UnityEngine.Logger:Log (UnityEngine.LogType,object)
UnityEngine.Debug:LogWarning (object)
 .  / :MoveNext ()
System.Runtime.CompilerServices.AsyncVoidMethodBuilder:Start< .  / > ( .  / &)
 .  :  ()
 .⁪/ :MoveNext ()
System.Runtime.CompilerServices.AsyncTaskMethodBuilder:Start< .⁪/ > ( .⁪/ &)
 .⁪:  ()
System.Reflection.RuntimeMethodInfo:Invoke (object,System.Reflection.BindingFlags,System.Reflection.Binder,object[],System.Globalization.CultureInfo)
System.Reflection.MethodBase:Invoke (object,object[])
UnityEditor.EditorAssemblies:ProcessInitializeOnLoadMethodAttributes ()

Mono: successfully reloaded assembly
- Finished resetting the current domain, in  1.089 seconds
Domain Reload Profiling: 1580ms
	BeginReloadAssembly (159ms)
		ExecutionOrderSort (0ms)
		DisableScriptedObjects (5ms)
		BackupInstance (0ms)
		ReleaseScriptingObjects (0ms)
		CreateAndSetChildDomain (35ms)
	RebuildCommonClasses (39ms)
	RebuildNativeTypeToScriptingClass (12ms)
	initialDomainReloadingComplete (32ms)
	LoadAllAssembliesAndSetupDomain (247ms)
		LoadAssemblies (316ms)
		RebuildTransferFunctionScriptingTraits (0ms)
		AnalyzeDomain (15ms)
			TypeCache.Refresh (6ms)
				TypeCache.ScanAssembly (0ms)
			ScanForSourceGeneratedMonoScriptInfo (0ms)
			ResolveRequiredComponents (6ms)
	FinalizeReload (1089ms)
		ReleaseScriptCaches (0ms)
		RebuildScriptCaches (0ms)
		SetupLoadedEditorAssemblies (638ms)
			LogAssemblyErrors (0ms)
			InitializePlatformSupportModulesInManaged (20ms)
			SetLoadedEditorAssemblies (5ms)
			RefreshPlugins (0ms)
			BeforeProcessingInitializeOnLoad (73ms)
			ProcessInitializeOnLoadAttributes (473ms)
			ProcessInitializeOnLoadMethodAttributes (59ms)
			AfterProcessingInitializeOnLoad (7ms)
			EditorAssembliesLoaded (0ms)
		ExecutionOrderSort2 (0ms)
		AwakeInstancesAfterBackupRestoration (8ms)
Refreshing native plugins compatible for Editor in 6.78 ms, found 6 plugins.
Preloading 0 native plugins for Editor in 0.00 ms.
Release of invalid GC handle. The handle is from a previous domain. The release operation is skipped.
Release of invalid GC handle native callstack: 
0x00007ff79e68424d (Unity) StackWalker::GetCurrentCallstack
0x00007ff79e689329 (Unity) StackWalker::ShowCallstack
0x00007ff79f67dae1 (Unity) GetStacktrace
0x00007ff79e57f20d (Unity) ScriptingGCHandle::ReleaseAndClear
0x00007ff79eb4748c (Unity) UploadHandlerRaw::`vector deleting destructor'
0x00007ff79eb4803d (Unity) UploadHandler::Release
0x00007ff79eb448dd (Unity) UnityWebRequestProto<UnityWebRequestTransport,AtomicRefCounter,RedirectHelper,ResponseHelper,DownloadHandler,UploadHandler,CertificateHandler,HeaderHelper,AsyncOperation>::~UnityWebRequestProto<UnityWebRequestTransport,AtomicRefCounter,RedirectHelper,ResponseHelper,DownloadHandler,UploadHandler,CertificateHandler,HeaderHelper,AsyncOperation>
0x00007ff79eb44bd6 (Unity) UnityWebRequest::`vector deleting destructor'
0x00007ff79d894b77 (Unity) UnityWebRequestProto<UnityWebRequestTransport,AtomicRefCounter,RedirectHelper,ResponseHelper,DownloadHandler,UploadHandler,CertificateHandler,HeaderHelper,AsyncOperation>::Release
0x00007ff79eb46605 (Unity) UnityWebRequestAsyncOperation::InvokeCoroutine
0x00007ff79eb467e1 (Unity) UnityWebRequestProto<UnityWebRequestTransport,AtomicRefCounter,RedirectHelper,ResponseHelper,DownloadHandler,UploadHandler,CertificateHandler,HeaderHelper,AsyncOperation>::Job_InvokeCoroutine
0x00007ff79e1ab54a (Unity) BackgroundJobQueue::ExecuteMainThreadJobs
0x00007ff79e26005f (Unity) PreloadManager::WaitForAllAsyncOperationsToComplete
0x00007ff79fa23af8 (Unity) <lambda_b37b41f03089e3cb3f55061bbc93253d>::operator()
0x00007ff79fa5f422 (Unity) asio::detail::completion_handler<core::mutable_function<void __cdecl(void)>,asio::io_context::basic_executor_type<std::allocator<void>,0> >::do_complete
0x00007ff79fa4b3ce (Unity) asio::detail::win_iocp_io_context::do_one
0x00007ff79fa4d034 (Unity) asio::detail::win_iocp_io_context::run
0x00007ff79fa5d7cc (Unity) IOService::Run
0x00007ff79fa30c2f (Unity) AssetImportWorkerClient::Run
0x00007ff79f9fc3d7 (Unity) RunAssetImportWorkerClientV2
0x00007ff79f9fc45b (Unity) RunAssetImporterV2
0x00007ff79f1f31de (Unity) Application::InitializeProject
0x00007ff79f688795 (Unity) WinMain
0x00007ff7a0a535ce (Unity) __scrt_common_main_seh
0x00007ffa8b87e8d7 (KERNEL32) BaseThreadInitThunk
0x00007ffa8c1714fc (ntdll) RtlUserThreadStart
Unloading 3378 Unused Serialized files (Serialized files now loaded: 0)
Unloading 39 unused Assets / (1.0 MB). Loaded Objects now: 4106.
Memory consumption went from 141.3 MB to 140.3 MB.
Total: 5.066100 ms (FindLiveObjects: 0.226500 ms CreateObjectMapping: 0.096300 ms MarkObjects: 4.218000 ms  DeleteObjects: 0.523900 ms)

Prepare: number of updated asset objects reloaded= 0
AssetImportParameters requested are different than current active one (requested -> active):
  custom:container-demuxer-ogg: 62fdf1f143b41e24485cea50d1cbac27 -> 
  custom:scripting/monoscript/fileName/Tree.cs: dca7474b58f05e1dc61bb9deb148038d -> 
  custom:video-codec-MediaFoundation-h265: 746d11721c4dcdbdad8f713fa42b33f4 -> 
  custom:video-decoder-ogg-theora: a1e56fd34408186e4bbccfd4996cb3dc -> 
  custom:scripting/monoscript/fileName/Timber.cs: e3f520cc8fc09857160dc689c53c79e7 -> 
  custom:framework-win-MediaFoundation: 216162199b28c13a410421893ffa2e32 -> 
  custom:scripting/monoscript/fileName/Money.cs: 9c40cb0a308c8e4e1f5815ebef98078a -> 
  custom:CustomObjectIndexerAttribute: 9a22284fe3817be447336de3de66b15e -> 
  custom:scripting/monoscript/fileName/FillableBar3D.cs: 52f14b7e6922cb183133cc6746322f72 -> 
  custom:scripting/monoscript/fileName/ArrowController.cs: 1a447edfdb5484109c0662398b0d2a4f -> 
  custom:container-demuxer-webm: 4f35f7cbe854078d1ac9338744f61a02 -> 
  custom:container-muxer-webm: aa71ff27fc2769a1b78a27578f13a17b -> 
  custom:video-decoder-webm-vp8: 9c59270c3fd7afecdb556c50c9e8de78 -> 
  custom:SearchIndexIgnoredProperties: e643bd26f0fe6173181afceb89e7c659 -> 
  custom:AudioImporter_EditorPlatform: d09bf68614088b80899f8185d706f6e7 -> 
  custom:video-encoder-webm-vp8: eb34c28f22e8b96e1ab97ce403110664 -> 
  custom:audio-decoder-ogg-vorbis: bf7c407c2cedff20999df2af8eb42d56 -> 
  custom:audio-encoder-webm-vorbis: bf7c407c2cedff20999df2af8eb42d56 -> 
  custom:scripting/precompiled-assembly-types:Assembly-CSharp: f0319d0306588bc75f46ae5680644858 -> 898d7dc12b5aaae7dfacee678fc8dd41
========================================================================
Received Prepare
Caller must complete domain reload
Begin MonoManager ReloadAssembly
- Loaded All Assemblies, in  1.124 seconds
Native extension for WindowsStandalone target not found
Native extension for Android target not found
Native extension for WebGL target not found
[Package Manager] Server::EnsureServerProcessIsRunning -- launch failed, reason: Unity was launched with the -noUpm command-line argument
[Package Manager] UpmClient::Send -- Unable to send message (not connected to UPM process).
[Package Manager] Cannot connect to Unity Package Manager local server
Failed to sync packages list
UnityEngine.StackTraceUtility:ExtractStackTrace ()
UnityEngine.DebugLogHandler:LogFormat (UnityEngine.LogType,UnityEngine.Object,string,object[])
UnityEngine.Logger:Log (UnityEngine.LogType,object)
UnityEngine.Debug:LogWarning (object)
 .  / :MoveNext ()
System.Runtime.CompilerServices.AsyncVoidMethodBuilder:Start< .  / > ( .  / &)
 .  :  ()
 .⁪/ :MoveNext ()
System.Runtime.CompilerServices.AsyncTaskMethodBuilder:Start< .⁪/ > ( .⁪/ &)
 .⁪:  ()
System.Reflection.RuntimeMethodInfo:Invoke (object,System.Reflection.BindingFlags,System.Reflection.Binder,object[],System.Globalization.CultureInfo)
System.Reflection.MethodBase:Invoke (object,object[])
UnityEditor.EditorAssemblies:ProcessInitializeOnLoadMethodAttributes ()

Mono: successfully reloaded assembly
- Finished resetting the current domain, in  8.273 seconds
Domain Reload Profiling: 9397ms
	BeginReloadAssembly (167ms)
		ExecutionOrderSort (0ms)
		DisableScriptedObjects (5ms)
		BackupInstance (0ms)
		ReleaseScriptingObjects (0ms)
		CreateAndSetChildDomain (34ms)
	RebuildCommonClasses (34ms)
	RebuildNativeTypeToScriptingClass (12ms)
	initialDomainReloadingComplete (27ms)
	LoadAllAssembliesAndSetupDomain (883ms)
		LoadAssemblies (956ms)
		RebuildTransferFunctionScriptingTraits (0ms)
		AnalyzeDomain (22ms)
			TypeCache.Refresh (7ms)
				TypeCache.ScanAssembly (0ms)
			ScanForSourceGeneratedMonoScriptInfo (0ms)
			ResolveRequiredComponents (10ms)
	FinalizeReload (8273ms)
		ReleaseScriptCaches (0ms)
		RebuildScriptCaches (0ms)
		SetupLoadedEditorAssemblies (656ms)
			LogAssemblyErrors (0ms)
			InitializePlatformSupportModulesInManaged (20ms)
			SetLoadedEditorAssemblies (7ms)
			RefreshPlugins (0ms)
			BeforeProcessingInitializeOnLoad (75ms)
			ProcessInitializeOnLoadAttributes (495ms)
			ProcessInitializeOnLoadMethodAttributes (56ms)
			AfterProcessingInitializeOnLoad (5ms)
			EditorAssembliesLoaded (0ms)
		ExecutionOrderSort2 (0ms)
		AwakeInstancesAfterBackupRestoration (7ms)
Refreshing native plugins compatible for Editor in 168.72 ms, found 6 plugins.
Preloading 0 native plugins for Editor in 0.00 ms.
Release of invalid GC handle. The handle is from a previous domain. The release operation is skipped.
Release of invalid GC handle native callstack: 
0x00007ff79e68424d (Unity) StackWalker::GetCurrentCallstack
0x00007ff79e689329 (Unity) StackWalker::ShowCallstack
0x00007ff79f67dae1 (Unity) GetStacktrace
0x00007ff79e57f20d (Unity) ScriptingGCHandle::ReleaseAndClear
0x00007ff79eb4748c (Unity) UploadHandlerRaw::`vector deleting destructor'
0x00007ff79eb4803d (Unity) UploadHandler::Release
0x00007ff79eb448dd (Unity) UnityWebRequestProto<UnityWebRequestTransport,AtomicRefCounter,RedirectHelper,ResponseHelper,DownloadHandler,UploadHandler,CertificateHandler,HeaderHelper,AsyncOperation>::~UnityWebRequestProto<UnityWebRequestTransport,AtomicRefCounter,RedirectHelper,ResponseHelper,DownloadHandler,UploadHandler,CertificateHandler,HeaderHelper,AsyncOperation>
0x00007ff79eb44bd6 (Unity) UnityWebRequest::`vector deleting destructor'
0x00007ff79d894b77 (Unity) UnityWebRequestProto<UnityWebRequestTransport,AtomicRefCounter,RedirectHelper,ResponseHelper,DownloadHandler,UploadHandler,CertificateHandler,HeaderHelper,AsyncOperation>::Release
0x00007ff79eb46605 (Unity) UnityWebRequestAsyncOperation::InvokeCoroutine
0x00007ff79eb467e1 (Unity) UnityWebRequestProto<UnityWebRequestTransport,AtomicRefCounter,RedirectHelper,ResponseHelper,DownloadHandler,UploadHandler,CertificateHandler,HeaderHelper,AsyncOperation>::Job_InvokeCoroutine
0x00007ff79e1ab54a (Unity) BackgroundJobQueue::ExecuteMainThreadJobs
0x00007ff79e26005f (Unity) PreloadManager::WaitForAllAsyncOperationsToComplete
0x00007ff79fa23af8 (Unity) <lambda_b37b41f03089e3cb3f55061bbc93253d>::operator()
0x00007ff79fa5f422 (Unity) asio::detail::completion_handler<core::mutable_function<void __cdecl(void)>,asio::io_context::basic_executor_type<std::allocator<void>,0> >::do_complete
0x00007ff79fa4b3ce (Unity) asio::detail::win_iocp_io_context::do_one
0x00007ff79fa4d034 (Unity) asio::detail::win_iocp_io_context::run
0x00007ff79fa5d7cc (Unity) IOService::Run
0x00007ff79fa30c2f (Unity) AssetImportWorkerClient::Run
0x00007ff79f9fc3d7 (Unity) RunAssetImportWorkerClientV2
0x00007ff79f9fc45b (Unity) RunAssetImporterV2
0x00007ff79f1f31de (Unity) Application::InitializeProject
0x00007ff79f688795 (Unity) WinMain
0x00007ff7a0a535ce (Unity) __scrt_common_main_seh
0x00007ffa8b87e8d7 (KERNEL32) BaseThreadInitThunk
0x00007ffa8c1714fc (ntdll) RtlUserThreadStart
Unloading 3378 Unused Serialized files (Serialized files now loaded: 0)
Unloading 39 unused Assets / (1.0 MB). Loaded Objects now: 4111.
Memory consumption went from 125.3 MB to 124.3 MB.
Total: 6.264500 ms (FindLiveObjects: 0.319600 ms CreateObjectMapping: 0.093200 ms MarkObjects: 5.362200 ms  DeleteObjects: 0.487800 ms)

Prepare: number of updated asset objects reloaded= 0
AssetImportParameters requested are different than current active one (requested -> active):
  custom:container-demuxer-ogg: 62fdf1f143b41e24485cea50d1cbac27 -> 
  custom:scripting/monoscript/fileName/Tree.cs: dca7474b58f05e1dc61bb9deb148038d -> 
  custom:video-codec-MediaFoundation-h265: 746d11721c4dcdbdad8f713fa42b33f4 -> 
  custom:video-decoder-ogg-theora: a1e56fd34408186e4bbccfd4996cb3dc -> 
  custom:scripting/monoscript/fileName/Timber.cs: e3f520cc8fc09857160dc689c53c79e7 -> 
  custom:framework-win-MediaFoundation: 216162199b28c13a410421893ffa2e32 -> 
  custom:scripting/monoscript/fileName/Money.cs: 9c40cb0a308c8e4e1f5815ebef98078a -> 
  custom:CustomObjectIndexerAttribute: 9a22284fe3817be447336de3de66b15e -> 
  custom:scripting/monoscript/fileName/FillableBar3D.cs: 52f14b7e6922cb183133cc6746322f72 -> 
  custom:scripting/monoscript/fileName/ArrowController.cs: 1a447edfdb5484109c0662398b0d2a4f -> 
  custom:container-demuxer-webm: 4f35f7cbe854078d1ac9338744f61a02 -> 
  custom:container-muxer-webm: aa71ff27fc2769a1b78a27578f13a17b -> 
  custom:video-decoder-webm-vp8: 9c59270c3fd7afecdb556c50c9e8de78 -> 
  custom:SearchIndexIgnoredProperties: e643bd26f0fe6173181afceb89e7c659 -> 
  custom:AudioImporter_EditorPlatform: d09bf68614088b80899f8185d706f6e7 -> 
  custom:video-encoder-webm-vp8: eb34c28f22e8b96e1ab97ce403110664 -> 
  custom:audio-decoder-ogg-vorbis: bf7c407c2cedff20999df2af8eb42d56 -> 
  custom:audio-encoder-webm-vorbis: bf7c407c2cedff20999df2af8eb42d56 -> 
  custom:scripting/precompiled-assembly-types:Assembly-CSharp: f0319d0306588bc75f46ae5680644858 -> 898d7dc12b5aaae7dfacee678fc8dd41
========================================================================
Received Prepare
Caller must complete domain reload
Begin MonoManager ReloadAssembly
- Loaded All Assemblies, in  1.186 seconds
Native extension for WindowsStandalone target not found
Native extension for Android target not found
Native extension for WebGL target not found
[Package Manager] Server::EnsureServerProcessIsRunning -- launch failed, reason: Unity was launched with the -noUpm command-line argument
[Package Manager] UpmClient::Send -- Unable to send message (not connected to UPM process).
[Package Manager] Cannot connect to Unity Package Manager local server
Failed to sync packages list
UnityEngine.StackTraceUtility:ExtractStackTrace ()
UnityEngine.DebugLogHandler:LogFormat (UnityEngine.LogType,UnityEngine.Object,string,object[])
UnityEngine.Logger:Log (UnityEngine.LogType,object)
UnityEngine.Debug:LogWarning (object)
 .  / :MoveNext ()
System.Runtime.CompilerServices.AsyncVoidMethodBuilder:Start< .  / > ( .  / &)
 .  :  ()
 .⁪/ :MoveNext ()
System.Runtime.CompilerServices.AsyncTaskMethodBuilder:Start< .⁪/ > ( .⁪/ &)
 .⁪:  ()
System.Reflection.RuntimeMethodInfo:Invoke (object,System.Reflection.BindingFlags,System.Reflection.Binder,object[],System.Globalization.CultureInfo)
System.Reflection.MethodBase:Invoke (object,object[])
UnityEditor.EditorAssemblies:ProcessInitializeOnLoadMethodAttributes ()

Mono: successfully reloaded assembly
- Finished resetting the current domain, in  6.410 seconds
Domain Reload Profiling: 7595ms
	BeginReloadAssembly (159ms)
		ExecutionOrderSort (0ms)
		DisableScriptedObjects (5ms)
		BackupInstance (0ms)
		ReleaseScriptingObjects (0ms)
		CreateAndSetChildDomain (32ms)
	RebuildCommonClasses (35ms)
	RebuildNativeTypeToScriptingClass (15ms)
	initialDomainReloadingComplete (27ms)
	LoadAllAssembliesAndSetupDomain (948ms)
		LoadAssemblies (1016ms)
		RebuildTransferFunctionScriptingTraits (0ms)
		AnalyzeDomain (16ms)
			TypeCache.Refresh (6ms)
				TypeCache.ScanAssembly (0ms)
			ScanForSourceGeneratedMonoScriptInfo (0ms)
			ResolveRequiredComponents (7ms)
	FinalizeReload (6411ms)
		ReleaseScriptCaches (0ms)
		RebuildScriptCaches (0ms)
		SetupLoadedEditorAssemblies (798ms)
			LogAssemblyErrors (0ms)
			InitializePlatformSupportModulesInManaged (23ms)
			SetLoadedEditorAssemblies (5ms)
			RefreshPlugins (0ms)
			BeforeProcessingInitializeOnLoad (73ms)
			ProcessInitializeOnLoadAttributes (629ms)
			ProcessInitializeOnLoadMethodAttributes (60ms)
			AfterProcessingInitializeOnLoad (6ms)
			EditorAssembliesLoaded (0ms)
		ExecutionOrderSort2 (0ms)
		AwakeInstancesAfterBackupRestoration (9ms)
Refreshing native plugins compatible for Editor in 15.28 ms, found 6 plugins.
Preloading 0 native plugins for Editor in 0.00 ms.
Release of invalid GC handle. The handle is from a previous domain. The release operation is skipped.
Release of invalid GC handle native callstack: 
0x00007ff79e68424d (Unity) StackWalker::GetCurrentCallstack
0x00007ff79e689329 (Unity) StackWalker::ShowCallstack
0x00007ff79f67dae1 (Unity) GetStacktrace
0x00007ff79e57f20d (Unity) ScriptingGCHandle::ReleaseAndClear
0x00007ff79eb4748c (Unity) UploadHandlerRaw::`vector deleting destructor'
0x00007ff79eb4803d (Unity) UploadHandler::Release
0x00007ff79eb448dd (Unity) UnityWebRequestProto<UnityWebRequestTransport,AtomicRefCounter,RedirectHelper,ResponseHelper,DownloadHandler,UploadHandler,CertificateHandler,HeaderHelper,AsyncOperation>::~UnityWebRequestProto<UnityWebRequestTransport,AtomicRefCounter,RedirectHelper,ResponseHelper,DownloadHandler,UploadHandler,CertificateHandler,HeaderHelper,AsyncOperation>
0x00007ff79eb44bd6 (Unity) UnityWebRequest::`vector deleting destructor'
0x00007ff79d894b77 (Unity) UnityWebRequestProto<UnityWebRequestTransport,AtomicRefCounter,RedirectHelper,ResponseHelper,DownloadHandler,UploadHandler,CertificateHandler,HeaderHelper,AsyncOperation>::Release
0x00007ff79eb46605 (Unity) UnityWebRequestAsyncOperation::InvokeCoroutine
0x00007ff79eb467e1 (Unity) UnityWebRequestProto<UnityWebRequestTransport,AtomicRefCounter,RedirectHelper,ResponseHelper,DownloadHandler,UploadHandler,CertificateHandler,HeaderHelper,AsyncOperation>::Job_InvokeCoroutine
0x00007ff79e1ab54a (Unity) BackgroundJobQueue::ExecuteMainThreadJobs
0x00007ff79e26005f (Unity) PreloadManager::WaitForAllAsyncOperationsToComplete
0x00007ff79fa23af8 (Unity) <lambda_b37b41f03089e3cb3f55061bbc93253d>::operator()
0x00007ff79fa5f422 (Unity) asio::detail::completion_handler<core::mutable_function<void __cdecl(void)>,asio::io_context::basic_executor_type<std::allocator<void>,0> >::do_complete
0x00007ff79fa4b3ce (Unity) asio::detail::win_iocp_io_context::do_one
0x00007ff79fa4d034 (Unity) asio::detail::win_iocp_io_context::run
0x00007ff79fa5d7cc (Unity) IOService::Run
0x00007ff79fa30c2f (Unity) AssetImportWorkerClient::Run
0x00007ff79f9fc3d7 (Unity) RunAssetImportWorkerClientV2
0x00007ff79f9fc45b (Unity) RunAssetImporterV2
0x00007ff79f1f31de (Unity) Application::InitializeProject
0x00007ff79f688795 (Unity) WinMain
0x00007ff7a0a535ce (Unity) __scrt_common_main_seh
0x00007ffa8b87e8d7 (KERNEL32) BaseThreadInitThunk
0x00007ffa8c1714fc (ntdll) RtlUserThreadStart
Unloading 3378 Unused Serialized files (Serialized files now loaded: 0)
Unloading 39 unused Assets / (1.0 MB). Loaded Objects now: 4116.
Memory consumption went from 128.3 MB to 127.3 MB.
Total: 5.442700 ms (FindLiveObjects: 0.270300 ms CreateObjectMapping: 0.101700 ms MarkObjects: 4.592100 ms  DeleteObjects: 0.477100 ms)

Prepare: number of updated asset objects reloaded= 0
AssetImportParameters requested are different than current active one (requested -> active):
  custom:container-demuxer-ogg: 62fdf1f143b41e24485cea50d1cbac27 -> 
  custom:scripting/monoscript/fileName/Tree.cs: dca7474b58f05e1dc61bb9deb148038d -> 
  custom:video-codec-MediaFoundation-h265: 746d11721c4dcdbdad8f713fa42b33f4 -> 
  custom:video-decoder-ogg-theora: a1e56fd34408186e4bbccfd4996cb3dc -> 
  custom:scripting/monoscript/fileName/Timber.cs: e3f520cc8fc09857160dc689c53c79e7 -> 
  custom:framework-win-MediaFoundation: 216162199b28c13a410421893ffa2e32 -> 
  custom:scripting/monoscript/fileName/Money.cs: 9c40cb0a308c8e4e1f5815ebef98078a -> 
  custom:CustomObjectIndexerAttribute: 9a22284fe3817be447336de3de66b15e -> 
  custom:scripting/monoscript/fileName/FillableBar3D.cs: 52f14b7e6922cb183133cc6746322f72 -> 
  custom:scripting/monoscript/fileName/ArrowController.cs: 1a447edfdb5484109c0662398b0d2a4f -> 
  custom:container-demuxer-webm: 4f35f7cbe854078d1ac9338744f61a02 -> 
  custom:container-muxer-webm: aa71ff27fc2769a1b78a27578f13a17b -> 
  custom:video-decoder-webm-vp8: 9c59270c3fd7afecdb556c50c9e8de78 -> 
  custom:SearchIndexIgnoredProperties: e643bd26f0fe6173181afceb89e7c659 -> 
  custom:AudioImporter_EditorPlatform: d09bf68614088b80899f8185d706f6e7 -> 
  custom:video-encoder-webm-vp8: eb34c28f22e8b96e1ab97ce403110664 -> 
  custom:audio-decoder-ogg-vorbis: bf7c407c2cedff20999df2af8eb42d56 -> 
  custom:audio-encoder-webm-vorbis: bf7c407c2cedff20999df2af8eb42d56 -> 
  custom:scripting/precompiled-assembly-types:Assembly-CSharp: f0319d0306588bc75f46ae5680644858 -> 898d7dc12b5aaae7dfacee678fc8dd41
========================================================================
Received Prepare
Caller must complete domain reload
Begin MonoManager ReloadAssembly
- Loaded All Assemblies, in  0.554 seconds
Native extension for WindowsStandalone target not found
Native extension for Android target not found
Native extension for WebGL target not found
[Package Manager] Server::EnsureServerProcessIsRunning -- launch failed, reason: Unity was launched with the -noUpm command-line argument
[Package Manager] UpmClient::Send -- Unable to send message (not connected to UPM process).
[Package Manager] Cannot connect to Unity Package Manager local server
Failed to sync packages list
UnityEngine.StackTraceUtility:ExtractStackTrace ()
UnityEngine.DebugLogHandler:LogFormat (UnityEngine.LogType,UnityEngine.Object,string,object[])
UnityEngine.Logger:Log (UnityEngine.LogType,object)
UnityEngine.Debug:LogWarning (object)
 .  / :MoveNext ()
System.Runtime.CompilerServices.AsyncVoidMethodBuilder:Start< .  / > ( .  / &)
 .  :  ()
 .⁪/ :MoveNext ()
System.Runtime.CompilerServices.AsyncTaskMethodBuilder:Start< .⁪/ > ( .⁪/ &)
 .⁪:  ()
System.Reflection.RuntimeMethodInfo:Invoke (object,System.Reflection.BindingFlags,System.Reflection.Binder,object[],System.Globalization.CultureInfo)
System.Reflection.MethodBase:Invoke (object,object[])
UnityEditor.EditorAssemblies:ProcessInitializeOnLoadMethodAttributes ()

Mono: successfully reloaded assembly
- Finished resetting the current domain, in  3.703 seconds
Domain Reload Profiling: 4258ms
	BeginReloadAssembly (158ms)
		ExecutionOrderSort (0ms)
		DisableScriptedObjects (7ms)
		BackupInstance (0ms)
		ReleaseScriptingObjects (0ms)
		CreateAndSetChildDomain (33ms)
	RebuildCommonClasses (33ms)
	RebuildNativeTypeToScriptingClass (10ms)
	initialDomainReloadingComplete (27ms)
	LoadAllAssembliesAndSetupDomain (324ms)
		LoadAssemblies (384ms)
		RebuildTransferFunctionScriptingTraits (0ms)
		AnalyzeDomain (23ms)
			TypeCache.Refresh (6ms)
				TypeCache.ScanAssembly (0ms)
			ScanForSourceGeneratedMonoScriptInfo (0ms)
			ResolveRequiredComponents (14ms)
	FinalizeReload (3706ms)
		ReleaseScriptCaches (0ms)
		RebuildScriptCaches (0ms)
		SetupLoadedEditorAssemblies (644ms)
			LogAssemblyErrors (0ms)
			InitializePlatformSupportModulesInManaged (24ms)
			SetLoadedEditorAssemblies (5ms)
			RefreshPlugins (0ms)
			BeforeProcessingInitializeOnLoad (74ms)
			ProcessInitializeOnLoadAttributes (469ms)
			ProcessInitializeOnLoadMethodAttributes (65ms)
			AfterProcessingInitializeOnLoad (6ms)
			EditorAssembliesLoaded (0ms)
		ExecutionOrderSort2 (0ms)
		AwakeInstancesAfterBackupRestoration (9ms)
Refreshing native plugins compatible for Editor in 6.53 ms, found 6 plugins.
Preloading 0 native plugins for Editor in 0.00 ms.
Release of invalid GC handle. The handle is from a previous domain. The release operation is skipped.
Release of invalid GC handle native callstack: 
0x00007ff79e68424d (Unity) StackWalker::GetCurrentCallstack
0x00007ff79e689329 (Unity) StackWalker::ShowCallstack
0x00007ff79f67dae1 (Unity) GetStacktrace
0x00007ff79e57f20d (Unity) ScriptingGCHandle::ReleaseAndClear
0x00007ff79eb4748c (Unity) UploadHandlerRaw::`vector deleting destructor'
0x00007ff79eb4803d (Unity) UploadHandler::Release
0x00007ff79eb448dd (Unity) UnityWebRequestProto<UnityWebRequestTransport,AtomicRefCounter,RedirectHelper,ResponseHelper,DownloadHandler,UploadHandler,CertificateHandler,HeaderHelper,AsyncOperation>::~UnityWebRequestProto<UnityWebRequestTransport,AtomicRefCounter,RedirectHelper,ResponseHelper,DownloadHandler,UploadHandler,CertificateHandler,HeaderHelper,AsyncOperation>
0x00007ff79eb44bd6 (Unity) UnityWebRequest::`vector deleting destructor'
0x00007ff79d894b77 (Unity) UnityWebRequestProto<UnityWebRequestTransport,AtomicRefCounter,RedirectHelper,ResponseHelper,DownloadHandler,UploadHandler,CertificateHandler,HeaderHelper,AsyncOperation>::Release
0x00007ff79eb46605 (Unity) UnityWebRequestAsyncOperation::InvokeCoroutine
0x00007ff79eb467e1 (Unity) UnityWebRequestProto<UnityWebRequestTransport,AtomicRefCounter,RedirectHelper,ResponseHelper,DownloadHandler,UploadHandler,CertificateHandler,HeaderHelper,AsyncOperation>::Job_InvokeCoroutine
0x00007ff79e1ab54a (Unity) BackgroundJobQueue::ExecuteMainThreadJobs
0x00007ff79e26005f (Unity) PreloadManager::WaitForAllAsyncOperationsToComplete
0x00007ff79fa23af8 (Unity) <lambda_b37b41f03089e3cb3f55061bbc93253d>::operator()
0x00007ff79fa5f422 (Unity) asio::detail::completion_handler<core::mutable_function<void __cdecl(void)>,asio::io_context::basic_executor_type<std::allocator<void>,0> >::do_complete
0x00007ff79fa4b3ce (Unity) asio::detail::win_iocp_io_context::do_one
0x00007ff79fa4d034 (Unity) asio::detail::win_iocp_io_context::run
0x00007ff79fa5d7cc (Unity) IOService::Run
0x00007ff79fa30c2f (Unity) AssetImportWorkerClient::Run
0x00007ff79f9fc3d7 (Unity) RunAssetImportWorkerClientV2
0x00007ff79f9fc45b (Unity) RunAssetImporterV2
0x00007ff79f1f31de (Unity) Application::InitializeProject
0x00007ff79f688795 (Unity) WinMain
0x00007ff7a0a535ce (Unity) __scrt_common_main_seh
0x00007ffa8b87e8d7 (KERNEL32) BaseThreadInitThunk
0x00007ffa8c1714fc (ntdll) RtlUserThreadStart
Unloading 3378 Unused Serialized files (Serialized files now loaded: 0)
Unloading 39 unused Assets / (1.0 MB). Loaded Objects now: 4121.
Memory consumption went from 130.9 MB to 129.9 MB.
Total: 4.774200 ms (FindLiveObjects: 0.301400 ms CreateObjectMapping: 0.195500 ms MarkObjects: 3.767500 ms  DeleteObjects: 0.508900 ms)

Prepare: number of updated asset objects reloaded= 0
AssetImportParameters requested are different than current active one (requested -> active):
  custom:container-demuxer-ogg: 62fdf1f143b41e24485cea50d1cbac27 -> 
  custom:scripting/monoscript/fileName/Tree.cs: dca7474b58f05e1dc61bb9deb148038d -> 
  custom:video-codec-MediaFoundation-h265: 746d11721c4dcdbdad8f713fa42b33f4 -> 
  custom:video-decoder-ogg-theora: a1e56fd34408186e4bbccfd4996cb3dc -> 
  custom:scripting/monoscript/fileName/Timber.cs: e3f520cc8fc09857160dc689c53c79e7 -> 
  custom:framework-win-MediaFoundation: 216162199b28c13a410421893ffa2e32 -> 
  custom:scripting/monoscript/fileName/Money.cs: 9c40cb0a308c8e4e1f5815ebef98078a -> 
  custom:CustomObjectIndexerAttribute: 9a22284fe3817be447336de3de66b15e -> 
  custom:scripting/monoscript/fileName/FillableBar3D.cs: 52f14b7e6922cb183133cc6746322f72 -> 
  custom:scripting/monoscript/fileName/ArrowController.cs: 1a447edfdb5484109c0662398b0d2a4f -> 
  custom:container-demuxer-webm: 4f35f7cbe854078d1ac9338744f61a02 -> 
  custom:container-muxer-webm: aa71ff27fc2769a1b78a27578f13a17b -> 
  custom:video-decoder-webm-vp8: 9c59270c3fd7afecdb556c50c9e8de78 -> 
  custom:SearchIndexIgnoredProperties: e643bd26f0fe6173181afceb89e7c659 -> 
  custom:AudioImporter_EditorPlatform: d09bf68614088b80899f8185d706f6e7 -> 
  custom:video-encoder-webm-vp8: eb34c28f22e8b96e1ab97ce403110664 -> 
  custom:audio-decoder-ogg-vorbis: bf7c407c2cedff20999df2af8eb42d56 -> 
  custom:audio-encoder-webm-vorbis: bf7c407c2cedff20999df2af8eb42d56 -> 
  custom:scripting/precompiled-assembly-types:Assembly-CSharp: f0319d0306588bc75f46ae5680644858 -> 898d7dc12b5aaae7dfacee678fc8dd41
========================================================================
Received Prepare
Caller must complete domain reload
Begin MonoManager ReloadAssembly
- Loaded All Assemblies, in  1.266 seconds
Native extension for WindowsStandalone target not found
Native extension for Android target not found
Native extension for WebGL target not found
[Package Manager] Server::EnsureServerProcessIsRunning -- launch failed, reason: Unity was launched with the -noUpm command-line argument
[Package Manager] UpmClient::Send -- Unable to send message (not connected to UPM process).
[Package Manager] Cannot connect to Unity Package Manager local server
Failed to sync packages list
UnityEngine.StackTraceUtility:ExtractStackTrace ()
UnityEngine.DebugLogHandler:LogFormat (UnityEngine.LogType,UnityEngine.Object,string,object[])
UnityEngine.Logger:Log (UnityEngine.LogType,object)
UnityEngine.Debug:LogWarning (object)
 .  / :MoveNext ()
System.Runtime.CompilerServices.AsyncVoidMethodBuilder:Start< .  / > ( .  / &)
 .  :  ()
 .⁪/ :MoveNext ()
System.Runtime.CompilerServices.AsyncTaskMethodBuilder:Start< .⁪/ > ( .⁪/ &)
 .⁪:  ()
System.Reflection.RuntimeMethodInfo:Invoke (object,System.Reflection.BindingFlags,System.Reflection.Binder,object[],System.Globalization.CultureInfo)
System.Reflection.MethodBase:Invoke (object,object[])
UnityEditor.EditorAssemblies:ProcessInitializeOnLoadMethodAttributes ()

Mono: successfully reloaded assembly
- Finished resetting the current domain, in  5.541 seconds
Domain Reload Profiling: 6805ms
	BeginReloadAssembly (190ms)
		ExecutionOrderSort (0ms)
		DisableScriptedObjects (5ms)
		BackupInstance (0ms)
		ReleaseScriptingObjects (0ms)
		CreateAndSetChildDomain (37ms)
	RebuildCommonClasses (49ms)
	RebuildNativeTypeToScriptingClass (14ms)
	initialDomainReloadingComplete (32ms)
	LoadAllAssembliesAndSetupDomain (979ms)
		LoadAssemblies (1066ms)
		RebuildTransferFunctionScriptingTraits (0ms)
		AnalyzeDomain (27ms)
			TypeCache.Refresh (10ms)
				TypeCache.ScanAssembly (0ms)
			ScanForSourceGeneratedMonoScriptInfo (9ms)
			ResolveRequiredComponents (6ms)
	FinalizeReload (5541ms)
		ReleaseScriptCaches (0ms)
		RebuildScriptCaches (0ms)
		SetupLoadedEditorAssemblies (584ms)
			LogAssemblyErrors (0ms)
			InitializePlatformSupportModulesInManaged (20ms)
			SetLoadedEditorAssemblies (4ms)
			RefreshPlugins (0ms)
			BeforeProcessingInitializeOnLoad (82ms)
			ProcessInitializeOnLoadAttributes (425ms)
			ProcessInitializeOnLoadMethodAttributes (48ms)
			AfterProcessingInitializeOnLoad (5ms)
			EditorAssembliesLoaded (0ms)
		ExecutionOrderSort2 (0ms)
		AwakeInstancesAfterBackupRestoration (6ms)
Refreshing native plugins compatible for Editor in 4.04 ms, found 6 plugins.
Preloading 0 native plugins for Editor in 0.00 ms.
Release of invalid GC handle. The handle is from a previous domain. The release operation is skipped.
Release of invalid GC handle native callstack: 
0x00007ff79e68424d (Unity) StackWalker::GetCurrentCallstack
0x00007ff79e689329 (Unity) StackWalker::ShowCallstack
0x00007ff79f67dae1 (Unity) GetStacktrace
0x00007ff79e57f20d (Unity) ScriptingGCHandle::ReleaseAndClear
0x00007ff79eb4748c (Unity) UploadHandlerRaw::`vector deleting destructor'
0x00007ff79eb4803d (Unity) UploadHandler::Release
0x00007ff79eb448dd (Unity) UnityWebRequestProto<UnityWebRequestTransport,AtomicRefCounter,RedirectHelper,ResponseHelper,DownloadHandler,UploadHandler,CertificateHandler,HeaderHelper,AsyncOperation>::~UnityWebRequestProto<UnityWebRequestTransport,AtomicRefCounter,RedirectHelper,ResponseHelper,DownloadHandler,UploadHandler,CertificateHandler,HeaderHelper,AsyncOperation>
0x00007ff79eb44bd6 (Unity) UnityWebRequest::`vector deleting destructor'
0x00007ff79d894b77 (Unity) UnityWebRequestProto<UnityWebRequestTransport,AtomicRefCounter,RedirectHelper,ResponseHelper,DownloadHandler,UploadHandler,CertificateHandler,HeaderHelper,AsyncOperation>::Release
0x00007ff79eb46605 (Unity) UnityWebRequestAsyncOperation::InvokeCoroutine
0x00007ff79eb467e1 (Unity) UnityWebRequestProto<UnityWebRequestTransport,AtomicRefCounter,RedirectHelper,ResponseHelper,DownloadHandler,UploadHandler,CertificateHandler,HeaderHelper,AsyncOperation>::Job_InvokeCoroutine
0x00007ff79e1ab54a (Unity) BackgroundJobQueue::ExecuteMainThreadJobs
0x00007ff79e26005f (Unity) PreloadManager::WaitForAllAsyncOperationsToComplete
0x00007ff79fa23af8 (Unity) <lambda_b37b41f03089e3cb3f55061bbc93253d>::operator()
0x00007ff79fa5f422 (Unity) asio::detail::completion_handler<core::mutable_function<void __cdecl(void)>,asio::io_context::basic_executor_type<std::allocator<void>,0> >::do_complete
0x00007ff79fa4b3ce (Unity) asio::detail::win_iocp_io_context::do_one
0x00007ff79fa4d034 (Unity) asio::detail::win_iocp_io_context::run
0x00007ff79fa5d7cc (Unity) IOService::Run
0x00007ff79fa30c2f (Unity) AssetImportWorkerClient::Run
0x00007ff79f9fc3d7 (Unity) RunAssetImportWorkerClientV2
0x00007ff79f9fc45b (Unity) RunAssetImporterV2
0x00007ff79f1f31de (Unity) Application::InitializeProject
0x00007ff79f688795 (Unity) WinMain
0x00007ff7a0a535ce (Unity) __scrt_common_main_seh
0x00007ffa8b87e8d7 (KERNEL32) BaseThreadInitThunk
0x00007ffa8c1714fc (ntdll) RtlUserThreadStart
Unloading 3378 Unused Serialized files (Serialized files now loaded: 0)
Unloading 39 unused Assets / (1.0 MB). Loaded Objects now: 4126.
Memory consumption went from 131.1 MB to 130.1 MB.
Total: 6.114100 ms (FindLiveObjects: 0.267700 ms CreateObjectMapping: 0.104500 ms MarkObjects: 5.254900 ms  DeleteObjects: 0.486000 ms)

Prepare: number of updated asset objects reloaded= 0
AssetImportParameters requested are different than current active one (requested -> active):
  custom:container-demuxer-ogg: 62fdf1f143b41e24485cea50d1cbac27 -> 
  custom:scripting/monoscript/fileName/Tree.cs: dca7474b58f05e1dc61bb9deb148038d -> 
  custom:video-codec-MediaFoundation-h265: 746d11721c4dcdbdad8f713fa42b33f4 -> 
  custom:video-decoder-ogg-theora: a1e56fd34408186e4bbccfd4996cb3dc -> 
  custom:scripting/monoscript/fileName/Timber.cs: e3f520cc8fc09857160dc689c53c79e7 -> 
  custom:framework-win-MediaFoundation: 216162199b28c13a410421893ffa2e32 -> 
  custom:scripting/monoscript/fileName/Money.cs: 9c40cb0a308c8e4e1f5815ebef98078a -> 
  custom:CustomObjectIndexerAttribute: 9a22284fe3817be447336de3de66b15e -> 
  custom:scripting/monoscript/fileName/FillableBar3D.cs: 52f14b7e6922cb183133cc6746322f72 -> 
  custom:scripting/monoscript/fileName/ArrowController.cs: 1a447edfdb5484109c0662398b0d2a4f -> 
  custom:container-demuxer-webm: 4f35f7cbe854078d1ac9338744f61a02 -> 
  custom:container-muxer-webm: aa71ff27fc2769a1b78a27578f13a17b -> 
  custom:video-decoder-webm-vp8: 9c59270c3fd7afecdb556c50c9e8de78 -> 
  custom:SearchIndexIgnoredProperties: e643bd26f0fe6173181afceb89e7c659 -> 
  custom:AudioImporter_EditorPlatform: d09bf68614088b80899f8185d706f6e7 -> 
  custom:video-encoder-webm-vp8: eb34c28f22e8b96e1ab97ce403110664 -> 
  custom:audio-decoder-ogg-vorbis: bf7c407c2cedff20999df2af8eb42d56 -> 
  custom:audio-encoder-webm-vorbis: bf7c407c2cedff20999df2af8eb42d56 -> 
  custom:scripting/precompiled-assembly-types:Assembly-CSharp: f0319d0306588bc75f46ae5680644858 -> 898d7dc12b5aaae7dfacee678fc8dd41
========================================================================
Received Prepare
Caller must complete domain reload
Begin MonoManager ReloadAssembly
Curl error 42: Callback aborted
- Loaded All Assemblies, in  0.553 seconds
Native extension for WindowsStandalone target not found
Native extension for Android target not found
Native extension for WebGL target not found
[Package Manager] Server::EnsureServerProcessIsRunning -- launch failed, reason: Unity was launched with the -noUpm command-line argument
[Package Manager] UpmClient::Send -- Unable to send message (not connected to UPM process).
[Package Manager] Cannot connect to Unity Package Manager local server
Failed to sync packages list
UnityEngine.StackTraceUtility:ExtractStackTrace ()
UnityEngine.DebugLogHandler:LogFormat (UnityEngine.LogType,UnityEngine.Object,string,object[])
UnityEngine.Logger:Log (UnityEngine.LogType,object)
UnityEngine.Debug:LogWarning (object)
 .  / :MoveNext ()
System.Runtime.CompilerServices.AsyncVoidMethodBuilder:Start< .  / > ( .  / &)
 .  :  ()
 .⁪/ :MoveNext ()
System.Runtime.CompilerServices.AsyncTaskMethodBuilder:Start< .⁪/ > ( .⁪/ &)
 .⁪:  ()
System.Reflection.RuntimeMethodInfo:Invoke (object,System.Reflection.BindingFlags,System.Reflection.Binder,object[],System.Globalization.CultureInfo)
System.Reflection.MethodBase:Invoke (object,object[])
UnityEditor.EditorAssemblies:ProcessInitializeOnLoadMethodAttributes ()

Mono: successfully reloaded assembly
- Finished resetting the current domain, in  1.193 seconds
Domain Reload Profiling: 1744ms
	BeginReloadAssembly (189ms)
		ExecutionOrderSort (0ms)
		DisableScriptedObjects (7ms)
		BackupInstance (0ms)
		ReleaseScriptingObjects (0ms)
		CreateAndSetChildDomain (39ms)
	RebuildCommonClasses (41ms)
	RebuildNativeTypeToScriptingClass (12ms)
	initialDomainReloadingComplete (35ms)
	LoadAllAssembliesAndSetupDomain (275ms)
		LoadAssemblies (361ms)
		RebuildTransferFunctionScriptingTraits (0ms)
		AnalyzeDomain (17ms)
			TypeCache.Refresh (6ms)
				TypeCache.ScanAssembly (0ms)
			ScanForSourceGeneratedMonoScriptInfo (0ms)
			ResolveRequiredComponents (7ms)
	FinalizeReload (1193ms)
		ReleaseScriptCaches (0ms)
		RebuildScriptCaches (0ms)
		SetupLoadedEditorAssemblies (654ms)
			LogAssemblyErrors (0ms)
			InitializePlatformSupportModulesInManaged (23ms)
			SetLoadedEditorAssemblies (5ms)
			RefreshPlugins (0ms)
			BeforeProcessingInitializeOnLoad (75ms)
			ProcessInitializeOnLoadAttributes (483ms)
			ProcessInitializeOnLoadMethodAttributes (61ms)
			AfterProcessingInitializeOnLoad (6ms)
			EditorAssembliesLoaded (0ms)
		ExecutionOrderSort2 (0ms)
		AwakeInstancesAfterBackupRestoration (8ms)
Refreshing native plugins compatible for Editor in 5.11 ms, found 6 plugins.
Preloading 0 native plugins for Editor in 0.00 ms.
Release of invalid GC handle. The handle is from a previous domain. The release operation is skipped.
Release of invalid GC handle native callstack: 
0x00007ff79e68424d (Unity) StackWalker::GetCurrentCallstack
0x00007ff79e689329 (Unity) StackWalker::ShowCallstack
0x00007ff79f67dae1 (Unity) GetStacktrace
0x00007ff79e57f20d (Unity) ScriptingGCHandle::ReleaseAndClear
0x00007ff79eb4748c (Unity) UploadHandlerRaw::`vector deleting destructor'
0x00007ff79eb4803d (Unity) UploadHandler::Release
0x00007ff79eb448dd (Unity) UnityWebRequestProto<UnityWebRequestTransport,AtomicRefCounter,RedirectHelper,ResponseHelper,DownloadHandler,UploadHandler,CertificateHandler,HeaderHelper,AsyncOperation>::~UnityWebRequestProto<UnityWebRequestTransport,AtomicRefCounter,RedirectHelper,ResponseHelper,DownloadHandler,UploadHandler,CertificateHandler,HeaderHelper,AsyncOperation>
0x00007ff79eb44bd6 (Unity) UnityWebRequest::`vector deleting destructor'
0x00007ff79d894b77 (Unity) UnityWebRequestProto<UnityWebRequestTransport,AtomicRefCounter,RedirectHelper,ResponseHelper,DownloadHandler,UploadHandler,CertificateHandler,HeaderHelper,AsyncOperation>::Release
0x00007ff79eb46605 (Unity) UnityWebRequestAsyncOperation::InvokeCoroutine
0x00007ff79eb467e1 (Unity) UnityWebRequestProto<UnityWebRequestTransport,AtomicRefCounter,RedirectHelper,ResponseHelper,DownloadHandler,UploadHandler,CertificateHandler,HeaderHelper,AsyncOperation>::Job_InvokeCoroutine
0x00007ff79e1ab54a (Unity) BackgroundJobQueue::ExecuteMainThreadJobs
0x00007ff79e26005f (Unity) PreloadManager::WaitForAllAsyncOperationsToComplete
0x00007ff79fa23af8 (Unity) <lambda_b37b41f03089e3cb3f55061bbc93253d>::operator()
0x00007ff79fa5f422 (Unity) asio::detail::completion_handler<core::mutable_function<void __cdecl(void)>,asio::io_context::basic_executor_type<std::allocator<void>,0> >::do_complete
0x00007ff79fa4b3ce (Unity) asio::detail::win_iocp_io_context::do_one
0x00007ff79fa4d034 (Unity) asio::detail::win_iocp_io_context::run
0x00007ff79fa5d7cc (Unity) IOService::Run
0x00007ff79fa30c2f (Unity) AssetImportWorkerClient::Run
0x00007ff79f9fc3d7 (Unity) RunAssetImportWorkerClientV2
0x00007ff79f9fc45b (Unity) RunAssetImporterV2
0x00007ff79f1f31de (Unity) Application::InitializeProject
0x00007ff79f688795 (Unity) WinMain
0x00007ff7a0a535ce (Unity) __scrt_common_main_seh
0x00007ffa8b87e8d7 (KERNEL32) BaseThreadInitThunk
0x00007ffa8c1714fc (ntdll) RtlUserThreadStart
Unloading 3378 Unused Serialized files (Serialized files now loaded: 0)
Unloading 39 unused Assets / (1.0 MB). Loaded Objects now: 4131.
Memory consumption went from 142.1 MB to 141.0 MB.
Total: 4.500100 ms (FindLiveObjects: 0.249900 ms CreateObjectMapping: 0.105200 ms MarkObjects: 3.586400 ms  DeleteObjects: 0.557100 ms)

Prepare: number of updated asset objects reloaded= 0
AssetImportParameters requested are different than current active one (requested -> active):
  custom:container-demuxer-ogg: 62fdf1f143b41e24485cea50d1cbac27 -> 
  custom:scripting/monoscript/fileName/Tree.cs: dca7474b58f05e1dc61bb9deb148038d -> 
  custom:video-codec-MediaFoundation-h265: 746d11721c4dcdbdad8f713fa42b33f4 -> 
  custom:video-decoder-ogg-theora: a1e56fd34408186e4bbccfd4996cb3dc -> 
  custom:scripting/monoscript/fileName/Timber.cs: e3f520cc8fc09857160dc689c53c79e7 -> 
  custom:framework-win-MediaFoundation: 216162199b28c13a410421893ffa2e32 -> 
  custom:scripting/monoscript/fileName/Money.cs: 9c40cb0a308c8e4e1f5815ebef98078a -> 
  custom:CustomObjectIndexerAttribute: 9a22284fe3817be447336de3de66b15e -> 
  custom:scripting/monoscript/fileName/FillableBar3D.cs: 52f14b7e6922cb183133cc6746322f72 -> 
  custom:scripting/monoscript/fileName/ArrowController.cs: 1a447edfdb5484109c0662398b0d2a4f -> 
  custom:container-demuxer-webm: 4f35f7cbe854078d1ac9338744f61a02 -> 
  custom:container-muxer-webm: aa71ff27fc2769a1b78a27578f13a17b -> 
  custom:video-decoder-webm-vp8: 9c59270c3fd7afecdb556c50c9e8de78 -> 
  custom:SearchIndexIgnoredProperties: e643bd26f0fe6173181afceb89e7c659 -> 
  custom:AudioImporter_EditorPlatform: d09bf68614088b80899f8185d706f6e7 -> 
  custom:video-encoder-webm-vp8: eb34c28f22e8b96e1ab97ce403110664 -> 
  custom:audio-decoder-ogg-vorbis: bf7c407c2cedff20999df2af8eb42d56 -> 
  custom:audio-encoder-webm-vorbis: bf7c407c2cedff20999df2af8eb42d56 -> 
  custom:scripting/precompiled-assembly-types:Assembly-CSharp: f0319d0306588bc75f46ae5680644858 -> 898d7dc12b5aaae7dfacee678fc8dd41
========================================================================
Received Prepare
Caller must complete domain reload
Begin MonoManager ReloadAssembly
- Loaded All Assemblies, in  1.167 seconds
Native extension for WindowsStandalone target not found
Native extension for Android target not found
Native extension for WebGL target not found
[Package Manager] Server::EnsureServerProcessIsRunning -- launch failed, reason: Unity was launched with the -noUpm command-line argument
[Package Manager] UpmClient::Send -- Unable to send message (not connected to UPM process).
[Package Manager] Cannot connect to Unity Package Manager local server
Failed to sync packages list
UnityEngine.StackTraceUtility:ExtractStackTrace ()
UnityEngine.DebugLogHandler:LogFormat (UnityEngine.LogType,UnityEngine.Object,string,object[])
UnityEngine.Logger:Log (UnityEngine.LogType,object)
UnityEngine.Debug:LogWarning (object)
 .  / :MoveNext ()
System.Runtime.CompilerServices.AsyncVoidMethodBuilder:Start< .  / > ( .  / &)
 .  :  ()
 .⁪/ :MoveNext ()
System.Runtime.CompilerServices.AsyncTaskMethodBuilder:Start< .⁪/ > ( .⁪/ &)
 .⁪:  ()
System.Reflection.RuntimeMethodInfo:Invoke (object,System.Reflection.BindingFlags,System.Reflection.Binder,object[],System.Globalization.CultureInfo)
System.Reflection.MethodBase:Invoke (object,object[])
UnityEditor.EditorAssemblies:ProcessInitializeOnLoadMethodAttributes ()

Mono: successfully reloaded assembly
- Finished resetting the current domain, in  6.705 seconds
Domain Reload Profiling: 7870ms
	BeginReloadAssembly (166ms)
		ExecutionOrderSort (0ms)
		DisableScriptedObjects (5ms)
		BackupInstance (0ms)
		ReleaseScriptingObjects (0ms)
		CreateAndSetChildDomain (33ms)
	RebuildCommonClasses (43ms)
	RebuildNativeTypeToScriptingClass (12ms)
	initialDomainReloadingComplete (39ms)
	LoadAllAssembliesAndSetupDomain (904ms)
		LoadAssemblies (977ms)
		RebuildTransferFunctionScriptingTraits (0ms)
		AnalyzeDomain (18ms)
			TypeCache.Refresh (8ms)
				TypeCache.ScanAssembly (0ms)
			ScanForSourceGeneratedMonoScriptInfo (0ms)
			ResolveRequiredComponents (8ms)
	FinalizeReload (6705ms)
		ReleaseScriptCaches (0ms)
		RebuildScriptCaches (0ms)
		SetupLoadedEditorAssemblies (677ms)
			LogAssemblyErrors (0ms)
			InitializePlatformSupportModulesInManaged (29ms)
			SetLoadedEditorAssemblies (5ms)
			RefreshPlugins (0ms)
			BeforeProcessingInitializeOnLoad (71ms)
			ProcessInitializeOnLoadAttributes (498ms)
			ProcessInitializeOnLoadMethodAttributes (67ms)
			AfterProcessingInitializeOnLoad (7ms)
			EditorAssembliesLoaded (0ms)
		ExecutionOrderSort2 (0ms)
		AwakeInstancesAfterBackupRestoration (9ms)
Refreshing native plugins compatible for Editor in 127.53 ms, found 6 plugins.
Preloading 0 native plugins for Editor in 0.00 ms.
Release of invalid GC handle. The handle is from a previous domain. The release operation is skipped.
Release of invalid GC handle native callstack: 
0x00007ff79e68424d (Unity) StackWalker::GetCurrentCallstack
0x00007ff79e689329 (Unity) StackWalker::ShowCallstack
0x00007ff79f67dae1 (Unity) GetStacktrace
0x00007ff79e57f20d (Unity) ScriptingGCHandle::ReleaseAndClear
0x00007ff79eb4748c (Unity) UploadHandlerRaw::`vector deleting destructor'
0x00007ff79eb4803d (Unity) UploadHandler::Release
0x00007ff79eb448dd (Unity) UnityWebRequestProto<UnityWebRequestTransport,AtomicRefCounter,RedirectHelper,ResponseHelper,DownloadHandler,UploadHandler,CertificateHandler,HeaderHelper,AsyncOperation>::~UnityWebRequestProto<UnityWebRequestTransport,AtomicRefCounter,RedirectHelper,ResponseHelper,DownloadHandler,UploadHandler,CertificateHandler,HeaderHelper,AsyncOperation>
0x00007ff79eb44bd6 (Unity) UnityWebRequest::`vector deleting destructor'
0x00007ff79d894b77 (Unity) UnityWebRequestProto<UnityWebRequestTransport,AtomicRefCounter,RedirectHelper,ResponseHelper,DownloadHandler,UploadHandler,CertificateHandler,HeaderHelper,AsyncOperation>::Release
0x00007ff79eb46605 (Unity) UnityWebRequestAsyncOperation::InvokeCoroutine
0x00007ff79eb467e1 (Unity) UnityWebRequestProto<UnityWebRequestTransport,AtomicRefCounter,RedirectHelper,ResponseHelper,DownloadHandler,UploadHandler,CertificateHandler,HeaderHelper,AsyncOperation>::Job_InvokeCoroutine
0x00007ff79e1ab54a (Unity) BackgroundJobQueue::ExecuteMainThreadJobs
0x00007ff79e26005f (Unity) PreloadManager::WaitForAllAsyncOperationsToComplete
0x00007ff79fa23af8 (Unity) <lambda_b37b41f03089e3cb3f55061bbc93253d>::operator()
0x00007ff79fa5f422 (Unity) asio::detail::completion_handler<core::mutable_function<void __cdecl(void)>,asio::io_context::basic_executor_type<std::allocator<void>,0> >::do_complete
0x00007ff79fa4b3ce (Unity) asio::detail::win_iocp_io_context::do_one
0x00007ff79fa4d034 (Unity) asio::detail::win_iocp_io_context::run
0x00007ff79fa5d7cc (Unity) IOService::Run
0x00007ff79fa30c2f (Unity) AssetImportWorkerClient::Run
0x00007ff79f9fc3d7 (Unity) RunAssetImportWorkerClientV2
0x00007ff79f9fc45b (Unity) RunAssetImporterV2
0x00007ff79f1f31de (Unity) Application::InitializeProject
0x00007ff79f688795 (Unity) WinMain
0x00007ff7a0a535ce (Unity) __scrt_common_main_seh
0x00007ffa8b87e8d7 (KERNEL32) BaseThreadInitThunk
0x00007ffa8c1714fc (ntdll) RtlUserThreadStart
Unloading 3378 Unused Serialized files (Serialized files now loaded: 0)
Unloading 39 unused Assets / (1.0 MB). Loaded Objects now: 4136.
Memory consumption went from 132.9 MB to 131.9 MB.
Total: 6.948600 ms (FindLiveObjects: 0.306300 ms CreateObjectMapping: 0.275900 ms MarkObjects: 5.789700 ms  DeleteObjects: 0.575000 ms)

Prepare: number of updated asset objects reloaded= 0
AssetImportParameters requested are different than current active one (requested -> active):
  custom:container-demuxer-ogg: 62fdf1f143b41e24485cea50d1cbac27 -> 
  custom:scripting/monoscript/fileName/Tree.cs: dca7474b58f05e1dc61bb9deb148038d -> 
  custom:video-codec-MediaFoundation-h265: 746d11721c4dcdbdad8f713fa42b33f4 -> 
  custom:video-decoder-ogg-theora: a1e56fd34408186e4bbccfd4996cb3dc -> 
  custom:scripting/monoscript/fileName/Timber.cs: e3f520cc8fc09857160dc689c53c79e7 -> 
  custom:framework-win-MediaFoundation: 216162199b28c13a410421893ffa2e32 -> 
  custom:scripting/monoscript/fileName/Money.cs: 9c40cb0a308c8e4e1f5815ebef98078a -> 
  custom:CustomObjectIndexerAttribute: 9a22284fe3817be447336de3de66b15e -> 
  custom:scripting/monoscript/fileName/FillableBar3D.cs: 52f14b7e6922cb183133cc6746322f72 -> 
  custom:scripting/monoscript/fileName/ArrowController.cs: 1a447edfdb5484109c0662398b0d2a4f -> 
  custom:container-demuxer-webm: 4f35f7cbe854078d1ac9338744f61a02 -> 
  custom:container-muxer-webm: aa71ff27fc2769a1b78a27578f13a17b -> 
  custom:video-decoder-webm-vp8: 9c59270c3fd7afecdb556c50c9e8de78 -> 
  custom:SearchIndexIgnoredProperties: e643bd26f0fe6173181afceb89e7c659 -> 
  custom:AudioImporter_EditorPlatform: d09bf68614088b80899f8185d706f6e7 -> 
  custom:video-encoder-webm-vp8: eb34c28f22e8b96e1ab97ce403110664 -> 
  custom:audio-decoder-ogg-vorbis: bf7c407c2cedff20999df2af8eb42d56 -> 
  custom:audio-encoder-webm-vorbis: bf7c407c2cedff20999df2af8eb42d56 -> 
  custom:scripting/precompiled-assembly-types:Assembly-CSharp: f0319d0306588bc75f46ae5680644858 -> 898d7dc12b5aaae7dfacee678fc8dd41
========================================================================
Received Prepare
Caller must complete domain reload
Begin MonoManager ReloadAssembly
- Loaded All Assemblies, in  0.914 seconds
Native extension for WindowsStandalone target not found
Native extension for Android target not found
Native extension for WebGL target not found
[Package Manager] Server::EnsureServerProcessIsRunning -- launch failed, reason: Unity was launched with the -noUpm command-line argument
[Package Manager] UpmClient::Send -- Unable to send message (not connected to UPM process).
[Package Manager] Cannot connect to Unity Package Manager local server
Failed to sync packages list
UnityEngine.StackTraceUtility:ExtractStackTrace ()
UnityEngine.DebugLogHandler:LogFormat (UnityEngine.LogType,UnityEngine.Object,string,object[])
UnityEngine.Logger:Log (UnityEngine.LogType,object)
UnityEngine.Debug:LogWarning (object)
 .  / :MoveNext ()
System.Runtime.CompilerServices.AsyncVoidMethodBuilder:Start< .  / > ( .  / &)
 .  :  ()
 .⁪/ :MoveNext ()
System.Runtime.CompilerServices.AsyncTaskMethodBuilder:Start< .⁪/ > ( .⁪/ &)
 .⁪:  ()
System.Reflection.RuntimeMethodInfo:Invoke (object,System.Reflection.BindingFlags,System.Reflection.Binder,object[],System.Globalization.CultureInfo)
System.Reflection.MethodBase:Invoke (object,object[])
UnityEditor.EditorAssemblies:ProcessInitializeOnLoadMethodAttributes ()

Mono: successfully reloaded assembly
- Finished resetting the current domain, in  5.467 seconds
Domain Reload Profiling: 6380ms
	BeginReloadAssembly (157ms)
		ExecutionOrderSort (0ms)
		DisableScriptedObjects (6ms)
		BackupInstance (0ms)
		ReleaseScriptingObjects (0ms)
		CreateAndSetChildDomain (33ms)
	RebuildCommonClasses (39ms)
	RebuildNativeTypeToScriptingClass (10ms)
	initialDomainReloadingComplete (32ms)
	LoadAllAssembliesAndSetupDomain (675ms)
		LoadAssemblies (737ms)
		RebuildTransferFunctionScriptingTraits (0ms)
		AnalyzeDomain (20ms)
			TypeCache.Refresh (8ms)
				TypeCache.ScanAssembly (0ms)
			ScanForSourceGeneratedMonoScriptInfo (0ms)
			ResolveRequiredComponents (9ms)
	FinalizeReload (5468ms)
		ReleaseScriptCaches (0ms)
		RebuildScriptCaches (0ms)
		SetupLoadedEditorAssemblies (521ms)
			LogAssemblyErrors (0ms)
			InitializePlatformSupportModulesInManaged (19ms)
			SetLoadedEditorAssemblies (4ms)
			RefreshPlugins (0ms)
			BeforeProcessingInitializeOnLoad (66ms)
			ProcessInitializeOnLoadAttributes (379ms)
			ProcessInitializeOnLoadMethodAttributes (48ms)
			AfterProcessingInitializeOnLoad (5ms)
			EditorAssembliesLoaded (0ms)
		ExecutionOrderSort2 (0ms)
		AwakeInstancesAfterBackupRestoration (7ms)
Refreshing native plugins compatible for Editor in 4.55 ms, found 6 plugins.
Preloading 0 native plugins for Editor in 0.00 ms.
Release of invalid GC handle. The handle is from a previous domain. The release operation is skipped.
Release of invalid GC handle native callstack: 
0x00007ff79e68424d (Unity) StackWalker::GetCurrentCallstack
0x00007ff79e689329 (Unity) StackWalker::ShowCallstack
0x00007ff79f67dae1 (Unity) GetStacktrace
0x00007ff79e57f20d (Unity) ScriptingGCHandle::ReleaseAndClear
0x00007ff79eb4748c (Unity) UploadHandlerRaw::`vector deleting destructor'
0x00007ff79eb4803d (Unity) UploadHandler::Release
0x00007ff79eb448dd (Unity) UnityWebRequestProto<UnityWebRequestTransport,AtomicRefCounter,RedirectHelper,ResponseHelper,DownloadHandler,UploadHandler,CertificateHandler,HeaderHelper,AsyncOperation>::~UnityWebRequestProto<UnityWebRequestTransport,AtomicRefCounter,RedirectHelper,ResponseHelper,DownloadHandler,UploadHandler,CertificateHandler,HeaderHelper,AsyncOperation>
0x00007ff79eb44bd6 (Unity) UnityWebRequest::`vector deleting destructor'
0x00007ff79d894b77 (Unity) UnityWebRequestProto<UnityWebRequestTransport,AtomicRefCounter,RedirectHelper,ResponseHelper,DownloadHandler,UploadHandler,CertificateHandler,HeaderHelper,AsyncOperation>::Release
0x00007ff79eb46605 (Unity) UnityWebRequestAsyncOperation::InvokeCoroutine
0x00007ff79eb467e1 (Unity) UnityWebRequestProto<UnityWebRequestTransport,AtomicRefCounter,RedirectHelper,ResponseHelper,DownloadHandler,UploadHandler,CertificateHandler,HeaderHelper,AsyncOperation>::Job_InvokeCoroutine
0x00007ff79e1ab54a (Unity) BackgroundJobQueue::ExecuteMainThreadJobs
0x00007ff79e26005f (Unity) PreloadManager::WaitForAllAsyncOperationsToComplete
0x00007ff79fa23af8 (Unity) <lambda_b37b41f03089e3cb3f55061bbc93253d>::operator()
0x00007ff79fa5f422 (Unity) asio::detail::completion_handler<core::mutable_function<void __cdecl(void)>,asio::io_context::basic_executor_type<std::allocator<void>,0> >::do_complete
0x00007ff79fa4b3ce (Unity) asio::detail::win_iocp_io_context::do_one
0x00007ff79fa4d034 (Unity) asio::detail::win_iocp_io_context::run
0x00007ff79fa5d7cc (Unity) IOService::Run
0x00007ff79fa30c2f (Unity) AssetImportWorkerClient::Run
0x00007ff79f9fc3d7 (Unity) RunAssetImportWorkerClientV2
0x00007ff79f9fc45b (Unity) RunAssetImporterV2
0x00007ff79f1f31de (Unity) Application::InitializeProject
0x00007ff79f688795 (Unity) WinMain
0x00007ff7a0a535ce (Unity) __scrt_common_main_seh
0x00007ffa8b87e8d7 (KERNEL32) BaseThreadInitThunk
0x00007ffa8c1714fc (ntdll) RtlUserThreadStart
Unloading 3378 Unused Serialized files (Serialized files now loaded: 0)
Unloading 39 unused Assets / (1.0 MB). Loaded Objects now: 4141.
Memory consumption went from 129.9 MB to 128.9 MB.
Total: 5.524700 ms (FindLiveObjects: 0.255900 ms CreateObjectMapping: 0.106100 ms MarkObjects: 4.553000 ms  DeleteObjects: 0.608000 ms)

Prepare: number of updated asset objects reloaded= 0
AssetImportParameters requested are different than current active one (requested -> active):
  custom:container-demuxer-ogg: 62fdf1f143b41e24485cea50d1cbac27 -> 
  custom:scripting/monoscript/fileName/Tree.cs: dca7474b58f05e1dc61bb9deb148038d -> 
  custom:video-codec-MediaFoundation-h265: 746d11721c4dcdbdad8f713fa42b33f4 -> 
  custom:video-decoder-ogg-theora: a1e56fd34408186e4bbccfd4996cb3dc -> 
  custom:scripting/monoscript/fileName/Timber.cs: e3f520cc8fc09857160dc689c53c79e7 -> 
  custom:framework-win-MediaFoundation: 216162199b28c13a410421893ffa2e32 -> 
  custom:scripting/monoscript/fileName/Money.cs: 9c40cb0a308c8e4e1f5815ebef98078a -> 
  custom:CustomObjectIndexerAttribute: 9a22284fe3817be447336de3de66b15e -> 
  custom:scripting/monoscript/fileName/FillableBar3D.cs: 52f14b7e6922cb183133cc6746322f72 -> 
  custom:scripting/monoscript/fileName/ArrowController.cs: 1a447edfdb5484109c0662398b0d2a4f -> 
  custom:container-demuxer-webm: 4f35f7cbe854078d1ac9338744f61a02 -> 
  custom:container-muxer-webm: aa71ff27fc2769a1b78a27578f13a17b -> 
  custom:video-decoder-webm-vp8: 9c59270c3fd7afecdb556c50c9e8de78 -> 
  custom:SearchIndexIgnoredProperties: e643bd26f0fe6173181afceb89e7c659 -> 
  custom:AudioImporter_EditorPlatform: d09bf68614088b80899f8185d706f6e7 -> 
  custom:video-encoder-webm-vp8: eb34c28f22e8b96e1ab97ce403110664 -> 
  custom:audio-decoder-ogg-vorbis: bf7c407c2cedff20999df2af8eb42d56 -> 
  custom:audio-encoder-webm-vorbis: bf7c407c2cedff20999df2af8eb42d56 -> 
  custom:scripting/precompiled-assembly-types:Assembly-CSharp: f0319d0306588bc75f46ae5680644858 -> 898d7dc12b5aaae7dfacee678fc8dd41
========================================================================
Received Prepare
Caller must complete domain reload
Begin MonoManager ReloadAssembly
- Loaded All Assemblies, in  0.452 seconds
Native extension for WindowsStandalone target not found
Native extension for Android target not found
Native extension for WebGL target not found
[Package Manager] Server::EnsureServerProcessIsRunning -- launch failed, reason: Unity was launched with the -noUpm command-line argument
[Package Manager] UpmClient::Send -- Unable to send message (not connected to UPM process).
[Package Manager] Cannot connect to Unity Package Manager local server
Failed to sync packages list
UnityEngine.StackTraceUtility:ExtractStackTrace ()
UnityEngine.DebugLogHandler:LogFormat (UnityEngine.LogType,UnityEngine.Object,string,object[])
UnityEngine.Logger:Log (UnityEngine.LogType,object)
UnityEngine.Debug:LogWarning (object)
 .  / :MoveNext ()
System.Runtime.CompilerServices.AsyncVoidMethodBuilder:Start< .  / > ( .  / &)
 .  :  ()
 .⁪/ :MoveNext ()
System.Runtime.CompilerServices.AsyncTaskMethodBuilder:Start< .⁪/ > ( .⁪/ &)
 .⁪:  ()
System.Reflection.RuntimeMethodInfo:Invoke (object,System.Reflection.BindingFlags,System.Reflection.Binder,object[],System.Globalization.CultureInfo)
System.Reflection.MethodBase:Invoke (object,object[])
UnityEditor.EditorAssemblies:ProcessInitializeOnLoadMethodAttributes ()

Mono: successfully reloaded assembly
- Finished resetting the current domain, in  1.000 seconds
Domain Reload Profiling: 1450ms
	BeginReloadAssembly (155ms)
		ExecutionOrderSort (0ms)
		DisableScriptedObjects (5ms)
		BackupInstance (0ms)
		ReleaseScriptingObjects (0ms)
		CreateAndSetChildDomain (31ms)
	RebuildCommonClasses (33ms)
	RebuildNativeTypeToScriptingClass (12ms)
	initialDomainReloadingComplete (27ms)
	LoadAllAssembliesAndSetupDomain (222ms)
		LoadAssemblies (292ms)
		RebuildTransferFunctionScriptingTraits (0ms)
		AnalyzeDomain (16ms)
			TypeCache.Refresh (6ms)
				TypeCache.ScanAssembly (0ms)
			ScanForSourceGeneratedMonoScriptInfo (0ms)
			ResolveRequiredComponents (6ms)
	FinalizeReload (1001ms)
		ReleaseScriptCaches (0ms)
		RebuildScriptCaches (0ms)
		SetupLoadedEditorAssemblies (568ms)
			LogAssemblyErrors (0ms)
			InitializePlatformSupportModulesInManaged (21ms)
			SetLoadedEditorAssemblies (4ms)
			RefreshPlugins (0ms)
			BeforeProcessingInitializeOnLoad (63ms)
			ProcessInitializeOnLoadAttributes (423ms)
			ProcessInitializeOnLoadMethodAttributes (51ms)
			AfterProcessingInitializeOnLoad (6ms)
			EditorAssembliesLoaded (0ms)
		ExecutionOrderSort2 (0ms)
		AwakeInstancesAfterBackupRestoration (8ms)
Refreshing native plugins compatible for Editor in 5.10 ms, found 6 plugins.
Preloading 0 native plugins for Editor in 0.00 ms.
Release of invalid GC handle. The handle is from a previous domain. The release operation is skipped.
Release of invalid GC handle native callstack: 
0x00007ff79e68424d (Unity) StackWalker::GetCurrentCallstack
0x00007ff79e689329 (Unity) StackWalker::ShowCallstack
0x00007ff79f67dae1 (Unity) GetStacktrace
0x00007ff79e57f20d (Unity) ScriptingGCHandle::ReleaseAndClear
0x00007ff79eb4748c (Unity) UploadHandlerRaw::`vector deleting destructor'
0x00007ff79eb4803d (Unity) UploadHandler::Release
0x00007ff79eb448dd (Unity) UnityWebRequestProto<UnityWebRequestTransport,AtomicRefCounter,RedirectHelper,ResponseHelper,DownloadHandler,UploadHandler,CertificateHandler,HeaderHelper,AsyncOperation>::~UnityWebRequestProto<UnityWebRequestTransport,AtomicRefCounter,RedirectHelper,ResponseHelper,DownloadHandler,UploadHandler,CertificateHandler,HeaderHelper,AsyncOperation>
0x00007ff79eb44bd6 (Unity) UnityWebRequest::`vector deleting destructor'
0x00007ff79d894b77 (Unity) UnityWebRequestProto<UnityWebRequestTransport,AtomicRefCounter,RedirectHelper,ResponseHelper,DownloadHandler,UploadHandler,CertificateHandler,HeaderHelper,AsyncOperation>::Release
0x00007ff79eb46605 (Unity) UnityWebRequestAsyncOperation::InvokeCoroutine
0x00007ff79eb467e1 (Unity) UnityWebRequestProto<UnityWebRequestTransport,AtomicRefCounter,RedirectHelper,ResponseHelper,DownloadHandler,UploadHandler,CertificateHandler,HeaderHelper,AsyncOperation>::Job_InvokeCoroutine
0x00007ff79e1ab54a (Unity) BackgroundJobQueue::ExecuteMainThreadJobs
0x00007ff79e26005f (Unity) PreloadManager::WaitForAllAsyncOperationsToComplete
0x00007ff79fa23af8 (Unity) <lambda_b37b41f03089e3cb3f55061bbc93253d>::operator()
0x00007ff79fa5f422 (Unity) asio::detail::completion_handler<core::mutable_function<void __cdecl(void)>,asio::io_context::basic_executor_type<std::allocator<void>,0> >::do_complete
0x00007ff79fa4b3ce (Unity) asio::detail::win_iocp_io_context::do_one
0x00007ff79fa4d034 (Unity) asio::detail::win_iocp_io_context::run
0x00007ff79fa5d7cc (Unity) IOService::Run
0x00007ff79fa30c2f (Unity) AssetImportWorkerClient::Run
0x00007ff79f9fc3d7 (Unity) RunAssetImportWorkerClientV2
0x00007ff79f9fc45b (Unity) RunAssetImporterV2
0x00007ff79f1f31de (Unity) Application::InitializeProject
0x00007ff79f688795 (Unity) WinMain
0x00007ff7a0a535ce (Unity) __scrt_common_main_seh
0x00007ffa8b87e8d7 (KERNEL32) BaseThreadInitThunk
0x00007ffa8c1714fc (ntdll) RtlUserThreadStart
Unloading 3378 Unused Serialized files (Serialized files now loaded: 0)
Unloading 39 unused Assets / (1.0 MB). Loaded Objects now: 4146.
Memory consumption went from 142.5 MB to 141.5 MB.
Total: 4.578000 ms (FindLiveObjects: 0.357700 ms CreateObjectMapping: 0.110400 ms MarkObjects: 3.595900 ms  DeleteObjects: 0.513000 ms)

Prepare: number of updated asset objects reloaded= 0
AssetImportParameters requested are different than current active one (requested -> active):
  custom:container-demuxer-ogg: 62fdf1f143b41e24485cea50d1cbac27 -> 
  custom:scripting/monoscript/fileName/Tree.cs: dca7474b58f05e1dc61bb9deb148038d -> 
  custom:video-codec-MediaFoundation-h265: 746d11721c4dcdbdad8f713fa42b33f4 -> 
  custom:video-decoder-ogg-theora: a1e56fd34408186e4bbccfd4996cb3dc -> 
  custom:scripting/monoscript/fileName/Timber.cs: e3f520cc8fc09857160dc689c53c79e7 -> 
  custom:framework-win-MediaFoundation: 216162199b28c13a410421893ffa2e32 -> 
  custom:scripting/monoscript/fileName/Money.cs: 9c40cb0a308c8e4e1f5815ebef98078a -> 
  custom:CustomObjectIndexerAttribute: 9a22284fe3817be447336de3de66b15e -> 
  custom:scripting/monoscript/fileName/FillableBar3D.cs: 52f14b7e6922cb183133cc6746322f72 -> 
  custom:scripting/monoscript/fileName/ArrowController.cs: 1a447edfdb5484109c0662398b0d2a4f -> 
  custom:container-demuxer-webm: 4f35f7cbe854078d1ac9338744f61a02 -> 
  custom:container-muxer-webm: aa71ff27fc2769a1b78a27578f13a17b -> 
  custom:video-decoder-webm-vp8: 9c59270c3fd7afecdb556c50c9e8de78 -> 
  custom:SearchIndexIgnoredProperties: e643bd26f0fe6173181afceb89e7c659 -> 
  custom:AudioImporter_EditorPlatform: d09bf68614088b80899f8185d706f6e7 -> 
  custom:video-encoder-webm-vp8: eb34c28f22e8b96e1ab97ce403110664 -> 
  custom:audio-decoder-ogg-vorbis: bf7c407c2cedff20999df2af8eb42d56 -> 
  custom:audio-encoder-webm-vorbis: bf7c407c2cedff20999df2af8eb42d56 -> 
  custom:scripting/precompiled-assembly-types:Assembly-CSharp: f0319d0306588bc75f46ae5680644858 -> 898d7dc12b5aaae7dfacee678fc8dd41
========================================================================
Received Import Request.
  Time since last request: 860.249165 seconds.
  path: Assets/Scripts/UI/FillableBar3D.cs
  artifactKey: Guid(abadd43b23771b04a87a4ba3d66a02fd) Importer(815301076,1909f56bfc062723c751e8b465ee728b)
Start importing Assets/Scripts/UI/FillableBar3D.cs using Guid(abadd43b23771b04a87a4ba3d66a02fd) Importer(815301076,1909f56bfc062723c751e8b465ee728b) [PhysX] Initialized MultithreadedTaskDispatcher with 12 workers.
 -> (artifact id: '519cb64283c333794ec80bdf47af6c16') in 0.003900 seconds
Number of updated asset objects reloaded before import = 0
Number of asset objects unloaded after import = 0
========================================================================
Received Import Request.
  Time since last request: 3.133864 seconds.
  path: Assets/Scripts/UI/FillableBar3D.cs
  artifactKey: Guid(abadd43b23771b04a87a4ba3d66a02fd) Importer(815301076,1909f56bfc062723c751e8b465ee728b)
Start importing Assets/Scripts/UI/FillableBar3D.cs using Guid(abadd43b23771b04a87a4ba3d66a02fd) Importer(815301076,1909f56bfc062723c751e8b465ee728b) [PhysX] Initialized MultithreadedTaskDispatcher with 12 workers.
 -> (artifact id: '0f42b2eecd6cfa1003b4c99243d6bfb1') in 0.001259 seconds
Number of updated asset objects reloaded before import = 0
Number of asset objects unloaded after import = 0
========================================================================
Received Prepare
Caller must complete domain reload
Begin MonoManager ReloadAssembly
- Loaded All Assemblies, in  0.744 seconds
Native extension for WindowsStandalone target not found
Native extension for Android target not found
Native extension for WebGL target not found
[Package Manager] Server::EnsureServerProcessIsRunning -- launch failed, reason: Unity was launched with the -noUpm command-line argument
[Package Manager] UpmClient::Send -- Unable to send message (not connected to UPM process).
[Package Manager] Cannot connect to Unity Package Manager local server
Failed to sync packages list
UnityEngine.StackTraceUtility:ExtractStackTrace ()
UnityEngine.DebugLogHandler:LogFormat (UnityEngine.LogType,UnityEngine.Object,string,object[])
UnityEngine.Logger:Log (UnityEngine.LogType,object)
UnityEngine.Debug:LogWarning (object)
 .  / :MoveNext ()
System.Runtime.CompilerServices.AsyncVoidMethodBuilder:Start< .  / > ( .  / &)
 .  :  ()
 .⁪/ :MoveNext ()
System.Runtime.CompilerServices.AsyncTaskMethodBuilder:Start< .⁪/ > ( .⁪/ &)
 .⁪:  ()
System.Reflection.RuntimeMethodInfo:Invoke (object,System.Reflection.BindingFlags,System.Reflection.Binder,object[],System.Globalization.CultureInfo)
System.Reflection.MethodBase:Invoke (object,object[])
UnityEditor.EditorAssemblies:ProcessInitializeOnLoadMethodAttributes ()

Mono: successfully reloaded assembly
- Finished resetting the current domain, in  0.999 seconds
Domain Reload Profiling: 1737ms
	BeginReloadAssembly (316ms)
		ExecutionOrderSort (0ms)
		DisableScriptedObjects (10ms)
		BackupInstance (0ms)
		ReleaseScriptingObjects (0ms)
		CreateAndSetChildDomain (54ms)
	RebuildCommonClasses (69ms)
	RebuildNativeTypeToScriptingClass (20ms)
	initialDomainReloadingComplete (59ms)
	LoadAllAssembliesAndSetupDomain (273ms)
		LoadAssemblies (427ms)
		RebuildTransferFunctionScriptingTraits (0ms)
		AnalyzeDomain (24ms)
			TypeCache.Refresh (8ms)
				TypeCache.ScanAssembly (0ms)
			ScanForSourceGeneratedMonoScriptInfo (7ms)
			ResolveRequiredComponents (6ms)
	FinalizeReload (1000ms)
		ReleaseScriptCaches (0ms)
		RebuildScriptCaches (0ms)
		SetupLoadedEditorAssemblies (553ms)
			LogAssemblyErrors (0ms)
			InitializePlatformSupportModulesInManaged (21ms)
			SetLoadedEditorAssemblies (5ms)
			RefreshPlugins (0ms)
			BeforeProcessingInitializeOnLoad (64ms)
			ProcessInitializeOnLoadAttributes (407ms)
			ProcessInitializeOnLoadMethodAttributes (50ms)
			AfterProcessingInitializeOnLoad (5ms)
			EditorAssembliesLoaded (0ms)
		ExecutionOrderSort2 (0ms)
		AwakeInstancesAfterBackupRestoration (9ms)
Refreshing native plugins compatible for Editor in 5.92 ms, found 6 plugins.
Preloading 0 native plugins for Editor in 0.00 ms.
Release of invalid GC handle. The handle is from a previous domain. The release operation is skipped.
Release of invalid GC handle native callstack: 
0x00007ff79e68424d (Unity) StackWalker::GetCurrentCallstack
0x00007ff79e689329 (Unity) StackWalker::ShowCallstack
0x00007ff79f67dae1 (Unity) GetStacktrace
0x00007ff79e57f20d (Unity) ScriptingGCHandle::ReleaseAndClear
0x00007ff79eb4748c (Unity) UploadHandlerRaw::`vector deleting destructor'
0x00007ff79eb4803d (Unity) UploadHandler::Release
0x00007ff79eb448dd (Unity) UnityWebRequestProto<UnityWebRequestTransport,AtomicRefCounter,RedirectHelper,ResponseHelper,DownloadHandler,UploadHandler,CertificateHandler,HeaderHelper,AsyncOperation>::~UnityWebRequestProto<UnityWebRequestTransport,AtomicRefCounter,RedirectHelper,ResponseHelper,DownloadHandler,UploadHandler,CertificateHandler,HeaderHelper,AsyncOperation>
0x00007ff79eb44bd6 (Unity) UnityWebRequest::`vector deleting destructor'
0x00007ff79d894b77 (Unity) UnityWebRequestProto<UnityWebRequestTransport,AtomicRefCounter,RedirectHelper,ResponseHelper,DownloadHandler,UploadHandler,CertificateHandler,HeaderHelper,AsyncOperation>::Release
0x00007ff79eb46605 (Unity) UnityWebRequestAsyncOperation::InvokeCoroutine
0x00007ff79eb467e1 (Unity) UnityWebRequestProto<UnityWebRequestTransport,AtomicRefCounter,RedirectHelper,ResponseHelper,DownloadHandler,UploadHandler,CertificateHandler,HeaderHelper,AsyncOperation>::Job_InvokeCoroutine
0x00007ff79e1ab54a (Unity) BackgroundJobQueue::ExecuteMainThreadJobs
0x00007ff79e26005f (Unity) PreloadManager::WaitForAllAsyncOperationsToComplete
0x00007ff79fa23af8 (Unity) <lambda_b37b41f03089e3cb3f55061bbc93253d>::operator()
0x00007ff79fa5f422 (Unity) asio::detail::completion_handler<core::mutable_function<void __cdecl(void)>,asio::io_context::basic_executor_type<std::allocator<void>,0> >::do_complete
0x00007ff79fa4b3ce (Unity) asio::detail::win_iocp_io_context::do_one
0x00007ff79fa4d034 (Unity) asio::detail::win_iocp_io_context::run
0x00007ff79fa5d7cc (Unity) IOService::Run
0x00007ff79fa30c2f (Unity) AssetImportWorkerClient::Run
0x00007ff79f9fc3d7 (Unity) RunAssetImportWorkerClientV2
0x00007ff79f9fc45b (Unity) RunAssetImporterV2
0x00007ff79f1f31de (Unity) Application::InitializeProject
0x00007ff79f688795 (Unity) WinMain
0x00007ff7a0a535ce (Unity) __scrt_common_main_seh
0x00007ffa8b87e8d7 (KERNEL32) BaseThreadInitThunk
0x00007ffa8c1714fc (ntdll) RtlUserThreadStart
Unloading 3377 Unused Serialized files (Serialized files now loaded: 0)
Unloading 39 unused Assets / (1.0 MB). Loaded Objects now: 4151.
Memory consumption went from 142.4 MB to 141.4 MB.
Total: 5.159200 ms (FindLiveObjects: 0.224200 ms CreateObjectMapping: 0.093300 ms MarkObjects: 4.376700 ms  DeleteObjects: 0.463600 ms)

Prepare: number of updated asset objects reloaded= 0
AssetImportParameters requested are different than current active one (requested -> active):
  custom:container-demuxer-ogg: 62fdf1f143b41e24485cea50d1cbac27 -> 
  custom:scripting/monoscript/fileName/Tree.cs: dca7474b58f05e1dc61bb9deb148038d -> 
  custom:video-codec-MediaFoundation-h265: 746d11721c4dcdbdad8f713fa42b33f4 -> 
  custom:video-decoder-ogg-theora: a1e56fd34408186e4bbccfd4996cb3dc -> 
  custom:scripting/monoscript/fileName/Timber.cs: e3f520cc8fc09857160dc689c53c79e7 -> 
  custom:framework-win-MediaFoundation: 216162199b28c13a410421893ffa2e32 -> 
  custom:scripting/monoscript/fileName/Money.cs: 9c40cb0a308c8e4e1f5815ebef98078a -> 
  custom:CustomObjectIndexerAttribute: 9a22284fe3817be447336de3de66b15e -> 
  custom:scripting/monoscript/fileName/FillableBar3D.cs: 52f14b7e6922cb183133cc6746322f72 -> 
  custom:scripting/monoscript/fileName/ArrowController.cs: 1a447edfdb5484109c0662398b0d2a4f -> 
  custom:container-demuxer-webm: 4f35f7cbe854078d1ac9338744f61a02 -> 
  custom:container-muxer-webm: aa71ff27fc2769a1b78a27578f13a17b -> 
  custom:video-decoder-webm-vp8: 9c59270c3fd7afecdb556c50c9e8de78 -> 
  custom:SearchIndexIgnoredProperties: e643bd26f0fe6173181afceb89e7c659 -> 
  custom:AudioImporter_EditorPlatform: d09bf68614088b80899f8185d706f6e7 -> 
  custom:video-encoder-webm-vp8: eb34c28f22e8b96e1ab97ce403110664 -> 
  custom:audio-decoder-ogg-vorbis: bf7c407c2cedff20999df2af8eb42d56 -> 
  custom:audio-encoder-webm-vorbis: bf7c407c2cedff20999df2af8eb42d56 -> 
  custom:scripting/precompiled-assembly-types:Assembly-CSharp: f0319d0306588bc75f46ae5680644858 -> 898d7dc12b5aaae7dfacee678fc8dd41
========================================================================
Received Prepare
Caller must complete domain reload
Begin MonoManager ReloadAssembly
- Loaded All Assemblies, in  0.454 seconds
Native extension for WindowsStandalone target not found
Native extension for Android target not found
Native extension for WebGL target not found
[Package Manager] Server::EnsureServerProcessIsRunning -- launch failed, reason: Unity was launched with the -noUpm command-line argument
[Package Manager] UpmClient::Send -- Unable to send message (not connected to UPM process).
[Package Manager] Cannot connect to Unity Package Manager local server
Failed to sync packages list
UnityEngine.StackTraceUtility:ExtractStackTrace ()
UnityEngine.DebugLogHandler:LogFormat (UnityEngine.LogType,UnityEngine.Object,string,object[])
UnityEngine.Logger:Log (UnityEngine.LogType,object)
UnityEngine.Debug:LogWarning (object)
 .  / :MoveNext ()
System.Runtime.CompilerServices.AsyncVoidMethodBuilder:Start< .  / > ( .  / &)
 .  :  ()
 .⁪/ :MoveNext ()
System.Runtime.CompilerServices.AsyncTaskMethodBuilder:Start< .⁪/ > ( .⁪/ &)
 .⁪:  ()
System.Reflection.RuntimeMethodInfo:Invoke (object,System.Reflection.BindingFlags,System.Reflection.Binder,object[],System.Globalization.CultureInfo)
System.Reflection.MethodBase:Invoke (object,object[])
UnityEditor.EditorAssemblies:ProcessInitializeOnLoadMethodAttributes ()

Mono: successfully reloaded assembly
- Finished resetting the current domain, in  0.986 seconds
Domain Reload Profiling: 1438ms
	BeginReloadAssembly (152ms)
		ExecutionOrderSort (0ms)
		DisableScriptedObjects (5ms)
		BackupInstance (0ms)
		ReleaseScriptingObjects (0ms)
		CreateAndSetChildDomain (32ms)
	RebuildCommonClasses (32ms)
	RebuildNativeTypeToScriptingClass (10ms)
	initialDomainReloadingComplete (29ms)
	LoadAllAssembliesAndSetupDomain (230ms)
		LoadAssemblies (295ms)
		RebuildTransferFunctionScriptingTraits (0ms)
		AnalyzeDomain (16ms)
			TypeCache.Refresh (6ms)
				TypeCache.ScanAssembly (0ms)
			ScanForSourceGeneratedMonoScriptInfo (0ms)
			ResolveRequiredComponents (7ms)
	FinalizeReload (986ms)
		ReleaseScriptCaches (0ms)
		RebuildScriptCaches (0ms)
		SetupLoadedEditorAssemblies (561ms)
			LogAssemblyErrors (0ms)
			InitializePlatformSupportModulesInManaged (18ms)
			SetLoadedEditorAssemblies (4ms)
			RefreshPlugins (0ms)
			BeforeProcessingInitializeOnLoad (72ms)
			ProcessInitializeOnLoadAttributes (410ms)
			ProcessInitializeOnLoadMethodAttributes (54ms)
			AfterProcessingInitializeOnLoad (5ms)
			EditorAssembliesLoaded (0ms)
		ExecutionOrderSort2 (0ms)
		AwakeInstancesAfterBackupRestoration (7ms)
Refreshing native plugins compatible for Editor in 4.57 ms, found 6 plugins.
Preloading 0 native plugins for Editor in 0.00 ms.
Release of invalid GC handle. The handle is from a previous domain. The release operation is skipped.
Release of invalid GC handle native callstack: 
0x00007ff79e68424d (Unity) StackWalker::GetCurrentCallstack
0x00007ff79e689329 (Unity) StackWalker::ShowCallstack
0x00007ff79f67dae1 (Unity) GetStacktrace
0x00007ff79e57f20d (Unity) ScriptingGCHandle::ReleaseAndClear
0x00007ff79eb4748c (Unity) UploadHandlerRaw::`vector deleting destructor'
0x00007ff79eb4803d (Unity) UploadHandler::Release
0x00007ff79eb448dd (Unity) UnityWebRequestProto<UnityWebRequestTransport,AtomicRefCounter,RedirectHelper,ResponseHelper,DownloadHandler,UploadHandler,CertificateHandler,HeaderHelper,AsyncOperation>::~UnityWebRequestProto<UnityWebRequestTransport,AtomicRefCounter,RedirectHelper,ResponseHelper,DownloadHandler,UploadHandler,CertificateHandler,HeaderHelper,AsyncOperation>
0x00007ff79eb44bd6 (Unity) UnityWebRequest::`vector deleting destructor'
0x00007ff79d894b77 (Unity) UnityWebRequestProto<UnityWebRequestTransport,AtomicRefCounter,RedirectHelper,ResponseHelper,DownloadHandler,UploadHandler,CertificateHandler,HeaderHelper,AsyncOperation>::Release
0x00007ff79eb46605 (Unity) UnityWebRequestAsyncOperation::InvokeCoroutine
0x00007ff79eb467e1 (Unity) UnityWebRequestProto<UnityWebRequestTransport,AtomicRefCounter,RedirectHelper,ResponseHelper,DownloadHandler,UploadHandler,CertificateHandler,HeaderHelper,AsyncOperation>::Job_InvokeCoroutine
0x00007ff79e1ab54a (Unity) BackgroundJobQueue::ExecuteMainThreadJobs
0x00007ff79e26005f (Unity) PreloadManager::WaitForAllAsyncOperationsToComplete
0x00007ff79fa23af8 (Unity) <lambda_b37b41f03089e3cb3f55061bbc93253d>::operator()
0x00007ff79fa5f422 (Unity) asio::detail::completion_handler<core::mutable_function<void __cdecl(void)>,asio::io_context::basic_executor_type<std::allocator<void>,0> >::do_complete
0x00007ff79fa4b3ce (Unity) asio::detail::win_iocp_io_context::do_one
0x00007ff79fa4d034 (Unity) asio::detail::win_iocp_io_context::run
0x00007ff79fa5d7cc (Unity) IOService::Run
0x00007ff79fa30c2f (Unity) AssetImportWorkerClient::Run
0x00007ff79f9fc3d7 (Unity) RunAssetImportWorkerClientV2
0x00007ff79f9fc45b (Unity) RunAssetImporterV2
0x00007ff79f1f31de (Unity) Application::InitializeProject
0x00007ff79f688795 (Unity) WinMain
0x00007ff7a0a535ce (Unity) __scrt_common_main_seh
0x00007ffa8b87e8d7 (KERNEL32) BaseThreadInitThunk
0x00007ffa8c1714fc (ntdll) RtlUserThreadStart
Unloading 3378 Unused Serialized files (Serialized files now loaded: 0)
Unloading 39 unused Assets / (1.0 MB). Loaded Objects now: 4156.
Memory consumption went from 142.8 MB to 141.8 MB.
Total: 4.491900 ms (FindLiveObjects: 0.279900 ms CreateObjectMapping: 0.102500 ms MarkObjects: 3.539900 ms  DeleteObjects: 0.567800 ms)

Prepare: number of updated asset objects reloaded= 0
AssetImportParameters requested are different than current active one (requested -> active):
  custom:container-demuxer-ogg: 62fdf1f143b41e24485cea50d1cbac27 -> 
  custom:scripting/monoscript/fileName/Tree.cs: dca7474b58f05e1dc61bb9deb148038d -> 
  custom:video-codec-MediaFoundation-h265: 746d11721c4dcdbdad8f713fa42b33f4 -> 
  custom:video-decoder-ogg-theora: a1e56fd34408186e4bbccfd4996cb3dc -> 
  custom:scripting/monoscript/fileName/Timber.cs: e3f520cc8fc09857160dc689c53c79e7 -> 
  custom:framework-win-MediaFoundation: 216162199b28c13a410421893ffa2e32 -> 
  custom:scripting/monoscript/fileName/Money.cs: 9c40cb0a308c8e4e1f5815ebef98078a -> 
  custom:CustomObjectIndexerAttribute: 9a22284fe3817be447336de3de66b15e -> 
  custom:scripting/monoscript/fileName/FillableBar3D.cs: 52f14b7e6922cb183133cc6746322f72 -> 
  custom:scripting/monoscript/fileName/ArrowController.cs: 1a447edfdb5484109c0662398b0d2a4f -> 
  custom:container-demuxer-webm: 4f35f7cbe854078d1ac9338744f61a02 -> 
  custom:container-muxer-webm: aa71ff27fc2769a1b78a27578f13a17b -> 
  custom:video-decoder-webm-vp8: 9c59270c3fd7afecdb556c50c9e8de78 -> 
  custom:SearchIndexIgnoredProperties: e643bd26f0fe6173181afceb89e7c659 -> 
  custom:AudioImporter_EditorPlatform: d09bf68614088b80899f8185d706f6e7 -> 
  custom:video-encoder-webm-vp8: eb34c28f22e8b96e1ab97ce403110664 -> 
  custom:audio-decoder-ogg-vorbis: bf7c407c2cedff20999df2af8eb42d56 -> 
  custom:audio-encoder-webm-vorbis: bf7c407c2cedff20999df2af8eb42d56 -> 
  custom:scripting/precompiled-assembly-types:Assembly-CSharp: f0319d0306588bc75f46ae5680644858 -> 898d7dc12b5aaae7dfacee678fc8dd41
========================================================================
Received Import Request.
  Time since last request: 109.595648 seconds.
  path: Assets/Scripts/UI/ArrowController.cs
  artifactKey: Guid(994d3f4e52b19d44689b07bcf302116b) Importer(815301076,1909f56bfc062723c751e8b465ee728b)
Start importing Assets/Scripts/UI/ArrowController.cs using Guid(994d3f4e52b19d44689b07bcf302116b) Importer(815301076,1909f56bfc062723c751e8b465ee728b) [PhysX] Initialized MultithreadedTaskDispatcher with 12 workers.
 -> (artifact id: 'a14801976474f91f06fb36dbba338cba') in 0.006195 seconds
Number of updated asset objects reloaded before import = 0
Number of asset objects unloaded after import = 0
========================================================================
Received Import Request.
  Time since last request: 5.710670 seconds.
  path: Assets/Scripts/UI/FillableBar3D.cs
  artifactKey: Guid(abadd43b23771b04a87a4ba3d66a02fd) Importer(815301076,1909f56bfc062723c751e8b465ee728b)
Start importing Assets/Scripts/UI/FillableBar3D.cs using Guid(abadd43b23771b04a87a4ba3d66a02fd) Importer(815301076,1909f56bfc062723c751e8b465ee728b) [PhysX] Initialized MultithreadedTaskDispatcher with 12 workers.
 -> (artifact id: '127723d9d5483eaeb6bdad86c29d9ecc') in 0.000733 seconds
Number of updated asset objects reloaded before import = 0
Number of asset objects unloaded after import = 0
========================================================================
Received Prepare
Caller must complete domain reload
Begin MonoManager ReloadAssembly
- Loaded All Assemblies, in  0.528 seconds
Native extension for WindowsStandalone target not found
Native extension for Android target not found
Native extension for WebGL target not found
[Package Manager] Server::EnsureServerProcessIsRunning -- launch failed, reason: Unity was launched with the -noUpm command-line argument
[Package Manager] UpmClient::Send -- Unable to send message (not connected to UPM process).
[Package Manager] Cannot connect to Unity Package Manager local server
Failed to sync packages list
UnityEngine.StackTraceUtility:ExtractStackTrace ()
UnityEngine.DebugLogHandler:LogFormat (UnityEngine.LogType,UnityEngine.Object,string,object[])
UnityEngine.Logger:Log (UnityEngine.LogType,object)
UnityEngine.Debug:LogWarning (object)
 .  / :MoveNext ()
System.Runtime.CompilerServices.AsyncVoidMethodBuilder:Start< .  / > ( .  / &)
 .  :  ()
 .⁪/ :MoveNext ()
System.Runtime.CompilerServices.AsyncTaskMethodBuilder:Start< .⁪/ > ( .⁪/ &)
 .⁪:  ()
System.Reflection.RuntimeMethodInfo:Invoke (object,System.Reflection.BindingFlags,System.Reflection.Binder,object[],System.Globalization.CultureInfo)
System.Reflection.MethodBase:Invoke (object,object[])
UnityEditor.EditorAssemblies:ProcessInitializeOnLoadMethodAttributes ()

Mono: successfully reloaded assembly
- Finished resetting the current domain, in  0.997 seconds
Domain Reload Profiling: 1523ms
	BeginReloadAssembly (153ms)
		ExecutionOrderSort (0ms)
		DisableScriptedObjects (6ms)
		BackupInstance (0ms)
		ReleaseScriptingObjects (0ms)
		CreateAndSetChildDomain (32ms)
	RebuildCommonClasses (42ms)
	RebuildNativeTypeToScriptingClass (10ms)
	initialDomainReloadingComplete (31ms)
	LoadAllAssembliesAndSetupDomain (290ms)
		LoadAssemblies (347ms)
		RebuildTransferFunctionScriptingTraits (0ms)
		AnalyzeDomain (25ms)
			TypeCache.Refresh (9ms)
				TypeCache.ScanAssembly (0ms)
			ScanForSourceGeneratedMonoScriptInfo (6ms)
			ResolveRequiredComponents (6ms)
	FinalizeReload (998ms)
		ReleaseScriptCaches (0ms)
		RebuildScriptCaches (0ms)
		SetupLoadedEditorAssemblies (556ms)
			LogAssemblyErrors (0ms)
			InitializePlatformSupportModulesInManaged (21ms)
			SetLoadedEditorAssemblies (4ms)
			RefreshPlugins (0ms)
			BeforeProcessingInitializeOnLoad (62ms)
			ProcessInitializeOnLoadAttributes (413ms)
			ProcessInitializeOnLoadMethodAttributes (51ms)
			AfterProcessingInitializeOnLoad (4ms)
			EditorAssembliesLoaded (0ms)
		ExecutionOrderSort2 (0ms)
		AwakeInstancesAfterBackupRestoration (6ms)
Refreshing native plugins compatible for Editor in 3.97 ms, found 6 plugins.
Preloading 0 native plugins for Editor in 0.00 ms.
Release of invalid GC handle. The handle is from a previous domain. The release operation is skipped.
Release of invalid GC handle native callstack: 
0x00007ff79e68424d (Unity) StackWalker::GetCurrentCallstack
0x00007ff79e689329 (Unity) StackWalker::ShowCallstack
0x00007ff79f67dae1 (Unity) GetStacktrace
0x00007ff79e57f20d (Unity) ScriptingGCHandle::ReleaseAndClear
0x00007ff79eb4748c (Unity) UploadHandlerRaw::`vector deleting destructor'
0x00007ff79eb4803d (Unity) UploadHandler::Release
0x00007ff79eb448dd (Unity) UnityWebRequestProto<UnityWebRequestTransport,AtomicRefCounter,RedirectHelper,ResponseHelper,DownloadHandler,UploadHandler,CertificateHandler,HeaderHelper,AsyncOperation>::~UnityWebRequestProto<UnityWebRequestTransport,AtomicRefCounter,RedirectHelper,ResponseHelper,DownloadHandler,UploadHandler,CertificateHandler,HeaderHelper,AsyncOperation>
0x00007ff79eb44bd6 (Unity) UnityWebRequest::`vector deleting destructor'
0x00007ff79d894b77 (Unity) UnityWebRequestProto<UnityWebRequestTransport,AtomicRefCounter,RedirectHelper,ResponseHelper,DownloadHandler,UploadHandler,CertificateHandler,HeaderHelper,AsyncOperation>::Release
0x00007ff79eb46605 (Unity) UnityWebRequestAsyncOperation::InvokeCoroutine
0x00007ff79eb467e1 (Unity) UnityWebRequestProto<UnityWebRequestTransport,AtomicRefCounter,RedirectHelper,ResponseHelper,DownloadHandler,UploadHandler,CertificateHandler,HeaderHelper,AsyncOperation>::Job_InvokeCoroutine
0x00007ff79e1ab54a (Unity) BackgroundJobQueue::ExecuteMainThreadJobs
0x00007ff79e26005f (Unity) PreloadManager::WaitForAllAsyncOperationsToComplete
0x00007ff79fa23af8 (Unity) <lambda_b37b41f03089e3cb3f55061bbc93253d>::operator()
0x00007ff79fa5f422 (Unity) asio::detail::completion_handler<core::mutable_function<void __cdecl(void)>,asio::io_context::basic_executor_type<std::allocator<void>,0> >::do_complete
0x00007ff79fa4b3ce (Unity) asio::detail::win_iocp_io_context::do_one
0x00007ff79fa4d034 (Unity) asio::detail::win_iocp_io_context::run
0x00007ff79fa5d7cc (Unity) IOService::Run
0x00007ff79fa30c2f (Unity) AssetImportWorkerClient::Run
0x00007ff79f9fc3d7 (Unity) RunAssetImportWorkerClientV2
0x00007ff79f9fc45b (Unity) RunAssetImporterV2
0x00007ff79f1f31de (Unity) Application::InitializeProject
0x00007ff79f688795 (Unity) WinMain
0x00007ff7a0a535ce (Unity) __scrt_common_main_seh
0x00007ffa8b87e8d7 (KERNEL32) BaseThreadInitThunk
0x00007ffa8c1714fc (ntdll) RtlUserThreadStart
Unloading 3377 Unused Serialized files (Serialized files now loaded: 0)
Unloading 39 unused Assets / (1.0 MB). Loaded Objects now: 4161.
Memory consumption went from 142.7 MB to 141.7 MB.
Total: 5.566300 ms (FindLiveObjects: 0.505500 ms CreateObjectMapping: 0.135500 ms MarkObjects: 4.281500 ms  DeleteObjects: 0.642500 ms)

Prepare: number of updated asset objects reloaded= 0
AssetImportParameters requested are different than current active one (requested -> active):
  custom:container-demuxer-ogg: 62fdf1f143b41e24485cea50d1cbac27 -> 
  custom:scripting/monoscript/fileName/Tree.cs: dca7474b58f05e1dc61bb9deb148038d -> 
  custom:video-codec-MediaFoundation-h265: 746d11721c4dcdbdad8f713fa42b33f4 -> 
  custom:video-decoder-ogg-theora: a1e56fd34408186e4bbccfd4996cb3dc -> 
  custom:scripting/monoscript/fileName/Timber.cs: e3f520cc8fc09857160dc689c53c79e7 -> 
  custom:framework-win-MediaFoundation: 216162199b28c13a410421893ffa2e32 -> 
  custom:scripting/monoscript/fileName/Money.cs: 9c40cb0a308c8e4e1f5815ebef98078a -> 
  custom:CustomObjectIndexerAttribute: 9a22284fe3817be447336de3de66b15e -> 
  custom:scripting/monoscript/fileName/FillableBar3D.cs: 52f14b7e6922cb183133cc6746322f72 -> 
  custom:scripting/monoscript/fileName/ArrowController.cs: 1a447edfdb5484109c0662398b0d2a4f -> 
  custom:container-demuxer-webm: 4f35f7cbe854078d1ac9338744f61a02 -> 
  custom:container-muxer-webm: aa71ff27fc2769a1b78a27578f13a17b -> 
  custom:video-decoder-webm-vp8: 9c59270c3fd7afecdb556c50c9e8de78 -> 
  custom:SearchIndexIgnoredProperties: e643bd26f0fe6173181afceb89e7c659 -> 
  custom:AudioImporter_EditorPlatform: d09bf68614088b80899f8185d706f6e7 -> 
  custom:video-encoder-webm-vp8: eb34c28f22e8b96e1ab97ce403110664 -> 
  custom:audio-decoder-ogg-vorbis: bf7c407c2cedff20999df2af8eb42d56 -> 
  custom:audio-encoder-webm-vorbis: bf7c407c2cedff20999df2af8eb42d56 -> 
  custom:scripting/precompiled-assembly-types:Assembly-CSharp: f0319d0306588bc75f46ae5680644858 -> 898d7dc12b5aaae7dfacee678fc8dd41
========================================================================
Received Prepare
Caller must complete domain reload
Begin MonoManager ReloadAssembly
- Loaded All Assemblies, in  0.452 seconds
Native extension for WindowsStandalone target not found
Native extension for Android target not found
Native extension for WebGL target not found
[Package Manager] Server::EnsureServerProcessIsRunning -- launch failed, reason: Unity was launched with the -noUpm command-line argument
[Package Manager] UpmClient::Send -- Unable to send message (not connected to UPM process).
[Package Manager] Cannot connect to Unity Package Manager local server
Failed to sync packages list
UnityEngine.StackTraceUtility:ExtractStackTrace ()
UnityEngine.DebugLogHandler:LogFormat (UnityEngine.LogType,UnityEngine.Object,string,object[])
UnityEngine.Logger:Log (UnityEngine.LogType,object)
UnityEngine.Debug:LogWarning (object)
 .  / :MoveNext ()
System.Runtime.CompilerServices.AsyncVoidMethodBuilder:Start< .  / > ( .  / &)
 .  :  ()
 .⁪/ :MoveNext ()
System.Runtime.CompilerServices.AsyncTaskMethodBuilder:Start< .⁪/ > ( .⁪/ &)
 .⁪:  ()
System.Reflection.RuntimeMethodInfo:Invoke (object,System.Reflection.BindingFlags,System.Reflection.Binder,object[],System.Globalization.CultureInfo)
System.Reflection.MethodBase:Invoke (object,object[])
UnityEditor.EditorAssemblies:ProcessInitializeOnLoadMethodAttributes ()

Mono: successfully reloaded assembly
- Finished resetting the current domain, in  0.961 seconds
Domain Reload Profiling: 1413ms
	BeginReloadAssembly (149ms)
		ExecutionOrderSort (0ms)
		DisableScriptedObjects (6ms)
		BackupInstance (0ms)
		ReleaseScriptingObjects (0ms)
		CreateAndSetChildDomain (32ms)
	RebuildCommonClasses (43ms)
	RebuildNativeTypeToScriptingClass (10ms)
	initialDomainReloadingComplete (28ms)
	LoadAllAssembliesAndSetupDomain (221ms)
		LoadAssemblies (285ms)
		RebuildTransferFunctionScriptingTraits (0ms)
		AnalyzeDomain (15ms)
			TypeCache.Refresh (6ms)
				TypeCache.ScanAssembly (0ms)
			ScanForSourceGeneratedMonoScriptInfo (0ms)
			ResolveRequiredComponents (6ms)
	FinalizeReload (962ms)
		ReleaseScriptCaches (0ms)
		RebuildScriptCaches (0ms)
		SetupLoadedEditorAssemblies (551ms)
			LogAssemblyErrors (0ms)
			InitializePlatformSupportModulesInManaged (18ms)
			SetLoadedEditorAssemblies (5ms)
			RefreshPlugins (0ms)
			BeforeProcessingInitializeOnLoad (63ms)
			ProcessInitializeOnLoadAttributes (415ms)
			ProcessInitializeOnLoadMethodAttributes (45ms)
			AfterProcessingInitializeOnLoad (5ms)
			EditorAssembliesLoaded (0ms)
		ExecutionOrderSort2 (0ms)
		AwakeInstancesAfterBackupRestoration (8ms)
Refreshing native plugins compatible for Editor in 4.85 ms, found 6 plugins.
Preloading 0 native plugins for Editor in 0.00 ms.
Release of invalid GC handle. The handle is from a previous domain. The release operation is skipped.
Release of invalid GC handle native callstack: 
0x00007ff79e68424d (Unity) StackWalker::GetCurrentCallstack
0x00007ff79e689329 (Unity) StackWalker::ShowCallstack
0x00007ff79f67dae1 (Unity) GetStacktrace
0x00007ff79e57f20d (Unity) ScriptingGCHandle::ReleaseAndClear
0x00007ff79eb4748c (Unity) UploadHandlerRaw::`vector deleting destructor'
0x00007ff79eb4803d (Unity) UploadHandler::Release
0x00007ff79eb448dd (Unity) UnityWebRequestProto<UnityWebRequestTransport,AtomicRefCounter,RedirectHelper,ResponseHelper,DownloadHandler,UploadHandler,CertificateHandler,HeaderHelper,AsyncOperation>::~UnityWebRequestProto<UnityWebRequestTransport,AtomicRefCounter,RedirectHelper,ResponseHelper,DownloadHandler,UploadHandler,CertificateHandler,HeaderHelper,AsyncOperation>
0x00007ff79eb44bd6 (Unity) UnityWebRequest::`vector deleting destructor'
0x00007ff79d894b77 (Unity) UnityWebRequestProto<UnityWebRequestTransport,AtomicRefCounter,RedirectHelper,ResponseHelper,DownloadHandler,UploadHandler,CertificateHandler,HeaderHelper,AsyncOperation>::Release
0x00007ff79eb46605 (Unity) UnityWebRequestAsyncOperation::InvokeCoroutine
0x00007ff79eb467e1 (Unity) UnityWebRequestProto<UnityWebRequestTransport,AtomicRefCounter,RedirectHelper,ResponseHelper,DownloadHandler,UploadHandler,CertificateHandler,HeaderHelper,AsyncOperation>::Job_InvokeCoroutine
0x00007ff79e1ab54a (Unity) BackgroundJobQueue::ExecuteMainThreadJobs
0x00007ff79e26005f (Unity) PreloadManager::WaitForAllAsyncOperationsToComplete
0x00007ff79fa23af8 (Unity) <lambda_b37b41f03089e3cb3f55061bbc93253d>::operator()
0x00007ff79fa5f422 (Unity) asio::detail::completion_handler<core::mutable_function<void __cdecl(void)>,asio::io_context::basic_executor_type<std::allocator<void>,0> >::do_complete
0x00007ff79fa4b3ce (Unity) asio::detail::win_iocp_io_context::do_one
0x00007ff79fa4d034 (Unity) asio::detail::win_iocp_io_context::run
0x00007ff79fa5d7cc (Unity) IOService::Run
0x00007ff79fa30c2f (Unity) AssetImportWorkerClient::Run
0x00007ff79f9fc3d7 (Unity) RunAssetImportWorkerClientV2
0x00007ff79f9fc45b (Unity) RunAssetImporterV2
0x00007ff79f1f31de (Unity) Application::InitializeProject
0x00007ff79f688795 (Unity) WinMain
0x00007ff7a0a535ce (Unity) __scrt_common_main_seh
0x00007ffa8b87e8d7 (KERNEL32) BaseThreadInitThunk
0x00007ffa8c1714fc (ntdll) RtlUserThreadStart
Unloading 3378 Unused Serialized files (Serialized files now loaded: 0)
Unloading 39 unused Assets / (1.0 MB). Loaded Objects now: 4166.
Memory consumption went from 143.1 MB to 142.1 MB.
Total: 4.573400 ms (FindLiveObjects: 0.230500 ms CreateObjectMapping: 0.099000 ms MarkObjects: 3.721300 ms  DeleteObjects: 0.521500 ms)

Prepare: number of updated asset objects reloaded= 0
AssetImportParameters requested are different than current active one (requested -> active):
  custom:container-demuxer-ogg: 62fdf1f143b41e24485cea50d1cbac27 -> 
  custom:scripting/monoscript/fileName/Tree.cs: dca7474b58f05e1dc61bb9deb148038d -> 
  custom:video-codec-MediaFoundation-h265: 746d11721c4dcdbdad8f713fa42b33f4 -> 
  custom:video-decoder-ogg-theora: a1e56fd34408186e4bbccfd4996cb3dc -> 
  custom:scripting/monoscript/fileName/Timber.cs: e3f520cc8fc09857160dc689c53c79e7 -> 
  custom:framework-win-MediaFoundation: 216162199b28c13a410421893ffa2e32 -> 
  custom:scripting/monoscript/fileName/Money.cs: 9c40cb0a308c8e4e1f5815ebef98078a -> 
  custom:CustomObjectIndexerAttribute: 9a22284fe3817be447336de3de66b15e -> 
  custom:scripting/monoscript/fileName/FillableBar3D.cs: 52f14b7e6922cb183133cc6746322f72 -> 
  custom:scripting/monoscript/fileName/ArrowController.cs: 1a447edfdb5484109c0662398b0d2a4f -> 
  custom:container-demuxer-webm: 4f35f7cbe854078d1ac9338744f61a02 -> 
  custom:container-muxer-webm: aa71ff27fc2769a1b78a27578f13a17b -> 
  custom:video-decoder-webm-vp8: 9c59270c3fd7afecdb556c50c9e8de78 -> 
  custom:SearchIndexIgnoredProperties: e643bd26f0fe6173181afceb89e7c659 -> 
  custom:AudioImporter_EditorPlatform: d09bf68614088b80899f8185d706f6e7 -> 
  custom:video-encoder-webm-vp8: eb34c28f22e8b96e1ab97ce403110664 -> 
  custom:audio-decoder-ogg-vorbis: bf7c407c2cedff20999df2af8eb42d56 -> 
  custom:audio-encoder-webm-vorbis: bf7c407c2cedff20999df2af8eb42d56 -> 
  custom:scripting/precompiled-assembly-types:Assembly-CSharp: f0319d0306588bc75f46ae5680644858 -> 898d7dc12b5aaae7dfacee678fc8dd41
========================================================================
Received Prepare
Caller must complete domain reload
Begin MonoManager ReloadAssembly
- Loaded All Assemblies, in  1.015 seconds
Native extension for WindowsStandalone target not found
Native extension for Android target not found
Native extension for WebGL target not found
[Package Manager] Server::EnsureServerProcessIsRunning -- launch failed, reason: Unity was launched with the -noUpm command-line argument
[Package Manager] UpmClient::Send -- Unable to send message (not connected to UPM process).
[Package Manager] Cannot connect to Unity Package Manager local server
Failed to sync packages list
UnityEngine.StackTraceUtility:ExtractStackTrace ()
UnityEngine.DebugLogHandler:LogFormat (UnityEngine.LogType,UnityEngine.Object,string,object[])
UnityEngine.Logger:Log (UnityEngine.LogType,object)
UnityEngine.Debug:LogWarning (object)
 .  / :MoveNext ()
System.Runtime.CompilerServices.AsyncVoidMethodBuilder:Start< .  / > ( .  / &)
 .  :  ()
 .⁪/ :MoveNext ()
System.Runtime.CompilerServices.AsyncTaskMethodBuilder:Start< .⁪/ > ( .⁪/ &)
 .⁪:  ()
System.Reflection.RuntimeMethodInfo:Invoke (object,System.Reflection.BindingFlags,System.Reflection.Binder,object[],System.Globalization.CultureInfo)
System.Reflection.MethodBase:Invoke (object,object[])
UnityEditor.EditorAssemblies:ProcessInitializeOnLoadMethodAttributes ()

Mono: successfully reloaded assembly
- Finished resetting the current domain, in  1.018 seconds
Domain Reload Profiling: 2024ms
	BeginReloadAssembly (325ms)
		ExecutionOrderSort (0ms)
		DisableScriptedObjects (13ms)
		BackupInstance (0ms)
		ReleaseScriptingObjects (0ms)
		CreateAndSetChildDomain (54ms)
	RebuildCommonClasses (78ms)
	RebuildNativeTypeToScriptingClass (21ms)
	initialDomainReloadingComplete (63ms)
	LoadAllAssembliesAndSetupDomain (519ms)
		LoadAssemblies (624ms)
		RebuildTransferFunctionScriptingTraits (0ms)
		AnalyzeDomain (69ms)
			TypeCache.Refresh (18ms)
				TypeCache.ScanAssembly (1ms)
			ScanForSourceGeneratedMonoScriptInfo (19ms)
			ResolveRequiredComponents (22ms)
	FinalizeReload (1018ms)
		ReleaseScriptCaches (0ms)
		RebuildScriptCaches (0ms)
		SetupLoadedEditorAssemblies (556ms)
			LogAssemblyErrors (0ms)
			InitializePlatformSupportModulesInManaged (20ms)
			SetLoadedEditorAssemblies (4ms)
			RefreshPlugins (0ms)
			BeforeProcessingInitializeOnLoad (77ms)
			ProcessInitializeOnLoadAttributes (406ms)
			ProcessInitializeOnLoadMethodAttributes (44ms)
			AfterProcessingInitializeOnLoad (4ms)
			EditorAssembliesLoaded (0ms)
		ExecutionOrderSort2 (0ms)
		AwakeInstancesAfterBackupRestoration (7ms)
Refreshing native plugins compatible for Editor in 7.79 ms, found 6 plugins.
Preloading 0 native plugins for Editor in 0.00 ms.
Release of invalid GC handle. The handle is from a previous domain. The release operation is skipped.
Release of invalid GC handle native callstack: 
0x00007ff79e68424d (Unity) StackWalker::GetCurrentCallstack
0x00007ff79e689329 (Unity) StackWalker::ShowCallstack
0x00007ff79f67dae1 (Unity) GetStacktrace
0x00007ff79e57f20d (Unity) ScriptingGCHandle::ReleaseAndClear
0x00007ff79eb4748c (Unity) UploadHandlerRaw::`vector deleting destructor'
0x00007ff79eb4803d (Unity) UploadHandler::Release
0x00007ff79eb448dd (Unity) UnityWebRequestProto<UnityWebRequestTransport,AtomicRefCounter,RedirectHelper,ResponseHelper,DownloadHandler,UploadHandler,CertificateHandler,HeaderHelper,AsyncOperation>::~UnityWebRequestProto<UnityWebRequestTransport,AtomicRefCounter,RedirectHelper,ResponseHelper,DownloadHandler,UploadHandler,CertificateHandler,HeaderHelper,AsyncOperation>
0x00007ff79eb44bd6 (Unity) UnityWebRequest::`vector deleting destructor'
0x00007ff79d894b77 (Unity) UnityWebRequestProto<UnityWebRequestTransport,AtomicRefCounter,RedirectHelper,ResponseHelper,DownloadHandler,UploadHandler,CertificateHandler,HeaderHelper,AsyncOperation>::Release
0x00007ff79eb46605 (Unity) UnityWebRequestAsyncOperation::InvokeCoroutine
0x00007ff79eb467e1 (Unity) UnityWebRequestProto<UnityWebRequestTransport,AtomicRefCounter,RedirectHelper,ResponseHelper,DownloadHandler,UploadHandler,CertificateHandler,HeaderHelper,AsyncOperation>::Job_InvokeCoroutine
0x00007ff79e1ab54a (Unity) BackgroundJobQueue::ExecuteMainThreadJobs
0x00007ff79e26005f (Unity) PreloadManager::WaitForAllAsyncOperationsToComplete
0x00007ff79fa23af8 (Unity) <lambda_b37b41f03089e3cb3f55061bbc93253d>::operator()
0x00007ff79fa5f422 (Unity) asio::detail::completion_handler<core::mutable_function<void __cdecl(void)>,asio::io_context::basic_executor_type<std::allocator<void>,0> >::do_complete
0x00007ff79fa4b3ce (Unity) asio::detail::win_iocp_io_context::do_one
0x00007ff79fa4d034 (Unity) asio::detail::win_iocp_io_context::run
0x00007ff79fa5d7cc (Unity) IOService::Run
0x00007ff79fa30c2f (Unity) AssetImportWorkerClient::Run
0x00007ff79f9fc3d7 (Unity) RunAssetImportWorkerClientV2
0x00007ff79f9fc45b (Unity) RunAssetImporterV2
0x00007ff79f1f31de (Unity) Application::InitializeProject
0x00007ff79f688795 (Unity) WinMain
0x00007ff7a0a535ce (Unity) __scrt_common_main_seh
0x00007ffa8b87e8d7 (KERNEL32) BaseThreadInitThunk
0x00007ffa8c1714fc (ntdll) RtlUserThreadStart
Unloading 3378 Unused Serialized files (Serialized files now loaded: 0)
Unloading 39 unused Assets / (1.0 MB). Loaded Objects now: 4171.
Memory consumption went from 143.3 MB to 142.3 MB.
Total: 4.375500 ms (FindLiveObjects: 0.364600 ms CreateObjectMapping: 0.092600 ms MarkObjects: 3.443200 ms  DeleteObjects: 0.474100 ms)

Prepare: number of updated asset objects reloaded= 0
AssetImportParameters requested are different than current active one (requested -> active):
  custom:container-demuxer-ogg: 62fdf1f143b41e24485cea50d1cbac27 -> 
  custom:scripting/monoscript/fileName/Tree.cs: dca7474b58f05e1dc61bb9deb148038d -> 
  custom:video-codec-MediaFoundation-h265: 746d11721c4dcdbdad8f713fa42b33f4 -> 
  custom:video-decoder-ogg-theora: a1e56fd34408186e4bbccfd4996cb3dc -> 
  custom:scripting/monoscript/fileName/Timber.cs: e3f520cc8fc09857160dc689c53c79e7 -> 
  custom:framework-win-MediaFoundation: 216162199b28c13a410421893ffa2e32 -> 
  custom:scripting/monoscript/fileName/Money.cs: 9c40cb0a308c8e4e1f5815ebef98078a -> 
  custom:CustomObjectIndexerAttribute: 9a22284fe3817be447336de3de66b15e -> 
  custom:scripting/monoscript/fileName/FillableBar3D.cs: 52f14b7e6922cb183133cc6746322f72 -> 
  custom:scripting/monoscript/fileName/ArrowController.cs: 1a447edfdb5484109c0662398b0d2a4f -> 
  custom:container-demuxer-webm: 4f35f7cbe854078d1ac9338744f61a02 -> 
  custom:container-muxer-webm: aa71ff27fc2769a1b78a27578f13a17b -> 
  custom:video-decoder-webm-vp8: 9c59270c3fd7afecdb556c50c9e8de78 -> 
  custom:SearchIndexIgnoredProperties: e643bd26f0fe6173181afceb89e7c659 -> 
  custom:AudioImporter_EditorPlatform: d09bf68614088b80899f8185d706f6e7 -> 
  custom:video-encoder-webm-vp8: eb34c28f22e8b96e1ab97ce403110664 -> 
  custom:audio-decoder-ogg-vorbis: bf7c407c2cedff20999df2af8eb42d56 -> 
  custom:audio-encoder-webm-vorbis: bf7c407c2cedff20999df2af8eb42d56 -> 
  custom:scripting/precompiled-assembly-types:Assembly-CSharp: f0319d0306588bc75f46ae5680644858 -> 898d7dc12b5aaae7dfacee678fc8dd41
========================================================================
Received Prepare
Caller must complete domain reload
Begin MonoManager ReloadAssembly
- Loaded All Assemblies, in  0.906 seconds
Native extension for WindowsStandalone target not found
Native extension for Android target not found
Native extension for WebGL target not found
[Package Manager] Server::EnsureServerProcessIsRunning -- launch failed, reason: Unity was launched with the -noUpm command-line argument
[Package Manager] UpmClient::Send -- Unable to send message (not connected to UPM process).
[Package Manager] Cannot connect to Unity Package Manager local server
Failed to sync packages list
UnityEngine.StackTraceUtility:ExtractStackTrace ()
UnityEngine.DebugLogHandler:LogFormat (UnityEngine.LogType,UnityEngine.Object,string,object[])
UnityEngine.Logger:Log (UnityEngine.LogType,object)
UnityEngine.Debug:LogWarning (object)
 .  / :MoveNext ()
System.Runtime.CompilerServices.AsyncVoidMethodBuilder:Start< .  / > ( .  / &)
 .  :  ()
 .⁪/ :MoveNext ()
System.Runtime.CompilerServices.AsyncTaskMethodBuilder:Start< .⁪/ > ( .⁪/ &)
 .⁪:  ()
System.Reflection.RuntimeMethodInfo:Invoke (object,System.Reflection.BindingFlags,System.Reflection.Binder,object[],System.Globalization.CultureInfo)
System.Reflection.MethodBase:Invoke (object,object[])
UnityEditor.EditorAssemblies:ProcessInitializeOnLoadMethodAttributes ()

Mono: successfully reloaded assembly
- Finished resetting the current domain, in  2.084 seconds
Domain Reload Profiling: 2986ms
	BeginReloadAssembly (300ms)
		ExecutionOrderSort (0ms)
		DisableScriptedObjects (10ms)
		BackupInstance (0ms)
		ReleaseScriptingObjects (0ms)
		CreateAndSetChildDomain (60ms)
	RebuildCommonClasses (70ms)
	RebuildNativeTypeToScriptingClass (26ms)
	initialDomainReloadingComplete (53ms)
	LoadAllAssembliesAndSetupDomain (453ms)
		LoadAssemblies (573ms)
		RebuildTransferFunctionScriptingTraits (0ms)
		AnalyzeDomain (46ms)
			TypeCache.Refresh (15ms)
				TypeCache.ScanAssembly (1ms)
			ScanForSourceGeneratedMonoScriptInfo (13ms)
			ResolveRequiredComponents (14ms)
	FinalizeReload (2084ms)
		ReleaseScriptCaches (0ms)
		RebuildScriptCaches (0ms)
		SetupLoadedEditorAssemblies (1116ms)
			LogAssemblyErrors (0ms)
			InitializePlatformSupportModulesInManaged (42ms)
			SetLoadedEditorAssemblies (8ms)
			RefreshPlugins (0ms)
			BeforeProcessingInitializeOnLoad (111ms)
			ProcessInitializeOnLoadAttributes (853ms)
			ProcessInitializeOnLoadMethodAttributes (91ms)
			AfterProcessingInitializeOnLoad (10ms)
			EditorAssembliesLoaded (0ms)
		ExecutionOrderSort2 (0ms)
		AwakeInstancesAfterBackupRestoration (14ms)
Refreshing native plugins compatible for Editor in 9.38 ms, found 6 plugins.
Preloading 0 native plugins for Editor in 0.00 ms.
Release of invalid GC handle. The handle is from a previous domain. The release operation is skipped.
Release of invalid GC handle native callstack: 
0x00007ff79e68424d (Unity) StackWalker::GetCurrentCallstack
0x00007ff79e689329 (Unity) StackWalker::ShowCallstack
0x00007ff79f67dae1 (Unity) GetStacktrace
0x00007ff79e57f20d (Unity) ScriptingGCHandle::ReleaseAndClear
0x00007ff79eb4748c (Unity) UploadHandlerRaw::`vector deleting destructor'
0x00007ff79eb4803d (Unity) UploadHandler::Release
0x00007ff79eb448dd (Unity) UnityWebRequestProto<UnityWebRequestTransport,AtomicRefCounter,RedirectHelper,ResponseHelper,DownloadHandler,UploadHandler,CertificateHandler,HeaderHelper,AsyncOperation>::~UnityWebRequestProto<UnityWebRequestTransport,AtomicRefCounter,RedirectHelper,ResponseHelper,DownloadHandler,UploadHandler,CertificateHandler,HeaderHelper,AsyncOperation>
0x00007ff79eb44bd6 (Unity) UnityWebRequest::`vector deleting destructor'
0x00007ff79d894b77 (Unity) UnityWebRequestProto<UnityWebRequestTransport,AtomicRefCounter,RedirectHelper,ResponseHelper,DownloadHandler,UploadHandler,CertificateHandler,HeaderHelper,AsyncOperation>::Release
0x00007ff79eb46605 (Unity) UnityWebRequestAsyncOperation::InvokeCoroutine
0x00007ff79eb467e1 (Unity) UnityWebRequestProto<UnityWebRequestTransport,AtomicRefCounter,RedirectHelper,ResponseHelper,DownloadHandler,UploadHandler,CertificateHandler,HeaderHelper,AsyncOperation>::Job_InvokeCoroutine
0x00007ff79e1ab54a (Unity) BackgroundJobQueue::ExecuteMainThreadJobs
0x00007ff79e26005f (Unity) PreloadManager::WaitForAllAsyncOperationsToComplete
0x00007ff79fa23af8 (Unity) <lambda_b37b41f03089e3cb3f55061bbc93253d>::operator()
0x00007ff79fa5f422 (Unity) asio::detail::completion_handler<core::mutable_function<void __cdecl(void)>,asio::io_context::basic_executor_type<std::allocator<void>,0> >::do_complete
0x00007ff79fa4b3ce (Unity) asio::detail::win_iocp_io_context::do_one
0x00007ff79fa4d034 (Unity) asio::detail::win_iocp_io_context::run
0x00007ff79fa5d7cc (Unity) IOService::Run
0x00007ff79fa30c2f (Unity) AssetImportWorkerClient::Run
0x00007ff79f9fc3d7 (Unity) RunAssetImportWorkerClientV2
0x00007ff79f9fc45b (Unity) RunAssetImporterV2
0x00007ff79f1f31de (Unity) Application::InitializeProject
0x00007ff79f688795 (Unity) WinMain
0x00007ff7a0a535ce (Unity) __scrt_common_main_seh
0x00007ffa8b87e8d7 (KERNEL32) BaseThreadInitThunk
0x00007ffa8c1714fc (ntdll) RtlUserThreadStart
Unloading 3378 Unused Serialized files (Serialized files now loaded: 0)
Unloading 39 unused Assets / (1.0 MB). Loaded Objects now: 4176.
Memory consumption went from 128.8 MB to 127.8 MB.
Total: 8.087700 ms (FindLiveObjects: 0.635900 ms CreateObjectMapping: 0.233700 ms MarkObjects: 6.159300 ms  DeleteObjects: 1.056900 ms)

Prepare: number of updated asset objects reloaded= 0
AssetImportParameters requested are different than current active one (requested -> active):
  custom:container-demuxer-ogg: 62fdf1f143b41e24485cea50d1cbac27 -> 
  custom:scripting/monoscript/fileName/Tree.cs: dca7474b58f05e1dc61bb9deb148038d -> 
  custom:video-codec-MediaFoundation-h265: 746d11721c4dcdbdad8f713fa42b33f4 -> 
  custom:video-decoder-ogg-theora: a1e56fd34408186e4bbccfd4996cb3dc -> 
  custom:scripting/monoscript/fileName/Timber.cs: e3f520cc8fc09857160dc689c53c79e7 -> 
  custom:framework-win-MediaFoundation: 216162199b28c13a410421893ffa2e32 -> 
  custom:scripting/monoscript/fileName/Money.cs: 9c40cb0a308c8e4e1f5815ebef98078a -> 
  custom:CustomObjectIndexerAttribute: 9a22284fe3817be447336de3de66b15e -> 
  custom:scripting/monoscript/fileName/FillableBar3D.cs: 52f14b7e6922cb183133cc6746322f72 -> 
  custom:scripting/monoscript/fileName/ArrowController.cs: 1a447edfdb5484109c0662398b0d2a4f -> 
  custom:container-demuxer-webm: 4f35f7cbe854078d1ac9338744f61a02 -> 
  custom:container-muxer-webm: aa71ff27fc2769a1b78a27578f13a17b -> 
  custom:video-decoder-webm-vp8: 9c59270c3fd7afecdb556c50c9e8de78 -> 
  custom:SearchIndexIgnoredProperties: e643bd26f0fe6173181afceb89e7c659 -> 
  custom:AudioImporter_EditorPlatform: d09bf68614088b80899f8185d706f6e7 -> 
  custom:video-encoder-webm-vp8: eb34c28f22e8b96e1ab97ce403110664 -> 
  custom:audio-decoder-ogg-vorbis: bf7c407c2cedff20999df2af8eb42d56 -> 
  custom:audio-encoder-webm-vorbis: bf7c407c2cedff20999df2af8eb42d56 -> 
  custom:scripting/precompiled-assembly-types:Assembly-CSharp: f0319d0306588bc75f46ae5680644858 -> 898d7dc12b5aaae7dfacee678fc8dd41
========================================================================
Received Prepare
Caller must complete domain reload
Begin MonoManager ReloadAssembly
- Loaded All Assemblies, in  0.442 seconds
Native extension for WindowsStandalone target not found
Native extension for Android target not found
Native extension for WebGL target not found
[Package Manager] Server::EnsureServerProcessIsRunning -- launch failed, reason: Unity was launched with the -noUpm command-line argument
[Package Manager] UpmClient::Send -- Unable to send message (not connected to UPM process).
[Package Manager] Cannot connect to Unity Package Manager local server
Failed to sync packages list
UnityEngine.StackTraceUtility:ExtractStackTrace ()
UnityEngine.DebugLogHandler:LogFormat (UnityEngine.LogType,UnityEngine.Object,string,object[])
UnityEngine.Logger:Log (UnityEngine.LogType,object)
UnityEngine.Debug:LogWarning (object)
 .  / :MoveNext ()
System.Runtime.CompilerServices.AsyncVoidMethodBuilder:Start< .  / > ( .  / &)
 .  :  ()
 .⁪/ :MoveNext ()
System.Runtime.CompilerServices.AsyncTaskMethodBuilder:Start< .⁪/ > ( .⁪/ &)
 .⁪:  ()
System.Reflection.RuntimeMethodInfo:Invoke (object,System.Reflection.BindingFlags,System.Reflection.Binder,object[],System.Globalization.CultureInfo)
System.Reflection.MethodBase:Invoke (object,object[])
UnityEditor.EditorAssemblies:ProcessInitializeOnLoadMethodAttributes ()

Mono: successfully reloaded assembly
- Finished resetting the current domain, in  0.968 seconds
Domain Reload Profiling: 1408ms
	BeginReloadAssembly (156ms)
		ExecutionOrderSort (0ms)
		DisableScriptedObjects (5ms)
		BackupInstance (0ms)
		ReleaseScriptingObjects (0ms)
		CreateAndSetChildDomain (32ms)
	RebuildCommonClasses (35ms)
	RebuildNativeTypeToScriptingClass (11ms)
	initialDomainReloadingComplete (26ms)
	LoadAllAssembliesAndSetupDomain (212ms)
		LoadAssemblies (281ms)
		RebuildTransferFunctionScriptingTraits (0ms)
		AnalyzeDomain (17ms)
			TypeCache.Refresh (6ms)
				TypeCache.ScanAssembly (0ms)
			ScanForSourceGeneratedMonoScriptInfo (0ms)
			ResolveRequiredComponents (7ms)
	FinalizeReload (968ms)
		ReleaseScriptCaches (0ms)
		RebuildScriptCaches (0ms)
		SetupLoadedEditorAssemblies (552ms)
			LogAssemblyErrors (0ms)
			InitializePlatformSupportModulesInManaged (17ms)
			SetLoadedEditorAssemblies (4ms)
			RefreshPlugins (0ms)
			BeforeProcessingInitializeOnLoad (63ms)
			ProcessInitializeOnLoadAttributes (415ms)
			ProcessInitializeOnLoadMethodAttributes (48ms)
			AfterProcessingInitializeOnLoad (5ms)
			EditorAssembliesLoaded (0ms)
		ExecutionOrderSort2 (0ms)
		AwakeInstancesAfterBackupRestoration (7ms)
Refreshing native plugins compatible for Editor in 3.38 ms, found 6 plugins.
Preloading 0 native plugins for Editor in 0.00 ms.
Release of invalid GC handle. The handle is from a previous domain. The release operation is skipped.
Release of invalid GC handle native callstack: 
0x00007ff79e68424d (Unity) StackWalker::GetCurrentCallstack
0x00007ff79e689329 (Unity) StackWalker::ShowCallstack
0x00007ff79f67dae1 (Unity) GetStacktrace
0x00007ff79e57f20d (Unity) ScriptingGCHandle::ReleaseAndClear
0x00007ff79eb4748c (Unity) UploadHandlerRaw::`vector deleting destructor'
0x00007ff79eb4803d (Unity) UploadHandler::Release
0x00007ff79eb448dd (Unity) UnityWebRequestProto<UnityWebRequestTransport,AtomicRefCounter,RedirectHelper,ResponseHelper,DownloadHandler,UploadHandler,CertificateHandler,HeaderHelper,AsyncOperation>::~UnityWebRequestProto<UnityWebRequestTransport,AtomicRefCounter,RedirectHelper,ResponseHelper,DownloadHandler,UploadHandler,CertificateHandler,HeaderHelper,AsyncOperation>
0x00007ff79eb44bd6 (Unity) UnityWebRequest::`vector deleting destructor'
0x00007ff79d894b77 (Unity) UnityWebRequestProto<UnityWebRequestTransport,AtomicRefCounter,RedirectHelper,ResponseHelper,DownloadHandler,UploadHandler,CertificateHandler,HeaderHelper,AsyncOperation>::Release
0x00007ff79eb46605 (Unity) UnityWebRequestAsyncOperation::InvokeCoroutine
0x00007ff79eb467e1 (Unity) UnityWebRequestProto<UnityWebRequestTransport,AtomicRefCounter,RedirectHelper,ResponseHelper,DownloadHandler,UploadHandler,CertificateHandler,HeaderHelper,AsyncOperation>::Job_InvokeCoroutine
0x00007ff79e1ab54a (Unity) BackgroundJobQueue::ExecuteMainThreadJobs
0x00007ff79e26005f (Unity) PreloadManager::WaitForAllAsyncOperationsToComplete
0x00007ff79fa23af8 (Unity) <lambda_b37b41f03089e3cb3f55061bbc93253d>::operator()
0x00007ff79fa5f422 (Unity) asio::detail::completion_handler<core::mutable_function<void __cdecl(void)>,asio::io_context::basic_executor_type<std::allocator<void>,0> >::do_complete
0x00007ff79fa4b3ce (Unity) asio::detail::win_iocp_io_context::do_one
0x00007ff79fa4d034 (Unity) asio::detail::win_iocp_io_context::run
0x00007ff79fa5d7cc (Unity) IOService::Run
0x00007ff79fa30c2f (Unity) AssetImportWorkerClient::Run
0x00007ff79f9fc3d7 (Unity) RunAssetImportWorkerClientV2
0x00007ff79f9fc45b (Unity) RunAssetImporterV2
0x00007ff79f1f31de (Unity) Application::InitializeProject
0x00007ff79f688795 (Unity) WinMain
0x00007ff7a0a535ce (Unity) __scrt_common_main_seh
0x00007ffa8b87e8d7 (KERNEL32) BaseThreadInitThunk
0x00007ffa8c1714fc (ntdll) RtlUserThreadStart
Unloading 3378 Unused Serialized files (Serialized files now loaded: 0)
Unloading 39 unused Assets / (1.0 MB). Loaded Objects now: 4181.
Memory consumption went from 143.6 MB to 142.6 MB.
Total: 4.091100 ms (FindLiveObjects: 0.238300 ms CreateObjectMapping: 0.099100 ms MarkObjects: 3.278600 ms  DeleteObjects: 0.474200 ms)

Prepare: number of updated asset objects reloaded= 0
AssetImportParameters requested are different than current active one (requested -> active):
  custom:container-demuxer-ogg: 62fdf1f143b41e24485cea50d1cbac27 -> 
  custom:scripting/monoscript/fileName/Tree.cs: dca7474b58f05e1dc61bb9deb148038d -> 
  custom:video-codec-MediaFoundation-h265: 746d11721c4dcdbdad8f713fa42b33f4 -> 
  custom:video-decoder-ogg-theora: a1e56fd34408186e4bbccfd4996cb3dc -> 
  custom:scripting/monoscript/fileName/Timber.cs: e3f520cc8fc09857160dc689c53c79e7 -> 
  custom:framework-win-MediaFoundation: 216162199b28c13a410421893ffa2e32 -> 
  custom:scripting/monoscript/fileName/Money.cs: 9c40cb0a308c8e4e1f5815ebef98078a -> 
  custom:CustomObjectIndexerAttribute: 9a22284fe3817be447336de3de66b15e -> 
  custom:scripting/monoscript/fileName/FillableBar3D.cs: 52f14b7e6922cb183133cc6746322f72 -> 
  custom:scripting/monoscript/fileName/ArrowController.cs: 1a447edfdb5484109c0662398b0d2a4f -> 
  custom:container-demuxer-webm: 4f35f7cbe854078d1ac9338744f61a02 -> 
  custom:container-muxer-webm: aa71ff27fc2769a1b78a27578f13a17b -> 
  custom:video-decoder-webm-vp8: 9c59270c3fd7afecdb556c50c9e8de78 -> 
  custom:SearchIndexIgnoredProperties: e643bd26f0fe6173181afceb89e7c659 -> 
  custom:AudioImporter_EditorPlatform: d09bf68614088b80899f8185d706f6e7 -> 
  custom:video-encoder-webm-vp8: eb34c28f22e8b96e1ab97ce403110664 -> 
  custom:audio-decoder-ogg-vorbis: bf7c407c2cedff20999df2af8eb42d56 -> 
  custom:audio-encoder-webm-vorbis: bf7c407c2cedff20999df2af8eb42d56 -> 
  custom:scripting/precompiled-assembly-types:Assembly-CSharp: f0319d0306588bc75f46ae5680644858 -> 898d7dc12b5aaae7dfacee678fc8dd41
========================================================================
Received Prepare
Caller must complete domain reload
Begin MonoManager ReloadAssembly
- Loaded All Assemblies, in  0.946 seconds
Native extension for WindowsStandalone target not found
Native extension for Android target not found
Native extension for WebGL target not found
[Package Manager] Server::EnsureServerProcessIsRunning -- launch failed, reason: Unity was launched with the -noUpm command-line argument
[Package Manager] UpmClient::Send -- Unable to send message (not connected to UPM process).
[Package Manager] Cannot connect to Unity Package Manager local server
Failed to sync packages list
UnityEngine.StackTraceUtility:ExtractStackTrace ()
UnityEngine.DebugLogHandler:LogFormat (UnityEngine.LogType,UnityEngine.Object,string,object[])
UnityEngine.Logger:Log (UnityEngine.LogType,object)
UnityEngine.Debug:LogWarning (object)
 .  / :MoveNext ()
System.Runtime.CompilerServices.AsyncVoidMethodBuilder:Start< .  / > ( .  / &)
 .  :  ()
 .⁪/ :MoveNext ()
System.Runtime.CompilerServices.AsyncTaskMethodBuilder:Start< .⁪/ > ( .⁪/ &)
 .⁪:  ()
System.Reflection.RuntimeMethodInfo:Invoke (object,System.Reflection.BindingFlags,System.Reflection.Binder,object[],System.Globalization.CultureInfo)
System.Reflection.MethodBase:Invoke (object,object[])
UnityEditor.EditorAssemblies:ProcessInitializeOnLoadMethodAttributes ()

Mono: successfully reloaded assembly
- Finished resetting the current domain, in  1.214 seconds
Domain Reload Profiling: 2156ms
	BeginReloadAssembly (332ms)
		ExecutionOrderSort (0ms)
		DisableScriptedObjects (10ms)
		BackupInstance (0ms)
		ReleaseScriptingObjects (0ms)
		CreateAndSetChildDomain (95ms)
	RebuildCommonClasses (61ms)
	RebuildNativeTypeToScriptingClass (26ms)
	initialDomainReloadingComplete (55ms)
	LoadAllAssembliesAndSetupDomain (468ms)
		LoadAssemblies (577ms)
		RebuildTransferFunctionScriptingTraits (0ms)
		AnalyzeDomain (44ms)
			TypeCache.Refresh (15ms)
				TypeCache.ScanAssembly (1ms)
			ScanForSourceGeneratedMonoScriptInfo (13ms)
			ResolveRequiredComponents (12ms)
	FinalizeReload (1214ms)
		ReleaseScriptCaches (0ms)
		RebuildScriptCaches (0ms)
		SetupLoadedEditorAssemblies (530ms)
			LogAssemblyErrors (0ms)
			InitializePlatformSupportModulesInManaged (18ms)
			SetLoadedEditorAssemblies (4ms)
			RefreshPlugins (0ms)
			BeforeProcessingInitializeOnLoad (60ms)
			ProcessInitializeOnLoadAttributes (383ms)
			ProcessInitializeOnLoadMethodAttributes (61ms)
			AfterProcessingInitializeOnLoad (4ms)
			EditorAssembliesLoaded (0ms)
		ExecutionOrderSort2 (0ms)
		AwakeInstancesAfterBackupRestoration (6ms)
Refreshing native plugins compatible for Editor in 3.53 ms, found 6 plugins.
Preloading 0 native plugins for Editor in 0.00 ms.
Release of invalid GC handle. The handle is from a previous domain. The release operation is skipped.
Release of invalid GC handle native callstack: 
0x00007ff79e68424d (Unity) StackWalker::GetCurrentCallstack
0x00007ff79e689329 (Unity) StackWalker::ShowCallstack
0x00007ff79f67dae1 (Unity) GetStacktrace
0x00007ff79e57f20d (Unity) ScriptingGCHandle::ReleaseAndClear
0x00007ff79eb4748c (Unity) UploadHandlerRaw::`vector deleting destructor'
0x00007ff79eb4803d (Unity) UploadHandler::Release
0x00007ff79eb448dd (Unity) UnityWebRequestProto<UnityWebRequestTransport,AtomicRefCounter,RedirectHelper,ResponseHelper,DownloadHandler,UploadHandler,CertificateHandler,HeaderHelper,AsyncOperation>::~UnityWebRequestProto<UnityWebRequestTransport,AtomicRefCounter,RedirectHelper,ResponseHelper,DownloadHandler,UploadHandler,CertificateHandler,HeaderHelper,AsyncOperation>
0x00007ff79eb44bd6 (Unity) UnityWebRequest::`vector deleting destructor'
0x00007ff79d894b77 (Unity) UnityWebRequestProto<UnityWebRequestTransport,AtomicRefCounter,RedirectHelper,ResponseHelper,DownloadHandler,UploadHandler,CertificateHandler,HeaderHelper,AsyncOperation>::Release
0x00007ff79eb46605 (Unity) UnityWebRequestAsyncOperation::InvokeCoroutine
0x00007ff79eb467e1 (Unity) UnityWebRequestProto<UnityWebRequestTransport,AtomicRefCounter,RedirectHelper,ResponseHelper,DownloadHandler,UploadHandler,CertificateHandler,HeaderHelper,AsyncOperation>::Job_InvokeCoroutine
0x00007ff79e1ab54a (Unity) BackgroundJobQueue::ExecuteMainThreadJobs
0x00007ff79e26005f (Unity) PreloadManager::WaitForAllAsyncOperationsToComplete
0x00007ff79fa23af8 (Unity) <lambda_b37b41f03089e3cb3f55061bbc93253d>::operator()
0x00007ff79fa5f422 (Unity) asio::detail::completion_handler<core::mutable_function<void __cdecl(void)>,asio::io_context::basic_executor_type<std::allocator<void>,0> >::do_complete
0x00007ff79fa4b3ce (Unity) asio::detail::win_iocp_io_context::do_one
0x00007ff79fa4d034 (Unity) asio::detail::win_iocp_io_context::run
0x00007ff79fa5d7cc (Unity) IOService::Run
0x00007ff79fa30c2f (Unity) AssetImportWorkerClient::Run
0x00007ff79f9fc3d7 (Unity) RunAssetImportWorkerClientV2
0x00007ff79f9fc45b (Unity) RunAssetImporterV2
0x00007ff79f1f31de (Unity) Application::InitializeProject
0x00007ff79f688795 (Unity) WinMain
0x00007ff7a0a535ce (Unity) __scrt_common_main_seh
0x00007ffa8b87e8d7 (KERNEL32) BaseThreadInitThunk
0x00007ffa8c1714fc (ntdll) RtlUserThreadStart
Unloading 3378 Unused Serialized files (Serialized files now loaded: 0)
Unloading 39 unused Assets / (1.0 MB). Loaded Objects now: 4186.
Memory consumption went from 143.8 MB to 142.7 MB.
Total: 4.455600 ms (FindLiveObjects: 0.237900 ms CreateObjectMapping: 0.099100 ms MarkObjects: 3.643100 ms  DeleteObjects: 0.473600 ms)

Prepare: number of updated asset objects reloaded= 0
AssetImportParameters requested are different than current active one (requested -> active):
  custom:container-demuxer-ogg: 62fdf1f143b41e24485cea50d1cbac27 -> 
  custom:scripting/monoscript/fileName/Tree.cs: dca7474b58f05e1dc61bb9deb148038d -> 
  custom:video-codec-MediaFoundation-h265: 746d11721c4dcdbdad8f713fa42b33f4 -> 
  custom:video-decoder-ogg-theora: a1e56fd34408186e4bbccfd4996cb3dc -> 
  custom:scripting/monoscript/fileName/Timber.cs: e3f520cc8fc09857160dc689c53c79e7 -> 
  custom:framework-win-MediaFoundation: 216162199b28c13a410421893ffa2e32 -> 
  custom:scripting/monoscript/fileName/Money.cs: 9c40cb0a308c8e4e1f5815ebef98078a -> 
  custom:CustomObjectIndexerAttribute: 9a22284fe3817be447336de3de66b15e -> 
  custom:scripting/monoscript/fileName/FillableBar3D.cs: 52f14b7e6922cb183133cc6746322f72 -> 
  custom:scripting/monoscript/fileName/ArrowController.cs: 1a447edfdb5484109c0662398b0d2a4f -> 
  custom:container-demuxer-webm: 4f35f7cbe854078d1ac9338744f61a02 -> 
  custom:container-muxer-webm: aa71ff27fc2769a1b78a27578f13a17b -> 
  custom:video-decoder-webm-vp8: 9c59270c3fd7afecdb556c50c9e8de78 -> 
  custom:SearchIndexIgnoredProperties: e643bd26f0fe6173181afceb89e7c659 -> 
  custom:AudioImporter_EditorPlatform: d09bf68614088b80899f8185d706f6e7 -> 
  custom:video-encoder-webm-vp8: eb34c28f22e8b96e1ab97ce403110664 -> 
  custom:audio-decoder-ogg-vorbis: bf7c407c2cedff20999df2af8eb42d56 -> 
  custom:audio-encoder-webm-vorbis: bf7c407c2cedff20999df2af8eb42d56 -> 
  custom:scripting/precompiled-assembly-types:Assembly-CSharp: f0319d0306588bc75f46ae5680644858 -> 898d7dc12b5aaae7dfacee678fc8dd41
========================================================================
Received Prepare
Caller must complete domain reload
Begin MonoManager ReloadAssembly
- Loaded All Assemblies, in  0.447 seconds
Native extension for WindowsStandalone target not found
Native extension for Android target not found
Native extension for WebGL target not found
[Package Manager] Server::EnsureServerProcessIsRunning -- launch failed, reason: Unity was launched with the -noUpm command-line argument
[Package Manager] UpmClient::Send -- Unable to send message (not connected to UPM process).
[Package Manager] Cannot connect to Unity Package Manager local server
Failed to sync packages list
UnityEngine.StackTraceUtility:ExtractStackTrace ()
UnityEngine.DebugLogHandler:LogFormat (UnityEngine.LogType,UnityEngine.Object,string,object[])
UnityEngine.Logger:Log (UnityEngine.LogType,object)
UnityEngine.Debug:LogWarning (object)
 .  / :MoveNext ()
System.Runtime.CompilerServices.AsyncVoidMethodBuilder:Start< .  / > ( .  / &)
 .  :  ()
 .⁪/ :MoveNext ()
System.Runtime.CompilerServices.AsyncTaskMethodBuilder:Start< .⁪/ > ( .⁪/ &)
 .⁪:  ()
System.Reflection.RuntimeMethodInfo:Invoke (object,System.Reflection.BindingFlags,System.Reflection.Binder,object[],System.Globalization.CultureInfo)
System.Reflection.MethodBase:Invoke (object,object[])
UnityEditor.EditorAssemblies:ProcessInitializeOnLoadMethodAttributes ()

Mono: successfully reloaded assembly
- Finished resetting the current domain, in  1.030 seconds
Domain Reload Profiling: 1475ms
	BeginReloadAssembly (157ms)
		ExecutionOrderSort (0ms)
		DisableScriptedObjects (5ms)
		BackupInstance (0ms)
		ReleaseScriptingObjects (0ms)
		CreateAndSetChildDomain (31ms)
	RebuildCommonClasses (33ms)
	RebuildNativeTypeToScriptingClass (10ms)
	initialDomainReloadingComplete (29ms)
	LoadAllAssembliesAndSetupDomain (216ms)
		LoadAssemblies (287ms)
		RebuildTransferFunctionScriptingTraits (0ms)
		AnalyzeDomain (17ms)
			TypeCache.Refresh (7ms)
				TypeCache.ScanAssembly (0ms)
			ScanForSourceGeneratedMonoScriptInfo (0ms)
			ResolveRequiredComponents (7ms)
	FinalizeReload (1030ms)
		ReleaseScriptCaches (0ms)
		RebuildScriptCaches (0ms)
		SetupLoadedEditorAssemblies (566ms)
			LogAssemblyErrors (0ms)
			InitializePlatformSupportModulesInManaged (19ms)
			SetLoadedEditorAssemblies (5ms)
			RefreshPlugins (0ms)
			BeforeProcessingInitializeOnLoad (67ms)
			ProcessInitializeOnLoadAttributes (421ms)
			ProcessInitializeOnLoadMethodAttributes (51ms)
			AfterProcessingInitializeOnLoad (5ms)
			EditorAssembliesLoaded (0ms)
		ExecutionOrderSort2 (0ms)
		AwakeInstancesAfterBackupRestoration (9ms)
Refreshing native plugins compatible for Editor in 5.28 ms, found 6 plugins.
Preloading 0 native plugins for Editor in 0.00 ms.
Release of invalid GC handle. The handle is from a previous domain. The release operation is skipped.
Release of invalid GC handle native callstack: 
0x00007ff79e68424d (Unity) StackWalker::GetCurrentCallstack
0x00007ff79e689329 (Unity) StackWalker::ShowCallstack
0x00007ff79f67dae1 (Unity) GetStacktrace
0x00007ff79e57f20d (Unity) ScriptingGCHandle::ReleaseAndClear
0x00007ff79eb4748c (Unity) UploadHandlerRaw::`vector deleting destructor'
0x00007ff79eb4803d (Unity) UploadHandler::Release
0x00007ff79eb448dd (Unity) UnityWebRequestProto<UnityWebRequestTransport,AtomicRefCounter,RedirectHelper,ResponseHelper,DownloadHandler,UploadHandler,CertificateHandler,HeaderHelper,AsyncOperation>::~UnityWebRequestProto<UnityWebRequestTransport,AtomicRefCounter,RedirectHelper,ResponseHelper,DownloadHandler,UploadHandler,CertificateHandler,HeaderHelper,AsyncOperation>
0x00007ff79eb44bd6 (Unity) UnityWebRequest::`vector deleting destructor'
0x00007ff79d894b77 (Unity) UnityWebRequestProto<UnityWebRequestTransport,AtomicRefCounter,RedirectHelper,ResponseHelper,DownloadHandler,UploadHandler,CertificateHandler,HeaderHelper,AsyncOperation>::Release
0x00007ff79eb46605 (Unity) UnityWebRequestAsyncOperation::InvokeCoroutine
0x00007ff79eb467e1 (Unity) UnityWebRequestProto<UnityWebRequestTransport,AtomicRefCounter,RedirectHelper,ResponseHelper,DownloadHandler,UploadHandler,CertificateHandler,HeaderHelper,AsyncOperation>::Job_InvokeCoroutine
0x00007ff79e1ab54a (Unity) BackgroundJobQueue::ExecuteMainThreadJobs
0x00007ff79e26005f (Unity) PreloadManager::WaitForAllAsyncOperationsToComplete
0x00007ff79fa23af8 (Unity) <lambda_b37b41f03089e3cb3f55061bbc93253d>::operator()
0x00007ff79fa5f422 (Unity) asio::detail::completion_handler<core::mutable_function<void __cdecl(void)>,asio::io_context::basic_executor_type<std::allocator<void>,0> >::do_complete
0x00007ff79fa4b3ce (Unity) asio::detail::win_iocp_io_context::do_one
0x00007ff79fa4d034 (Unity) asio::detail::win_iocp_io_context::run
0x00007ff79fa5d7cc (Unity) IOService::Run
0x00007ff79fa30c2f (Unity) AssetImportWorkerClient::Run
0x00007ff79f9fc3d7 (Unity) RunAssetImportWorkerClientV2
0x00007ff79f9fc45b (Unity) RunAssetImporterV2
0x00007ff79f1f31de (Unity) Application::InitializeProject
0x00007ff79f688795 (Unity) WinMain
0x00007ff7a0a535ce (Unity) __scrt_common_main_seh
0x00007ffa8b87e8d7 (KERNEL32) BaseThreadInitThunk
0x00007ffa8c1714fc (ntdll) RtlUserThreadStart
Unloading 3378 Unused Serialized files (Serialized files now loaded: 0)
Unloading 39 unused Assets / (1.0 MB). Loaded Objects now: 4191.
Memory consumption went from 143.9 MB to 142.9 MB.
Total: 4.832100 ms (FindLiveObjects: 0.323700 ms CreateObjectMapping: 0.179800 ms MarkObjects: 3.794800 ms  DeleteObjects: 0.532300 ms)

Prepare: number of updated asset objects reloaded= 0
AssetImportParameters requested are different than current active one (requested -> active):
  custom:container-demuxer-ogg: 62fdf1f143b41e24485cea50d1cbac27 -> 
  custom:scripting/monoscript/fileName/Tree.cs: dca7474b58f05e1dc61bb9deb148038d -> 
  custom:video-codec-MediaFoundation-h265: 746d11721c4dcdbdad8f713fa42b33f4 -> 
  custom:video-decoder-ogg-theora: a1e56fd34408186e4bbccfd4996cb3dc -> 
  custom:scripting/monoscript/fileName/Timber.cs: e3f520cc8fc09857160dc689c53c79e7 -> 
  custom:framework-win-MediaFoundation: 216162199b28c13a410421893ffa2e32 -> 
  custom:scripting/monoscript/fileName/Money.cs: 9c40cb0a308c8e4e1f5815ebef98078a -> 
  custom:CustomObjectIndexerAttribute: 9a22284fe3817be447336de3de66b15e -> 
  custom:scripting/monoscript/fileName/FillableBar3D.cs: 52f14b7e6922cb183133cc6746322f72 -> 
  custom:scripting/monoscript/fileName/ArrowController.cs: 1a447edfdb5484109c0662398b0d2a4f -> 
  custom:container-demuxer-webm: 4f35f7cbe854078d1ac9338744f61a02 -> 
  custom:container-muxer-webm: aa71ff27fc2769a1b78a27578f13a17b -> 
  custom:video-decoder-webm-vp8: 9c59270c3fd7afecdb556c50c9e8de78 -> 
  custom:SearchIndexIgnoredProperties: e643bd26f0fe6173181afceb89e7c659 -> 
  custom:AudioImporter_EditorPlatform: d09bf68614088b80899f8185d706f6e7 -> 
  custom:video-encoder-webm-vp8: eb34c28f22e8b96e1ab97ce403110664 -> 
  custom:audio-decoder-ogg-vorbis: bf7c407c2cedff20999df2af8eb42d56 -> 
  custom:audio-encoder-webm-vorbis: bf7c407c2cedff20999df2af8eb42d56 -> 
  custom:scripting/precompiled-assembly-types:Assembly-CSharp: f0319d0306588bc75f46ae5680644858 -> 898d7dc12b5aaae7dfacee678fc8dd41
========================================================================
Received Prepare
Caller must complete domain reload
Begin MonoManager ReloadAssembly
- Loaded All Assemblies, in  0.471 seconds
Native extension for WindowsStandalone target not found
Native extension for Android target not found
Native extension for WebGL target not found
[Package Manager] Server::EnsureServerProcessIsRunning -- launch failed, reason: Unity was launched with the -noUpm command-line argument
[Package Manager] UpmClient::Send -- Unable to send message (not connected to UPM process).
[Package Manager] Cannot connect to Unity Package Manager local server
Failed to sync packages list
UnityEngine.StackTraceUtility:ExtractStackTrace ()
UnityEngine.DebugLogHandler:LogFormat (UnityEngine.LogType,UnityEngine.Object,string,object[])
UnityEngine.Logger:Log (UnityEngine.LogType,object)
UnityEngine.Debug:LogWarning (object)
 .  / :MoveNext ()
System.Runtime.CompilerServices.AsyncVoidMethodBuilder:Start< .  / > ( .  / &)
 .  :  ()
 .⁪/ :MoveNext ()
System.Runtime.CompilerServices.AsyncTaskMethodBuilder:Start< .⁪/ > ( .⁪/ &)
 .⁪:  ()
System.Reflection.RuntimeMethodInfo:Invoke (object,System.Reflection.BindingFlags,System.Reflection.Binder,object[],System.Globalization.CultureInfo)
System.Reflection.MethodBase:Invoke (object,object[])
UnityEditor.EditorAssemblies:ProcessInitializeOnLoadMethodAttributes ()

Mono: successfully reloaded assembly
- Finished resetting the current domain, in  1.042 seconds
Domain Reload Profiling: 1512ms
	BeginReloadAssembly (149ms)
		ExecutionOrderSort (0ms)
		DisableScriptedObjects (5ms)
		BackupInstance (0ms)
		ReleaseScriptingObjects (0ms)
		CreateAndSetChildDomain (31ms)
	RebuildCommonClasses (36ms)
	RebuildNativeTypeToScriptingClass (10ms)
	initialDomainReloadingComplete (34ms)
	LoadAllAssembliesAndSetupDomain (241ms)
		LoadAssemblies (290ms)
		RebuildTransferFunctionScriptingTraits (0ms)
		AnalyzeDomain (29ms)
			TypeCache.Refresh (8ms)
				TypeCache.ScanAssembly (0ms)
			ScanForSourceGeneratedMonoScriptInfo (8ms)
			ResolveRequiredComponents (7ms)
	FinalizeReload (1043ms)
		ReleaseScriptCaches (0ms)
		RebuildScriptCaches (0ms)
		SetupLoadedEditorAssemblies (591ms)
			LogAssemblyErrors (0ms)
			InitializePlatformSupportModulesInManaged (24ms)
			SetLoadedEditorAssemblies (6ms)
			RefreshPlugins (0ms)
			BeforeProcessingInitializeOnLoad (65ms)
			ProcessInitializeOnLoadAttributes (436ms)
			ProcessInitializeOnLoadMethodAttributes (54ms)
			AfterProcessingInitializeOnLoad (6ms)
			EditorAssembliesLoaded (0ms)
		ExecutionOrderSort2 (0ms)
		AwakeInstancesAfterBackupRestoration (8ms)
Refreshing native plugins compatible for Editor in 3.69 ms, found 6 plugins.
Preloading 0 native plugins for Editor in 0.00 ms.
Release of invalid GC handle. The handle is from a previous domain. The release operation is skipped.
Release of invalid GC handle native callstack: 
0x00007ff79e68424d (Unity) StackWalker::GetCurrentCallstack
0x00007ff79e689329 (Unity) StackWalker::ShowCallstack
0x00007ff79f67dae1 (Unity) GetStacktrace
0x00007ff79e57f20d (Unity) ScriptingGCHandle::ReleaseAndClear
0x00007ff79eb4748c (Unity) UploadHandlerRaw::`vector deleting destructor'
0x00007ff79eb4803d (Unity) UploadHandler::Release
0x00007ff79eb448dd (Unity) UnityWebRequestProto<UnityWebRequestTransport,AtomicRefCounter,RedirectHelper,ResponseHelper,DownloadHandler,UploadHandler,CertificateHandler,HeaderHelper,AsyncOperation>::~UnityWebRequestProto<UnityWebRequestTransport,AtomicRefCounter,RedirectHelper,ResponseHelper,DownloadHandler,UploadHandler,CertificateHandler,HeaderHelper,AsyncOperation>
0x00007ff79eb44bd6 (Unity) UnityWebRequest::`vector deleting destructor'
0x00007ff79d894b77 (Unity) UnityWebRequestProto<UnityWebRequestTransport,AtomicRefCounter,RedirectHelper,ResponseHelper,DownloadHandler,UploadHandler,CertificateHandler,HeaderHelper,AsyncOperation>::Release
0x00007ff79eb46605 (Unity) UnityWebRequestAsyncOperation::InvokeCoroutine
0x00007ff79eb467e1 (Unity) UnityWebRequestProto<UnityWebRequestTransport,AtomicRefCounter,RedirectHelper,ResponseHelper,DownloadHandler,UploadHandler,CertificateHandler,HeaderHelper,AsyncOperation>::Job_InvokeCoroutine
0x00007ff79e1ab54a (Unity) BackgroundJobQueue::ExecuteMainThreadJobs
0x00007ff79e26005f (Unity) PreloadManager::WaitForAllAsyncOperationsToComplete
0x00007ff79fa23af8 (Unity) <lambda_b37b41f03089e3cb3f55061bbc93253d>::operator()
0x00007ff79fa5f422 (Unity) asio::detail::completion_handler<core::mutable_function<void __cdecl(void)>,asio::io_context::basic_executor_type<std::allocator<void>,0> >::do_complete
0x00007ff79fa4b3ce (Unity) asio::detail::win_iocp_io_context::do_one
0x00007ff79fa4d034 (Unity) asio::detail::win_iocp_io_context::run
0x00007ff79fa5d7cc (Unity) IOService::Run
0x00007ff79fa30c2f (Unity) AssetImportWorkerClient::Run
0x00007ff79f9fc3d7 (Unity) RunAssetImportWorkerClientV2
0x00007ff79f9fc45b (Unity) RunAssetImporterV2
0x00007ff79f1f31de (Unity) Application::InitializeProject
0x00007ff79f688795 (Unity) WinMain
0x00007ff7a0a535ce (Unity) __scrt_common_main_seh
0x00007ffa8b87e8d7 (KERNEL32) BaseThreadInitThunk
0x00007ffa8c1714fc (ntdll) RtlUserThreadStart
Unloading 3378 Unused Serialized files (Serialized files now loaded: 0)
Unloading 39 unused Assets / (1.0 MB). Loaded Objects now: 4196.
Memory consumption went from 144.1 MB to 143.0 MB.
Total: 4.693900 ms (FindLiveObjects: 0.239000 ms CreateObjectMapping: 0.090600 ms MarkObjects: 3.903600 ms  DeleteObjects: 0.459500 ms)

Prepare: number of updated asset objects reloaded= 0
AssetImportParameters requested are different than current active one (requested -> active):
  custom:container-demuxer-ogg: 62fdf1f143b41e24485cea50d1cbac27 -> 
  custom:scripting/monoscript/fileName/Tree.cs: dca7474b58f05e1dc61bb9deb148038d -> 
  custom:video-codec-MediaFoundation-h265: 746d11721c4dcdbdad8f713fa42b33f4 -> 
  custom:video-decoder-ogg-theora: a1e56fd34408186e4bbccfd4996cb3dc -> 
  custom:scripting/monoscript/fileName/Timber.cs: e3f520cc8fc09857160dc689c53c79e7 -> 
  custom:framework-win-MediaFoundation: 216162199b28c13a410421893ffa2e32 -> 
  custom:scripting/monoscript/fileName/Money.cs: 9c40cb0a308c8e4e1f5815ebef98078a -> 
  custom:CustomObjectIndexerAttribute: 9a22284fe3817be447336de3de66b15e -> 
  custom:scripting/monoscript/fileName/FillableBar3D.cs: 52f14b7e6922cb183133cc6746322f72 -> 
  custom:scripting/monoscript/fileName/ArrowController.cs: 1a447edfdb5484109c0662398b0d2a4f -> 
  custom:container-demuxer-webm: 4f35f7cbe854078d1ac9338744f61a02 -> 
  custom:container-muxer-webm: aa71ff27fc2769a1b78a27578f13a17b -> 
  custom:video-decoder-webm-vp8: 9c59270c3fd7afecdb556c50c9e8de78 -> 
  custom:SearchIndexIgnoredProperties: e643bd26f0fe6173181afceb89e7c659 -> 
  custom:AudioImporter_EditorPlatform: d09bf68614088b80899f8185d706f6e7 -> 
  custom:video-encoder-webm-vp8: eb34c28f22e8b96e1ab97ce403110664 -> 
  custom:audio-decoder-ogg-vorbis: bf7c407c2cedff20999df2af8eb42d56 -> 
  custom:audio-encoder-webm-vorbis: bf7c407c2cedff20999df2af8eb42d56 -> 
  custom:scripting/precompiled-assembly-types:Assembly-CSharp: f0319d0306588bc75f46ae5680644858 -> 898d7dc12b5aaae7dfacee678fc8dd41
========================================================================
Received Prepare
Caller must complete domain reload
Begin MonoManager ReloadAssembly
- Loaded All Assemblies, in  0.433 seconds
Native extension for WindowsStandalone target not found
Native extension for Android target not found
Native extension for WebGL target not found
[Package Manager] Server::EnsureServerProcessIsRunning -- launch failed, reason: Unity was launched with the -noUpm command-line argument
[Package Manager] UpmClient::Send -- Unable to send message (not connected to UPM process).
[Package Manager] Cannot connect to Unity Package Manager local server
Failed to sync packages list
UnityEngine.StackTraceUtility:ExtractStackTrace ()
UnityEngine.DebugLogHandler:LogFormat (UnityEngine.LogType,UnityEngine.Object,string,object[])
UnityEngine.Logger:Log (UnityEngine.LogType,object)
UnityEngine.Debug:LogWarning (object)
 .  / :MoveNext ()
System.Runtime.CompilerServices.AsyncVoidMethodBuilder:Start< .  / > ( .  / &)
 .  :  ()
 .⁪/ :MoveNext ()
System.Runtime.CompilerServices.AsyncTaskMethodBuilder:Start< .⁪/ > ( .⁪/ &)
 .⁪:  ()
System.Reflection.RuntimeMethodInfo:Invoke (object,System.Reflection.BindingFlags,System.Reflection.Binder,object[],System.Globalization.CultureInfo)
System.Reflection.MethodBase:Invoke (object,object[])
UnityEditor.EditorAssemblies:ProcessInitializeOnLoadMethodAttributes ()

Mono: successfully reloaded assembly
- Finished resetting the current domain, in  0.959 seconds
Domain Reload Profiling: 1391ms
	BeginReloadAssembly (148ms)
		ExecutionOrderSort (0ms)
		DisableScriptedObjects (6ms)
		BackupInstance (0ms)
		ReleaseScriptingObjects (0ms)
		CreateAndSetChildDomain (32ms)
	RebuildCommonClasses (31ms)
	RebuildNativeTypeToScriptingClass (11ms)
	initialDomainReloadingComplete (29ms)
	LoadAllAssembliesAndSetupDomain (213ms)
		LoadAssemblies (275ms)
		RebuildTransferFunctionScriptingTraits (0ms)
		AnalyzeDomain (15ms)
			TypeCache.Refresh (5ms)
				TypeCache.ScanAssembly (0ms)
			ScanForSourceGeneratedMonoScriptInfo (0ms)
			ResolveRequiredComponents (6ms)
	FinalizeReload (960ms)
		ReleaseScriptCaches (0ms)
		RebuildScriptCaches (0ms)
		SetupLoadedEditorAssemblies (557ms)
			LogAssemblyErrors (0ms)
			InitializePlatformSupportModulesInManaged (18ms)
			SetLoadedEditorAssemblies (5ms)
			RefreshPlugins (0ms)
			BeforeProcessingInitializeOnLoad (64ms)
			ProcessInitializeOnLoadAttributes (412ms)
			ProcessInitializeOnLoadMethodAttributes (54ms)
			AfterProcessingInitializeOnLoad (5ms)
			EditorAssembliesLoaded (0ms)
		ExecutionOrderSort2 (0ms)
		AwakeInstancesAfterBackupRestoration (6ms)
Refreshing native plugins compatible for Editor in 3.55 ms, found 6 plugins.
Preloading 0 native plugins for Editor in 0.00 ms.
Release of invalid GC handle. The handle is from a previous domain. The release operation is skipped.
Release of invalid GC handle native callstack: 
0x00007ff79e68424d (Unity) StackWalker::GetCurrentCallstack
0x00007ff79e689329 (Unity) StackWalker::ShowCallstack
0x00007ff79f67dae1 (Unity) GetStacktrace
0x00007ff79e57f20d (Unity) ScriptingGCHandle::ReleaseAndClear
0x00007ff79eb4748c (Unity) UploadHandlerRaw::`vector deleting destructor'
0x00007ff79eb4803d (Unity) UploadHandler::Release
0x00007ff79eb448dd (Unity) UnityWebRequestProto<UnityWebRequestTransport,AtomicRefCounter,RedirectHelper,ResponseHelper,DownloadHandler,UploadHandler,CertificateHandler,HeaderHelper,AsyncOperation>::~UnityWebRequestProto<UnityWebRequestTransport,AtomicRefCounter,RedirectHelper,ResponseHelper,DownloadHandler,UploadHandler,CertificateHandler,HeaderHelper,AsyncOperation>
0x00007ff79eb44bd6 (Unity) UnityWebRequest::`vector deleting destructor'
0x00007ff79d894b77 (Unity) UnityWebRequestProto<UnityWebRequestTransport,AtomicRefCounter,RedirectHelper,ResponseHelper,DownloadHandler,UploadHandler,CertificateHandler,HeaderHelper,AsyncOperation>::Release
0x00007ff79eb46605 (Unity) UnityWebRequestAsyncOperation::InvokeCoroutine
0x00007ff79eb467e1 (Unity) UnityWebRequestProto<UnityWebRequestTransport,AtomicRefCounter,RedirectHelper,ResponseHelper,DownloadHandler,UploadHandler,CertificateHandler,HeaderHelper,AsyncOperation>::Job_InvokeCoroutine
0x00007ff79e1ab54a (Unity) BackgroundJobQueue::ExecuteMainThreadJobs
0x00007ff79e26005f (Unity) PreloadManager::WaitForAllAsyncOperationsToComplete
0x00007ff79fa23af8 (Unity) <lambda_b37b41f03089e3cb3f55061bbc93253d>::operator()
0x00007ff79fa5f422 (Unity) asio::detail::completion_handler<core::mutable_function<void __cdecl(void)>,asio::io_context::basic_executor_type<std::allocator<void>,0> >::do_complete
0x00007ff79fa4b3ce (Unity) asio::detail::win_iocp_io_context::do_one
0x00007ff79fa4d034 (Unity) asio::detail::win_iocp_io_context::run
0x00007ff79fa5d7cc (Unity) IOService::Run
0x00007ff79fa30c2f (Unity) AssetImportWorkerClient::Run
0x00007ff79f9fc3d7 (Unity) RunAssetImportWorkerClientV2
0x00007ff79f9fc45b (Unity) RunAssetImporterV2
0x00007ff79f1f31de (Unity) Application::InitializeProject
0x00007ff79f688795 (Unity) WinMain
0x00007ff7a0a535ce (Unity) __scrt_common_main_seh
0x00007ffa8b87e8d7 (KERNEL32) BaseThreadInitThunk
0x00007ffa8c1714fc (ntdll) RtlUserThreadStart
Unloading 3378 Unused Serialized files (Serialized files now loaded: 0)
Unloading 39 unused Assets / (1.0 MB). Loaded Objects now: 4201.
Memory consumption went from 144.2 MB to 143.2 MB.
Total: 4.948500 ms (FindLiveObjects: 0.504400 ms CreateObjectMapping: 0.137300 ms MarkObjects: 3.492000 ms  DeleteObjects: 0.813400 ms)

Prepare: number of updated asset objects reloaded= 0
AssetImportParameters requested are different than current active one (requested -> active):
  custom:container-demuxer-ogg: 62fdf1f143b41e24485cea50d1cbac27 -> 
  custom:scripting/monoscript/fileName/Tree.cs: dca7474b58f05e1dc61bb9deb148038d -> 
  custom:video-codec-MediaFoundation-h265: 746d11721c4dcdbdad8f713fa42b33f4 -> 
  custom:video-decoder-ogg-theora: a1e56fd34408186e4bbccfd4996cb3dc -> 
  custom:scripting/monoscript/fileName/Timber.cs: e3f520cc8fc09857160dc689c53c79e7 -> 
  custom:framework-win-MediaFoundation: 216162199b28c13a410421893ffa2e32 -> 
  custom:scripting/monoscript/fileName/Money.cs: 9c40cb0a308c8e4e1f5815ebef98078a -> 
  custom:CustomObjectIndexerAttribute: 9a22284fe3817be447336de3de66b15e -> 
  custom:scripting/monoscript/fileName/FillableBar3D.cs: 52f14b7e6922cb183133cc6746322f72 -> 
  custom:scripting/monoscript/fileName/ArrowController.cs: 1a447edfdb5484109c0662398b0d2a4f -> 
  custom:container-demuxer-webm: 4f35f7cbe854078d1ac9338744f61a02 -> 
  custom:container-muxer-webm: aa71ff27fc2769a1b78a27578f13a17b -> 
  custom:video-decoder-webm-vp8: 9c59270c3fd7afecdb556c50c9e8de78 -> 
  custom:SearchIndexIgnoredProperties: e643bd26f0fe6173181afceb89e7c659 -> 
  custom:AudioImporter_EditorPlatform: d09bf68614088b80899f8185d706f6e7 -> 
  custom:video-encoder-webm-vp8: eb34c28f22e8b96e1ab97ce403110664 -> 
  custom:audio-decoder-ogg-vorbis: bf7c407c2cedff20999df2af8eb42d56 -> 
  custom:audio-encoder-webm-vorbis: bf7c407c2cedff20999df2af8eb42d56 -> 
  custom:scripting/precompiled-assembly-types:Assembly-CSharp: f0319d0306588bc75f46ae5680644858 -> 898d7dc12b5aaae7dfacee678fc8dd41
========================================================================
Received Prepare
Caller must complete domain reload
Begin MonoManager ReloadAssembly
- Loaded All Assemblies, in  0.906 seconds
Native extension for WindowsStandalone target not found
Native extension for Android target not found
Native extension for WebGL target not found
[Package Manager] Server::EnsureServerProcessIsRunning -- launch failed, reason: Unity was launched with the -noUpm command-line argument
[Package Manager] UpmClient::Send -- Unable to send message (not connected to UPM process).
[Package Manager] Cannot connect to Unity Package Manager local server
Failed to sync packages list
UnityEngine.StackTraceUtility:ExtractStackTrace ()
UnityEngine.DebugLogHandler:LogFormat (UnityEngine.LogType,UnityEngine.Object,string,object[])
UnityEngine.Logger:Log (UnityEngine.LogType,object)
UnityEngine.Debug:LogWarning (object)
 .  / :MoveNext ()
System.Runtime.CompilerServices.AsyncVoidMethodBuilder:Start< .  / > ( .  / &)
 .  :  ()
 .⁪/ :MoveNext ()
System.Runtime.CompilerServices.AsyncTaskMethodBuilder:Start< .⁪/ > ( .⁪/ &)
 .⁪:  ()
System.Reflection.RuntimeMethodInfo:Invoke (object,System.Reflection.BindingFlags,System.Reflection.Binder,object[],System.Globalization.CultureInfo)
System.Reflection.MethodBase:Invoke (object,object[])
UnityEditor.EditorAssemblies:ProcessInitializeOnLoadMethodAttributes ()

Mono: successfully reloaded assembly
- Finished resetting the current domain, in  1.088 seconds
Domain Reload Profiling: 1992ms
	BeginReloadAssembly (281ms)
		ExecutionOrderSort (0ms)
		DisableScriptedObjects (11ms)
		BackupInstance (0ms)
		ReleaseScriptingObjects (0ms)
		CreateAndSetChildDomain (51ms)
	RebuildCommonClasses (60ms)
	RebuildNativeTypeToScriptingClass (21ms)
	initialDomainReloadingComplete (61ms)
	LoadAllAssembliesAndSetupDomain (479ms)
		LoadAssemblies (587ms)
		RebuildTransferFunctionScriptingTraits (0ms)
		AnalyzeDomain (51ms)
			TypeCache.Refresh (15ms)
				TypeCache.ScanAssembly (1ms)
			ScanForSourceGeneratedMonoScriptInfo (15ms)
			ResolveRequiredComponents (13ms)
	FinalizeReload (1090ms)
		ReleaseScriptCaches (0ms)
		RebuildScriptCaches (0ms)
		SetupLoadedEditorAssemblies (547ms)
			LogAssemblyErrors (0ms)
			InitializePlatformSupportModulesInManaged (19ms)
			SetLoadedEditorAssemblies (4ms)
			RefreshPlugins (0ms)
			BeforeProcessingInitializeOnLoad (62ms)
			ProcessInitializeOnLoadAttributes (405ms)
			ProcessInitializeOnLoadMethodAttributes (51ms)
			AfterProcessingInitializeOnLoad (6ms)
			EditorAssembliesLoaded (0ms)
		ExecutionOrderSort2 (0ms)
		AwakeInstancesAfterBackupRestoration (6ms)
Refreshing native plugins compatible for Editor in 3.97 ms, found 6 plugins.
Preloading 0 native plugins for Editor in 0.00 ms.
Release of invalid GC handle. The handle is from a previous domain. The release operation is skipped.
Release of invalid GC handle native callstack: 
0x00007ff79e68424d (Unity) StackWalker::GetCurrentCallstack
0x00007ff79e689329 (Unity) StackWalker::ShowCallstack
0x00007ff79f67dae1 (Unity) GetStacktrace
0x00007ff79e57f20d (Unity) ScriptingGCHandle::ReleaseAndClear
0x00007ff79eb4748c (Unity) UploadHandlerRaw::`vector deleting destructor'
0x00007ff79eb4803d (Unity) UploadHandler::Release
0x00007ff79eb448dd (Unity) UnityWebRequestProto<UnityWebRequestTransport,AtomicRefCounter,RedirectHelper,ResponseHelper,DownloadHandler,UploadHandler,CertificateHandler,HeaderHelper,AsyncOperation>::~UnityWebRequestProto<UnityWebRequestTransport,AtomicRefCounter,RedirectHelper,ResponseHelper,DownloadHandler,UploadHandler,CertificateHandler,HeaderHelper,AsyncOperation>
0x00007ff79eb44bd6 (Unity) UnityWebRequest::`vector deleting destructor'
0x00007ff79d894b77 (Unity) UnityWebRequestProto<UnityWebRequestTransport,AtomicRefCounter,RedirectHelper,ResponseHelper,DownloadHandler,UploadHandler,CertificateHandler,HeaderHelper,AsyncOperation>::Release
0x00007ff79eb46605 (Unity) UnityWebRequestAsyncOperation::InvokeCoroutine
0x00007ff79eb467e1 (Unity) UnityWebRequestProto<UnityWebRequestTransport,AtomicRefCounter,RedirectHelper,ResponseHelper,DownloadHandler,UploadHandler,CertificateHandler,HeaderHelper,AsyncOperation>::Job_InvokeCoroutine
0x00007ff79e1ab54a (Unity) BackgroundJobQueue::ExecuteMainThreadJobs
0x00007ff79e26005f (Unity) PreloadManager::WaitForAllAsyncOperationsToComplete
0x00007ff79fa23af8 (Unity) <lambda_b37b41f03089e3cb3f55061bbc93253d>::operator()
0x00007ff79fa5f422 (Unity) asio::detail::completion_handler<core::mutable_function<void __cdecl(void)>,asio::io_context::basic_executor_type<std::allocator<void>,0> >::do_complete
0x00007ff79fa4b3ce (Unity) asio::detail::win_iocp_io_context::do_one
0x00007ff79fa4d034 (Unity) asio::detail::win_iocp_io_context::run
0x00007ff79fa5d7cc (Unity) IOService::Run
0x00007ff79fa30c2f (Unity) AssetImportWorkerClient::Run
0x00007ff79f9fc3d7 (Unity) RunAssetImportWorkerClientV2
0x00007ff79f9fc45b (Unity) RunAssetImporterV2
0x00007ff79f1f31de (Unity) Application::InitializeProject
0x00007ff79f688795 (Unity) WinMain
0x00007ff7a0a535ce (Unity) __scrt_common_main_seh
0x00007ffa8b87e8d7 (KERNEL32) BaseThreadInitThunk
0x00007ffa8c1714fc (ntdll) RtlUserThreadStart
Unloading 3378 Unused Serialized files (Serialized files now loaded: 0)
Unloading 39 unused Assets / (1.0 MB). Loaded Objects now: 4206.
Memory consumption went from 144.4 MB to 143.4 MB.
Total: 5.995400 ms (FindLiveObjects: 0.289400 ms CreateObjectMapping: 0.117300 ms MarkObjects: 5.007400 ms  DeleteObjects: 0.580300 ms)

Prepare: number of updated asset objects reloaded= 0
AssetImportParameters requested are different than current active one (requested -> active):
  custom:container-demuxer-ogg: 62fdf1f143b41e24485cea50d1cbac27 -> 
  custom:scripting/monoscript/fileName/Tree.cs: dca7474b58f05e1dc61bb9deb148038d -> 
  custom:video-codec-MediaFoundation-h265: 746d11721c4dcdbdad8f713fa42b33f4 -> 
  custom:video-decoder-ogg-theora: a1e56fd34408186e4bbccfd4996cb3dc -> 
  custom:scripting/monoscript/fileName/Timber.cs: e3f520cc8fc09857160dc689c53c79e7 -> 
  custom:framework-win-MediaFoundation: 216162199b28c13a410421893ffa2e32 -> 
  custom:scripting/monoscript/fileName/Money.cs: 9c40cb0a308c8e4e1f5815ebef98078a -> 
  custom:CustomObjectIndexerAttribute: 9a22284fe3817be447336de3de66b15e -> 
  custom:scripting/monoscript/fileName/FillableBar3D.cs: dad0baecc7b65c10f77033a02afb998c -> 
  custom:scripting/monoscript/fileName/ArrowController.cs: 1a447edfdb5484109c0662398b0d2a4f -> 
  custom:container-demuxer-webm: 4f35f7cbe854078d1ac9338744f61a02 -> 
  custom:container-muxer-webm: aa71ff27fc2769a1b78a27578f13a17b -> 
  custom:video-decoder-webm-vp8: 9c59270c3fd7afecdb556c50c9e8de78 -> 
  custom:SearchIndexIgnoredProperties: e643bd26f0fe6173181afceb89e7c659 -> 
  custom:AudioImporter_EditorPlatform: d09bf68614088b80899f8185d706f6e7 -> 
  custom:video-encoder-webm-vp8: eb34c28f22e8b96e1ab97ce403110664 -> 
  custom:audio-decoder-ogg-vorbis: bf7c407c2cedff20999df2af8eb42d56 -> 
  custom:audio-encoder-webm-vorbis: bf7c407c2cedff20999df2af8eb42d56 -> 
  custom:scripting/precompiled-assembly-types:Assembly-CSharp: d722a469af6708e2026348c79827e316 -> 898d7dc12b5aaae7dfacee678fc8dd41
========================================================================
Received Prepare
Caller must complete domain reload
Begin MonoManager ReloadAssembly
- Loaded All Assemblies, in  0.446 seconds
Native extension for WindowsStandalone target not found
Native extension for Android target not found
Native extension for WebGL target not found
[Package Manager] Server::EnsureServerProcessIsRunning -- launch failed, reason: Unity was launched with the -noUpm command-line argument
[Package Manager] UpmClient::Send -- Unable to send message (not connected to UPM process).
[Package Manager] Cannot connect to Unity Package Manager local server
Failed to sync packages list
UnityEngine.StackTraceUtility:ExtractStackTrace ()
UnityEngine.DebugLogHandler:LogFormat (UnityEngine.LogType,UnityEngine.Object,string,object[])
UnityEngine.Logger:Log (UnityEngine.LogType,object)
UnityEngine.Debug:LogWarning (object)
 .  / :MoveNext ()
System.Runtime.CompilerServices.AsyncVoidMethodBuilder:Start< .  / > ( .  / &)
 .  :  ()
 .⁪/ :MoveNext ()
System.Runtime.CompilerServices.AsyncTaskMethodBuilder:Start< .⁪/ > ( .⁪/ &)
 .⁪:  ()
System.Reflection.RuntimeMethodInfo:Invoke (object,System.Reflection.BindingFlags,System.Reflection.Binder,object[],System.Globalization.CultureInfo)
System.Reflection.MethodBase:Invoke (object,object[])
UnityEditor.EditorAssemblies:ProcessInitializeOnLoadMethodAttributes ()

Mono: successfully reloaded assembly
- Finished resetting the current domain, in  0.961 seconds
Domain Reload Profiling: 1405ms
	BeginReloadAssembly (151ms)
		ExecutionOrderSort (0ms)
		DisableScriptedObjects (5ms)
		BackupInstance (0ms)
		ReleaseScriptingObjects (0ms)
		CreateAndSetChildDomain (31ms)
	RebuildCommonClasses (35ms)
	RebuildNativeTypeToScriptingClass (10ms)
	initialDomainReloadingComplete (27ms)
	LoadAllAssembliesAndSetupDomain (221ms)
		LoadAssemblies (287ms)
		RebuildTransferFunctionScriptingTraits (0ms)
		AnalyzeDomain (15ms)
			TypeCache.Refresh (7ms)
				TypeCache.ScanAssembly (0ms)
			ScanForSourceGeneratedMonoScriptInfo (0ms)
			ResolveRequiredComponents (6ms)
	FinalizeReload (961ms)
		ReleaseScriptCaches (0ms)
		RebuildScriptCaches (0ms)
		SetupLoadedEditorAssemblies (543ms)
			LogAssemblyErrors (0ms)
			InitializePlatformSupportModulesInManaged (17ms)
			SetLoadedEditorAssemblies (3ms)
			RefreshPlugins (0ms)
			BeforeProcessingInitializeOnLoad (62ms)
			ProcessInitializeOnLoadAttributes (404ms)
			ProcessInitializeOnLoadMethodAttributes (51ms)
			AfterProcessingInitializeOnLoad (5ms)
			EditorAssembliesLoaded (0ms)
		ExecutionOrderSort2 (0ms)
		AwakeInstancesAfterBackupRestoration (8ms)
Refreshing native plugins compatible for Editor in 4.87 ms, found 6 plugins.
Preloading 0 native plugins for Editor in 0.00 ms.
Release of invalid GC handle. The handle is from a previous domain. The release operation is skipped.
Release of invalid GC handle native callstack: 
0x00007ff79e68424d (Unity) StackWalker::GetCurrentCallstack
0x00007ff79e689329 (Unity) StackWalker::ShowCallstack
0x00007ff79f67dae1 (Unity) GetStacktrace
0x00007ff79e57f20d (Unity) ScriptingGCHandle::ReleaseAndClear
0x00007ff79eb4748c (Unity) UploadHandlerRaw::`vector deleting destructor'
0x00007ff79eb4803d (Unity) UploadHandler::Release
0x00007ff79eb448dd (Unity) UnityWebRequestProto<UnityWebRequestTransport,AtomicRefCounter,RedirectHelper,ResponseHelper,DownloadHandler,UploadHandler,CertificateHandler,HeaderHelper,AsyncOperation>::~UnityWebRequestProto<UnityWebRequestTransport,AtomicRefCounter,RedirectHelper,ResponseHelper,DownloadHandler,UploadHandler,CertificateHandler,HeaderHelper,AsyncOperation>
0x00007ff79eb44bd6 (Unity) UnityWebRequest::`vector deleting destructor'
0x00007ff79d894b77 (Unity) UnityWebRequestProto<UnityWebRequestTransport,AtomicRefCounter,RedirectHelper,ResponseHelper,DownloadHandler,UploadHandler,CertificateHandler,HeaderHelper,AsyncOperation>::Release
0x00007ff79eb46605 (Unity) UnityWebRequestAsyncOperation::InvokeCoroutine
0x00007ff79eb467e1 (Unity) UnityWebRequestProto<UnityWebRequestTransport,AtomicRefCounter,RedirectHelper,ResponseHelper,DownloadHandler,UploadHandler,CertificateHandler,HeaderHelper,AsyncOperation>::Job_InvokeCoroutine
0x00007ff79e1ab54a (Unity) BackgroundJobQueue::ExecuteMainThreadJobs
0x00007ff79e26005f (Unity) PreloadManager::WaitForAllAsyncOperationsToComplete
0x00007ff79fa23af8 (Unity) <lambda_b37b41f03089e3cb3f55061bbc93253d>::operator()
0x00007ff79fa5f422 (Unity) asio::detail::completion_handler<core::mutable_function<void __cdecl(void)>,asio::io_context::basic_executor_type<std::allocator<void>,0> >::do_complete
0x00007ff79fa4b3ce (Unity) asio::detail::win_iocp_io_context::do_one
0x00007ff79fa4d034 (Unity) asio::detail::win_iocp_io_context::run
0x00007ff79fa5d7cc (Unity) IOService::Run
0x00007ff79fa30c2f (Unity) AssetImportWorkerClient::Run
0x00007ff79f9fc3d7 (Unity) RunAssetImportWorkerClientV2
0x00007ff79f9fc45b (Unity) RunAssetImporterV2
0x00007ff79f1f31de (Unity) Application::InitializeProject
0x00007ff79f688795 (Unity) WinMain
0x00007ff7a0a535ce (Unity) __scrt_common_main_seh
0x00007ffa8b87e8d7 (KERNEL32) BaseThreadInitThunk
0x00007ffa8c1714fc (ntdll) RtlUserThreadStart
Unloading 3378 Unused Serialized files (Serialized files now loaded: 0)
Unloading 39 unused Assets / (1.0 MB). Loaded Objects now: 4211.
Memory consumption went from 144.5 MB to 143.5 MB.
Total: 4.930500 ms (FindLiveObjects: 0.287600 ms CreateObjectMapping: 0.137200 ms MarkObjects: 4.026200 ms  DeleteObjects: 0.477900 ms)

Prepare: number of updated asset objects reloaded= 0
AssetImportParameters requested are different than current active one (requested -> active):
  custom:container-demuxer-ogg: 62fdf1f143b41e24485cea50d1cbac27 -> 
  custom:scripting/monoscript/fileName/Tree.cs: dca7474b58f05e1dc61bb9deb148038d -> 
  custom:video-codec-MediaFoundation-h265: 746d11721c4dcdbdad8f713fa42b33f4 -> 
  custom:video-decoder-ogg-theora: a1e56fd34408186e4bbccfd4996cb3dc -> 
  custom:scripting/monoscript/fileName/Timber.cs: e3f520cc8fc09857160dc689c53c79e7 -> 
  custom:framework-win-MediaFoundation: 216162199b28c13a410421893ffa2e32 -> 
  custom:scripting/monoscript/fileName/Money.cs: 9c40cb0a308c8e4e1f5815ebef98078a -> 
  custom:CustomObjectIndexerAttribute: 9a22284fe3817be447336de3de66b15e -> 
  custom:scripting/monoscript/fileName/FillableBar3D.cs: dad0baecc7b65c10f77033a02afb998c -> 
  custom:scripting/monoscript/fileName/ArrowController.cs: 1a447edfdb5484109c0662398b0d2a4f -> 
  custom:container-demuxer-webm: 4f35f7cbe854078d1ac9338744f61a02 -> 
  custom:container-muxer-webm: aa71ff27fc2769a1b78a27578f13a17b -> 
  custom:video-decoder-webm-vp8: 9c59270c3fd7afecdb556c50c9e8de78 -> 
  custom:SearchIndexIgnoredProperties: e643bd26f0fe6173181afceb89e7c659 -> 
  custom:AudioImporter_EditorPlatform: d09bf68614088b80899f8185d706f6e7 -> 
  custom:video-encoder-webm-vp8: eb34c28f22e8b96e1ab97ce403110664 -> 
  custom:audio-decoder-ogg-vorbis: bf7c407c2cedff20999df2af8eb42d56 -> 
  custom:audio-encoder-webm-vorbis: bf7c407c2cedff20999df2af8eb42d56 -> 
  custom:scripting/precompiled-assembly-types:Assembly-CSharp: d722a469af6708e2026348c79827e316 -> 898d7dc12b5aaae7dfacee678fc8dd41
========================================================================
Received Prepare
Caller must complete domain reload
Begin MonoManager ReloadAssembly
- Loaded All Assemblies, in  0.459 seconds
Native extension for WindowsStandalone target not found
Native extension for Android target not found
Native extension for WebGL target not found
[Package Manager] Server::EnsureServerProcessIsRunning -- launch failed, reason: Unity was launched with the -noUpm command-line argument
[Package Manager] UpmClient::Send -- Unable to send message (not connected to UPM process).
[Package Manager] Cannot connect to Unity Package Manager local server
Failed to sync packages list
UnityEngine.StackTraceUtility:ExtractStackTrace ()
UnityEngine.DebugLogHandler:LogFormat (UnityEngine.LogType,UnityEngine.Object,string,object[])
UnityEngine.Logger:Log (UnityEngine.LogType,object)
UnityEngine.Debug:LogWarning (object)
 .  / :MoveNext ()
System.Runtime.CompilerServices.AsyncVoidMethodBuilder:Start< .  / > ( .  / &)
 .  :  ()
 .⁪/ :MoveNext ()
System.Runtime.CompilerServices.AsyncTaskMethodBuilder:Start< .⁪/ > ( .⁪/ &)
 .⁪:  ()
System.Reflection.RuntimeMethodInfo:Invoke (object,System.Reflection.BindingFlags,System.Reflection.Binder,object[],System.Globalization.CultureInfo)
System.Reflection.MethodBase:Invoke (object,object[])
UnityEditor.EditorAssemblies:ProcessInitializeOnLoadMethodAttributes ()

Mono: successfully reloaded assembly
- Finished resetting the current domain, in  0.999 seconds
Domain Reload Profiling: 1457ms
	BeginReloadAssembly (164ms)
		ExecutionOrderSort (0ms)
		DisableScriptedObjects (7ms)
		BackupInstance (0ms)
		ReleaseScriptingObjects (0ms)
		CreateAndSetChildDomain (36ms)
	RebuildCommonClasses (32ms)
	RebuildNativeTypeToScriptingClass (15ms)
	initialDomainReloadingComplete (31ms)
	LoadAllAssembliesAndSetupDomain (216ms)
		LoadAssemblies (284ms)
		RebuildTransferFunctionScriptingTraits (0ms)
		AnalyzeDomain (16ms)
			TypeCache.Refresh (6ms)
				TypeCache.ScanAssembly (0ms)
			ScanForSourceGeneratedMonoScriptInfo (0ms)
			ResolveRequiredComponents (6ms)
	FinalizeReload (1000ms)
		ReleaseScriptCaches (0ms)
		RebuildScriptCaches (0ms)
		SetupLoadedEditorAssemblies (569ms)
			LogAssemblyErrors (0ms)
			InitializePlatformSupportModulesInManaged (21ms)
			SetLoadedEditorAssemblies (4ms)
			RefreshPlugins (0ms)
			BeforeProcessingInitializeOnLoad (60ms)
			ProcessInitializeOnLoadAttributes (425ms)
			ProcessInitializeOnLoadMethodAttributes (55ms)
			AfterProcessingInitializeOnLoad (4ms)
			EditorAssembliesLoaded (0ms)
		ExecutionOrderSort2 (0ms)
		AwakeInstancesAfterBackupRestoration (6ms)
Refreshing native plugins compatible for Editor in 5.44 ms, found 6 plugins.
Preloading 0 native plugins for Editor in 0.00 ms.
Release of invalid GC handle. The handle is from a previous domain. The release operation is skipped.
Release of invalid GC handle native callstack: 
0x00007ff79e68424d (Unity) StackWalker::GetCurrentCallstack
0x00007ff79e689329 (Unity) StackWalker::ShowCallstack
0x00007ff79f67dae1 (Unity) GetStacktrace
0x00007ff79e57f20d (Unity) ScriptingGCHandle::ReleaseAndClear
0x00007ff79eb4748c (Unity) UploadHandlerRaw::`vector deleting destructor'
0x00007ff79eb4803d (Unity) UploadHandler::Release
0x00007ff79eb448dd (Unity) UnityWebRequestProto<UnityWebRequestTransport,AtomicRefCounter,RedirectHelper,ResponseHelper,DownloadHandler,UploadHandler,CertificateHandler,HeaderHelper,AsyncOperation>::~UnityWebRequestProto<UnityWebRequestTransport,AtomicRefCounter,RedirectHelper,ResponseHelper,DownloadHandler,UploadHandler,CertificateHandler,HeaderHelper,AsyncOperation>
0x00007ff79eb44bd6 (Unity) UnityWebRequest::`vector deleting destructor'
0x00007ff79d894b77 (Unity) UnityWebRequestProto<UnityWebRequestTransport,AtomicRefCounter,RedirectHelper,ResponseHelper,DownloadHandler,UploadHandler,CertificateHandler,HeaderHelper,AsyncOperation>::Release
0x00007ff79eb46605 (Unity) UnityWebRequestAsyncOperation::InvokeCoroutine
0x00007ff79eb467e1 (Unity) UnityWebRequestProto<UnityWebRequestTransport,AtomicRefCounter,RedirectHelper,ResponseHelper,DownloadHandler,UploadHandler,CertificateHandler,HeaderHelper,AsyncOperation>::Job_InvokeCoroutine
0x00007ff79e1ab54a (Unity) BackgroundJobQueue::ExecuteMainThreadJobs
0x00007ff79e26005f (Unity) PreloadManager::WaitForAllAsyncOperationsToComplete
0x00007ff79fa23af8 (Unity) <lambda_b37b41f03089e3cb3f55061bbc93253d>::operator()
0x00007ff79fa5f422 (Unity) asio::detail::completion_handler<core::mutable_function<void __cdecl(void)>,asio::io_context::basic_executor_type<std::allocator<void>,0> >::do_complete
0x00007ff79fa4b3ce (Unity) asio::detail::win_iocp_io_context::do_one
0x00007ff79fa4d034 (Unity) asio::detail::win_iocp_io_context::run
0x00007ff79fa5d7cc (Unity) IOService::Run
0x00007ff79fa30c2f (Unity) AssetImportWorkerClient::Run
0x00007ff79f9fc3d7 (Unity) RunAssetImportWorkerClientV2
0x00007ff79f9fc45b (Unity) RunAssetImporterV2
0x00007ff79f1f31de (Unity) Application::InitializeProject
0x00007ff79f688795 (Unity) WinMain
0x00007ff7a0a535ce (Unity) __scrt_common_main_seh
0x00007ffa8b87e8d7 (KERNEL32) BaseThreadInitThunk
0x00007ffa8c1714fc (ntdll) RtlUserThreadStart
Unloading 3378 Unused Serialized files (Serialized files now loaded: 0)
Unloading 39 unused Assets / (1.0 MB). Loaded Objects now: 4216.
Memory consumption went from 144.7 MB to 143.7 MB.
Total: 4.879500 ms (FindLiveObjects: 0.242000 ms CreateObjectMapping: 0.102900 ms MarkObjects: 4.036800 ms  DeleteObjects: 0.496400 ms)

Prepare: number of updated asset objects reloaded= 0
AssetImportParameters requested are different than current active one (requested -> active):
  custom:container-demuxer-ogg: 62fdf1f143b41e24485cea50d1cbac27 -> 
  custom:scripting/monoscript/fileName/Tree.cs: dca7474b58f05e1dc61bb9deb148038d -> 
  custom:video-codec-MediaFoundation-h265: 746d11721c4dcdbdad8f713fa42b33f4 -> 
  custom:video-decoder-ogg-theora: a1e56fd34408186e4bbccfd4996cb3dc -> 
  custom:scripting/monoscript/fileName/Timber.cs: e3f520cc8fc09857160dc689c53c79e7 -> 
  custom:framework-win-MediaFoundation: 216162199b28c13a410421893ffa2e32 -> 
  custom:scripting/monoscript/fileName/Money.cs: 9c40cb0a308c8e4e1f5815ebef98078a -> 
  custom:CustomObjectIndexerAttribute: 9a22284fe3817be447336de3de66b15e -> 
  custom:scripting/monoscript/fileName/FillableBar3D.cs: dad0baecc7b65c10f77033a02afb998c -> 
  custom:scripting/monoscript/fileName/ArrowController.cs: 1a447edfdb5484109c0662398b0d2a4f -> 
  custom:container-demuxer-webm: 4f35f7cbe854078d1ac9338744f61a02 -> 
  custom:container-muxer-webm: aa71ff27fc2769a1b78a27578f13a17b -> 
  custom:video-decoder-webm-vp8: 9c59270c3fd7afecdb556c50c9e8de78 -> 
  custom:SearchIndexIgnoredProperties: e643bd26f0fe6173181afceb89e7c659 -> 
  custom:AudioImporter_EditorPlatform: d09bf68614088b80899f8185d706f6e7 -> 
  custom:video-encoder-webm-vp8: eb34c28f22e8b96e1ab97ce403110664 -> 
  custom:audio-decoder-ogg-vorbis: bf7c407c2cedff20999df2af8eb42d56 -> 
  custom:audio-encoder-webm-vorbis: bf7c407c2cedff20999df2af8eb42d56 -> 
  custom:scripting/precompiled-assembly-types:Assembly-CSharp: d722a469af6708e2026348c79827e316 -> 898d7dc12b5aaae7dfacee678fc8dd41
========================================================================
Received Prepare
Caller must complete domain reload
Begin MonoManager ReloadAssembly
- Loaded All Assemblies, in  0.462 seconds
Native extension for WindowsStandalone target not found
Native extension for Android target not found
Native extension for WebGL target not found
[Package Manager] Server::EnsureServerProcessIsRunning -- launch failed, reason: Unity was launched with the -noUpm command-line argument
[Package Manager] UpmClient::Send -- Unable to send message (not connected to UPM process).
[Package Manager] Cannot connect to Unity Package Manager local server
Failed to sync packages list
UnityEngine.StackTraceUtility:ExtractStackTrace ()
UnityEngine.DebugLogHandler:LogFormat (UnityEngine.LogType,UnityEngine.Object,string,object[])
UnityEngine.Logger:Log (UnityEngine.LogType,object)
UnityEngine.Debug:LogWarning (object)
 .  / :MoveNext ()
System.Runtime.CompilerServices.AsyncVoidMethodBuilder:Start< .  / > ( .  / &)
 .  :  ()
 .⁪/ :MoveNext ()
System.Runtime.CompilerServices.AsyncTaskMethodBuilder:Start< .⁪/ > ( .⁪/ &)
 .⁪:  ()
System.Reflection.RuntimeMethodInfo:Invoke (object,System.Reflection.BindingFlags,System.Reflection.Binder,object[],System.Globalization.CultureInfo)
System.Reflection.MethodBase:Invoke (object,object[])
UnityEditor.EditorAssemblies:ProcessInitializeOnLoadMethodAttributes ()

Mono: successfully reloaded assembly
- Finished resetting the current domain, in  0.987 seconds
Domain Reload Profiling: 1447ms
	BeginReloadAssembly (156ms)
		ExecutionOrderSort (0ms)
		DisableScriptedObjects (7ms)
		BackupInstance (0ms)
		ReleaseScriptingObjects (0ms)
		CreateAndSetChildDomain (30ms)
	RebuildCommonClasses (41ms)
	RebuildNativeTypeToScriptingClass (12ms)
	initialDomainReloadingComplete (28ms)
	LoadAllAssembliesAndSetupDomain (223ms)
		LoadAssemblies (290ms)
		RebuildTransferFunctionScriptingTraits (0ms)
		AnalyzeDomain (15ms)
			TypeCache.Refresh (6ms)
				TypeCache.ScanAssembly (0ms)
			ScanForSourceGeneratedMonoScriptInfo (0ms)
			ResolveRequiredComponents (6ms)
	FinalizeReload (988ms)
		ReleaseScriptCaches (0ms)
		RebuildScriptCaches (0ms)
		SetupLoadedEditorAssemblies (567ms)
			LogAssemblyErrors (0ms)
			InitializePlatformSupportModulesInManaged (19ms)
			SetLoadedEditorAssemblies (5ms)
			RefreshPlugins (0ms)
			BeforeProcessingInitializeOnLoad (61ms)
			ProcessInitializeOnLoadAttributes (424ms)
			ProcessInitializeOnLoadMethodAttributes (52ms)
			AfterProcessingInitializeOnLoad (5ms)
			EditorAssembliesLoaded (0ms)
		ExecutionOrderSort2 (0ms)
		AwakeInstancesAfterBackupRestoration (6ms)
Refreshing native plugins compatible for Editor in 4.62 ms, found 6 plugins.
Preloading 0 native plugins for Editor in 0.00 ms.
Release of invalid GC handle. The handle is from a previous domain. The release operation is skipped.
Release of invalid GC handle native callstack: 
0x00007ff79e68424d (Unity) StackWalker::GetCurrentCallstack
0x00007ff79e689329 (Unity) StackWalker::ShowCallstack
0x00007ff79f67dae1 (Unity) GetStacktrace
0x00007ff79e57f20d (Unity) ScriptingGCHandle::ReleaseAndClear
0x00007ff79eb4748c (Unity) UploadHandlerRaw::`vector deleting destructor'
0x00007ff79eb4803d (Unity) UploadHandler::Release
0x00007ff79eb448dd (Unity) UnityWebRequestProto<UnityWebRequestTransport,AtomicRefCounter,RedirectHelper,ResponseHelper,DownloadHandler,UploadHandler,CertificateHandler,HeaderHelper,AsyncOperation>::~UnityWebRequestProto<UnityWebRequestTransport,AtomicRefCounter,RedirectHelper,ResponseHelper,DownloadHandler,UploadHandler,CertificateHandler,HeaderHelper,AsyncOperation>
0x00007ff79eb44bd6 (Unity) UnityWebRequest::`vector deleting destructor'
0x00007ff79d894b77 (Unity) UnityWebRequestProto<UnityWebRequestTransport,AtomicRefCounter,RedirectHelper,ResponseHelper,DownloadHandler,UploadHandler,CertificateHandler,HeaderHelper,AsyncOperation>::Release
0x00007ff79eb46605 (Unity) UnityWebRequestAsyncOperation::InvokeCoroutine
0x00007ff79eb467e1 (Unity) UnityWebRequestProto<UnityWebRequestTransport,AtomicRefCounter,RedirectHelper,ResponseHelper,DownloadHandler,UploadHandler,CertificateHandler,HeaderHelper,AsyncOperation>::Job_InvokeCoroutine
0x00007ff79e1ab54a (Unity) BackgroundJobQueue::ExecuteMainThreadJobs
0x00007ff79e26005f (Unity) PreloadManager::WaitForAllAsyncOperationsToComplete
0x00007ff79fa23af8 (Unity) <lambda_b37b41f03089e3cb3f55061bbc93253d>::operator()
0x00007ff79fa5f422 (Unity) asio::detail::completion_handler<core::mutable_function<void __cdecl(void)>,asio::io_context::basic_executor_type<std::allocator<void>,0> >::do_complete
0x00007ff79fa4b3ce (Unity) asio::detail::win_iocp_io_context::do_one
0x00007ff79fa4d034 (Unity) asio::detail::win_iocp_io_context::run
0x00007ff79fa5d7cc (Unity) IOService::Run
0x00007ff79fa30c2f (Unity) AssetImportWorkerClient::Run
0x00007ff79f9fc3d7 (Unity) RunAssetImportWorkerClientV2
0x00007ff79f9fc45b (Unity) RunAssetImporterV2
0x00007ff79f1f31de (Unity) Application::InitializeProject
0x00007ff79f688795 (Unity) WinMain
0x00007ff7a0a535ce (Unity) __scrt_common_main_seh
0x00007ffa8b87e8d7 (KERNEL32) BaseThreadInitThunk
0x00007ffa8c1714fc (ntdll) RtlUserThreadStart
Unloading 3378 Unused Serialized files (Serialized files now loaded: 0)
Unloading 39 unused Assets / (1.0 MB). Loaded Objects now: 4221.
Memory consumption went from 144.8 MB to 143.8 MB.
Total: 4.345200 ms (FindLiveObjects: 0.229800 ms CreateObjectMapping: 0.097400 ms MarkObjects: 3.501900 ms  DeleteObjects: 0.515100 ms)

Prepare: number of updated asset objects reloaded= 0
AssetImportParameters requested are different than current active one (requested -> active):
  custom:container-demuxer-ogg: 62fdf1f143b41e24485cea50d1cbac27 -> 
  custom:scripting/monoscript/fileName/Tree.cs: dca7474b58f05e1dc61bb9deb148038d -> 
  custom:video-codec-MediaFoundation-h265: 746d11721c4dcdbdad8f713fa42b33f4 -> 
  custom:video-decoder-ogg-theora: a1e56fd34408186e4bbccfd4996cb3dc -> 
  custom:scripting/monoscript/fileName/Timber.cs: e3f520cc8fc09857160dc689c53c79e7 -> 
  custom:framework-win-MediaFoundation: 216162199b28c13a410421893ffa2e32 -> 
  custom:scripting/monoscript/fileName/Money.cs: 9c40cb0a308c8e4e1f5815ebef98078a -> 
  custom:CustomObjectIndexerAttribute: 9a22284fe3817be447336de3de66b15e -> 
  custom:scripting/monoscript/fileName/FillableBar3D.cs: dad0baecc7b65c10f77033a02afb998c -> 
  custom:scripting/monoscript/fileName/ArrowController.cs: 1a447edfdb5484109c0662398b0d2a4f -> 
  custom:container-demuxer-webm: 4f35f7cbe854078d1ac9338744f61a02 -> 
  custom:container-muxer-webm: aa71ff27fc2769a1b78a27578f13a17b -> 
  custom:video-decoder-webm-vp8: 9c59270c3fd7afecdb556c50c9e8de78 -> 
  custom:SearchIndexIgnoredProperties: e643bd26f0fe6173181afceb89e7c659 -> 
  custom:AudioImporter_EditorPlatform: d09bf68614088b80899f8185d706f6e7 -> 
  custom:video-encoder-webm-vp8: eb34c28f22e8b96e1ab97ce403110664 -> 
  custom:audio-decoder-ogg-vorbis: bf7c407c2cedff20999df2af8eb42d56 -> 
  custom:audio-encoder-webm-vorbis: bf7c407c2cedff20999df2af8eb42d56 -> 
  custom:scripting/precompiled-assembly-types:Assembly-CSharp: d722a469af6708e2026348c79827e316 -> 898d7dc12b5aaae7dfacee678fc8dd41
========================================================================
Received Prepare
Caller must complete domain reload
Begin MonoManager ReloadAssembly
- Loaded All Assemblies, in  0.435 seconds
Native extension for WindowsStandalone target not found
Native extension for Android target not found
Native extension for WebGL target not found
[Package Manager] Server::EnsureServerProcessIsRunning -- launch failed, reason: Unity was launched with the -noUpm command-line argument
[Package Manager] UpmClient::Send -- Unable to send message (not connected to UPM process).
[Package Manager] Cannot connect to Unity Package Manager local server
Failed to sync packages list
UnityEngine.StackTraceUtility:ExtractStackTrace ()
UnityEngine.DebugLogHandler:LogFormat (UnityEngine.LogType,UnityEngine.Object,string,object[])
UnityEngine.Logger:Log (UnityEngine.LogType,object)
UnityEngine.Debug:LogWarning (object)
 .  / :MoveNext ()
System.Runtime.CompilerServices.AsyncVoidMethodBuilder:Start< .  / > ( .  / &)
 .  :  ()
 .⁪/ :MoveNext ()
System.Runtime.CompilerServices.AsyncTaskMethodBuilder:Start< .⁪/ > ( .⁪/ &)
 .⁪:  ()
System.Reflection.RuntimeMethodInfo:Invoke (object,System.Reflection.BindingFlags,System.Reflection.Binder,object[],System.Globalization.CultureInfo)
System.Reflection.MethodBase:Invoke (object,object[])
UnityEditor.EditorAssemblies:ProcessInitializeOnLoadMethodAttributes ()

Mono: successfully reloaded assembly
- Finished resetting the current domain, in  0.955 seconds
Domain Reload Profiling: 1389ms
	BeginReloadAssembly (153ms)
		ExecutionOrderSort (0ms)
		DisableScriptedObjects (6ms)
		BackupInstance (0ms)
		ReleaseScriptingObjects (0ms)
		CreateAndSetChildDomain (31ms)
	RebuildCommonClasses (32ms)
	RebuildNativeTypeToScriptingClass (10ms)
	initialDomainReloadingComplete (27ms)
	LoadAllAssembliesAndSetupDomain (211ms)
		LoadAssemblies (277ms)
		RebuildTransferFunctionScriptingTraits (0ms)
		AnalyzeDomain (15ms)
			TypeCache.Refresh (6ms)
				TypeCache.ScanAssembly (0ms)
			ScanForSourceGeneratedMonoScriptInfo (0ms)
			ResolveRequiredComponents (6ms)
	FinalizeReload (956ms)
		ReleaseScriptCaches (0ms)
		RebuildScriptCaches (0ms)
		SetupLoadedEditorAssemblies (551ms)
			LogAssemblyErrors (0ms)
			InitializePlatformSupportModulesInManaged (19ms)
			SetLoadedEditorAssemblies (4ms)
			RefreshPlugins (0ms)
			BeforeProcessingInitializeOnLoad (62ms)
			ProcessInitializeOnLoadAttributes (405ms)
			ProcessInitializeOnLoadMethodAttributes (57ms)
			AfterProcessingInitializeOnLoad (4ms)
			EditorAssembliesLoaded (0ms)
		ExecutionOrderSort2 (0ms)
		AwakeInstancesAfterBackupRestoration (7ms)
Refreshing native plugins compatible for Editor in 3.84 ms, found 6 plugins.
Preloading 0 native plugins for Editor in 0.00 ms.
Release of invalid GC handle. The handle is from a previous domain. The release operation is skipped.
Release of invalid GC handle native callstack: 
0x00007ff79e68424d (Unity) StackWalker::GetCurrentCallstack
0x00007ff79e689329 (Unity) StackWalker::ShowCallstack
0x00007ff79f67dae1 (Unity) GetStacktrace
0x00007ff79e57f20d (Unity) ScriptingGCHandle::ReleaseAndClear
0x00007ff79eb4748c (Unity) UploadHandlerRaw::`vector deleting destructor'
0x00007ff79eb4803d (Unity) UploadHandler::Release
0x00007ff79eb448dd (Unity) UnityWebRequestProto<UnityWebRequestTransport,AtomicRefCounter,RedirectHelper,ResponseHelper,DownloadHandler,UploadHandler,CertificateHandler,HeaderHelper,AsyncOperation>::~UnityWebRequestProto<UnityWebRequestTransport,AtomicRefCounter,RedirectHelper,ResponseHelper,DownloadHandler,UploadHandler,CertificateHandler,HeaderHelper,AsyncOperation>
0x00007ff79eb44bd6 (Unity) UnityWebRequest::`vector deleting destructor'
0x00007ff79d894b77 (Unity) UnityWebRequestProto<UnityWebRequestTransport,AtomicRefCounter,RedirectHelper,ResponseHelper,DownloadHandler,UploadHandler,CertificateHandler,HeaderHelper,AsyncOperation>::Release
0x00007ff79eb46605 (Unity) UnityWebRequestAsyncOperation::InvokeCoroutine
0x00007ff79eb467e1 (Unity) UnityWebRequestProto<UnityWebRequestTransport,AtomicRefCounter,RedirectHelper,ResponseHelper,DownloadHandler,UploadHandler,CertificateHandler,HeaderHelper,AsyncOperation>::Job_InvokeCoroutine
0x00007ff79e1ab54a (Unity) BackgroundJobQueue::ExecuteMainThreadJobs
0x00007ff79e26005f (Unity) PreloadManager::WaitForAllAsyncOperationsToComplete
0x00007ff79fa23af8 (Unity) <lambda_b37b41f03089e3cb3f55061bbc93253d>::operator()
0x00007ff79fa5f422 (Unity) asio::detail::completion_handler<core::mutable_function<void __cdecl(void)>,asio::io_context::basic_executor_type<std::allocator<void>,0> >::do_complete
0x00007ff79fa4b3ce (Unity) asio::detail::win_iocp_io_context::do_one
0x00007ff79fa4d034 (Unity) asio::detail::win_iocp_io_context::run
0x00007ff79fa5d7cc (Unity) IOService::Run
0x00007ff79fa30c2f (Unity) AssetImportWorkerClient::Run
0x00007ff79f9fc3d7 (Unity) RunAssetImportWorkerClientV2
0x00007ff79f9fc45b (Unity) RunAssetImporterV2
0x00007ff79f1f31de (Unity) Application::InitializeProject
0x00007ff79f688795 (Unity) WinMain
0x00007ff7a0a535ce (Unity) __scrt_common_main_seh
0x00007ffa8b87e8d7 (KERNEL32) BaseThreadInitThunk
0x00007ffa8c1714fc (ntdll) RtlUserThreadStart
Unloading 3378 Unused Serialized files (Serialized files now loaded: 0)
Unloading 39 unused Assets / (1.0 MB). Loaded Objects now: 4226.
Memory consumption went from 145.0 MB to 144.0 MB.
Total: 4.820800 ms (FindLiveObjects: 0.286100 ms CreateObjectMapping: 0.116800 ms MarkObjects: 3.930800 ms  DeleteObjects: 0.485800 ms)

Prepare: number of updated asset objects reloaded= 0
AssetImportParameters requested are different than current active one (requested -> active):
  custom:container-demuxer-ogg: 62fdf1f143b41e24485cea50d1cbac27 -> 
  custom:scripting/monoscript/fileName/Tree.cs: dca7474b58f05e1dc61bb9deb148038d -> 
  custom:video-codec-MediaFoundation-h265: 746d11721c4dcdbdad8f713fa42b33f4 -> 
  custom:video-decoder-ogg-theora: a1e56fd34408186e4bbccfd4996cb3dc -> 
  custom:scripting/monoscript/fileName/Timber.cs: e3f520cc8fc09857160dc689c53c79e7 -> 
  custom:framework-win-MediaFoundation: 216162199b28c13a410421893ffa2e32 -> 
  custom:scripting/monoscript/fileName/Money.cs: 9c40cb0a308c8e4e1f5815ebef98078a -> 
  custom:CustomObjectIndexerAttribute: 9a22284fe3817be447336de3de66b15e -> 
  custom:scripting/monoscript/fileName/FillableBar3D.cs: dad0baecc7b65c10f77033a02afb998c -> 
  custom:scripting/monoscript/fileName/ArrowController.cs: 1a447edfdb5484109c0662398b0d2a4f -> 
  custom:container-demuxer-webm: 4f35f7cbe854078d1ac9338744f61a02 -> 
  custom:container-muxer-webm: aa71ff27fc2769a1b78a27578f13a17b -> 
  custom:video-decoder-webm-vp8: 9c59270c3fd7afecdb556c50c9e8de78 -> 
  custom:SearchIndexIgnoredProperties: e643bd26f0fe6173181afceb89e7c659 -> 
  custom:AudioImporter_EditorPlatform: d09bf68614088b80899f8185d706f6e7 -> 
  custom:video-encoder-webm-vp8: eb34c28f22e8b96e1ab97ce403110664 -> 
  custom:audio-decoder-ogg-vorbis: bf7c407c2cedff20999df2af8eb42d56 -> 
  custom:audio-encoder-webm-vorbis: bf7c407c2cedff20999df2af8eb42d56 -> 
  custom:scripting/precompiled-assembly-types:Assembly-CSharp: d722a469af6708e2026348c79827e316 -> 898d7dc12b5aaae7dfacee678fc8dd41
========================================================================
Received Prepare
Caller must complete domain reload
Begin MonoManager ReloadAssembly
- Loaded All Assemblies, in  0.473 seconds
Native extension for WindowsStandalone target not found
Native extension for Android target not found
Native extension for WebGL target not found
[Package Manager] Server::EnsureServerProcessIsRunning -- launch failed, reason: Unity was launched with the -noUpm command-line argument
[Package Manager] UpmClient::Send -- Unable to send message (not connected to UPM process).
[Package Manager] Cannot connect to Unity Package Manager local server
Failed to sync packages list
UnityEngine.StackTraceUtility:ExtractStackTrace ()
UnityEngine.DebugLogHandler:LogFormat (UnityEngine.LogType,UnityEngine.Object,string,object[])
UnityEngine.Logger:Log (UnityEngine.LogType,object)
UnityEngine.Debug:LogWarning (object)
 .  / :MoveNext ()
System.Runtime.CompilerServices.AsyncVoidMethodBuilder:Start< .  / > ( .  / &)
 .  :  ()
 .⁪/ :MoveNext ()
System.Runtime.CompilerServices.AsyncTaskMethodBuilder:Start< .⁪/ > ( .⁪/ &)
 .⁪:  ()
System.Reflection.RuntimeMethodInfo:Invoke (object,System.Reflection.BindingFlags,System.Reflection.Binder,object[],System.Globalization.CultureInfo)
System.Reflection.MethodBase:Invoke (object,object[])
UnityEditor.EditorAssemblies:ProcessInitializeOnLoadMethodAttributes ()

Mono: successfully reloaded assembly
- Finished resetting the current domain, in  0.985 seconds
Domain Reload Profiling: 1457ms
	BeginReloadAssembly (158ms)
		ExecutionOrderSort (0ms)
		DisableScriptedObjects (5ms)
		BackupInstance (0ms)
		ReleaseScriptingObjects (0ms)
		CreateAndSetChildDomain (34ms)
	RebuildCommonClasses (34ms)
	RebuildNativeTypeToScriptingClass (10ms)
	initialDomainReloadingComplete (29ms)
	LoadAllAssembliesAndSetupDomain (241ms)
		LoadAssemblies (311ms)
		RebuildTransferFunctionScriptingTraits (0ms)
		AnalyzeDomain (15ms)
			TypeCache.Refresh (6ms)
				TypeCache.ScanAssembly (0ms)
			ScanForSourceGeneratedMonoScriptInfo (0ms)
			ResolveRequiredComponents (6ms)
	FinalizeReload (986ms)
		ReleaseScriptCaches (0ms)
		RebuildScriptCaches (0ms)
		SetupLoadedEditorAssemblies (571ms)
			LogAssemblyErrors (0ms)
			InitializePlatformSupportModulesInManaged (21ms)
			SetLoadedEditorAssemblies (4ms)
			RefreshPlugins (0ms)
			BeforeProcessingInitializeOnLoad (67ms)
			ProcessInitializeOnLoadAttributes (409ms)
			ProcessInitializeOnLoadMethodAttributes (65ms)
			AfterProcessingInitializeOnLoad (5ms)
			EditorAssembliesLoaded (0ms)
		ExecutionOrderSort2 (0ms)
		AwakeInstancesAfterBackupRestoration (8ms)
Refreshing native plugins compatible for Editor in 3.55 ms, found 6 plugins.
Preloading 0 native plugins for Editor in 0.00 ms.
Release of invalid GC handle. The handle is from a previous domain. The release operation is skipped.
Release of invalid GC handle native callstack: 
0x00007ff79e68424d (Unity) StackWalker::GetCurrentCallstack
0x00007ff79e689329 (Unity) StackWalker::ShowCallstack
0x00007ff79f67dae1 (Unity) GetStacktrace
0x00007ff79e57f20d (Unity) ScriptingGCHandle::ReleaseAndClear
0x00007ff79eb4748c (Unity) UploadHandlerRaw::`vector deleting destructor'
0x00007ff79eb4803d (Unity) UploadHandler::Release
0x00007ff79eb448dd (Unity) UnityWebRequestProto<UnityWebRequestTransport,AtomicRefCounter,RedirectHelper,ResponseHelper,DownloadHandler,UploadHandler,CertificateHandler,HeaderHelper,AsyncOperation>::~UnityWebRequestProto<UnityWebRequestTransport,AtomicRefCounter,RedirectHelper,ResponseHelper,DownloadHandler,UploadHandler,CertificateHandler,HeaderHelper,AsyncOperation>
0x00007ff79eb44bd6 (Unity) UnityWebRequest::`vector deleting destructor'
0x00007ff79d894b77 (Unity) UnityWebRequestProto<UnityWebRequestTransport,AtomicRefCounter,RedirectHelper,ResponseHelper,DownloadHandler,UploadHandler,CertificateHandler,HeaderHelper,AsyncOperation>::Release
0x00007ff79eb46605 (Unity) UnityWebRequestAsyncOperation::InvokeCoroutine
0x00007ff79eb467e1 (Unity) UnityWebRequestProto<UnityWebRequestTransport,AtomicRefCounter,RedirectHelper,ResponseHelper,DownloadHandler,UploadHandler,CertificateHandler,HeaderHelper,AsyncOperation>::Job_InvokeCoroutine
0x00007ff79e1ab54a (Unity) BackgroundJobQueue::ExecuteMainThreadJobs
0x00007ff79e26005f (Unity) PreloadManager::WaitForAllAsyncOperationsToComplete
0x00007ff79fa23af8 (Unity) <lambda_b37b41f03089e3cb3f55061bbc93253d>::operator()
0x00007ff79fa5f422 (Unity) asio::detail::completion_handler<core::mutable_function<void __cdecl(void)>,asio::io_context::basic_executor_type<std::allocator<void>,0> >::do_complete
0x00007ff79fa4b3ce (Unity) asio::detail::win_iocp_io_context::do_one
0x00007ff79fa4d034 (Unity) asio::detail::win_iocp_io_context::run
0x00007ff79fa5d7cc (Unity) IOService::Run
0x00007ff79fa30c2f (Unity) AssetImportWorkerClient::Run
0x00007ff79f9fc3d7 (Unity) RunAssetImportWorkerClientV2
0x00007ff79f9fc45b (Unity) RunAssetImporterV2
0x00007ff79f1f31de (Unity) Application::InitializeProject
0x00007ff79f688795 (Unity) WinMain
0x00007ff7a0a535ce (Unity) __scrt_common_main_seh
0x00007ffa8b87e8d7 (KERNEL32) BaseThreadInitThunk
0x00007ffa8c1714fc (ntdll) RtlUserThreadStart
Unloading 3378 Unused Serialized files (Serialized files now loaded: 0)
Unloading 39 unused Assets / (1.0 MB). Loaded Objects now: 4231.
Memory consumption went from 145.1 MB to 144.1 MB.
Total: 5.598700 ms (FindLiveObjects: 0.303000 ms CreateObjectMapping: 0.210100 ms MarkObjects: 4.550500 ms  DeleteObjects: 0.533700 ms)

Prepare: number of updated asset objects reloaded= 0
AssetImportParameters requested are different than current active one (requested -> active):
  custom:container-demuxer-ogg: 62fdf1f143b41e24485cea50d1cbac27 -> 
  custom:scripting/monoscript/fileName/Tree.cs: dca7474b58f05e1dc61bb9deb148038d -> 
  custom:video-codec-MediaFoundation-h265: 746d11721c4dcdbdad8f713fa42b33f4 -> 
  custom:video-decoder-ogg-theora: a1e56fd34408186e4bbccfd4996cb3dc -> 
  custom:scripting/monoscript/fileName/Timber.cs: e3f520cc8fc09857160dc689c53c79e7 -> 
  custom:framework-win-MediaFoundation: 216162199b28c13a410421893ffa2e32 -> 
  custom:scripting/monoscript/fileName/Money.cs: 9c40cb0a308c8e4e1f5815ebef98078a -> 
  custom:CustomObjectIndexerAttribute: 9a22284fe3817be447336de3de66b15e -> 
  custom:scripting/monoscript/fileName/FillableBar3D.cs: dad0baecc7b65c10f77033a02afb998c -> 
  custom:scripting/monoscript/fileName/ArrowController.cs: 1a447edfdb5484109c0662398b0d2a4f -> 
  custom:container-demuxer-webm: 4f35f7cbe854078d1ac9338744f61a02 -> 
  custom:container-muxer-webm: aa71ff27fc2769a1b78a27578f13a17b -> 
  custom:video-decoder-webm-vp8: 9c59270c3fd7afecdb556c50c9e8de78 -> 
  custom:SearchIndexIgnoredProperties: e643bd26f0fe6173181afceb89e7c659 -> 
  custom:AudioImporter_EditorPlatform: d09bf68614088b80899f8185d706f6e7 -> 
  custom:video-encoder-webm-vp8: eb34c28f22e8b96e1ab97ce403110664 -> 
  custom:audio-decoder-ogg-vorbis: bf7c407c2cedff20999df2af8eb42d56 -> 
  custom:audio-encoder-webm-vorbis: bf7c407c2cedff20999df2af8eb42d56 -> 
  custom:scripting/precompiled-assembly-types:Assembly-CSharp: d722a469af6708e2026348c79827e316 -> 898d7dc12b5aaae7dfacee678fc8dd41
========================================================================
Received Prepare
Caller must complete domain reload
Begin MonoManager ReloadAssembly
- Loaded All Assemblies, in  0.448 seconds
Native extension for WindowsStandalone target not found
Native extension for Android target not found
Native extension for WebGL target not found
[Package Manager] Server::EnsureServerProcessIsRunning -- launch failed, reason: Unity was launched with the -noUpm command-line argument
[Package Manager] UpmClient::Send -- Unable to send message (not connected to UPM process).
[Package Manager] Cannot connect to Unity Package Manager local server
Failed to sync packages list
UnityEngine.StackTraceUtility:ExtractStackTrace ()
UnityEngine.DebugLogHandler:LogFormat (UnityEngine.LogType,UnityEngine.Object,string,object[])
UnityEngine.Logger:Log (UnityEngine.LogType,object)
UnityEngine.Debug:LogWarning (object)
 .  / :MoveNext ()
System.Runtime.CompilerServices.AsyncVoidMethodBuilder:Start< .  / > ( .  / &)
 .  :  ()
 .⁪/ :MoveNext ()
System.Runtime.CompilerServices.AsyncTaskMethodBuilder:Start< .⁪/ > ( .⁪/ &)
 .⁪:  ()
System.Reflection.RuntimeMethodInfo:Invoke (object,System.Reflection.BindingFlags,System.Reflection.Binder,object[],System.Globalization.CultureInfo)
System.Reflection.MethodBase:Invoke (object,object[])
UnityEditor.EditorAssemblies:ProcessInitializeOnLoadMethodAttributes ()

Mono: successfully reloaded assembly
- Finished resetting the current domain, in  0.981 seconds
Domain Reload Profiling: 1427ms
	BeginReloadAssembly (150ms)
		ExecutionOrderSort (0ms)
		DisableScriptedObjects (5ms)
		BackupInstance (0ms)
		ReleaseScriptingObjects (0ms)
		CreateAndSetChildDomain (31ms)
	RebuildCommonClasses (30ms)
	RebuildNativeTypeToScriptingClass (15ms)
	initialDomainReloadingComplete (29ms)
	LoadAllAssembliesAndSetupDomain (222ms)
		LoadAssemblies (286ms)
		RebuildTransferFunctionScriptingTraits (0ms)
		AnalyzeDomain (18ms)
			TypeCache.Refresh (9ms)
				TypeCache.ScanAssembly (0ms)
			ScanForSourceGeneratedMonoScriptInfo (0ms)
			ResolveRequiredComponents (6ms)
	FinalizeReload (981ms)
		ReleaseScriptCaches (0ms)
		RebuildScriptCaches (0ms)
		SetupLoadedEditorAssemblies (565ms)
			LogAssemblyErrors (0ms)
			InitializePlatformSupportModulesInManaged (19ms)
			SetLoadedEditorAssemblies (4ms)
			RefreshPlugins (0ms)
			BeforeProcessingInitializeOnLoad (62ms)
			ProcessInitializeOnLoadAttributes (416ms)
			ProcessInitializeOnLoadMethodAttributes (57ms)
			AfterProcessingInitializeOnLoad (7ms)
			EditorAssembliesLoaded (0ms)
		ExecutionOrderSort2 (0ms)
		AwakeInstancesAfterBackupRestoration (8ms)
Refreshing native plugins compatible for Editor in 5.32 ms, found 6 plugins.
Preloading 0 native plugins for Editor in 0.00 ms.
Release of invalid GC handle. The handle is from a previous domain. The release operation is skipped.
Release of invalid GC handle native callstack: 
0x00007ff79e68424d (Unity) StackWalker::GetCurrentCallstack
0x00007ff79e689329 (Unity) StackWalker::ShowCallstack
0x00007ff79f67dae1 (Unity) GetStacktrace
0x00007ff79e57f20d (Unity) ScriptingGCHandle::ReleaseAndClear
0x00007ff79eb4748c (Unity) UploadHandlerRaw::`vector deleting destructor'
0x00007ff79eb4803d (Unity) UploadHandler::Release
0x00007ff79eb448dd (Unity) UnityWebRequestProto<UnityWebRequestTransport,AtomicRefCounter,RedirectHelper,ResponseHelper,DownloadHandler,UploadHandler,CertificateHandler,HeaderHelper,AsyncOperation>::~UnityWebRequestProto<UnityWebRequestTransport,AtomicRefCounter,RedirectHelper,ResponseHelper,DownloadHandler,UploadHandler,CertificateHandler,HeaderHelper,AsyncOperation>
0x00007ff79eb44bd6 (Unity) UnityWebRequest::`vector deleting destructor'
0x00007ff79d894b77 (Unity) UnityWebRequestProto<UnityWebRequestTransport,AtomicRefCounter,RedirectHelper,ResponseHelper,DownloadHandler,UploadHandler,CertificateHandler,HeaderHelper,AsyncOperation>::Release
0x00007ff79eb46605 (Unity) UnityWebRequestAsyncOperation::InvokeCoroutine
0x00007ff79eb467e1 (Unity) UnityWebRequestProto<UnityWebRequestTransport,AtomicRefCounter,RedirectHelper,ResponseHelper,DownloadHandler,UploadHandler,CertificateHandler,HeaderHelper,AsyncOperation>::Job_InvokeCoroutine
0x00007ff79e1ab54a (Unity) BackgroundJobQueue::ExecuteMainThreadJobs
0x00007ff79e26005f (Unity) PreloadManager::WaitForAllAsyncOperationsToComplete
0x00007ff79fa23af8 (Unity) <lambda_b37b41f03089e3cb3f55061bbc93253d>::operator()
0x00007ff79fa5f422 (Unity) asio::detail::completion_handler<core::mutable_function<void __cdecl(void)>,asio::io_context::basic_executor_type<std::allocator<void>,0> >::do_complete
0x00007ff79fa4b3ce (Unity) asio::detail::win_iocp_io_context::do_one
0x00007ff79fa4d034 (Unity) asio::detail::win_iocp_io_context::run
0x00007ff79fa5d7cc (Unity) IOService::Run
0x00007ff79fa30c2f (Unity) AssetImportWorkerClient::Run
0x00007ff79f9fc3d7 (Unity) RunAssetImportWorkerClientV2
0x00007ff79f9fc45b (Unity) RunAssetImporterV2
0x00007ff79f1f31de (Unity) Application::InitializeProject
0x00007ff79f688795 (Unity) WinMain
0x00007ff7a0a535ce (Unity) __scrt_common_main_seh
0x00007ffa8b87e8d7 (KERNEL32) BaseThreadInitThunk
0x00007ffa8c1714fc (ntdll) RtlUserThreadStart
Unloading 3378 Unused Serialized files (Serialized files now loaded: 0)
Unloading 39 unused Assets / (1.0 MB). Loaded Objects now: 4236.
Memory consumption went from 145.3 MB to 144.3 MB.
Total: 5.618400 ms (FindLiveObjects: 0.244900 ms CreateObjectMapping: 0.101800 ms MarkObjects: 4.790800 ms  DeleteObjects: 0.479500 ms)

Prepare: number of updated asset objects reloaded= 0
AssetImportParameters requested are different than current active one (requested -> active):
  custom:container-demuxer-ogg: 62fdf1f143b41e24485cea50d1cbac27 -> 
  custom:scripting/monoscript/fileName/Tree.cs: dca7474b58f05e1dc61bb9deb148038d -> 
  custom:video-codec-MediaFoundation-h265: 746d11721c4dcdbdad8f713fa42b33f4 -> 
  custom:video-decoder-ogg-theora: a1e56fd34408186e4bbccfd4996cb3dc -> 
  custom:scripting/monoscript/fileName/Timber.cs: e3f520cc8fc09857160dc689c53c79e7 -> 
  custom:framework-win-MediaFoundation: 216162199b28c13a410421893ffa2e32 -> 
  custom:scripting/monoscript/fileName/Money.cs: 9c40cb0a308c8e4e1f5815ebef98078a -> 
  custom:CustomObjectIndexerAttribute: 9a22284fe3817be447336de3de66b15e -> 
  custom:scripting/monoscript/fileName/FillableBar3D.cs: dad0baecc7b65c10f77033a02afb998c -> 
  custom:scripting/monoscript/fileName/ArrowController.cs: 1a447edfdb5484109c0662398b0d2a4f -> 
  custom:container-demuxer-webm: 4f35f7cbe854078d1ac9338744f61a02 -> 
  custom:container-muxer-webm: aa71ff27fc2769a1b78a27578f13a17b -> 
  custom:video-decoder-webm-vp8: 9c59270c3fd7afecdb556c50c9e8de78 -> 
  custom:SearchIndexIgnoredProperties: e643bd26f0fe6173181afceb89e7c659 -> 
  custom:AudioImporter_EditorPlatform: d09bf68614088b80899f8185d706f6e7 -> 
  custom:video-encoder-webm-vp8: eb34c28f22e8b96e1ab97ce403110664 -> 
  custom:audio-decoder-ogg-vorbis: bf7c407c2cedff20999df2af8eb42d56 -> 
  custom:audio-encoder-webm-vorbis: bf7c407c2cedff20999df2af8eb42d56 -> 
  custom:scripting/precompiled-assembly-types:Assembly-CSharp: d722a469af6708e2026348c79827e316 -> 898d7dc12b5aaae7dfacee678fc8dd41
========================================================================
Received Prepare
Caller must complete domain reload
Begin MonoManager ReloadAssembly
- Loaded All Assemblies, in  0.445 seconds
Native extension for WindowsStandalone target not found
Native extension for Android target not found
Native extension for WebGL target not found
[Package Manager] Server::EnsureServerProcessIsRunning -- launch failed, reason: Unity was launched with the -noUpm command-line argument
[Package Manager] UpmClient::Send -- Unable to send message (not connected to UPM process).
[Package Manager] Cannot connect to Unity Package Manager local server
Failed to sync packages list
UnityEngine.StackTraceUtility:ExtractStackTrace ()
UnityEngine.DebugLogHandler:LogFormat (UnityEngine.LogType,UnityEngine.Object,string,object[])
UnityEngine.Logger:Log (UnityEngine.LogType,object)
UnityEngine.Debug:LogWarning (object)
 .  / :MoveNext ()
System.Runtime.CompilerServices.AsyncVoidMethodBuilder:Start< .  / > ( .  / &)
 .  :  ()
 .⁪/ :MoveNext ()
System.Runtime.CompilerServices.AsyncTaskMethodBuilder:Start< .⁪/ > ( .⁪/ &)
 .⁪:  ()
System.Reflection.RuntimeMethodInfo:Invoke (object,System.Reflection.BindingFlags,System.Reflection.Binder,object[],System.Globalization.CultureInfo)
System.Reflection.MethodBase:Invoke (object,object[])
UnityEditor.EditorAssemblies:ProcessInitializeOnLoadMethodAttributes ()

Mono: successfully reloaded assembly
- Finished resetting the current domain, in  0.965 seconds
Domain Reload Profiling: 1408ms
	BeginReloadAssembly (162ms)
		ExecutionOrderSort (0ms)
		DisableScriptedObjects (5ms)
		BackupInstance (0ms)
		ReleaseScriptingObjects (0ms)
		CreateAndSetChildDomain (31ms)
	RebuildCommonClasses (31ms)
	RebuildNativeTypeToScriptingClass (10ms)
	initialDomainReloadingComplete (27ms)
	LoadAllAssembliesAndSetupDomain (212ms)
		LoadAssemblies (290ms)
		RebuildTransferFunctionScriptingTraits (0ms)
		AnalyzeDomain (15ms)
			TypeCache.Refresh (6ms)
				TypeCache.ScanAssembly (0ms)
			ScanForSourceGeneratedMonoScriptInfo (0ms)
			ResolveRequiredComponents (6ms)
	FinalizeReload (965ms)
		ReleaseScriptCaches (0ms)
		RebuildScriptCaches (0ms)
		SetupLoadedEditorAssemblies (552ms)
			LogAssemblyErrors (0ms)
			InitializePlatformSupportModulesInManaged (18ms)
			SetLoadedEditorAssemblies (4ms)
			RefreshPlugins (0ms)
			BeforeProcessingInitializeOnLoad (59ms)
			ProcessInitializeOnLoadAttributes (412ms)
			ProcessInitializeOnLoadMethodAttributes (55ms)
			AfterProcessingInitializeOnLoad (4ms)
			EditorAssembliesLoaded (0ms)
		ExecutionOrderSort2 (0ms)
		AwakeInstancesAfterBackupRestoration (8ms)
Refreshing native plugins compatible for Editor in 5.10 ms, found 6 plugins.
Preloading 0 native plugins for Editor in 0.00 ms.
Release of invalid GC handle. The handle is from a previous domain. The release operation is skipped.
Release of invalid GC handle native callstack: 
0x00007ff79e68424d (Unity) StackWalker::GetCurrentCallstack
0x00007ff79e689329 (Unity) StackWalker::ShowCallstack
0x00007ff79f67dae1 (Unity) GetStacktrace
0x00007ff79e57f20d (Unity) ScriptingGCHandle::ReleaseAndClear
0x00007ff79eb4748c (Unity) UploadHandlerRaw::`vector deleting destructor'
0x00007ff79eb4803d (Unity) UploadHandler::Release
0x00007ff79eb448dd (Unity) UnityWebRequestProto<UnityWebRequestTransport,AtomicRefCounter,RedirectHelper,ResponseHelper,DownloadHandler,UploadHandler,CertificateHandler,HeaderHelper,AsyncOperation>::~UnityWebRequestProto<UnityWebRequestTransport,AtomicRefCounter,RedirectHelper,ResponseHelper,DownloadHandler,UploadHandler,CertificateHandler,HeaderHelper,AsyncOperation>
0x00007ff79eb44bd6 (Unity) UnityWebRequest::`vector deleting destructor'
0x00007ff79d894b77 (Unity) UnityWebRequestProto<UnityWebRequestTransport,AtomicRefCounter,RedirectHelper,ResponseHelper,DownloadHandler,UploadHandler,CertificateHandler,HeaderHelper,AsyncOperation>::Release
0x00007ff79eb46605 (Unity) UnityWebRequestAsyncOperation::InvokeCoroutine
0x00007ff79eb467e1 (Unity) UnityWebRequestProto<UnityWebRequestTransport,AtomicRefCounter,RedirectHelper,ResponseHelper,DownloadHandler,UploadHandler,CertificateHandler,HeaderHelper,AsyncOperation>::Job_InvokeCoroutine
0x00007ff79e1ab54a (Unity) BackgroundJobQueue::ExecuteMainThreadJobs
0x00007ff79e26005f (Unity) PreloadManager::WaitForAllAsyncOperationsToComplete
0x00007ff79fa23af8 (Unity) <lambda_b37b41f03089e3cb3f55061bbc93253d>::operator()
0x00007ff79fa5f422 (Unity) asio::detail::completion_handler<core::mutable_function<void __cdecl(void)>,asio::io_context::basic_executor_type<std::allocator<void>,0> >::do_complete
0x00007ff79fa4b3ce (Unity) asio::detail::win_iocp_io_context::do_one
0x00007ff79fa4d034 (Unity) asio::detail::win_iocp_io_context::run
0x00007ff79fa5d7cc (Unity) IOService::Run
0x00007ff79fa30c2f (Unity) AssetImportWorkerClient::Run
0x00007ff79f9fc3d7 (Unity) RunAssetImportWorkerClientV2
0x00007ff79f9fc45b (Unity) RunAssetImporterV2
0x00007ff79f1f31de (Unity) Application::InitializeProject
0x00007ff79f688795 (Unity) WinMain
0x00007ff7a0a535ce (Unity) __scrt_common_main_seh
0x00007ffa8b87e8d7 (KERNEL32) BaseThreadInitThunk
0x00007ffa8c1714fc (ntdll) RtlUserThreadStart
Unloading 3378 Unused Serialized files (Serialized files now loaded: 0)
Unloading 39 unused Assets / (1.0 MB). Loaded Objects now: 4241.
Memory consumption went from 145.4 MB to 144.4 MB.
Total: 4.605100 ms (FindLiveObjects: 0.242800 ms CreateObjectMapping: 0.100800 ms MarkObjects: 3.681100 ms  DeleteObjects: 0.579200 ms)

Prepare: number of updated asset objects reloaded= 0
AssetImportParameters requested are different than current active one (requested -> active):
  custom:container-demuxer-ogg: 62fdf1f143b41e24485cea50d1cbac27 -> 
  custom:scripting/monoscript/fileName/Tree.cs: dca7474b58f05e1dc61bb9deb148038d -> 
  custom:video-codec-MediaFoundation-h265: 746d11721c4dcdbdad8f713fa42b33f4 -> 
  custom:video-decoder-ogg-theora: a1e56fd34408186e4bbccfd4996cb3dc -> 
  custom:scripting/monoscript/fileName/Timber.cs: e3f520cc8fc09857160dc689c53c79e7 -> 
  custom:framework-win-MediaFoundation: 216162199b28c13a410421893ffa2e32 -> 
  custom:scripting/monoscript/fileName/Money.cs: 9c40cb0a308c8e4e1f5815ebef98078a -> 
  custom:CustomObjectIndexerAttribute: 9a22284fe3817be447336de3de66b15e -> 
  custom:scripting/monoscript/fileName/FillableBar3D.cs: dad0baecc7b65c10f77033a02afb998c -> 
  custom:scripting/monoscript/fileName/ArrowController.cs: 1a447edfdb5484109c0662398b0d2a4f -> 
  custom:container-demuxer-webm: 4f35f7cbe854078d1ac9338744f61a02 -> 
  custom:container-muxer-webm: aa71ff27fc2769a1b78a27578f13a17b -> 
  custom:video-decoder-webm-vp8: 9c59270c3fd7afecdb556c50c9e8de78 -> 
  custom:SearchIndexIgnoredProperties: e643bd26f0fe6173181afceb89e7c659 -> 
  custom:AudioImporter_EditorPlatform: d09bf68614088b80899f8185d706f6e7 -> 
  custom:video-encoder-webm-vp8: eb34c28f22e8b96e1ab97ce403110664 -> 
  custom:audio-decoder-ogg-vorbis: bf7c407c2cedff20999df2af8eb42d56 -> 
  custom:audio-encoder-webm-vorbis: bf7c407c2cedff20999df2af8eb42d56 -> 
  custom:scripting/precompiled-assembly-types:Assembly-CSharp: d722a469af6708e2026348c79827e316 -> 898d7dc12b5aaae7dfacee678fc8dd41
========================================================================
Received Prepare
Caller must complete domain reload
Begin MonoManager ReloadAssembly
- Loaded All Assemblies, in  0.454 seconds
Native extension for WindowsStandalone target not found
Native extension for Android target not found
Native extension for WebGL target not found
[Package Manager] Server::EnsureServerProcessIsRunning -- launch failed, reason: Unity was launched with the -noUpm command-line argument
[Package Manager] UpmClient::Send -- Unable to send message (not connected to UPM process).
[Package Manager] Cannot connect to Unity Package Manager local server
Failed to sync packages list
UnityEngine.StackTraceUtility:ExtractStackTrace ()
UnityEngine.DebugLogHandler:LogFormat (UnityEngine.LogType,UnityEngine.Object,string,object[])
UnityEngine.Logger:Log (UnityEngine.LogType,object)
UnityEngine.Debug:LogWarning (object)
 .  / :MoveNext ()
System.Runtime.CompilerServices.AsyncVoidMethodBuilder:Start< .  / > ( .  / &)
 .  :  ()
 .⁪/ :MoveNext ()
System.Runtime.CompilerServices.AsyncTaskMethodBuilder:Start< .⁪/ > ( .⁪/ &)
 .⁪:  ()
System.Reflection.RuntimeMethodInfo:Invoke (object,System.Reflection.BindingFlags,System.Reflection.Binder,object[],System.Globalization.CultureInfo)
System.Reflection.MethodBase:Invoke (object,object[])
UnityEditor.EditorAssemblies:ProcessInitializeOnLoadMethodAttributes ()

Mono: successfully reloaded assembly
- Finished resetting the current domain, in  0.957 seconds
Domain Reload Profiling: 1409ms
	BeginReloadAssembly (161ms)
		ExecutionOrderSort (0ms)
		DisableScriptedObjects (5ms)
		BackupInstance (0ms)
		ReleaseScriptingObjects (0ms)
		CreateAndSetChildDomain (32ms)
	RebuildCommonClasses (36ms)
	RebuildNativeTypeToScriptingClass (10ms)
	initialDomainReloadingComplete (32ms)
	LoadAllAssembliesAndSetupDomain (213ms)
		LoadAssemblies (289ms)
		RebuildTransferFunctionScriptingTraits (0ms)
		AnalyzeDomain (16ms)
			TypeCache.Refresh (6ms)
				TypeCache.ScanAssembly (0ms)
			ScanForSourceGeneratedMonoScriptInfo (0ms)
			ResolveRequiredComponents (6ms)
	FinalizeReload (957ms)
		ReleaseScriptCaches (0ms)
		RebuildScriptCaches (0ms)
		SetupLoadedEditorAssemblies (557ms)
			LogAssemblyErrors (0ms)
			InitializePlatformSupportModulesInManaged (20ms)
			SetLoadedEditorAssemblies (4ms)
			RefreshPlugins (0ms)
			BeforeProcessingInitializeOnLoad (63ms)
			ProcessInitializeOnLoadAttributes (410ms)
			ProcessInitializeOnLoadMethodAttributes (55ms)
			AfterProcessingInitializeOnLoad (4ms)
			EditorAssembliesLoaded (0ms)
		ExecutionOrderSort2 (0ms)
		AwakeInstancesAfterBackupRestoration (7ms)
Refreshing native plugins compatible for Editor in 4.12 ms, found 6 plugins.
Preloading 0 native plugins for Editor in 0.00 ms.
Release of invalid GC handle. The handle is from a previous domain. The release operation is skipped.
Release of invalid GC handle native callstack: 
0x00007ff79e68424d (Unity) StackWalker::GetCurrentCallstack
0x00007ff79e689329 (Unity) StackWalker::ShowCallstack
0x00007ff79f67dae1 (Unity) GetStacktrace
0x00007ff79e57f20d (Unity) ScriptingGCHandle::ReleaseAndClear
0x00007ff79eb4748c (Unity) UploadHandlerRaw::`vector deleting destructor'
0x00007ff79eb4803d (Unity) UploadHandler::Release
0x00007ff79eb448dd (Unity) UnityWebRequestProto<UnityWebRequestTransport,AtomicRefCounter,RedirectHelper,ResponseHelper,DownloadHandler,UploadHandler,CertificateHandler,HeaderHelper,AsyncOperation>::~UnityWebRequestProto<UnityWebRequestTransport,AtomicRefCounter,RedirectHelper,ResponseHelper,DownloadHandler,UploadHandler,CertificateHandler,HeaderHelper,AsyncOperation>
0x00007ff79eb44bd6 (Unity) UnityWebRequest::`vector deleting destructor'
0x00007ff79d894b77 (Unity) UnityWebRequestProto<UnityWebRequestTransport,AtomicRefCounter,RedirectHelper,ResponseHelper,DownloadHandler,UploadHandler,CertificateHandler,HeaderHelper,AsyncOperation>::Release
0x00007ff79eb46605 (Unity) UnityWebRequestAsyncOperation::InvokeCoroutine
0x00007ff79eb467e1 (Unity) UnityWebRequestProto<UnityWebRequestTransport,AtomicRefCounter,RedirectHelper,ResponseHelper,DownloadHandler,UploadHandler,CertificateHandler,HeaderHelper,AsyncOperation>::Job_InvokeCoroutine
0x00007ff79e1ab54a (Unity) BackgroundJobQueue::ExecuteMainThreadJobs
0x00007ff79e26005f (Unity) PreloadManager::WaitForAllAsyncOperationsToComplete
0x00007ff79fa23af8 (Unity) <lambda_b37b41f03089e3cb3f55061bbc93253d>::operator()
0x00007ff79fa5f422 (Unity) asio::detail::completion_handler<core::mutable_function<void __cdecl(void)>,asio::io_context::basic_executor_type<std::allocator<void>,0> >::do_complete
0x00007ff79fa4b3ce (Unity) asio::detail::win_iocp_io_context::do_one
0x00007ff79fa4d034 (Unity) asio::detail::win_iocp_io_context::run
0x00007ff79fa5d7cc (Unity) IOService::Run
0x00007ff79fa30c2f (Unity) AssetImportWorkerClient::Run
0x00007ff79f9fc3d7 (Unity) RunAssetImportWorkerClientV2
0x00007ff79f9fc45b (Unity) RunAssetImporterV2
0x00007ff79f1f31de (Unity) Application::InitializeProject
0x00007ff79f688795 (Unity) WinMain
0x00007ff7a0a535ce (Unity) __scrt_common_main_seh
0x00007ffa8b87e8d7 (KERNEL32) BaseThreadInitThunk
0x00007ffa8c1714fc (ntdll) RtlUserThreadStart
Unloading 3378 Unused Serialized files (Serialized files now loaded: 0)
Unloading 39 unused Assets / (1.0 MB). Loaded Objects now: 4246.
Memory consumption went from 145.6 MB to 144.6 MB.
Total: 4.314500 ms (FindLiveObjects: 0.236600 ms CreateObjectMapping: 0.098500 ms MarkObjects: 3.515500 ms  DeleteObjects: 0.462700 ms)

Prepare: number of updated asset objects reloaded= 0
AssetImportParameters requested are different than current active one (requested -> active):
  custom:container-demuxer-ogg: 62fdf1f143b41e24485cea50d1cbac27 -> 
  custom:scripting/monoscript/fileName/Tree.cs: dca7474b58f05e1dc61bb9deb148038d -> 
  custom:video-codec-MediaFoundation-h265: 746d11721c4dcdbdad8f713fa42b33f4 -> 
  custom:video-decoder-ogg-theora: a1e56fd34408186e4bbccfd4996cb3dc -> 
  custom:scripting/monoscript/fileName/Timber.cs: e3f520cc8fc09857160dc689c53c79e7 -> 
  custom:framework-win-MediaFoundation: 216162199b28c13a410421893ffa2e32 -> 
  custom:scripting/monoscript/fileName/Money.cs: 9c40cb0a308c8e4e1f5815ebef98078a -> 
  custom:CustomObjectIndexerAttribute: 9a22284fe3817be447336de3de66b15e -> 
  custom:scripting/monoscript/fileName/FillableBar3D.cs: dad0baecc7b65c10f77033a02afb998c -> 
  custom:scripting/monoscript/fileName/ArrowController.cs: 1a447edfdb5484109c0662398b0d2a4f -> 
  custom:container-demuxer-webm: 4f35f7cbe854078d1ac9338744f61a02 -> 
  custom:container-muxer-webm: aa71ff27fc2769a1b78a27578f13a17b -> 
  custom:video-decoder-webm-vp8: 9c59270c3fd7afecdb556c50c9e8de78 -> 
  custom:SearchIndexIgnoredProperties: e643bd26f0fe6173181afceb89e7c659 -> 
  custom:AudioImporter_EditorPlatform: d09bf68614088b80899f8185d706f6e7 -> 
  custom:video-encoder-webm-vp8: eb34c28f22e8b96e1ab97ce403110664 -> 
  custom:audio-decoder-ogg-vorbis: bf7c407c2cedff20999df2af8eb42d56 -> 
  custom:audio-encoder-webm-vorbis: bf7c407c2cedff20999df2af8eb42d56 -> 
  custom:scripting/precompiled-assembly-types:Assembly-CSharp: d722a469af6708e2026348c79827e316 -> 898d7dc12b5aaae7dfacee678fc8dd41
========================================================================
Received Import Request.
  Time since last request: 2823.481496 seconds.
  path: Assets/Scripts/Logic/Place/LoadPlace.cs
  artifactKey: Guid(b7a0f11af3e0d8e419a6091d9baeadef) Importer(815301076,1909f56bfc062723c751e8b465ee728b)
Start importing Assets/Scripts/Logic/Place/LoadPlace.cs using Guid(b7a0f11af3e0d8e419a6091d9baeadef) Importer(815301076,1909f56bfc062723c751e8b465ee728b) [PhysX] Initialized MultithreadedTaskDispatcher with 12 workers.
 -> (artifact id: '9a788c564c13cad6846cde828940d210') in 0.008434 seconds
Number of updated asset objects reloaded before import = 0
Number of asset objects unloaded after import = 0
========================================================================
Received Import Request.
  Time since last request: 0.982573 seconds.
  path: Assets/Scripts/Logic/Place/MoneyUnloadPlace.cs
  artifactKey: Guid(af868580366b4980bc415ea69d541817) Importer(815301076,1909f56bfc062723c751e8b465ee728b)
Start importing Assets/Scripts/Logic/Place/MoneyUnloadPlace.cs using Guid(af868580366b4980bc415ea69d541817) Importer(815301076,1909f56bfc062723c751e8b465ee728b) [PhysX] Initialized MultithreadedTaskDispatcher with 12 workers.
 -> (artifact id: '7a8e68941b9e02c24713ab14abd593c7') in 0.001288 seconds
Number of updated asset objects reloaded before import = 0
Number of asset objects unloaded after import = 0
========================================================================
Received Import Request.
  Time since last request: 472.648852 seconds.
  path: Assets/Scripts/Logic/Place/MoneyUnloadPlace.cs
  artifactKey: Guid(af868580366b4980bc415ea69d541817) Importer(815301076,1909f56bfc062723c751e8b465ee728b)
Start importing Assets/Scripts/Logic/Place/MoneyUnloadPlace.cs using Guid(af868580366b4980bc415ea69d541817) Importer(815301076,1909f56bfc062723c751e8b465ee728b) [PhysX] Initialized MultithreadedTaskDispatcher with 12 workers.
 -> (artifact id: '8cd6b35e0acbe5906a94e4ada0774a49') in 0.001319 seconds
Number of updated asset objects reloaded before import = 0
Number of asset objects unloaded after import = 0
========================================================================
Received Prepare
Caller must complete domain reload
Begin MonoManager ReloadAssembly
- Loaded All Assemblies, in  0.531 seconds
Native extension for WindowsStandalone target not found
Native extension for Android target not found
Native extension for WebGL target not found
[Package Manager] Server::EnsureServerProcessIsRunning -- launch failed, reason: Unity was launched with the -noUpm command-line argument
[Package Manager] UpmClient::Send -- Unable to send message (not connected to UPM process).
[Package Manager] Cannot connect to Unity Package Manager local server
Failed to sync packages list
UnityEngine.StackTraceUtility:ExtractStackTrace ()
UnityEngine.DebugLogHandler:LogFormat (UnityEngine.LogType,UnityEngine.Object,string,object[])
UnityEngine.Logger:Log (UnityEngine.LogType,object)
UnityEngine.Debug:LogWarning (object)
 .  / :MoveNext ()
System.Runtime.CompilerServices.AsyncVoidMethodBuilder:Start< .  / > ( .  / &)
 .  :  ()
 .⁪/ :MoveNext ()
System.Runtime.CompilerServices.AsyncTaskMethodBuilder:Start< .⁪/ > ( .⁪/ &)
 .⁪:  ()
System.Reflection.RuntimeMethodInfo:Invoke (object,System.Reflection.BindingFlags,System.Reflection.Binder,object[],System.Globalization.CultureInfo)
System.Reflection.MethodBase:Invoke (object,object[])
UnityEditor.EditorAssemblies:ProcessInitializeOnLoadMethodAttributes ()

Mono: successfully reloaded assembly
- Finished resetting the current domain, in  0.972 seconds
Domain Reload Profiling: 1501ms
	BeginReloadAssembly (199ms)
		ExecutionOrderSort (0ms)
		DisableScriptedObjects (20ms)
		BackupInstance (0ms)
		ReleaseScriptingObjects (0ms)
		CreateAndSetChildDomain (43ms)
	RebuildCommonClasses (34ms)
	RebuildNativeTypeToScriptingClass (13ms)
	initialDomainReloadingComplete (30ms)
	LoadAllAssembliesAndSetupDomain (252ms)
		LoadAssemblies (297ms)
		RebuildTransferFunctionScriptingTraits (0ms)
		AnalyzeDomain (35ms)
			TypeCache.Refresh (13ms)
				TypeCache.ScanAssembly (1ms)
			ScanForSourceGeneratedMonoScriptInfo (12ms)
			ResolveRequiredComponents (7ms)
	FinalizeReload (972ms)
		ReleaseScriptCaches (0ms)
		RebuildScriptCaches (0ms)
		SetupLoadedEditorAssemblies (558ms)
			LogAssemblyErrors (0ms)
			InitializePlatformSupportModulesInManaged (25ms)
			SetLoadedEditorAssemblies (4ms)
			RefreshPlugins (0ms)
			BeforeProcessingInitializeOnLoad (63ms)
			ProcessInitializeOnLoadAttributes (413ms)
			ProcessInitializeOnLoadMethodAttributes (48ms)
			AfterProcessingInitializeOnLoad (5ms)
			EditorAssembliesLoaded (0ms)
		ExecutionOrderSort2 (0ms)
		AwakeInstancesAfterBackupRestoration (7ms)
Refreshing native plugins compatible for Editor in 3.45 ms, found 6 plugins.
Preloading 0 native plugins for Editor in 0.00 ms.
Release of invalid GC handle. The handle is from a previous domain. The release operation is skipped.
Release of invalid GC handle native callstack: 
0x00007ff79e68424d (Unity) StackWalker::GetCurrentCallstack
0x00007ff79e689329 (Unity) StackWalker::ShowCallstack
0x00007ff79f67dae1 (Unity) GetStacktrace
0x00007ff79e57f20d (Unity) ScriptingGCHandle::ReleaseAndClear
0x00007ff79eb4748c (Unity) UploadHandlerRaw::`vector deleting destructor'
0x00007ff79eb4803d (Unity) UploadHandler::Release
0x00007ff79eb448dd (Unity) UnityWebRequestProto<UnityWebRequestTransport,AtomicRefCounter,RedirectHelper,ResponseHelper,DownloadHandler,UploadHandler,CertificateHandler,HeaderHelper,AsyncOperation>::~UnityWebRequestProto<UnityWebRequestTransport,AtomicRefCounter,RedirectHelper,ResponseHelper,DownloadHandler,UploadHandler,CertificateHandler,HeaderHelper,AsyncOperation>
0x00007ff79eb44bd6 (Unity) UnityWebRequest::`vector deleting destructor'
0x00007ff79d894b77 (Unity) UnityWebRequestProto<UnityWebRequestTransport,AtomicRefCounter,RedirectHelper,ResponseHelper,DownloadHandler,UploadHandler,CertificateHandler,HeaderHelper,AsyncOperation>::Release
0x00007ff79eb46605 (Unity) UnityWebRequestAsyncOperation::InvokeCoroutine
0x00007ff79eb467e1 (Unity) UnityWebRequestProto<UnityWebRequestTransport,AtomicRefCounter,RedirectHelper,ResponseHelper,DownloadHandler,UploadHandler,CertificateHandler,HeaderHelper,AsyncOperation>::Job_InvokeCoroutine
0x00007ff79e1ab54a (Unity) BackgroundJobQueue::ExecuteMainThreadJobs
0x00007ff79e26005f (Unity) PreloadManager::WaitForAllAsyncOperationsToComplete
0x00007ff79fa23af8 (Unity) <lambda_b37b41f03089e3cb3f55061bbc93253d>::operator()
0x00007ff79fa5f422 (Unity) asio::detail::completion_handler<core::mutable_function<void __cdecl(void)>,asio::io_context::basic_executor_type<std::allocator<void>,0> >::do_complete
0x00007ff79fa4b3ce (Unity) asio::detail::win_iocp_io_context::do_one
0x00007ff79fa4d034 (Unity) asio::detail::win_iocp_io_context::run
0x00007ff79fa5d7cc (Unity) IOService::Run
0x00007ff79fa30c2f (Unity) AssetImportWorkerClient::Run
0x00007ff79f9fc3d7 (Unity) RunAssetImportWorkerClientV2
0x00007ff79f9fc45b (Unity) RunAssetImporterV2
0x00007ff79f1f31de (Unity) Application::InitializeProject
0x00007ff79f688795 (Unity) WinMain
0x00007ff7a0a535ce (Unity) __scrt_common_main_seh
0x00007ffa8b87e8d7 (KERNEL32) BaseThreadInitThunk
0x00007ffa8c1714fc (ntdll) RtlUserThreadStart
Unloading 3378 Unused Serialized files (Serialized files now loaded: 0)
Unloading 39 unused Assets / (1.0 MB). Loaded Objects now: 4252.
Memory consumption went from 145.6 MB to 144.5 MB.
Total: 4.435500 ms (FindLiveObjects: 0.256200 ms CreateObjectMapping: 0.099300 ms MarkObjects: 3.633000 ms  DeleteObjects: 0.445600 ms)

Prepare: number of updated asset objects reloaded= 0
AssetImportParameters requested are different than current active one (requested -> active):
  custom:container-demuxer-ogg: 62fdf1f143b41e24485cea50d1cbac27 -> 
  custom:scripting/monoscript/fileName/Tree.cs: dca7474b58f05e1dc61bb9deb148038d -> 
  custom:video-codec-MediaFoundation-h265: 746d11721c4dcdbdad8f713fa42b33f4 -> 
  custom:video-decoder-ogg-theora: a1e56fd34408186e4bbccfd4996cb3dc -> 
  custom:scripting/monoscript/fileName/Timber.cs: e3f520cc8fc09857160dc689c53c79e7 -> 
  custom:framework-win-MediaFoundation: 216162199b28c13a410421893ffa2e32 -> 
  custom:scripting/monoscript/fileName/Money.cs: 9c40cb0a308c8e4e1f5815ebef98078a -> 
  custom:CustomObjectIndexerAttribute: 9a22284fe3817be447336de3de66b15e -> 
  custom:scripting/monoscript/fileName/FillableBar3D.cs: dad0baecc7b65c10f77033a02afb998c -> 
  custom:scripting/monoscript/fileName/ArrowController.cs: 1a447edfdb5484109c0662398b0d2a4f -> 
  custom:scripting/monoscript/fileName/TimberUnloadPlace.cs: 37128713035f60eb0534808b2759b0fd -> 
  custom:container-demuxer-webm: 4f35f7cbe854078d1ac9338744f61a02 -> 
  custom:container-muxer-webm: aa71ff27fc2769a1b78a27578f13a17b -> 
  custom:video-decoder-webm-vp8: 9c59270c3fd7afecdb556c50c9e8de78 -> 
  custom:SearchIndexIgnoredProperties: e643bd26f0fe6173181afceb89e7c659 -> 
  custom:AudioImporter_EditorPlatform: d09bf68614088b80899f8185d706f6e7 -> 
  custom:video-encoder-webm-vp8: eb34c28f22e8b96e1ab97ce403110664 -> 
  custom:audio-decoder-ogg-vorbis: bf7c407c2cedff20999df2af8eb42d56 -> 
  custom:audio-encoder-webm-vorbis: bf7c407c2cedff20999df2af8eb42d56 -> 
  custom:scripting/precompiled-assembly-types:Assembly-CSharp: 9e650506e12a97791c42d56e82d07797 -> 898d7dc12b5aaae7dfacee678fc8dd41
========================================================================
Received Prepare
Caller must complete domain reload
Begin MonoManager ReloadAssembly
- Loaded All Assemblies, in  0.445 seconds
Native extension for WindowsStandalone target not found
Native extension for Android target not found
Native extension for WebGL target not found
[Package Manager] Server::EnsureServerProcessIsRunning -- launch failed, reason: Unity was launched with the -noUpm command-line argument
[Package Manager] UpmClient::Send -- Unable to send message (not connected to UPM process).
[Package Manager] Cannot connect to Unity Package Manager local server
Failed to sync packages list
UnityEngine.StackTraceUtility:ExtractStackTrace ()
UnityEngine.DebugLogHandler:LogFormat (UnityEngine.LogType,UnityEngine.Object,string,object[])
UnityEngine.Logger:Log (UnityEngine.LogType,object)
UnityEngine.Debug:LogWarning (object)
 .  / :MoveNext ()
System.Runtime.CompilerServices.AsyncVoidMethodBuilder:Start< .  / > ( .  / &)
 .  :  ()
 .⁪/ :MoveNext ()
System.Runtime.CompilerServices.AsyncTaskMethodBuilder:Start< .⁪/ > ( .⁪/ &)
 .⁪:  ()
System.Reflection.RuntimeMethodInfo:Invoke (object,System.Reflection.BindingFlags,System.Reflection.Binder,object[],System.Globalization.CultureInfo)
System.Reflection.MethodBase:Invoke (object,object[])
UnityEditor.EditorAssemblies:ProcessInitializeOnLoadMethodAttributes ()

Mono: successfully reloaded assembly
- Finished resetting the current domain, in  0.991 seconds
Domain Reload Profiling: 1434ms
	BeginReloadAssembly (153ms)
		ExecutionOrderSort (0ms)
		DisableScriptedObjects (5ms)
		BackupInstance (0ms)
		ReleaseScriptingObjects (0ms)
		CreateAndSetChildDomain (29ms)
	RebuildCommonClasses (33ms)
	RebuildNativeTypeToScriptingClass (11ms)
	initialDomainReloadingComplete (29ms)
	LoadAllAssembliesAndSetupDomain (216ms)
		LoadAssemblies (285ms)
		RebuildTransferFunctionScriptingTraits (0ms)
		AnalyzeDomain (16ms)
			TypeCache.Refresh (6ms)
				TypeCache.ScanAssembly (0ms)
			ScanForSourceGeneratedMonoScriptInfo (0ms)
			ResolveRequiredComponents (6ms)
	FinalizeReload (992ms)
		ReleaseScriptCaches (0ms)
		RebuildScriptCaches (0ms)
		SetupLoadedEditorAssemblies (566ms)
			LogAssemblyErrors (0ms)
			InitializePlatformSupportModulesInManaged (22ms)
			SetLoadedEditorAssemblies (4ms)
			RefreshPlugins (0ms)
			BeforeProcessingInitializeOnLoad (78ms)
			ProcessInitializeOnLoadAttributes (406ms)
			ProcessInitializeOnLoadMethodAttributes (51ms)
			AfterProcessingInitializeOnLoad (5ms)
			EditorAssembliesLoaded (0ms)
		ExecutionOrderSort2 (0ms)
		AwakeInstancesAfterBackupRestoration (8ms)
Refreshing native plugins compatible for Editor in 4.44 ms, found 6 plugins.
Preloading 0 native plugins for Editor in 0.00 ms.
Release of invalid GC handle. The handle is from a previous domain. The release operation is skipped.
Release of invalid GC handle native callstack: 
0x00007ff79e68424d (Unity) StackWalker::GetCurrentCallstack
0x00007ff79e689329 (Unity) StackWalker::ShowCallstack
0x00007ff79f67dae1 (Unity) GetStacktrace
0x00007ff79e57f20d (Unity) ScriptingGCHandle::ReleaseAndClear
0x00007ff79eb4748c (Unity) UploadHandlerRaw::`vector deleting destructor'
0x00007ff79eb4803d (Unity) UploadHandler::Release
0x00007ff79eb448dd (Unity) UnityWebRequestProto<UnityWebRequestTransport,AtomicRefCounter,RedirectHelper,ResponseHelper,DownloadHandler,UploadHandler,CertificateHandler,HeaderHelper,AsyncOperation>::~UnityWebRequestProto<UnityWebRequestTransport,AtomicRefCounter,RedirectHelper,ResponseHelper,DownloadHandler,UploadHandler,CertificateHandler,HeaderHelper,AsyncOperation>
0x00007ff79eb44bd6 (Unity) UnityWebRequest::`vector deleting destructor'
0x00007ff79d894b77 (Unity) UnityWebRequestProto<UnityWebRequestTransport,AtomicRefCounter,RedirectHelper,ResponseHelper,DownloadHandler,UploadHandler,CertificateHandler,HeaderHelper,AsyncOperation>::Release
0x00007ff79eb46605 (Unity) UnityWebRequestAsyncOperation::InvokeCoroutine
0x00007ff79eb467e1 (Unity) UnityWebRequestProto<UnityWebRequestTransport,AtomicRefCounter,RedirectHelper,ResponseHelper,DownloadHandler,UploadHandler,CertificateHandler,HeaderHelper,AsyncOperation>::Job_InvokeCoroutine
0x00007ff79e1ab54a (Unity) BackgroundJobQueue::ExecuteMainThreadJobs
0x00007ff79e26005f (Unity) PreloadManager::WaitForAllAsyncOperationsToComplete
0x00007ff79fa23af8 (Unity) <lambda_b37b41f03089e3cb3f55061bbc93253d>::operator()
0x00007ff79fa5f422 (Unity) asio::detail::completion_handler<core::mutable_function<void __cdecl(void)>,asio::io_context::basic_executor_type<std::allocator<void>,0> >::do_complete
0x00007ff79fa4b3ce (Unity) asio::detail::win_iocp_io_context::do_one
0x00007ff79fa4d034 (Unity) asio::detail::win_iocp_io_context::run
0x00007ff79fa5d7cc (Unity) IOService::Run
0x00007ff79fa30c2f (Unity) AssetImportWorkerClient::Run
0x00007ff79f9fc3d7 (Unity) RunAssetImportWorkerClientV2
0x00007ff79f9fc45b (Unity) RunAssetImporterV2
0x00007ff79f1f31de (Unity) Application::InitializeProject
0x00007ff79f688795 (Unity) WinMain
0x00007ff7a0a535ce (Unity) __scrt_common_main_seh
0x00007ffa8b87e8d7 (KERNEL32) BaseThreadInitThunk
0x00007ffa8c1714fc (ntdll) RtlUserThreadStart
Unloading 3379 Unused Serialized files (Serialized files now loaded: 0)
Unloading 39 unused Assets / (1.0 MB). Loaded Objects now: 4257.
Memory consumption went from 146.0 MB to 144.9 MB.
Total: 4.419900 ms (FindLiveObjects: 0.239400 ms CreateObjectMapping: 0.095400 ms MarkObjects: 3.581700 ms  DeleteObjects: 0.502000 ms)

Prepare: number of updated asset objects reloaded= 0
AssetImportParameters requested are different than current active one (requested -> active):
  custom:container-demuxer-ogg: 62fdf1f143b41e24485cea50d1cbac27 -> 
  custom:scripting/monoscript/fileName/Tree.cs: dca7474b58f05e1dc61bb9deb148038d -> 
  custom:video-codec-MediaFoundation-h265: 746d11721c4dcdbdad8f713fa42b33f4 -> 
  custom:video-decoder-ogg-theora: a1e56fd34408186e4bbccfd4996cb3dc -> 
  custom:scripting/monoscript/fileName/Timber.cs: e3f520cc8fc09857160dc689c53c79e7 -> 
  custom:framework-win-MediaFoundation: 216162199b28c13a410421893ffa2e32 -> 
  custom:scripting/monoscript/fileName/Money.cs: 9c40cb0a308c8e4e1f5815ebef98078a -> 
  custom:CustomObjectIndexerAttribute: 9a22284fe3817be447336de3de66b15e -> 
  custom:scripting/monoscript/fileName/FillableBar3D.cs: dad0baecc7b65c10f77033a02afb998c -> 
  custom:scripting/monoscript/fileName/ArrowController.cs: 1a447edfdb5484109c0662398b0d2a4f -> 
  custom:scripting/monoscript/fileName/TimberUnloadPlace.cs: 37128713035f60eb0534808b2759b0fd -> 
  custom:container-demuxer-webm: 4f35f7cbe854078d1ac9338744f61a02 -> 
  custom:container-muxer-webm: aa71ff27fc2769a1b78a27578f13a17b -> 
  custom:video-decoder-webm-vp8: 9c59270c3fd7afecdb556c50c9e8de78 -> 
  custom:SearchIndexIgnoredProperties: e643bd26f0fe6173181afceb89e7c659 -> 
  custom:AudioImporter_EditorPlatform: d09bf68614088b80899f8185d706f6e7 -> 
  custom:video-encoder-webm-vp8: eb34c28f22e8b96e1ab97ce403110664 -> 
  custom:audio-decoder-ogg-vorbis: bf7c407c2cedff20999df2af8eb42d56 -> 
  custom:audio-encoder-webm-vorbis: bf7c407c2cedff20999df2af8eb42d56 -> 
  custom:scripting/precompiled-assembly-types:Assembly-CSharp: 9e650506e12a97791c42d56e82d07797 -> 898d7dc12b5aaae7dfacee678fc8dd41
========================================================================
Received Prepare
Caller must complete domain reload
Begin MonoManager ReloadAssembly
- Loaded All Assemblies, in  0.475 seconds
Native extension for WindowsStandalone target not found
Native extension for Android target not found
Native extension for WebGL target not found
[Package Manager] Server::EnsureServerProcessIsRunning -- launch failed, reason: Unity was launched with the -noUpm command-line argument
[Package Manager] UpmClient::Send -- Unable to send message (not connected to UPM process).
[Package Manager] Cannot connect to Unity Package Manager local server
Failed to sync packages list
UnityEngine.StackTraceUtility:ExtractStackTrace ()
UnityEngine.DebugLogHandler:LogFormat (UnityEngine.LogType,UnityEngine.Object,string,object[])
UnityEngine.Logger:Log (UnityEngine.LogType,object)
UnityEngine.Debug:LogWarning (object)
 .  / :MoveNext ()
System.Runtime.CompilerServices.AsyncVoidMethodBuilder:Start< .  / > ( .  / &)
 .  :  ()
 .⁪/ :MoveNext ()
System.Runtime.CompilerServices.AsyncTaskMethodBuilder:Start< .⁪/ > ( .⁪/ &)
 .⁪:  ()
System.Reflection.RuntimeMethodInfo:Invoke (object,System.Reflection.BindingFlags,System.Reflection.Binder,object[],System.Globalization.CultureInfo)
System.Reflection.MethodBase:Invoke (object,object[])
UnityEditor.EditorAssemblies:ProcessInitializeOnLoadMethodAttributes ()

Mono: successfully reloaded assembly
- Finished resetting the current domain, in  0.997 seconds
Domain Reload Profiling: 1471ms
	BeginReloadAssembly (155ms)
		ExecutionOrderSort (0ms)
		DisableScriptedObjects (5ms)
		BackupInstance (0ms)
		ReleaseScriptingObjects (0ms)
		CreateAndSetChildDomain (36ms)
	RebuildCommonClasses (41ms)
	RebuildNativeTypeToScriptingClass (10ms)
	initialDomainReloadingComplete (29ms)
	LoadAllAssembliesAndSetupDomain (239ms)
		LoadAssemblies (299ms)
		RebuildTransferFunctionScriptingTraits (0ms)
		AnalyzeDomain (20ms)
			TypeCache.Refresh (7ms)
				TypeCache.ScanAssembly (0ms)
			ScanForSourceGeneratedMonoScriptInfo (0ms)
			ResolveRequiredComponents (9ms)
	FinalizeReload (997ms)
		ReleaseScriptCaches (0ms)
		RebuildScriptCaches (0ms)
		SetupLoadedEditorAssemblies (575ms)
			LogAssemblyErrors (0ms)
			InitializePlatformSupportModulesInManaged (23ms)
			SetLoadedEditorAssemblies (4ms)
			RefreshPlugins (0ms)
			BeforeProcessingInitializeOnLoad (71ms)
			ProcessInitializeOnLoadAttributes (422ms)
			ProcessInitializeOnLoadMethodAttributes (51ms)
			AfterProcessingInitializeOnLoad (5ms)
			EditorAssembliesLoaded (0ms)
		ExecutionOrderSort2 (0ms)
		AwakeInstancesAfterBackupRestoration (6ms)
Refreshing native plugins compatible for Editor in 4.74 ms, found 6 plugins.
Preloading 0 native plugins for Editor in 0.00 ms.
Release of invalid GC handle. The handle is from a previous domain. The release operation is skipped.
Release of invalid GC handle native callstack: 
0x00007ff79e68424d (Unity) StackWalker::GetCurrentCallstack
0x00007ff79e689329 (Unity) StackWalker::ShowCallstack
0x00007ff79f67dae1 (Unity) GetStacktrace
0x00007ff79e57f20d (Unity) ScriptingGCHandle::ReleaseAndClear
0x00007ff79eb4748c (Unity) UploadHandlerRaw::`vector deleting destructor'
0x00007ff79eb4803d (Unity) UploadHandler::Release
0x00007ff79eb448dd (Unity) UnityWebRequestProto<UnityWebRequestTransport,AtomicRefCounter,RedirectHelper,ResponseHelper,DownloadHandler,UploadHandler,CertificateHandler,HeaderHelper,AsyncOperation>::~UnityWebRequestProto<UnityWebRequestTransport,AtomicRefCounter,RedirectHelper,ResponseHelper,DownloadHandler,UploadHandler,CertificateHandler,HeaderHelper,AsyncOperation>
0x00007ff79eb44bd6 (Unity) UnityWebRequest::`vector deleting destructor'
0x00007ff79d894b77 (Unity) UnityWebRequestProto<UnityWebRequestTransport,AtomicRefCounter,RedirectHelper,ResponseHelper,DownloadHandler,UploadHandler,CertificateHandler,HeaderHelper,AsyncOperation>::Release
0x00007ff79eb46605 (Unity) UnityWebRequestAsyncOperation::InvokeCoroutine
0x00007ff79eb467e1 (Unity) UnityWebRequestProto<UnityWebRequestTransport,AtomicRefCounter,RedirectHelper,ResponseHelper,DownloadHandler,UploadHandler,CertificateHandler,HeaderHelper,AsyncOperation>::Job_InvokeCoroutine
0x00007ff79e1ab54a (Unity) BackgroundJobQueue::ExecuteMainThreadJobs
0x00007ff79e26005f (Unity) PreloadManager::WaitForAllAsyncOperationsToComplete
0x00007ff79fa23af8 (Unity) <lambda_b37b41f03089e3cb3f55061bbc93253d>::operator()
0x00007ff79fa5f422 (Unity) asio::detail::completion_handler<core::mutable_function<void __cdecl(void)>,asio::io_context::basic_executor_type<std::allocator<void>,0> >::do_complete
0x00007ff79fa4b3ce (Unity) asio::detail::win_iocp_io_context::do_one
0x00007ff79fa4d034 (Unity) asio::detail::win_iocp_io_context::run
0x00007ff79fa5d7cc (Unity) IOService::Run
0x00007ff79fa30c2f (Unity) AssetImportWorkerClient::Run
0x00007ff79f9fc3d7 (Unity) RunAssetImportWorkerClientV2
0x00007ff79f9fc45b (Unity) RunAssetImporterV2
0x00007ff79f1f31de (Unity) Application::InitializeProject
0x00007ff79f688795 (Unity) WinMain
0x00007ff7a0a535ce (Unity) __scrt_common_main_seh
0x00007ffa8b87e8d7 (KERNEL32) BaseThreadInitThunk
0x00007ffa8c1714fc (ntdll) RtlUserThreadStart
Unloading 3379 Unused Serialized files (Serialized files now loaded: 0)
Unloading 39 unused Assets / (1.0 MB). Loaded Objects now: 4262.
Memory consumption went from 146.1 MB to 145.1 MB.
Total: 4.479200 ms (FindLiveObjects: 0.238300 ms CreateObjectMapping: 0.093300 ms MarkObjects: 3.628100 ms  DeleteObjects: 0.517700 ms)

Prepare: number of updated asset objects reloaded= 0
AssetImportParameters requested are different than current active one (requested -> active):
  custom:container-demuxer-ogg: 62fdf1f143b41e24485cea50d1cbac27 -> 
  custom:scripting/monoscript/fileName/Tree.cs: dca7474b58f05e1dc61bb9deb148038d -> 
  custom:video-codec-MediaFoundation-h265: 746d11721c4dcdbdad8f713fa42b33f4 -> 
  custom:video-decoder-ogg-theora: a1e56fd34408186e4bbccfd4996cb3dc -> 
  custom:scripting/monoscript/fileName/Timber.cs: e3f520cc8fc09857160dc689c53c79e7 -> 
  custom:framework-win-MediaFoundation: 216162199b28c13a410421893ffa2e32 -> 
  custom:scripting/monoscript/fileName/Money.cs: 9c40cb0a308c8e4e1f5815ebef98078a -> 
  custom:CustomObjectIndexerAttribute: 9a22284fe3817be447336de3de66b15e -> 
  custom:scripting/monoscript/fileName/FillableBar3D.cs: dad0baecc7b65c10f77033a02afb998c -> 
  custom:scripting/monoscript/fileName/ArrowController.cs: 1a447edfdb5484109c0662398b0d2a4f -> 
  custom:scripting/monoscript/fileName/TimberUnloadPlace.cs: 37128713035f60eb0534808b2759b0fd -> 
  custom:container-demuxer-webm: 4f35f7cbe854078d1ac9338744f61a02 -> 
  custom:container-muxer-webm: aa71ff27fc2769a1b78a27578f13a17b -> 
  custom:video-decoder-webm-vp8: 9c59270c3fd7afecdb556c50c9e8de78 -> 
  custom:SearchIndexIgnoredProperties: e643bd26f0fe6173181afceb89e7c659 -> 
  custom:AudioImporter_EditorPlatform: d09bf68614088b80899f8185d706f6e7 -> 
  custom:video-encoder-webm-vp8: eb34c28f22e8b96e1ab97ce403110664 -> 
  custom:audio-decoder-ogg-vorbis: bf7c407c2cedff20999df2af8eb42d56 -> 
  custom:audio-encoder-webm-vorbis: bf7c407c2cedff20999df2af8eb42d56 -> 
  custom:scripting/precompiled-assembly-types:Assembly-CSharp: 9e650506e12a97791c42d56e82d07797 -> 898d7dc12b5aaae7dfacee678fc8dd41
========================================================================
Received Prepare
Caller must complete domain reload
Begin MonoManager ReloadAssembly
- Loaded All Assemblies, in  0.445 seconds
Native extension for WindowsStandalone target not found
Native extension for Android target not found
Native extension for WebGL target not found
[Package Manager] Server::EnsureServerProcessIsRunning -- launch failed, reason: Unity was launched with the -noUpm command-line argument
[Package Manager] UpmClient::Send -- Unable to send message (not connected to UPM process).
[Package Manager] Cannot connect to Unity Package Manager local server
Failed to sync packages list
UnityEngine.StackTraceUtility:ExtractStackTrace ()
UnityEngine.DebugLogHandler:LogFormat (UnityEngine.LogType,UnityEngine.Object,string,object[])
UnityEngine.Logger:Log (UnityEngine.LogType,object)
UnityEngine.Debug:LogWarning (object)
 .  / :MoveNext ()
System.Runtime.CompilerServices.AsyncVoidMethodBuilder:Start< .  / > ( .  / &)
 .  :  ()
 .⁪/ :MoveNext ()
System.Runtime.CompilerServices.AsyncTaskMethodBuilder:Start< .⁪/ > ( .⁪/ &)
 .⁪:  ()
System.Reflection.RuntimeMethodInfo:Invoke (object,System.Reflection.BindingFlags,System.Reflection.Binder,object[],System.Globalization.CultureInfo)
System.Reflection.MethodBase:Invoke (object,object[])
UnityEditor.EditorAssemblies:ProcessInitializeOnLoadMethodAttributes ()

Mono: successfully reloaded assembly
- Finished resetting the current domain, in  0.990 seconds
Domain Reload Profiling: 1433ms
	BeginReloadAssembly (149ms)
		ExecutionOrderSort (0ms)
		DisableScriptedObjects (5ms)
		BackupInstance (0ms)
		ReleaseScriptingObjects (0ms)
		CreateAndSetChildDomain (31ms)
	RebuildCommonClasses (33ms)
	RebuildNativeTypeToScriptingClass (10ms)
	initialDomainReloadingComplete (27ms)
	LoadAllAssembliesAndSetupDomain (224ms)
		LoadAssemblies (287ms)
		RebuildTransferFunctionScriptingTraits (0ms)
		AnalyzeDomain (16ms)
			TypeCache.Refresh (6ms)
				TypeCache.ScanAssembly (0ms)
			ScanForSourceGeneratedMonoScriptInfo (0ms)
			ResolveRequiredComponents (6ms)
	FinalizeReload (991ms)
		ReleaseScriptCaches (0ms)
		RebuildScriptCaches (0ms)
		SetupLoadedEditorAssemblies (559ms)
			LogAssemblyErrors (0ms)
			InitializePlatformSupportModulesInManaged (27ms)
			SetLoadedEditorAssemblies (4ms)
			RefreshPlugins (0ms)
			BeforeProcessingInitializeOnLoad (65ms)
			ProcessInitializeOnLoadAttributes (409ms)
			ProcessInitializeOnLoadMethodAttributes (46ms)
			AfterProcessingInitializeOnLoad (5ms)
			EditorAssembliesLoaded (4ms)
		ExecutionOrderSort2 (0ms)
		AwakeInstancesAfterBackupRestoration (7ms)
Refreshing native plugins compatible for Editor in 5.89 ms, found 6 plugins.
Preloading 0 native plugins for Editor in 0.00 ms.
Release of invalid GC handle. The handle is from a previous domain. The release operation is skipped.
Release of invalid GC handle native callstack: 
0x00007ff79e68424d (Unity) StackWalker::GetCurrentCallstack
0x00007ff79e689329 (Unity) StackWalker::ShowCallstack
0x00007ff79f67dae1 (Unity) GetStacktrace
0x00007ff79e57f20d (Unity) ScriptingGCHandle::ReleaseAndClear
0x00007ff79eb4748c (Unity) UploadHandlerRaw::`vector deleting destructor'
0x00007ff79eb4803d (Unity) UploadHandler::Release
0x00007ff79eb448dd (Unity) UnityWebRequestProto<UnityWebRequestTransport,AtomicRefCounter,RedirectHelper,ResponseHelper,DownloadHandler,UploadHandler,CertificateHandler,HeaderHelper,AsyncOperation>::~UnityWebRequestProto<UnityWebRequestTransport,AtomicRefCounter,RedirectHelper,ResponseHelper,DownloadHandler,UploadHandler,CertificateHandler,HeaderHelper,AsyncOperation>
0x00007ff79eb44bd6 (Unity) UnityWebRequest::`vector deleting destructor'
0x00007ff79d894b77 (Unity) UnityWebRequestProto<UnityWebRequestTransport,AtomicRefCounter,RedirectHelper,ResponseHelper,DownloadHandler,UploadHandler,CertificateHandler,HeaderHelper,AsyncOperation>::Release
0x00007ff79eb46605 (Unity) UnityWebRequestAsyncOperation::InvokeCoroutine
0x00007ff79eb467e1 (Unity) UnityWebRequestProto<UnityWebRequestTransport,AtomicRefCounter,RedirectHelper,ResponseHelper,DownloadHandler,UploadHandler,CertificateHandler,HeaderHelper,AsyncOperation>::Job_InvokeCoroutine
0x00007ff79e1ab54a (Unity) BackgroundJobQueue::ExecuteMainThreadJobs
0x00007ff79e26005f (Unity) PreloadManager::WaitForAllAsyncOperationsToComplete
0x00007ff79fa23af8 (Unity) <lambda_b37b41f03089e3cb3f55061bbc93253d>::operator()
0x00007ff79fa5f422 (Unity) asio::detail::completion_handler<core::mutable_function<void __cdecl(void)>,asio::io_context::basic_executor_type<std::allocator<void>,0> >::do_complete
0x00007ff79fa4b3ce (Unity) asio::detail::win_iocp_io_context::do_one
0x00007ff79fa4d034 (Unity) asio::detail::win_iocp_io_context::run
0x00007ff79fa5d7cc (Unity) IOService::Run
0x00007ff79fa30c2f (Unity) AssetImportWorkerClient::Run
0x00007ff79f9fc3d7 (Unity) RunAssetImportWorkerClientV2
0x00007ff79f9fc45b (Unity) RunAssetImporterV2
0x00007ff79f1f31de (Unity) Application::InitializeProject
0x00007ff79f688795 (Unity) WinMain
0x00007ff7a0a535ce (Unity) __scrt_common_main_seh
0x00007ffa8b87e8d7 (KERNEL32) BaseThreadInitThunk
0x00007ffa8c1714fc (ntdll) RtlUserThreadStart
Unloading 3379 Unused Serialized files (Serialized files now loaded: 0)
Unloading 39 unused Assets / (1.0 MB). Loaded Objects now: 4267.
Memory consumption went from 146.3 MB to 145.2 MB.
Total: 5.220400 ms (FindLiveObjects: 0.244100 ms CreateObjectMapping: 0.106700 ms MarkObjects: 4.172600 ms  DeleteObjects: 0.695700 ms)

Prepare: number of updated asset objects reloaded= 0
AssetImportParameters requested are different than current active one (requested -> active):
  custom:container-demuxer-ogg: 62fdf1f143b41e24485cea50d1cbac27 -> 
  custom:scripting/monoscript/fileName/Tree.cs: dca7474b58f05e1dc61bb9deb148038d -> 
  custom:video-codec-MediaFoundation-h265: 746d11721c4dcdbdad8f713fa42b33f4 -> 
  custom:video-decoder-ogg-theora: a1e56fd34408186e4bbccfd4996cb3dc -> 
  custom:scripting/monoscript/fileName/Timber.cs: e3f520cc8fc09857160dc689c53c79e7 -> 
  custom:framework-win-MediaFoundation: 216162199b28c13a410421893ffa2e32 -> 
  custom:scripting/monoscript/fileName/Money.cs: 9c40cb0a308c8e4e1f5815ebef98078a -> 
  custom:CustomObjectIndexerAttribute: 9a22284fe3817be447336de3de66b15e -> 
  custom:scripting/monoscript/fileName/FillableBar3D.cs: dad0baecc7b65c10f77033a02afb998c -> 
  custom:scripting/monoscript/fileName/ArrowController.cs: 1a447edfdb5484109c0662398b0d2a4f -> 
  custom:scripting/monoscript/fileName/TimberUnloadPlace.cs: 37128713035f60eb0534808b2759b0fd -> 
  custom:container-demuxer-webm: 4f35f7cbe854078d1ac9338744f61a02 -> 
  custom:container-muxer-webm: aa71ff27fc2769a1b78a27578f13a17b -> 
  custom:video-decoder-webm-vp8: 9c59270c3fd7afecdb556c50c9e8de78 -> 
  custom:SearchIndexIgnoredProperties: e643bd26f0fe6173181afceb89e7c659 -> 
  custom:AudioImporter_EditorPlatform: d09bf68614088b80899f8185d706f6e7 -> 
  custom:video-encoder-webm-vp8: eb34c28f22e8b96e1ab97ce403110664 -> 
  custom:audio-decoder-ogg-vorbis: bf7c407c2cedff20999df2af8eb42d56 -> 
  custom:audio-encoder-webm-vorbis: bf7c407c2cedff20999df2af8eb42d56 -> 
  custom:scripting/precompiled-assembly-types:Assembly-CSharp: 9e650506e12a97791c42d56e82d07797 -> 898d7dc12b5aaae7dfacee678fc8dd41
========================================================================
Received Prepare
Caller must complete domain reload
Begin MonoManager ReloadAssembly
- Loaded All Assemblies, in  0.563 seconds
Native extension for WindowsStandalone target not found
Native extension for Android target not found
Native extension for WebGL target not found
[Package Manager] Server::EnsureServerProcessIsRunning -- launch failed, reason: Unity was launched with the -noUpm command-line argument
[Package Manager] UpmClient::Send -- Unable to send message (not connected to UPM process).
[Package Manager] Cannot connect to Unity Package Manager local server
Failed to sync packages list
UnityEngine.StackTraceUtility:ExtractStackTrace ()
UnityEngine.DebugLogHandler:LogFormat (UnityEngine.LogType,UnityEngine.Object,string,object[])
UnityEngine.Logger:Log (UnityEngine.LogType,object)
UnityEngine.Debug:LogWarning (object)
 .  / :MoveNext ()
System.Runtime.CompilerServices.AsyncVoidMethodBuilder:Start< .  / > ( .  / &)
 .  :  ()
 .⁪/ :MoveNext ()
System.Runtime.CompilerServices.AsyncTaskMethodBuilder:Start< .⁪/ > ( .⁪/ &)
 .⁪:  ()
System.Reflection.RuntimeMethodInfo:Invoke (object,System.Reflection.BindingFlags,System.Reflection.Binder,object[],System.Globalization.CultureInfo)
System.Reflection.MethodBase:Invoke (object,object[])
UnityEditor.EditorAssemblies:ProcessInitializeOnLoadMethodAttributes ()

Mono: successfully reloaded assembly
- Finished resetting the current domain, in  0.978 seconds
Domain Reload Profiling: 1539ms
	BeginReloadAssembly (223ms)
		ExecutionOrderSort (0ms)
		DisableScriptedObjects (6ms)
		BackupInstance (0ms)
		ReleaseScriptingObjects (0ms)
		CreateAndSetChildDomain (65ms)
	RebuildCommonClasses (38ms)
	RebuildNativeTypeToScriptingClass (12ms)
	initialDomainReloadingComplete (32ms)
	LoadAllAssembliesAndSetupDomain (256ms)
		LoadAssemblies (331ms)
		RebuildTransferFunctionScriptingTraits (0ms)
		AnalyzeDomain (25ms)
			TypeCache.Refresh (9ms)
				TypeCache.ScanAssembly (0ms)
			ScanForSourceGeneratedMonoScriptInfo (7ms)
			ResolveRequiredComponents (6ms)
	FinalizeReload (978ms)
		ReleaseScriptCaches (0ms)
		RebuildScriptCaches (0ms)
		SetupLoadedEditorAssemblies (551ms)
			LogAssemblyErrors (0ms)
			InitializePlatformSupportModulesInManaged (23ms)
			SetLoadedEditorAssemblies (4ms)
			RefreshPlugins (0ms)
			BeforeProcessingInitializeOnLoad (65ms)
			ProcessInitializeOnLoadAttributes (403ms)
			ProcessInitializeOnLoadMethodAttributes (52ms)
			AfterProcessingInitializeOnLoad (4ms)
			EditorAssembliesLoaded (0ms)
		ExecutionOrderSort2 (0ms)
		AwakeInstancesAfterBackupRestoration (8ms)
Refreshing native plugins compatible for Editor in 3.75 ms, found 6 plugins.
Preloading 0 native plugins for Editor in 0.00 ms.
Release of invalid GC handle. The handle is from a previous domain. The release operation is skipped.
Release of invalid GC handle native callstack: 
0x00007ff79e68424d (Unity) StackWalker::GetCurrentCallstack
0x00007ff79e689329 (Unity) StackWalker::ShowCallstack
0x00007ff79f67dae1 (Unity) GetStacktrace
0x00007ff79e57f20d (Unity) ScriptingGCHandle::ReleaseAndClear
0x00007ff79eb4748c (Unity) UploadHandlerRaw::`vector deleting destructor'
0x00007ff79eb4803d (Unity) UploadHandler::Release
0x00007ff79eb448dd (Unity) UnityWebRequestProto<UnityWebRequestTransport,AtomicRefCounter,RedirectHelper,ResponseHelper,DownloadHandler,UploadHandler,CertificateHandler,HeaderHelper,AsyncOperation>::~UnityWebRequestProto<UnityWebRequestTransport,AtomicRefCounter,RedirectHelper,ResponseHelper,DownloadHandler,UploadHandler,CertificateHandler,HeaderHelper,AsyncOperation>
0x00007ff79eb44bd6 (Unity) UnityWebRequest::`vector deleting destructor'
0x00007ff79d894b77 (Unity) UnityWebRequestProto<UnityWebRequestTransport,AtomicRefCounter,RedirectHelper,ResponseHelper,DownloadHandler,UploadHandler,CertificateHandler,HeaderHelper,AsyncOperation>::Release
0x00007ff79eb46605 (Unity) UnityWebRequestAsyncOperation::InvokeCoroutine
0x00007ff79eb467e1 (Unity) UnityWebRequestProto<UnityWebRequestTransport,AtomicRefCounter,RedirectHelper,ResponseHelper,DownloadHandler,UploadHandler,CertificateHandler,HeaderHelper,AsyncOperation>::Job_InvokeCoroutine
0x00007ff79e1ab54a (Unity) BackgroundJobQueue::ExecuteMainThreadJobs
0x00007ff79e26005f (Unity) PreloadManager::WaitForAllAsyncOperationsToComplete
0x00007ff79fa23af8 (Unity) <lambda_b37b41f03089e3cb3f55061bbc93253d>::operator()
0x00007ff79fa5f422 (Unity) asio::detail::completion_handler<core::mutable_function<void __cdecl(void)>,asio::io_context::basic_executor_type<std::allocator<void>,0> >::do_complete
0x00007ff79fa4b3ce (Unity) asio::detail::win_iocp_io_context::do_one
0x00007ff79fa4d034 (Unity) asio::detail::win_iocp_io_context::run
0x00007ff79fa5d7cc (Unity) IOService::Run
0x00007ff79fa30c2f (Unity) AssetImportWorkerClient::Run
0x00007ff79f9fc3d7 (Unity) RunAssetImportWorkerClientV2
0x00007ff79f9fc45b (Unity) RunAssetImporterV2
0x00007ff79f1f31de (Unity) Application::InitializeProject
0x00007ff79f688795 (Unity) WinMain
0x00007ff7a0a535ce (Unity) __scrt_common_main_seh
0x00007ffa8b87e8d7 (KERNEL32) BaseThreadInitThunk
0x00007ffa8c1714fc (ntdll) RtlUserThreadStart
Unloading 3379 Unused Serialized files (Serialized files now loaded: 0)
Unloading 39 unused Assets / (1.0 MB). Loaded Objects now: 4272.
Memory consumption went from 146.4 MB to 145.4 MB.
Total: 4.656900 ms (FindLiveObjects: 0.240500 ms CreateObjectMapping: 0.108300 ms MarkObjects: 3.856100 ms  DeleteObjects: 0.450600 ms)

Prepare: number of updated asset objects reloaded= 0
AssetImportParameters requested are different than current active one (requested -> active):
  custom:container-demuxer-ogg: 62fdf1f143b41e24485cea50d1cbac27 -> 
  custom:scripting/monoscript/fileName/Tree.cs: dca7474b58f05e1dc61bb9deb148038d -> 
  custom:video-codec-MediaFoundation-h265: 746d11721c4dcdbdad8f713fa42b33f4 -> 
  custom:video-decoder-ogg-theora: a1e56fd34408186e4bbccfd4996cb3dc -> 
  custom:scripting/monoscript/fileName/Timber.cs: e3f520cc8fc09857160dc689c53c79e7 -> 
  custom:framework-win-MediaFoundation: 216162199b28c13a410421893ffa2e32 -> 
  custom:scripting/monoscript/fileName/Money.cs: 9c40cb0a308c8e4e1f5815ebef98078a -> 
  custom:CustomObjectIndexerAttribute: 9a22284fe3817be447336de3de66b15e -> 
  custom:scripting/monoscript/fileName/FillableBar3D.cs: dad0baecc7b65c10f77033a02afb998c -> 
  custom:scripting/monoscript/fileName/ArrowController.cs: 1a447edfdb5484109c0662398b0d2a4f -> 
  custom:scripting/monoscript/fileName/TimberUnloadPlace.cs: 37128713035f60eb0534808b2759b0fd -> 
  custom:container-demuxer-webm: 4f35f7cbe854078d1ac9338744f61a02 -> 
  custom:container-muxer-webm: aa71ff27fc2769a1b78a27578f13a17b -> 
  custom:video-decoder-webm-vp8: 9c59270c3fd7afecdb556c50c9e8de78 -> 
  custom:SearchIndexIgnoredProperties: e643bd26f0fe6173181afceb89e7c659 -> 
  custom:AudioImporter_EditorPlatform: d09bf68614088b80899f8185d706f6e7 -> 
  custom:video-encoder-webm-vp8: eb34c28f22e8b96e1ab97ce403110664 -> 
  custom:audio-decoder-ogg-vorbis: bf7c407c2cedff20999df2af8eb42d56 -> 
  custom:audio-encoder-webm-vorbis: bf7c407c2cedff20999df2af8eb42d56 -> 
  custom:scripting/precompiled-assembly-types:Assembly-CSharp: c3f5bc0be8f01997d23d363072d8234a -> 898d7dc12b5aaae7dfacee678fc8dd41
========================================================================
Received Prepare
Caller must complete domain reload
Begin MonoManager ReloadAssembly
- Loaded All Assemblies, in  0.436 seconds
Native extension for WindowsStandalone target not found
Native extension for Android target not found
Native extension for WebGL target not found
[Package Manager] Server::EnsureServerProcessIsRunning -- launch failed, reason: Unity was launched with the -noUpm command-line argument
[Package Manager] UpmClient::Send -- Unable to send message (not connected to UPM process).
[Package Manager] Cannot connect to Unity Package Manager local server
Failed to sync packages list
UnityEngine.StackTraceUtility:ExtractStackTrace ()
UnityEngine.DebugLogHandler:LogFormat (UnityEngine.LogType,UnityEngine.Object,string,object[])
UnityEngine.Logger:Log (UnityEngine.LogType,object)
UnityEngine.Debug:LogWarning (object)
 .  / :MoveNext ()
System.Runtime.CompilerServices.AsyncVoidMethodBuilder:Start< .  / > ( .  / &)
 .  :  ()
 .⁪/ :MoveNext ()
System.Runtime.CompilerServices.AsyncTaskMethodBuilder:Start< .⁪/ > ( .⁪/ &)
 .⁪:  ()
System.Reflection.RuntimeMethodInfo:Invoke (object,System.Reflection.BindingFlags,System.Reflection.Binder,object[],System.Globalization.CultureInfo)
System.Reflection.MethodBase:Invoke (object,object[])
UnityEditor.EditorAssemblies:ProcessInitializeOnLoadMethodAttributes ()

Mono: successfully reloaded assembly
- Finished resetting the current domain, in  0.990 seconds
Domain Reload Profiling: 1425ms
	BeginReloadAssembly (152ms)
		ExecutionOrderSort (0ms)
		DisableScriptedObjects (5ms)
		BackupInstance (0ms)
		ReleaseScriptingObjects (0ms)
		CreateAndSetChildDomain (31ms)
	RebuildCommonClasses (33ms)
	RebuildNativeTypeToScriptingClass (10ms)
	initialDomainReloadingComplete (27ms)
	LoadAllAssembliesAndSetupDomain (213ms)
		LoadAssemblies (280ms)
		RebuildTransferFunctionScriptingTraits (0ms)
		AnalyzeDomain (16ms)
			TypeCache.Refresh (6ms)
				TypeCache.ScanAssembly (0ms)
			ScanForSourceGeneratedMonoScriptInfo (0ms)
			ResolveRequiredComponents (6ms)
	FinalizeReload (991ms)
		ReleaseScriptCaches (0ms)
		RebuildScriptCaches (0ms)
		SetupLoadedEditorAssemblies (560ms)
			LogAssemblyErrors (0ms)
			InitializePlatformSupportModulesInManaged (21ms)
			SetLoadedEditorAssemblies (5ms)
			RefreshPlugins (0ms)
			BeforeProcessingInitializeOnLoad (67ms)
			ProcessInitializeOnLoadAttributes (409ms)
			ProcessInitializeOnLoadMethodAttributes (53ms)
			AfterProcessingInitializeOnLoad (5ms)
			EditorAssembliesLoaded (0ms)
		ExecutionOrderSort2 (0ms)
		AwakeInstancesAfterBackupRestoration (9ms)
Refreshing native plugins compatible for Editor in 5.17 ms, found 6 plugins.
Preloading 0 native plugins for Editor in 0.00 ms.
Release of invalid GC handle. The handle is from a previous domain. The release operation is skipped.
Release of invalid GC handle native callstack: 
0x00007ff79e68424d (Unity) StackWalker::GetCurrentCallstack
0x00007ff79e689329 (Unity) StackWalker::ShowCallstack
0x00007ff79f67dae1 (Unity) GetStacktrace
0x00007ff79e57f20d (Unity) ScriptingGCHandle::ReleaseAndClear
0x00007ff79eb4748c (Unity) UploadHandlerRaw::`vector deleting destructor'
0x00007ff79eb4803d (Unity) UploadHandler::Release
0x00007ff79eb448dd (Unity) UnityWebRequestProto<UnityWebRequestTransport,AtomicRefCounter,RedirectHelper,ResponseHelper,DownloadHandler,UploadHandler,CertificateHandler,HeaderHelper,AsyncOperation>::~UnityWebRequestProto<UnityWebRequestTransport,AtomicRefCounter,RedirectHelper,ResponseHelper,DownloadHandler,UploadHandler,CertificateHandler,HeaderHelper,AsyncOperation>
0x00007ff79eb44bd6 (Unity) UnityWebRequest::`vector deleting destructor'
0x00007ff79d894b77 (Unity) UnityWebRequestProto<UnityWebRequestTransport,AtomicRefCounter,RedirectHelper,ResponseHelper,DownloadHandler,UploadHandler,CertificateHandler,HeaderHelper,AsyncOperation>::Release
0x00007ff79eb46605 (Unity) UnityWebRequestAsyncOperation::InvokeCoroutine
0x00007ff79eb467e1 (Unity) UnityWebRequestProto<UnityWebRequestTransport,AtomicRefCounter,RedirectHelper,ResponseHelper,DownloadHandler,UploadHandler,CertificateHandler,HeaderHelper,AsyncOperation>::Job_InvokeCoroutine
0x00007ff79e1ab54a (Unity) BackgroundJobQueue::ExecuteMainThreadJobs
0x00007ff79e26005f (Unity) PreloadManager::WaitForAllAsyncOperationsToComplete
0x00007ff79fa23af8 (Unity) <lambda_b37b41f03089e3cb3f55061bbc93253d>::operator()
0x00007ff79fa5f422 (Unity) asio::detail::completion_handler<core::mutable_function<void __cdecl(void)>,asio::io_context::basic_executor_type<std::allocator<void>,0> >::do_complete
0x00007ff79fa4b3ce (Unity) asio::detail::win_iocp_io_context::do_one
0x00007ff79fa4d034 (Unity) asio::detail::win_iocp_io_context::run
0x00007ff79fa5d7cc (Unity) IOService::Run
0x00007ff79fa30c2f (Unity) AssetImportWorkerClient::Run
0x00007ff79f9fc3d7 (Unity) RunAssetImportWorkerClientV2
0x00007ff79f9fc45b (Unity) RunAssetImporterV2
0x00007ff79f1f31de (Unity) Application::InitializeProject
0x00007ff79f688795 (Unity) WinMain
0x00007ff7a0a535ce (Unity) __scrt_common_main_seh
0x00007ffa8b87e8d7 (KERNEL32) BaseThreadInitThunk
0x00007ffa8c1714fc (ntdll) RtlUserThreadStart
Unloading 3379 Unused Serialized files (Serialized files now loaded: 0)
Unloading 39 unused Assets / (1.0 MB). Loaded Objects now: 4277.
Memory consumption went from 146.6 MB to 145.5 MB.
Total: 5.109700 ms (FindLiveObjects: 0.241000 ms CreateObjectMapping: 0.099800 ms MarkObjects: 4.307400 ms  DeleteObjects: 0.459800 ms)

Prepare: number of updated asset objects reloaded= 0
AssetImportParameters requested are different than current active one (requested -> active):
  custom:container-demuxer-ogg: 62fdf1f143b41e24485cea50d1cbac27 -> 
  custom:scripting/monoscript/fileName/Tree.cs: dca7474b58f05e1dc61bb9deb148038d -> 
  custom:video-codec-MediaFoundation-h265: 746d11721c4dcdbdad8f713fa42b33f4 -> 
  custom:video-decoder-ogg-theora: a1e56fd34408186e4bbccfd4996cb3dc -> 
  custom:scripting/monoscript/fileName/Timber.cs: e3f520cc8fc09857160dc689c53c79e7 -> 
  custom:framework-win-MediaFoundation: 216162199b28c13a410421893ffa2e32 -> 
  custom:scripting/monoscript/fileName/Money.cs: 9c40cb0a308c8e4e1f5815ebef98078a -> 
  custom:CustomObjectIndexerAttribute: 9a22284fe3817be447336de3de66b15e -> 
  custom:scripting/monoscript/fileName/FillableBar3D.cs: dad0baecc7b65c10f77033a02afb998c -> 
  custom:scripting/monoscript/fileName/ArrowController.cs: 1a447edfdb5484109c0662398b0d2a4f -> 
  custom:scripting/monoscript/fileName/TimberUnloadPlace.cs: 37128713035f60eb0534808b2759b0fd -> 
  custom:container-demuxer-webm: 4f35f7cbe854078d1ac9338744f61a02 -> 
  custom:container-muxer-webm: aa71ff27fc2769a1b78a27578f13a17b -> 
  custom:video-decoder-webm-vp8: 9c59270c3fd7afecdb556c50c9e8de78 -> 
  custom:SearchIndexIgnoredProperties: e643bd26f0fe6173181afceb89e7c659 -> 
  custom:AudioImporter_EditorPlatform: d09bf68614088b80899f8185d706f6e7 -> 
  custom:video-encoder-webm-vp8: eb34c28f22e8b96e1ab97ce403110664 -> 
  custom:audio-decoder-ogg-vorbis: bf7c407c2cedff20999df2af8eb42d56 -> 
  custom:audio-encoder-webm-vorbis: bf7c407c2cedff20999df2af8eb42d56 -> 
  custom:scripting/precompiled-assembly-types:Assembly-CSharp: c3f5bc0be8f01997d23d363072d8234a -> 898d7dc12b5aaae7dfacee678fc8dd41
========================================================================
Received Prepare
Caller must complete domain reload
Begin MonoManager ReloadAssembly
- Loaded All Assemblies, in  0.443 seconds
Native extension for WindowsStandalone target not found
Native extension for Android target not found
Native extension for WebGL target not found
[Package Manager] Server::EnsureServerProcessIsRunning -- launch failed, reason: Unity was launched with the -noUpm command-line argument
[Package Manager] UpmClient::Send -- Unable to send message (not connected to UPM process).
[Package Manager] Cannot connect to Unity Package Manager local server
Failed to sync packages list
UnityEngine.StackTraceUtility:ExtractStackTrace ()
UnityEngine.DebugLogHandler:LogFormat (UnityEngine.LogType,UnityEngine.Object,string,object[])
UnityEngine.Logger:Log (UnityEngine.LogType,object)
UnityEngine.Debug:LogWarning (object)
 .  / :MoveNext ()
System.Runtime.CompilerServices.AsyncVoidMethodBuilder:Start< .  / > ( .  / &)
 .  :  ()
 .⁪/ :MoveNext ()
System.Runtime.CompilerServices.AsyncTaskMethodBuilder:Start< .⁪/ > ( .⁪/ &)
 .⁪:  ()
System.Reflection.RuntimeMethodInfo:Invoke (object,System.Reflection.BindingFlags,System.Reflection.Binder,object[],System.Globalization.CultureInfo)
System.Reflection.MethodBase:Invoke (object,object[])
UnityEditor.EditorAssemblies:ProcessInitializeOnLoadMethodAttributes ()

Mono: successfully reloaded assembly
- Finished resetting the current domain, in  0.963 seconds
Domain Reload Profiling: 1405ms
	BeginReloadAssembly (150ms)
		ExecutionOrderSort (0ms)
		DisableScriptedObjects (5ms)
		BackupInstance (0ms)
		ReleaseScriptingObjects (0ms)
		CreateAndSetChildDomain (33ms)
	RebuildCommonClasses (32ms)
	RebuildNativeTypeToScriptingClass (15ms)
	initialDomainReloadingComplete (27ms)
	LoadAllAssembliesAndSetupDomain (218ms)
		LoadAssemblies (278ms)
		RebuildTransferFunctionScriptingTraits (0ms)
		AnalyzeDomain (17ms)
			TypeCache.Refresh (6ms)
				TypeCache.ScanAssembly (0ms)
			ScanForSourceGeneratedMonoScriptInfo (0ms)
			ResolveRequiredComponents (8ms)
	FinalizeReload (964ms)
		ReleaseScriptCaches (0ms)
		RebuildScriptCaches (0ms)
		SetupLoadedEditorAssemblies (540ms)
			LogAssemblyErrors (0ms)
			InitializePlatformSupportModulesInManaged (20ms)
			SetLoadedEditorAssemblies (3ms)
			RefreshPlugins (0ms)
			BeforeProcessingInitializeOnLoad (60ms)
			ProcessInitializeOnLoadAttributes (399ms)
			ProcessInitializeOnLoadMethodAttributes (52ms)
			AfterProcessingInitializeOnLoad (6ms)
			EditorAssembliesLoaded (0ms)
		ExecutionOrderSort2 (0ms)
		AwakeInstancesAfterBackupRestoration (7ms)
Refreshing native plugins compatible for Editor in 4.98 ms, found 6 plugins.
Preloading 0 native plugins for Editor in 0.00 ms.
Release of invalid GC handle. The handle is from a previous domain. The release operation is skipped.
Release of invalid GC handle native callstack: 
0x00007ff79e68424d (Unity) StackWalker::GetCurrentCallstack
0x00007ff79e689329 (Unity) StackWalker::ShowCallstack
0x00007ff79f67dae1 (Unity) GetStacktrace
0x00007ff79e57f20d (Unity) ScriptingGCHandle::ReleaseAndClear
0x00007ff79eb4748c (Unity) UploadHandlerRaw::`vector deleting destructor'
0x00007ff79eb4803d (Unity) UploadHandler::Release
0x00007ff79eb448dd (Unity) UnityWebRequestProto<UnityWebRequestTransport,AtomicRefCounter,RedirectHelper,ResponseHelper,DownloadHandler,UploadHandler,CertificateHandler,HeaderHelper,AsyncOperation>::~UnityWebRequestProto<UnityWebRequestTransport,AtomicRefCounter,RedirectHelper,ResponseHelper,DownloadHandler,UploadHandler,CertificateHandler,HeaderHelper,AsyncOperation>
0x00007ff79eb44bd6 (Unity) UnityWebRequest::`vector deleting destructor'
0x00007ff79d894b77 (Unity) UnityWebRequestProto<UnityWebRequestTransport,AtomicRefCounter,RedirectHelper,ResponseHelper,DownloadHandler,UploadHandler,CertificateHandler,HeaderHelper,AsyncOperation>::Release
0x00007ff79eb46605 (Unity) UnityWebRequestAsyncOperation::InvokeCoroutine
0x00007ff79eb467e1 (Unity) UnityWebRequestProto<UnityWebRequestTransport,AtomicRefCounter,RedirectHelper,ResponseHelper,DownloadHandler,UploadHandler,CertificateHandler,HeaderHelper,AsyncOperation>::Job_InvokeCoroutine
0x00007ff79e1ab54a (Unity) BackgroundJobQueue::ExecuteMainThreadJobs
0x00007ff79e26005f (Unity) PreloadManager::WaitForAllAsyncOperationsToComplete
0x00007ff79fa23af8 (Unity) <lambda_b37b41f03089e3cb3f55061bbc93253d>::operator()
0x00007ff79fa5f422 (Unity) asio::detail::completion_handler<core::mutable_function<void __cdecl(void)>,asio::io_context::basic_executor_type<std::allocator<void>,0> >::do_complete
0x00007ff79fa4b3ce (Unity) asio::detail::win_iocp_io_context::do_one
0x00007ff79fa4d034 (Unity) asio::detail::win_iocp_io_context::run
0x00007ff79fa5d7cc (Unity) IOService::Run
0x00007ff79fa30c2f (Unity) AssetImportWorkerClient::Run
0x00007ff79f9fc3d7 (Unity) RunAssetImportWorkerClientV2
0x00007ff79f9fc45b (Unity) RunAssetImporterV2
0x00007ff79f1f31de (Unity) Application::InitializeProject
0x00007ff79f688795 (Unity) WinMain
0x00007ff7a0a535ce (Unity) __scrt_common_main_seh
0x00007ffa8b87e8d7 (KERNEL32) BaseThreadInitThunk
0x00007ffa8c1714fc (ntdll) RtlUserThreadStart
Unloading 3379 Unused Serialized files (Serialized files now loaded: 0)
Unloading 39 unused Assets / (1.0 MB). Loaded Objects now: 4282.
Memory consumption went from 146.7 MB to 145.7 MB.
Total: 4.156400 ms (FindLiveObjects: 0.270800 ms CreateObjectMapping: 0.131300 ms MarkObjects: 3.262400 ms  DeleteObjects: 0.490600 ms)

Prepare: number of updated asset objects reloaded= 0
AssetImportParameters requested are different than current active one (requested -> active):
  custom:container-demuxer-ogg: 62fdf1f143b41e24485cea50d1cbac27 -> 
  custom:scripting/monoscript/fileName/Tree.cs: dca7474b58f05e1dc61bb9deb148038d -> 
  custom:video-codec-MediaFoundation-h265: 746d11721c4dcdbdad8f713fa42b33f4 -> 
  custom:video-decoder-ogg-theora: a1e56fd34408186e4bbccfd4996cb3dc -> 
  custom:scripting/monoscript/fileName/Timber.cs: e3f520cc8fc09857160dc689c53c79e7 -> 
  custom:framework-win-MediaFoundation: 216162199b28c13a410421893ffa2e32 -> 
  custom:scripting/monoscript/fileName/Money.cs: 9c40cb0a308c8e4e1f5815ebef98078a -> 
  custom:CustomObjectIndexerAttribute: 9a22284fe3817be447336de3de66b15e -> 
  custom:scripting/monoscript/fileName/FillableBar3D.cs: dad0baecc7b65c10f77033a02afb998c -> 
  custom:scripting/monoscript/fileName/ArrowController.cs: 1a447edfdb5484109c0662398b0d2a4f -> 
  custom:scripting/monoscript/fileName/TimberUnloadPlace.cs: 37128713035f60eb0534808b2759b0fd -> 
  custom:container-demuxer-webm: 4f35f7cbe854078d1ac9338744f61a02 -> 
  custom:container-muxer-webm: aa71ff27fc2769a1b78a27578f13a17b -> 
  custom:video-decoder-webm-vp8: 9c59270c3fd7afecdb556c50c9e8de78 -> 
  custom:SearchIndexIgnoredProperties: e643bd26f0fe6173181afceb89e7c659 -> 
  custom:AudioImporter_EditorPlatform: d09bf68614088b80899f8185d706f6e7 -> 
  custom:video-encoder-webm-vp8: eb34c28f22e8b96e1ab97ce403110664 -> 
  custom:audio-decoder-ogg-vorbis: bf7c407c2cedff20999df2af8eb42d56 -> 
  custom:audio-encoder-webm-vorbis: bf7c407c2cedff20999df2af8eb42d56 -> 
  custom:scripting/precompiled-assembly-types:Assembly-CSharp: c3f5bc0be8f01997d23d363072d8234a -> 898d7dc12b5aaae7dfacee678fc8dd41
========================================================================
Received Prepare
Caller must complete domain reload
Begin MonoManager ReloadAssembly
- Loaded All Assemblies, in  0.429 seconds
Native extension for WindowsStandalone target not found
Native extension for Android target not found
Native extension for WebGL target not found
[Package Manager] Server::EnsureServerProcessIsRunning -- launch failed, reason: Unity was launched with the -noUpm command-line argument
[Package Manager] UpmClient::Send -- Unable to send message (not connected to UPM process).
[Package Manager] Cannot connect to Unity Package Manager local server
Failed to sync packages list
UnityEngine.StackTraceUtility:ExtractStackTrace ()
UnityEngine.DebugLogHandler:LogFormat (UnityEngine.LogType,UnityEngine.Object,string,object[])
UnityEngine.Logger:Log (UnityEngine.LogType,object)
UnityEngine.Debug:LogWarning (object)
 .  / :MoveNext ()
System.Runtime.CompilerServices.AsyncVoidMethodBuilder:Start< .  / > ( .  / &)
 .  :  ()
 .⁪/ :MoveNext ()
System.Runtime.CompilerServices.AsyncTaskMethodBuilder:Start< .⁪/ > ( .⁪/ &)
 .⁪:  ()
System.Reflection.RuntimeMethodInfo:Invoke (object,System.Reflection.BindingFlags,System.Reflection.Binder,object[],System.Globalization.CultureInfo)
System.Reflection.MethodBase:Invoke (object,object[])
UnityEditor.EditorAssemblies:ProcessInitializeOnLoadMethodAttributes ()

Mono: successfully reloaded assembly
- Finished resetting the current domain, in  0.992 seconds
Domain Reload Profiling: 1420ms
	BeginReloadAssembly (145ms)
		ExecutionOrderSort (0ms)
		DisableScriptedObjects (5ms)
		BackupInstance (0ms)
		ReleaseScriptingObjects (0ms)
		CreateAndSetChildDomain (32ms)
	RebuildCommonClasses (41ms)
	RebuildNativeTypeToScriptingClass (10ms)
	initialDomainReloadingComplete (26ms)
	LoadAllAssembliesAndSetupDomain (206ms)
		LoadAssemblies (267ms)
		RebuildTransferFunctionScriptingTraits (0ms)
		AnalyzeDomain (15ms)
			TypeCache.Refresh (6ms)
				TypeCache.ScanAssembly (0ms)
			ScanForSourceGeneratedMonoScriptInfo (0ms)
			ResolveRequiredComponents (6ms)
	FinalizeReload (993ms)
		ReleaseScriptCaches (0ms)
		RebuildScriptCaches (0ms)
		SetupLoadedEditorAssemblies (546ms)
			LogAssemblyErrors (0ms)
			InitializePlatformSupportModulesInManaged (22ms)
			SetLoadedEditorAssemblies (4ms)
			RefreshPlugins (0ms)
			BeforeProcessingInitializeOnLoad (61ms)
			ProcessInitializeOnLoadAttributes (398ms)
			ProcessInitializeOnLoadMethodAttributes (56ms)
			AfterProcessingInitializeOnLoad (4ms)
			EditorAssembliesLoaded (0ms)
		ExecutionOrderSort2 (0ms)
		AwakeInstancesAfterBackupRestoration (8ms)
Refreshing native plugins compatible for Editor in 5.06 ms, found 6 plugins.
Preloading 0 native plugins for Editor in 0.00 ms.
Release of invalid GC handle. The handle is from a previous domain. The release operation is skipped.
Release of invalid GC handle native callstack: 
0x00007ff79e68424d (Unity) StackWalker::GetCurrentCallstack
0x00007ff79e689329 (Unity) StackWalker::ShowCallstack
0x00007ff79f67dae1 (Unity) GetStacktrace
0x00007ff79e57f20d (Unity) ScriptingGCHandle::ReleaseAndClear
0x00007ff79eb4748c (Unity) UploadHandlerRaw::`vector deleting destructor'
0x00007ff79eb4803d (Unity) UploadHandler::Release
0x00007ff79eb448dd (Unity) UnityWebRequestProto<UnityWebRequestTransport,AtomicRefCounter,RedirectHelper,ResponseHelper,DownloadHandler,UploadHandler,CertificateHandler,HeaderHelper,AsyncOperation>::~UnityWebRequestProto<UnityWebRequestTransport,AtomicRefCounter,RedirectHelper,ResponseHelper,DownloadHandler,UploadHandler,CertificateHandler,HeaderHelper,AsyncOperation>
0x00007ff79eb44bd6 (Unity) UnityWebRequest::`vector deleting destructor'
0x00007ff79d894b77 (Unity) UnityWebRequestProto<UnityWebRequestTransport,AtomicRefCounter,RedirectHelper,ResponseHelper,DownloadHandler,UploadHandler,CertificateHandler,HeaderHelper,AsyncOperation>::Release
0x00007ff79eb46605 (Unity) UnityWebRequestAsyncOperation::InvokeCoroutine
0x00007ff79eb467e1 (Unity) UnityWebRequestProto<UnityWebRequestTransport,AtomicRefCounter,RedirectHelper,ResponseHelper,DownloadHandler,UploadHandler,CertificateHandler,HeaderHelper,AsyncOperation>::Job_InvokeCoroutine
0x00007ff79e1ab54a (Unity) BackgroundJobQueue::ExecuteMainThreadJobs
0x00007ff79e26005f (Unity) PreloadManager::WaitForAllAsyncOperationsToComplete
0x00007ff79fa23af8 (Unity) <lambda_b37b41f03089e3cb3f55061bbc93253d>::operator()
0x00007ff79fa5f422 (Unity) asio::detail::completion_handler<core::mutable_function<void __cdecl(void)>,asio::io_context::basic_executor_type<std::allocator<void>,0> >::do_complete
0x00007ff79fa4b3ce (Unity) asio::detail::win_iocp_io_context::do_one
0x00007ff79fa4d034 (Unity) asio::detail::win_iocp_io_context::run
0x00007ff79fa5d7cc (Unity) IOService::Run
0x00007ff79fa30c2f (Unity) AssetImportWorkerClient::Run
0x00007ff79f9fc3d7 (Unity) RunAssetImportWorkerClientV2
0x00007ff79f9fc45b (Unity) RunAssetImporterV2
0x00007ff79f1f31de (Unity) Application::InitializeProject
0x00007ff79f688795 (Unity) WinMain
0x00007ff7a0a535ce (Unity) __scrt_common_main_seh
0x00007ffa8b87e8d7 (KERNEL32) BaseThreadInitThunk
0x00007ffa8c1714fc (ntdll) RtlUserThreadStart
Unloading 3379 Unused Serialized files (Serialized files now loaded: 0)
Unloading 39 unused Assets / (1.0 MB). Loaded Objects now: 4287.
Memory consumption went from 146.9 MB to 145.9 MB.
Total: 5.415300 ms (FindLiveObjects: 0.250100 ms CreateObjectMapping: 0.102600 ms MarkObjects: 4.361800 ms  DeleteObjects: 0.698900 ms)

Prepare: number of updated asset objects reloaded= 0
AssetImportParameters requested are different than current active one (requested -> active):
  custom:container-demuxer-ogg: 62fdf1f143b41e24485cea50d1cbac27 -> 
  custom:scripting/monoscript/fileName/Tree.cs: dca7474b58f05e1dc61bb9deb148038d -> 
  custom:video-codec-MediaFoundation-h265: 746d11721c4dcdbdad8f713fa42b33f4 -> 
  custom:video-decoder-ogg-theora: a1e56fd34408186e4bbccfd4996cb3dc -> 
  custom:scripting/monoscript/fileName/Timber.cs: e3f520cc8fc09857160dc689c53c79e7 -> 
  custom:framework-win-MediaFoundation: 216162199b28c13a410421893ffa2e32 -> 
  custom:scripting/monoscript/fileName/Money.cs: 9c40cb0a308c8e4e1f5815ebef98078a -> 
  custom:CustomObjectIndexerAttribute: 9a22284fe3817be447336de3de66b15e -> 
  custom:scripting/monoscript/fileName/FillableBar3D.cs: dad0baecc7b65c10f77033a02afb998c -> 
  custom:scripting/monoscript/fileName/ArrowController.cs: 1a447edfdb5484109c0662398b0d2a4f -> 
  custom:scripting/monoscript/fileName/TimberUnloadPlace.cs: 37128713035f60eb0534808b2759b0fd -> 
  custom:container-demuxer-webm: 4f35f7cbe854078d1ac9338744f61a02 -> 
  custom:container-muxer-webm: aa71ff27fc2769a1b78a27578f13a17b -> 
  custom:video-decoder-webm-vp8: 9c59270c3fd7afecdb556c50c9e8de78 -> 
  custom:SearchIndexIgnoredProperties: e643bd26f0fe6173181afceb89e7c659 -> 
  custom:AudioImporter_EditorPlatform: d09bf68614088b80899f8185d706f6e7 -> 
  custom:video-encoder-webm-vp8: eb34c28f22e8b96e1ab97ce403110664 -> 
  custom:audio-decoder-ogg-vorbis: bf7c407c2cedff20999df2af8eb42d56 -> 
  custom:audio-encoder-webm-vorbis: bf7c407c2cedff20999df2af8eb42d56 -> 
  custom:scripting/precompiled-assembly-types:Assembly-CSharp: c3f5bc0be8f01997d23d363072d8234a -> 898d7dc12b5aaae7dfacee678fc8dd41
========================================================================
Received Prepare
Caller must complete domain reload
Begin MonoManager ReloadAssembly
- Loaded All Assemblies, in  0.515 seconds
Native extension for WindowsStandalone target not found
Native extension for Android target not found
Native extension for WebGL target not found
[Package Manager] Server::EnsureServerProcessIsRunning -- launch failed, reason: Unity was launched with the -noUpm command-line argument
[Package Manager] UpmClient::Send -- Unable to send message (not connected to UPM process).
[Package Manager] Cannot connect to Unity Package Manager local server
Failed to sync packages list
UnityEngine.StackTraceUtility:ExtractStackTrace ()
UnityEngine.DebugLogHandler:LogFormat (UnityEngine.LogType,UnityEngine.Object,string,object[])
UnityEngine.Logger:Log (UnityEngine.LogType,object)
UnityEngine.Debug:LogWarning (object)
 .  / :MoveNext ()
System.Runtime.CompilerServices.AsyncVoidMethodBuilder:Start< .  / > ( .  / &)
 .  :  ()
 .⁪/ :MoveNext ()
System.Runtime.CompilerServices.AsyncTaskMethodBuilder:Start< .⁪/ > ( .⁪/ &)
 .⁪:  ()
System.Reflection.RuntimeMethodInfo:Invoke (object,System.Reflection.BindingFlags,System.Reflection.Binder,object[],System.Globalization.CultureInfo)
System.Reflection.MethodBase:Invoke (object,object[])
UnityEditor.EditorAssemblies:ProcessInitializeOnLoadMethodAttributes ()

Mono: successfully reloaded assembly
- Finished resetting the current domain, in  0.961 seconds
Domain Reload Profiling: 1474ms
	BeginReloadAssembly (172ms)
		ExecutionOrderSort (0ms)
		DisableScriptedObjects (5ms)
		BackupInstance (0ms)
		ReleaseScriptingObjects (0ms)
		CreateAndSetChildDomain (35ms)
	RebuildCommonClasses (44ms)
	RebuildNativeTypeToScriptingClass (13ms)
	initialDomainReloadingComplete (31ms)
	LoadAllAssembliesAndSetupDomain (253ms)
		LoadAssemblies (319ms)
		RebuildTransferFunctionScriptingTraits (0ms)
		AnalyzeDomain (27ms)
			TypeCache.Refresh (9ms)
				TypeCache.ScanAssembly (0ms)
			ScanForSourceGeneratedMonoScriptInfo (7ms)
			ResolveRequiredComponents (9ms)
	FinalizeReload (961ms)
		ReleaseScriptCaches (0ms)
		RebuildScriptCaches (0ms)
		SetupLoadedEditorAssemblies (544ms)
			LogAssemblyErrors (0ms)
			InitializePlatformSupportModulesInManaged (22ms)
			SetLoadedEditorAssemblies (4ms)
			RefreshPlugins (0ms)
			BeforeProcessingInitializeOnLoad (61ms)
			ProcessInitializeOnLoadAttributes (399ms)
			ProcessInitializeOnLoadMethodAttributes (53ms)
			AfterProcessingInitializeOnLoad (5ms)
			EditorAssembliesLoaded (0ms)
		ExecutionOrderSort2 (0ms)
		AwakeInstancesAfterBackupRestoration (7ms)
Refreshing native plugins compatible for Editor in 6.26 ms, found 6 plugins.
Preloading 0 native plugins for Editor in 0.00 ms.
Release of invalid GC handle. The handle is from a previous domain. The release operation is skipped.
Release of invalid GC handle native callstack: 
0x00007ff79e68424d (Unity) StackWalker::GetCurrentCallstack
0x00007ff79e689329 (Unity) StackWalker::ShowCallstack
0x00007ff79f67dae1 (Unity) GetStacktrace
0x00007ff79e57f20d (Unity) ScriptingGCHandle::ReleaseAndClear
0x00007ff79eb4748c (Unity) UploadHandlerRaw::`vector deleting destructor'
0x00007ff79eb4803d (Unity) UploadHandler::Release
0x00007ff79eb448dd (Unity) UnityWebRequestProto<UnityWebRequestTransport,AtomicRefCounter,RedirectHelper,ResponseHelper,DownloadHandler,UploadHandler,CertificateHandler,HeaderHelper,AsyncOperation>::~UnityWebRequestProto<UnityWebRequestTransport,AtomicRefCounter,RedirectHelper,ResponseHelper,DownloadHandler,UploadHandler,CertificateHandler,HeaderHelper,AsyncOperation>
0x00007ff79eb44bd6 (Unity) UnityWebRequest::`vector deleting destructor'
0x00007ff79d894b77 (Unity) UnityWebRequestProto<UnityWebRequestTransport,AtomicRefCounter,RedirectHelper,ResponseHelper,DownloadHandler,UploadHandler,CertificateHandler,HeaderHelper,AsyncOperation>::Release
0x00007ff79eb46605 (Unity) UnityWebRequestAsyncOperation::InvokeCoroutine
0x00007ff79eb467e1 (Unity) UnityWebRequestProto<UnityWebRequestTransport,AtomicRefCounter,RedirectHelper,ResponseHelper,DownloadHandler,UploadHandler,CertificateHandler,HeaderHelper,AsyncOperation>::Job_InvokeCoroutine
0x00007ff79e1ab54a (Unity) BackgroundJobQueue::ExecuteMainThreadJobs
0x00007ff79e26005f (Unity) PreloadManager::WaitForAllAsyncOperationsToComplete
0x00007ff79fa23af8 (Unity) <lambda_b37b41f03089e3cb3f55061bbc93253d>::operator()
0x00007ff79fa5f422 (Unity) asio::detail::completion_handler<core::mutable_function<void __cdecl(void)>,asio::io_context::basic_executor_type<std::allocator<void>,0> >::do_complete
0x00007ff79fa4b3ce (Unity) asio::detail::win_iocp_io_context::do_one
0x00007ff79fa4d034 (Unity) asio::detail::win_iocp_io_context::run
0x00007ff79fa5d7cc (Unity) IOService::Run
0x00007ff79fa30c2f (Unity) AssetImportWorkerClient::Run
0x00007ff79f9fc3d7 (Unity) RunAssetImportWorkerClientV2
0x00007ff79f9fc45b (Unity) RunAssetImporterV2
0x00007ff79f1f31de (Unity) Application::InitializeProject
0x00007ff79f688795 (Unity) WinMain
0x00007ff7a0a535ce (Unity) __scrt_common_main_seh
0x00007ffa8b87e8d7 (KERNEL32) BaseThreadInitThunk
0x00007ffa8c1714fc (ntdll) RtlUserThreadStart
Unloading 3379 Unused Serialized files (Serialized files now loaded: 0)
Unloading 39 unused Assets / (1.0 MB). Loaded Objects now: 4292.
Memory consumption went from 147.0 MB to 146.0 MB.
Total: 4.220200 ms (FindLiveObjects: 0.240200 ms CreateObjectMapping: 0.099000 ms MarkObjects: 3.428100 ms  DeleteObjects: 0.451500 ms)

Prepare: number of updated asset objects reloaded= 0
AssetImportParameters requested are different than current active one (requested -> active):
  custom:container-demuxer-ogg: 62fdf1f143b41e24485cea50d1cbac27 -> 
  custom:scripting/monoscript/fileName/Tree.cs: dca7474b58f05e1dc61bb9deb148038d -> 
  custom:video-codec-MediaFoundation-h265: 746d11721c4dcdbdad8f713fa42b33f4 -> 
  custom:video-decoder-ogg-theora: a1e56fd34408186e4bbccfd4996cb3dc -> 
  custom:scripting/monoscript/fileName/Timber.cs: e3f520cc8fc09857160dc689c53c79e7 -> 
  custom:framework-win-MediaFoundation: 216162199b28c13a410421893ffa2e32 -> 
  custom:scripting/monoscript/fileName/Money.cs: 9c40cb0a308c8e4e1f5815ebef98078a -> 
  custom:CustomObjectIndexerAttribute: 9a22284fe3817be447336de3de66b15e -> 
  custom:scripting/monoscript/fileName/FillableBar3D.cs: dad0baecc7b65c10f77033a02afb998c -> 
  custom:scripting/monoscript/fileName/ArrowController.cs: 1a447edfdb5484109c0662398b0d2a4f -> 
  custom:scripting/monoscript/fileName/TimberUnloadPlace.cs: 37128713035f60eb0534808b2759b0fd -> 
  custom:container-demuxer-webm: 4f35f7cbe854078d1ac9338744f61a02 -> 
  custom:container-muxer-webm: aa71ff27fc2769a1b78a27578f13a17b -> 
  custom:video-decoder-webm-vp8: 9c59270c3fd7afecdb556c50c9e8de78 -> 
  custom:SearchIndexIgnoredProperties: e643bd26f0fe6173181afceb89e7c659 -> 
  custom:AudioImporter_EditorPlatform: d09bf68614088b80899f8185d706f6e7 -> 
  custom:video-encoder-webm-vp8: eb34c28f22e8b96e1ab97ce403110664 -> 
  custom:audio-decoder-ogg-vorbis: bf7c407c2cedff20999df2af8eb42d56 -> 
  custom:audio-encoder-webm-vorbis: bf7c407c2cedff20999df2af8eb42d56 -> 
  custom:scripting/precompiled-assembly-types:Assembly-CSharp: c3f5bc0be8f01997d23d363072d8234a -> 898d7dc12b5aaae7dfacee678fc8dd41
========================================================================
Received Prepare
Caller must complete domain reload
Begin MonoManager ReloadAssembly
- Loaded All Assemblies, in  0.441 seconds
Native extension for WindowsStandalone target not found
Native extension for Android target not found
Native extension for WebGL target not found
[Package Manager] Server::EnsureServerProcessIsRunning -- launch failed, reason: Unity was launched with the -noUpm command-line argument
[Package Manager] UpmClient::Send -- Unable to send message (not connected to UPM process).
[Package Manager] Cannot connect to Unity Package Manager local server
Failed to sync packages list
UnityEngine.StackTraceUtility:ExtractStackTrace ()
UnityEngine.DebugLogHandler:LogFormat (UnityEngine.LogType,UnityEngine.Object,string,object[])
UnityEngine.Logger:Log (UnityEngine.LogType,object)
UnityEngine.Debug:LogWarning (object)
 .  / :MoveNext ()
System.Runtime.CompilerServices.AsyncVoidMethodBuilder:Start< .  / > ( .  / &)
 .  :  ()
 .⁪/ :MoveNext ()
System.Runtime.CompilerServices.AsyncTaskMethodBuilder:Start< .⁪/ > ( .⁪/ &)
 .⁪:  ()
System.Reflection.RuntimeMethodInfo:Invoke (object,System.Reflection.BindingFlags,System.Reflection.Binder,object[],System.Globalization.CultureInfo)
System.Reflection.MethodBase:Invoke (object,object[])
UnityEditor.EditorAssemblies:ProcessInitializeOnLoadMethodAttributes ()

Mono: successfully reloaded assembly
- Finished resetting the current domain, in  0.925 seconds
Domain Reload Profiling: 1365ms
	BeginReloadAssembly (157ms)
		ExecutionOrderSort (0ms)
		DisableScriptedObjects (5ms)
		BackupInstance (0ms)
		ReleaseScriptingObjects (0ms)
		CreateAndSetChildDomain (36ms)
	RebuildCommonClasses (32ms)
	RebuildNativeTypeToScriptingClass (14ms)
	initialDomainReloadingComplete (29ms)
	LoadAllAssembliesAndSetupDomain (208ms)
		LoadAssemblies (275ms)
		RebuildTransferFunctionScriptingTraits (0ms)
		AnalyzeDomain (15ms)
			TypeCache.Refresh (6ms)
				TypeCache.ScanAssembly (0ms)
			ScanForSourceGeneratedMonoScriptInfo (0ms)
			ResolveRequiredComponents (6ms)
	FinalizeReload (925ms)
		ReleaseScriptCaches (0ms)
		RebuildScriptCaches (0ms)
		SetupLoadedEditorAssemblies (524ms)
			LogAssemblyErrors (0ms)
			InitializePlatformSupportModulesInManaged (20ms)
			SetLoadedEditorAssemblies (4ms)
			RefreshPlugins (0ms)
			BeforeProcessingInitializeOnLoad (61ms)
			ProcessInitializeOnLoadAttributes (385ms)
			ProcessInitializeOnLoadMethodAttributes (50ms)
			AfterProcessingInitializeOnLoad (4ms)
			EditorAssembliesLoaded (0ms)
		ExecutionOrderSort2 (0ms)
		AwakeInstancesAfterBackupRestoration (7ms)
Refreshing native plugins compatible for Editor in 5.22 ms, found 6 plugins.
Preloading 0 native plugins for Editor in 0.00 ms.
Release of invalid GC handle. The handle is from a previous domain. The release operation is skipped.
Release of invalid GC handle native callstack: 
0x00007ff79e68424d (Unity) StackWalker::GetCurrentCallstack
0x00007ff79e689329 (Unity) StackWalker::ShowCallstack
0x00007ff79f67dae1 (Unity) GetStacktrace
0x00007ff79e57f20d (Unity) ScriptingGCHandle::ReleaseAndClear
0x00007ff79eb4748c (Unity) UploadHandlerRaw::`vector deleting destructor'
0x00007ff79eb4803d (Unity) UploadHandler::Release
0x00007ff79eb448dd (Unity) UnityWebRequestProto<UnityWebRequestTransport,AtomicRefCounter,RedirectHelper,ResponseHelper,DownloadHandler,UploadHandler,CertificateHandler,HeaderHelper,AsyncOperation>::~UnityWebRequestProto<UnityWebRequestTransport,AtomicRefCounter,RedirectHelper,ResponseHelper,DownloadHandler,UploadHandler,CertificateHandler,HeaderHelper,AsyncOperation>
0x00007ff79eb44bd6 (Unity) UnityWebRequest::`vector deleting destructor'
0x00007ff79d894b77 (Unity) UnityWebRequestProto<UnityWebRequestTransport,AtomicRefCounter,RedirectHelper,ResponseHelper,DownloadHandler,UploadHandler,CertificateHandler,HeaderHelper,AsyncOperation>::Release
0x00007ff79eb46605 (Unity) UnityWebRequestAsyncOperation::InvokeCoroutine
0x00007ff79eb467e1 (Unity) UnityWebRequestProto<UnityWebRequestTransport,AtomicRefCounter,RedirectHelper,ResponseHelper,DownloadHandler,UploadHandler,CertificateHandler,HeaderHelper,AsyncOperation>::Job_InvokeCoroutine
0x00007ff79e1ab54a (Unity) BackgroundJobQueue::ExecuteMainThreadJobs
0x00007ff79e26005f (Unity) PreloadManager::WaitForAllAsyncOperationsToComplete
0x00007ff79fa23af8 (Unity) <lambda_b37b41f03089e3cb3f55061bbc93253d>::operator()
0x00007ff79fa5f422 (Unity) asio::detail::completion_handler<core::mutable_function<void __cdecl(void)>,asio::io_context::basic_executor_type<std::allocator<void>,0> >::do_complete
0x00007ff79fa4b3ce (Unity) asio::detail::win_iocp_io_context::do_one
0x00007ff79fa4d034 (Unity) asio::detail::win_iocp_io_context::run
0x00007ff79fa5d7cc (Unity) IOService::Run
0x00007ff79fa30c2f (Unity) AssetImportWorkerClient::Run
0x00007ff79f9fc3d7 (Unity) RunAssetImportWorkerClientV2
0x00007ff79f9fc45b (Unity) RunAssetImporterV2
0x00007ff79f1f31de (Unity) Application::InitializeProject
0x00007ff79f688795 (Unity) WinMain
0x00007ff7a0a535ce (Unity) __scrt_common_main_seh
0x00007ffa8b87e8d7 (KERNEL32) BaseThreadInitThunk
0x00007ffa8c1714fc (ntdll) RtlUserThreadStart
Unloading 3379 Unused Serialized files (Serialized files now loaded: 0)
Unloading 39 unused Assets / (1.0 MB). Loaded Objects now: 4297.
Memory consumption went from 147.2 MB to 146.2 MB.
Total: 4.789600 ms (FindLiveObjects: 0.368600 ms CreateObjectMapping: 0.093000 ms MarkObjects: 3.708700 ms  DeleteObjects: 0.617500 ms)

Prepare: number of updated asset objects reloaded= 0
AssetImportParameters requested are different than current active one (requested -> active):
  custom:container-demuxer-ogg: 62fdf1f143b41e24485cea50d1cbac27 -> 
  custom:scripting/monoscript/fileName/Tree.cs: dca7474b58f05e1dc61bb9deb148038d -> 
  custom:video-codec-MediaFoundation-h265: 746d11721c4dcdbdad8f713fa42b33f4 -> 
  custom:video-decoder-ogg-theora: a1e56fd34408186e4bbccfd4996cb3dc -> 
  custom:scripting/monoscript/fileName/Timber.cs: e3f520cc8fc09857160dc689c53c79e7 -> 
  custom:framework-win-MediaFoundation: 216162199b28c13a410421893ffa2e32 -> 
  custom:scripting/monoscript/fileName/Money.cs: 9c40cb0a308c8e4e1f5815ebef98078a -> 
  custom:CustomObjectIndexerAttribute: 9a22284fe3817be447336de3de66b15e -> 
  custom:scripting/monoscript/fileName/FillableBar3D.cs: dad0baecc7b65c10f77033a02afb998c -> 
  custom:scripting/monoscript/fileName/ArrowController.cs: 1a447edfdb5484109c0662398b0d2a4f -> 
  custom:scripting/monoscript/fileName/TimberUnloadPlace.cs: 37128713035f60eb0534808b2759b0fd -> 
  custom:container-demuxer-webm: 4f35f7cbe854078d1ac9338744f61a02 -> 
  custom:container-muxer-webm: aa71ff27fc2769a1b78a27578f13a17b -> 
  custom:video-decoder-webm-vp8: 9c59270c3fd7afecdb556c50c9e8de78 -> 
  custom:SearchIndexIgnoredProperties: e643bd26f0fe6173181afceb89e7c659 -> 
  custom:AudioImporter_EditorPlatform: d09bf68614088b80899f8185d706f6e7 -> 
  custom:video-encoder-webm-vp8: eb34c28f22e8b96e1ab97ce403110664 -> 
  custom:audio-decoder-ogg-vorbis: bf7c407c2cedff20999df2af8eb42d56 -> 
  custom:audio-encoder-webm-vorbis: bf7c407c2cedff20999df2af8eb42d56 -> 
  custom:scripting/precompiled-assembly-types:Assembly-CSharp: c3f5bc0be8f01997d23d363072d8234a -> 898d7dc12b5aaae7dfacee678fc8dd41
========================================================================
Received Prepare
Caller must complete domain reload
Begin MonoManager ReloadAssembly
- Loaded All Assemblies, in  0.960 seconds
Native extension for WindowsStandalone target not found
Native extension for Android target not found
Native extension for WebGL target not found
[Package Manager] Server::EnsureServerProcessIsRunning -- launch failed, reason: Unity was launched with the -noUpm command-line argument
[Package Manager] UpmClient::Send -- Unable to send message (not connected to UPM process).
[Package Manager] Cannot connect to Unity Package Manager local server
Failed to sync packages list
UnityEngine.StackTraceUtility:ExtractStackTrace ()
UnityEngine.DebugLogHandler:LogFormat (UnityEngine.LogType,UnityEngine.Object,string,object[])
UnityEngine.Logger:Log (UnityEngine.LogType,object)
UnityEngine.Debug:LogWarning (object)
 .  / :MoveNext ()
System.Runtime.CompilerServices.AsyncVoidMethodBuilder:Start< .  / > ( .  / &)
 .  :  ()
 .⁪/ :MoveNext ()
System.Runtime.CompilerServices.AsyncTaskMethodBuilder:Start< .⁪/ > ( .⁪/ &)
 .⁪:  ()
System.Reflection.RuntimeMethodInfo:Invoke (object,System.Reflection.BindingFlags,System.Reflection.Binder,object[],System.Globalization.CultureInfo)
System.Reflection.MethodBase:Invoke (object,object[])
UnityEditor.EditorAssemblies:ProcessInitializeOnLoadMethodAttributes ()

Mono: successfully reloaded assembly
- Finished resetting the current domain, in  2.071 seconds
Domain Reload Profiling: 3024ms
	BeginReloadAssembly (320ms)
		ExecutionOrderSort (0ms)
		DisableScriptedObjects (14ms)
		BackupInstance (0ms)
		ReleaseScriptingObjects (0ms)
		CreateAndSetChildDomain (58ms)
	RebuildCommonClasses (79ms)
	RebuildNativeTypeToScriptingClass (21ms)
	initialDomainReloadingComplete (64ms)
	LoadAllAssembliesAndSetupDomain (469ms)
		LoadAssemblies (609ms)
		RebuildTransferFunctionScriptingTraits (0ms)
		AnalyzeDomain (44ms)
			TypeCache.Refresh (15ms)
				TypeCache.ScanAssembly (1ms)
			ScanForSourceGeneratedMonoScriptInfo (12ms)
			ResolveRequiredComponents (11ms)
	FinalizeReload (2072ms)
		ReleaseScriptCaches (0ms)
		RebuildScriptCaches (0ms)
		SetupLoadedEditorAssemblies (1099ms)
			LogAssemblyErrors (0ms)
			InitializePlatformSupportModulesInManaged (44ms)
			SetLoadedEditorAssemblies (9ms)
			RefreshPlugins (0ms)
			BeforeProcessingInitializeOnLoad (132ms)
			ProcessInitializeOnLoadAttributes (807ms)
			ProcessInitializeOnLoadMethodAttributes (96ms)
			AfterProcessingInitializeOnLoad (12ms)
			EditorAssembliesLoaded (0ms)
		ExecutionOrderSort2 (0ms)
		AwakeInstancesAfterBackupRestoration (16ms)
Refreshing native plugins compatible for Editor in 8.87 ms, found 6 plugins.
Preloading 0 native plugins for Editor in 0.00 ms.
Release of invalid GC handle. The handle is from a previous domain. The release operation is skipped.
Release of invalid GC handle native callstack: 
0x00007ff79e68424d (Unity) StackWalker::GetCurrentCallstack
0x00007ff79e689329 (Unity) StackWalker::ShowCallstack
0x00007ff79f67dae1 (Unity) GetStacktrace
0x00007ff79e57f20d (Unity) ScriptingGCHandle::ReleaseAndClear
0x00007ff79eb4748c (Unity) UploadHandlerRaw::`vector deleting destructor'
0x00007ff79eb4803d (Unity) UploadHandler::Release
0x00007ff79eb448dd (Unity) UnityWebRequestProto<UnityWebRequestTransport,AtomicRefCounter,RedirectHelper,ResponseHelper,DownloadHandler,UploadHandler,CertificateHandler,HeaderHelper,AsyncOperation>::~UnityWebRequestProto<UnityWebRequestTransport,AtomicRefCounter,RedirectHelper,ResponseHelper,DownloadHandler,UploadHandler,CertificateHandler,HeaderHelper,AsyncOperation>
0x00007ff79eb44bd6 (Unity) UnityWebRequest::`vector deleting destructor'
0x00007ff79d894b77 (Unity) UnityWebRequestProto<UnityWebRequestTransport,AtomicRefCounter,RedirectHelper,ResponseHelper,DownloadHandler,UploadHandler,CertificateHandler,HeaderHelper,AsyncOperation>::Release
0x00007ff79eb46605 (Unity) UnityWebRequestAsyncOperation::InvokeCoroutine
0x00007ff79eb467e1 (Unity) UnityWebRequestProto<UnityWebRequestTransport,AtomicRefCounter,RedirectHelper,ResponseHelper,DownloadHandler,UploadHandler,CertificateHandler,HeaderHelper,AsyncOperation>::Job_InvokeCoroutine
0x00007ff79e1ab54a (Unity) BackgroundJobQueue::ExecuteMainThreadJobs
0x00007ff79e26005f (Unity) PreloadManager::WaitForAllAsyncOperationsToComplete
0x00007ff79fa23af8 (Unity) <lambda_b37b41f03089e3cb3f55061bbc93253d>::operator()
0x00007ff79fa5f422 (Unity) asio::detail::completion_handler<core::mutable_function<void __cdecl(void)>,asio::io_context::basic_executor_type<std::allocator<void>,0> >::do_complete
0x00007ff79fa4b3ce (Unity) asio::detail::win_iocp_io_context::do_one
0x00007ff79fa4d034 (Unity) asio::detail::win_iocp_io_context::run
0x00007ff79fa5d7cc (Unity) IOService::Run
0x00007ff79fa30c2f (Unity) AssetImportWorkerClient::Run
0x00007ff79f9fc3d7 (Unity) RunAssetImportWorkerClientV2
0x00007ff79f9fc45b (Unity) RunAssetImporterV2
0x00007ff79f1f31de (Unity) Application::InitializeProject
0x00007ff79f688795 (Unity) WinMain
0x00007ff7a0a535ce (Unity) __scrt_common_main_seh
0x00007ffa8b87e8d7 (KERNEL32) BaseThreadInitThunk
0x00007ffa8c1714fc (ntdll) RtlUserThreadStart
Unloading 3379 Unused Serialized files (Serialized files now loaded: 0)
Unloading 39 unused Assets / (1.0 MB). Loaded Objects now: 4302.
Memory consumption went from 131.5 MB to 130.5 MB.
Total: 6.780400 ms (FindLiveObjects: 0.535800 ms CreateObjectMapping: 0.167300 ms MarkObjects: 5.380300 ms  DeleteObjects: 0.695500 ms)

Prepare: number of updated asset objects reloaded= 0
AssetImportParameters requested are different than current active one (requested -> active):
  custom:container-demuxer-ogg: 62fdf1f143b41e24485cea50d1cbac27 -> 
  custom:scripting/monoscript/fileName/Tree.cs: dca7474b58f05e1dc61bb9deb148038d -> 
  custom:video-codec-MediaFoundation-h265: 746d11721c4dcdbdad8f713fa42b33f4 -> 
  custom:video-decoder-ogg-theora: a1e56fd34408186e4bbccfd4996cb3dc -> 
  custom:scripting/monoscript/fileName/Timber.cs: e3f520cc8fc09857160dc689c53c79e7 -> 
  custom:framework-win-MediaFoundation: 216162199b28c13a410421893ffa2e32 -> 
  custom:scripting/monoscript/fileName/Money.cs: 9c40cb0a308c8e4e1f5815ebef98078a -> 
  custom:CustomObjectIndexerAttribute: 9a22284fe3817be447336de3de66b15e -> 
  custom:scripting/monoscript/fileName/FillableBar3D.cs: dad0baecc7b65c10f77033a02afb998c -> 
  custom:scripting/monoscript/fileName/ArrowController.cs: 1a447edfdb5484109c0662398b0d2a4f -> 
  custom:scripting/monoscript/fileName/TimberUnloadPlace.cs: 37128713035f60eb0534808b2759b0fd -> 
  custom:container-demuxer-webm: 4f35f7cbe854078d1ac9338744f61a02 -> 
  custom:container-muxer-webm: aa71ff27fc2769a1b78a27578f13a17b -> 
  custom:video-decoder-webm-vp8: 9c59270c3fd7afecdb556c50c9e8de78 -> 
  custom:SearchIndexIgnoredProperties: e643bd26f0fe6173181afceb89e7c659 -> 
  custom:AudioImporter_EditorPlatform: d09bf68614088b80899f8185d706f6e7 -> 
  custom:video-encoder-webm-vp8: eb34c28f22e8b96e1ab97ce403110664 -> 
  custom:audio-decoder-ogg-vorbis: bf7c407c2cedff20999df2af8eb42d56 -> 
  custom:audio-encoder-webm-vorbis: bf7c407c2cedff20999df2af8eb42d56 -> 
  custom:scripting/precompiled-assembly-types:Assembly-CSharp: c3f5bc0be8f01997d23d363072d8234a -> 898d7dc12b5aaae7dfacee678fc8dd41
========================================================================
Received Prepare
Caller must complete domain reload
Begin MonoManager ReloadAssembly
- Loaded All Assemblies, in  1.013 seconds
Native extension for WindowsStandalone target not found
Native extension for Android target not found
Native extension for WebGL target not found
[Package Manager] Server::EnsureServerProcessIsRunning -- launch failed, reason: Unity was launched with the -noUpm command-line argument
[Package Manager] UpmClient::Send -- Unable to send message (not connected to UPM process).
[Package Manager] Cannot connect to Unity Package Manager local server
Failed to sync packages list
UnityEngine.StackTraceUtility:ExtractStackTrace ()
UnityEngine.DebugLogHandler:LogFormat (UnityEngine.LogType,UnityEngine.Object,string,object[])
UnityEngine.Logger:Log (UnityEngine.LogType,object)
UnityEngine.Debug:LogWarning (object)
 .  / :MoveNext ()
System.Runtime.CompilerServices.AsyncVoidMethodBuilder:Start< .  / > ( .  / &)
 .  :  ()
 .⁪/ :MoveNext ()
System.Runtime.CompilerServices.AsyncTaskMethodBuilder:Start< .⁪/ > ( .⁪/ &)
 .⁪:  ()
System.Reflection.RuntimeMethodInfo:Invoke (object,System.Reflection.BindingFlags,System.Reflection.Binder,object[],System.Globalization.CultureInfo)
System.Reflection.MethodBase:Invoke (object,object[])
UnityEditor.EditorAssemblies:ProcessInitializeOnLoadMethodAttributes ()

Mono: successfully reloaded assembly
- Finished resetting the current domain, in  2.096 seconds
Domain Reload Profiling: 3104ms
	BeginReloadAssembly (304ms)
		ExecutionOrderSort (1ms)
		DisableScriptedObjects (23ms)
		BackupInstance (0ms)
		ReleaseScriptingObjects (0ms)
		CreateAndSetChildDomain (50ms)
	RebuildCommonClasses (83ms)
	RebuildNativeTypeToScriptingClass (25ms)
	initialDomainReloadingComplete (56ms)
	LoadAllAssembliesAndSetupDomain (539ms)
		LoadAssemblies (650ms)
		RebuildTransferFunctionScriptingTraits (0ms)
		AnalyzeDomain (50ms)
			TypeCache.Refresh (18ms)
				TypeCache.ScanAssembly (1ms)
			ScanForSourceGeneratedMonoScriptInfo (15ms)
			ResolveRequiredComponents (12ms)
	FinalizeReload (2097ms)
		ReleaseScriptCaches (0ms)
		RebuildScriptCaches (0ms)
		SetupLoadedEditorAssemblies (1084ms)
			LogAssemblyErrors (0ms)
			InitializePlatformSupportModulesInManaged (55ms)
			SetLoadedEditorAssemblies (7ms)
			RefreshPlugins (0ms)
			BeforeProcessingInitializeOnLoad (130ms)
			ProcessInitializeOnLoadAttributes (785ms)
			ProcessInitializeOnLoadMethodAttributes (95ms)
			AfterProcessingInitializeOnLoad (13ms)
			EditorAssembliesLoaded (0ms)
		ExecutionOrderSort2 (0ms)
		AwakeInstancesAfterBackupRestoration (23ms)
Refreshing native plugins compatible for Editor in 8.92 ms, found 6 plugins.
Preloading 0 native plugins for Editor in 0.00 ms.
Release of invalid GC handle. The handle is from a previous domain. The release operation is skipped.
Release of invalid GC handle native callstack: 
0x00007ff79e68424d (Unity) StackWalker::GetCurrentCallstack
0x00007ff79e689329 (Unity) StackWalker::ShowCallstack
0x00007ff79f67dae1 (Unity) GetStacktrace
0x00007ff79e57f20d (Unity) ScriptingGCHandle::ReleaseAndClear
0x00007ff79eb4748c (Unity) UploadHandlerRaw::`vector deleting destructor'
0x00007ff79eb4803d (Unity) UploadHandler::Release
0x00007ff79eb448dd (Unity) UnityWebRequestProto<UnityWebRequestTransport,AtomicRefCounter,RedirectHelper,ResponseHelper,DownloadHandler,UploadHandler,CertificateHandler,HeaderHelper,AsyncOperation>::~UnityWebRequestProto<UnityWebRequestTransport,AtomicRefCounter,RedirectHelper,ResponseHelper,DownloadHandler,UploadHandler,CertificateHandler,HeaderHelper,AsyncOperation>
0x00007ff79eb44bd6 (Unity) UnityWebRequest::`vector deleting destructor'
0x00007ff79d894b77 (Unity) UnityWebRequestProto<UnityWebRequestTransport,AtomicRefCounter,RedirectHelper,ResponseHelper,DownloadHandler,UploadHandler,CertificateHandler,HeaderHelper,AsyncOperation>::Release
0x00007ff79eb46605 (Unity) UnityWebRequestAsyncOperation::InvokeCoroutine
0x00007ff79eb467e1 (Unity) UnityWebRequestProto<UnityWebRequestTransport,AtomicRefCounter,RedirectHelper,ResponseHelper,DownloadHandler,UploadHandler,CertificateHandler,HeaderHelper,AsyncOperation>::Job_InvokeCoroutine
0x00007ff79e1ab54a (Unity) BackgroundJobQueue::ExecuteMainThreadJobs
0x00007ff79e26005f (Unity) PreloadManager::WaitForAllAsyncOperationsToComplete
0x00007ff79fa23af8 (Unity) <lambda_b37b41f03089e3cb3f55061bbc93253d>::operator()
0x00007ff79fa5f422 (Unity) asio::detail::completion_handler<core::mutable_function<void __cdecl(void)>,asio::io_context::basic_executor_type<std::allocator<void>,0> >::do_complete
0x00007ff79fa4b3ce (Unity) asio::detail::win_iocp_io_context::do_one
0x00007ff79fa4d034 (Unity) asio::detail::win_iocp_io_context::run
0x00007ff79fa5d7cc (Unity) IOService::Run
0x00007ff79fa30c2f (Unity) AssetImportWorkerClient::Run
0x00007ff79f9fc3d7 (Unity) RunAssetImportWorkerClientV2
0x00007ff79f9fc45b (Unity) RunAssetImporterV2
0x00007ff79f1f31de (Unity) Application::InitializeProject
0x00007ff79f688795 (Unity) WinMain
0x00007ff7a0a535ce (Unity) __scrt_common_main_seh
0x00007ffa8b87e8d7 (KERNEL32) BaseThreadInitThunk
0x00007ffa8c1714fc (ntdll) RtlUserThreadStart
Unloading 3379 Unused Serialized files (Serialized files now loaded: 0)
Unloading 39 unused Assets / (1.0 MB). Loaded Objects now: 4307.
Memory consumption went from 133.9 MB to 132.8 MB.
Total: 7.635400 ms (FindLiveObjects: 0.590900 ms CreateObjectMapping: 0.236100 ms MarkObjects: 6.065100 ms  DeleteObjects: 0.741600 ms)

Prepare: number of updated asset objects reloaded= 0
AssetImportParameters requested are different than current active one (requested -> active):
  custom:container-demuxer-ogg: 62fdf1f143b41e24485cea50d1cbac27 -> 
  custom:scripting/monoscript/fileName/Tree.cs: dca7474b58f05e1dc61bb9deb148038d -> 
  custom:video-codec-MediaFoundation-h265: 746d11721c4dcdbdad8f713fa42b33f4 -> 
  custom:video-decoder-ogg-theora: a1e56fd34408186e4bbccfd4996cb3dc -> 
  custom:scripting/monoscript/fileName/Timber.cs: e3f520cc8fc09857160dc689c53c79e7 -> 
  custom:framework-win-MediaFoundation: 216162199b28c13a410421893ffa2e32 -> 
  custom:scripting/monoscript/fileName/Money.cs: 9c40cb0a308c8e4e1f5815ebef98078a -> 
  custom:CustomObjectIndexerAttribute: 9a22284fe3817be447336de3de66b15e -> 
  custom:scripting/monoscript/fileName/FillableBar3D.cs: dad0baecc7b65c10f77033a02afb998c -> 
  custom:scripting/monoscript/fileName/ArrowController.cs: 1a447edfdb5484109c0662398b0d2a4f -> 
  custom:scripting/monoscript/fileName/TimberUnloadPlace.cs: 37128713035f60eb0534808b2759b0fd -> 
  custom:container-demuxer-webm: 4f35f7cbe854078d1ac9338744f61a02 -> 
  custom:container-muxer-webm: aa71ff27fc2769a1b78a27578f13a17b -> 
  custom:video-decoder-webm-vp8: 9c59270c3fd7afecdb556c50c9e8de78 -> 
  custom:SearchIndexIgnoredProperties: e643bd26f0fe6173181afceb89e7c659 -> 
  custom:AudioImporter_EditorPlatform: d09bf68614088b80899f8185d706f6e7 -> 
  custom:video-encoder-webm-vp8: eb34c28f22e8b96e1ab97ce403110664 -> 
  custom:audio-decoder-ogg-vorbis: bf7c407c2cedff20999df2af8eb42d56 -> 
  custom:audio-encoder-webm-vorbis: bf7c407c2cedff20999df2af8eb42d56 -> 
  custom:scripting/precompiled-assembly-types:Assembly-CSharp: c3f5bc0be8f01997d23d363072d8234a -> 898d7dc12b5aaae7dfacee678fc8dd41
========================================================================
Received Prepare
Caller must complete domain reload
Begin MonoManager ReloadAssembly
- Loaded All Assemblies, in  0.545 seconds
Native extension for WindowsStandalone target not found
Native extension for Android target not found
Native extension for WebGL target not found
[Package Manager] Server::EnsureServerProcessIsRunning -- launch failed, reason: Unity was launched with the -noUpm command-line argument
[Package Manager] UpmClient::Send -- Unable to send message (not connected to UPM process).
[Package Manager] Cannot connect to Unity Package Manager local server
Failed to sync packages list
UnityEngine.StackTraceUtility:ExtractStackTrace ()
UnityEngine.DebugLogHandler:LogFormat (UnityEngine.LogType,UnityEngine.Object,string,object[])
UnityEngine.Logger:Log (UnityEngine.LogType,object)
UnityEngine.Debug:LogWarning (object)
 .  / :MoveNext ()
System.Runtime.CompilerServices.AsyncVoidMethodBuilder:Start< .  / > ( .  / &)
 .  :  ()
 .⁪/ :MoveNext ()
System.Runtime.CompilerServices.AsyncTaskMethodBuilder:Start< .⁪/ > ( .⁪/ &)
 .⁪:  ()
System.Reflection.RuntimeMethodInfo:Invoke (object,System.Reflection.BindingFlags,System.Reflection.Binder,object[],System.Globalization.CultureInfo)
System.Reflection.MethodBase:Invoke (object,object[])
UnityEditor.EditorAssemblies:ProcessInitializeOnLoadMethodAttributes ()

Mono: successfully reloaded assembly
- Finished resetting the current domain, in  1.030 seconds
Domain Reload Profiling: 1574ms
	BeginReloadAssembly (160ms)
		ExecutionOrderSort (0ms)
		DisableScriptedObjects (5ms)
		BackupInstance (0ms)
		ReleaseScriptingObjects (0ms)
		CreateAndSetChildDomain (29ms)
	RebuildCommonClasses (34ms)
	RebuildNativeTypeToScriptingClass (12ms)
	initialDomainReloadingComplete (28ms)
	LoadAllAssembliesAndSetupDomain (310ms)
		LoadAssemblies (370ms)
		RebuildTransferFunctionScriptingTraits (0ms)
		AnalyzeDomain (27ms)
			TypeCache.Refresh (10ms)
				TypeCache.ScanAssembly (0ms)
			ScanForSourceGeneratedMonoScriptInfo (9ms)
			ResolveRequiredComponents (6ms)
	FinalizeReload (1031ms)
		ReleaseScriptCaches (0ms)
		RebuildScriptCaches (0ms)
		SetupLoadedEditorAssemblies (570ms)
			LogAssemblyErrors (0ms)
			InitializePlatformSupportModulesInManaged (19ms)
			SetLoadedEditorAssemblies (4ms)
			RefreshPlugins (0ms)
			BeforeProcessingInitializeOnLoad (65ms)
			ProcessInitializeOnLoadAttributes (428ms)
			ProcessInitializeOnLoadMethodAttributes (50ms)
			AfterProcessingInitializeOnLoad (4ms)
			EditorAssembliesLoaded (0ms)
		ExecutionOrderSort2 (0ms)
		AwakeInstancesAfterBackupRestoration (7ms)
Refreshing native plugins compatible for Editor in 3.62 ms, found 6 plugins.
Preloading 0 native plugins for Editor in 0.00 ms.
Release of invalid GC handle. The handle is from a previous domain. The release operation is skipped.
Release of invalid GC handle native callstack: 
0x00007ff79e68424d (Unity) StackWalker::GetCurrentCallstack
0x00007ff79e689329 (Unity) StackWalker::ShowCallstack
0x00007ff79f67dae1 (Unity) GetStacktrace
0x00007ff79e57f20d (Unity) ScriptingGCHandle::ReleaseAndClear
0x00007ff79eb4748c (Unity) UploadHandlerRaw::`vector deleting destructor'
0x00007ff79eb4803d (Unity) UploadHandler::Release
0x00007ff79eb448dd (Unity) UnityWebRequestProto<UnityWebRequestTransport,AtomicRefCounter,RedirectHelper,ResponseHelper,DownloadHandler,UploadHandler,CertificateHandler,HeaderHelper,AsyncOperation>::~UnityWebRequestProto<UnityWebRequestTransport,AtomicRefCounter,RedirectHelper,ResponseHelper,DownloadHandler,UploadHandler,CertificateHandler,HeaderHelper,AsyncOperation>
0x00007ff79eb44bd6 (Unity) UnityWebRequest::`vector deleting destructor'
0x00007ff79d894b77 (Unity) UnityWebRequestProto<UnityWebRequestTransport,AtomicRefCounter,RedirectHelper,ResponseHelper,DownloadHandler,UploadHandler,CertificateHandler,HeaderHelper,AsyncOperation>::Release
0x00007ff79eb46605 (Unity) UnityWebRequestAsyncOperation::InvokeCoroutine
0x00007ff79eb467e1 (Unity) UnityWebRequestProto<UnityWebRequestTransport,AtomicRefCounter,RedirectHelper,ResponseHelper,DownloadHandler,UploadHandler,CertificateHandler,HeaderHelper,AsyncOperation>::Job_InvokeCoroutine
0x00007ff79e1ab54a (Unity) BackgroundJobQueue::ExecuteMainThreadJobs
0x00007ff79e26005f (Unity) PreloadManager::WaitForAllAsyncOperationsToComplete
0x00007ff79fa23af8 (Unity) <lambda_b37b41f03089e3cb3f55061bbc93253d>::operator()
0x00007ff79fa5f422 (Unity) asio::detail::completion_handler<core::mutable_function<void __cdecl(void)>,asio::io_context::basic_executor_type<std::allocator<void>,0> >::do_complete
0x00007ff79fa4b3ce (Unity) asio::detail::win_iocp_io_context::do_one
0x00007ff79fa4d034 (Unity) asio::detail::win_iocp_io_context::run
0x00007ff79fa5d7cc (Unity) IOService::Run
0x00007ff79fa30c2f (Unity) AssetImportWorkerClient::Run
0x00007ff79f9fc3d7 (Unity) RunAssetImportWorkerClientV2
0x00007ff79f9fc45b (Unity) RunAssetImporterV2
0x00007ff79f1f31de (Unity) Application::InitializeProject
0x00007ff79f688795 (Unity) WinMain
0x00007ff7a0a535ce (Unity) __scrt_common_main_seh
0x00007ffa8b87e8d7 (KERNEL32) BaseThreadInitThunk
0x00007ffa8c1714fc (ntdll) RtlUserThreadStart
Unloading 3379 Unused Serialized files (Serialized files now loaded: 0)
Unloading 39 unused Assets / (1.0 MB). Loaded Objects now: 4312.
Memory consumption went from 147.6 MB to 146.6 MB.
Total: 4.894100 ms (FindLiveObjects: 0.276700 ms CreateObjectMapping: 0.137500 ms MarkObjects: 3.970600 ms  DeleteObjects: 0.507500 ms)

Prepare: number of updated asset objects reloaded= 0
AssetImportParameters requested are different than current active one (requested -> active):
  custom:container-demuxer-ogg: 62fdf1f143b41e24485cea50d1cbac27 -> 
  custom:scripting/monoscript/fileName/Tree.cs: dca7474b58f05e1dc61bb9deb148038d -> 
  custom:video-codec-MediaFoundation-h265: 746d11721c4dcdbdad8f713fa42b33f4 -> 
  custom:video-decoder-ogg-theora: a1e56fd34408186e4bbccfd4996cb3dc -> 
  custom:scripting/monoscript/fileName/Timber.cs: e3f520cc8fc09857160dc689c53c79e7 -> 
  custom:framework-win-MediaFoundation: 216162199b28c13a410421893ffa2e32 -> 
  custom:scripting/monoscript/fileName/Money.cs: 9c40cb0a308c8e4e1f5815ebef98078a -> 
  custom:CustomObjectIndexerAttribute: 9a22284fe3817be447336de3de66b15e -> 
  custom:scripting/monoscript/fileName/FillableBar3D.cs: dad0baecc7b65c10f77033a02afb998c -> 
  custom:scripting/monoscript/fileName/ArrowController.cs: 1a447edfdb5484109c0662398b0d2a4f -> 
  custom:scripting/monoscript/fileName/TimberUnloadPlace.cs: 37128713035f60eb0534808b2759b0fd -> 
  custom:container-demuxer-webm: 4f35f7cbe854078d1ac9338744f61a02 -> 
  custom:container-muxer-webm: aa71ff27fc2769a1b78a27578f13a17b -> 
  custom:video-decoder-webm-vp8: 9c59270c3fd7afecdb556c50c9e8de78 -> 
  custom:SearchIndexIgnoredProperties: e643bd26f0fe6173181afceb89e7c659 -> 
  custom:AudioImporter_EditorPlatform: d09bf68614088b80899f8185d706f6e7 -> 
  custom:video-encoder-webm-vp8: eb34c28f22e8b96e1ab97ce403110664 -> 
  custom:audio-decoder-ogg-vorbis: bf7c407c2cedff20999df2af8eb42d56 -> 
  custom:audio-encoder-webm-vorbis: bf7c407c2cedff20999df2af8eb42d56 -> 
  custom:scripting/precompiled-assembly-types:Assembly-CSharp: c3f5bc0be8f01997d23d363072d8234a -> 898d7dc12b5aaae7dfacee678fc8dd41
========================================================================
Received Prepare
Caller must complete domain reload
Begin MonoManager ReloadAssembly
- Loaded All Assemblies, in  0.461 seconds
Native extension for WindowsStandalone target not found
Native extension for Android target not found
Native extension for WebGL target not found
[Package Manager] Server::EnsureServerProcessIsRunning -- launch failed, reason: Unity was launched with the -noUpm command-line argument
[Package Manager] UpmClient::Send -- Unable to send message (not connected to UPM process).
[Package Manager] Cannot connect to Unity Package Manager local server
Failed to sync packages list
UnityEngine.StackTraceUtility:ExtractStackTrace ()
UnityEngine.DebugLogHandler:LogFormat (UnityEngine.LogType,UnityEngine.Object,string,object[])
UnityEngine.Logger:Log (UnityEngine.LogType,object)
UnityEngine.Debug:LogWarning (object)
 .  / :MoveNext ()
System.Runtime.CompilerServices.AsyncVoidMethodBuilder:Start< .  / > ( .  / &)
 .  :  ()
 .⁪/ :MoveNext ()
System.Runtime.CompilerServices.AsyncTaskMethodBuilder:Start< .⁪/ > ( .⁪/ &)
 .⁪:  ()
System.Reflection.RuntimeMethodInfo:Invoke (object,System.Reflection.BindingFlags,System.Reflection.Binder,object[],System.Globalization.CultureInfo)
System.Reflection.MethodBase:Invoke (object,object[])
UnityEditor.EditorAssemblies:ProcessInitializeOnLoadMethodAttributes ()

Mono: successfully reloaded assembly
- Finished resetting the current domain, in  0.977 seconds
Domain Reload Profiling: 1436ms
	BeginReloadAssembly (165ms)
		ExecutionOrderSort (0ms)
		DisableScriptedObjects (5ms)
		BackupInstance (0ms)
		ReleaseScriptingObjects (0ms)
		CreateAndSetChildDomain (38ms)
	RebuildCommonClasses (36ms)
	RebuildNativeTypeToScriptingClass (10ms)
	initialDomainReloadingComplete (31ms)
	LoadAllAssembliesAndSetupDomain (217ms)
		LoadAssemblies (284ms)
		RebuildTransferFunctionScriptingTraits (0ms)
		AnalyzeDomain (15ms)
			TypeCache.Refresh (6ms)
				TypeCache.ScanAssembly (0ms)
			ScanForSourceGeneratedMonoScriptInfo (0ms)
			ResolveRequiredComponents (6ms)
	FinalizeReload (977ms)
		ReleaseScriptCaches (0ms)
		RebuildScriptCaches (0ms)
		SetupLoadedEditorAssemblies (545ms)
			LogAssemblyErrors (0ms)
			InitializePlatformSupportModulesInManaged (22ms)
			SetLoadedEditorAssemblies (5ms)
			RefreshPlugins (0ms)
			BeforeProcessingInitializeOnLoad (64ms)
			ProcessInitializeOnLoadAttributes (397ms)
			ProcessInitializeOnLoadMethodAttributes (53ms)
			AfterProcessingInitializeOnLoad (4ms)
			EditorAssembliesLoaded (0ms)
		ExecutionOrderSort2 (0ms)
		AwakeInstancesAfterBackupRestoration (6ms)
Refreshing native plugins compatible for Editor in 4.19 ms, found 6 plugins.
Preloading 0 native plugins for Editor in 0.00 ms.
Release of invalid GC handle. The handle is from a previous domain. The release operation is skipped.
Release of invalid GC handle native callstack: 
0x00007ff79e68424d (Unity) StackWalker::GetCurrentCallstack
0x00007ff79e689329 (Unity) StackWalker::ShowCallstack
0x00007ff79f67dae1 (Unity) GetStacktrace
0x00007ff79e57f20d (Unity) ScriptingGCHandle::ReleaseAndClear
0x00007ff79eb4748c (Unity) UploadHandlerRaw::`vector deleting destructor'
0x00007ff79eb4803d (Unity) UploadHandler::Release
0x00007ff79eb448dd (Unity) UnityWebRequestProto<UnityWebRequestTransport,AtomicRefCounter,RedirectHelper,ResponseHelper,DownloadHandler,UploadHandler,CertificateHandler,HeaderHelper,AsyncOperation>::~UnityWebRequestProto<UnityWebRequestTransport,AtomicRefCounter,RedirectHelper,ResponseHelper,DownloadHandler,UploadHandler,CertificateHandler,HeaderHelper,AsyncOperation>
0x00007ff79eb44bd6 (Unity) UnityWebRequest::`vector deleting destructor'
0x00007ff79d894b77 (Unity) UnityWebRequestProto<UnityWebRequestTransport,AtomicRefCounter,RedirectHelper,ResponseHelper,DownloadHandler,UploadHandler,CertificateHandler,HeaderHelper,AsyncOperation>::Release
0x00007ff79eb46605 (Unity) UnityWebRequestAsyncOperation::InvokeCoroutine
0x00007ff79eb467e1 (Unity) UnityWebRequestProto<UnityWebRequestTransport,AtomicRefCounter,RedirectHelper,ResponseHelper,DownloadHandler,UploadHandler,CertificateHandler,HeaderHelper,AsyncOperation>::Job_InvokeCoroutine
0x00007ff79e1ab54a (Unity) BackgroundJobQueue::ExecuteMainThreadJobs
0x00007ff79e26005f (Unity) PreloadManager::WaitForAllAsyncOperationsToComplete
0x00007ff79fa23af8 (Unity) <lambda_b37b41f03089e3cb3f55061bbc93253d>::operator()
0x00007ff79fa5f422 (Unity) asio::detail::completion_handler<core::mutable_function<void __cdecl(void)>,asio::io_context::basic_executor_type<std::allocator<void>,0> >::do_complete
0x00007ff79fa4b3ce (Unity) asio::detail::win_iocp_io_context::do_one
0x00007ff79fa4d034 (Unity) asio::detail::win_iocp_io_context::run
0x00007ff79fa5d7cc (Unity) IOService::Run
0x00007ff79fa30c2f (Unity) AssetImportWorkerClient::Run
0x00007ff79f9fc3d7 (Unity) RunAssetImportWorkerClientV2
0x00007ff79f9fc45b (Unity) RunAssetImporterV2
0x00007ff79f1f31de (Unity) Application::InitializeProject
0x00007ff79f688795 (Unity) WinMain
0x00007ff7a0a535ce (Unity) __scrt_common_main_seh
0x00007ffa8b87e8d7 (KERNEL32) BaseThreadInitThunk
0x00007ffa8c1714fc (ntdll) RtlUserThreadStart
Unloading 3379 Unused Serialized files (Serialized files now loaded: 0)
Unloading 39 unused Assets / (1.0 MB). Loaded Objects now: 4317.
Memory consumption went from 147.8 MB to 146.8 MB.
Total: 4.422600 ms (FindLiveObjects: 0.296900 ms CreateObjectMapping: 0.115100 ms MarkObjects: 3.573700 ms  DeleteObjects: 0.435900 ms)

Prepare: number of updated asset objects reloaded= 0
AssetImportParameters requested are different than current active one (requested -> active):
  custom:container-demuxer-ogg: 62fdf1f143b41e24485cea50d1cbac27 -> 
  custom:scripting/monoscript/fileName/Tree.cs: dca7474b58f05e1dc61bb9deb148038d -> 
  custom:video-codec-MediaFoundation-h265: 746d11721c4dcdbdad8f713fa42b33f4 -> 
  custom:video-decoder-ogg-theora: a1e56fd34408186e4bbccfd4996cb3dc -> 
  custom:scripting/monoscript/fileName/Timber.cs: e3f520cc8fc09857160dc689c53c79e7 -> 
  custom:framework-win-MediaFoundation: 216162199b28c13a410421893ffa2e32 -> 
  custom:scripting/monoscript/fileName/Money.cs: 9c40cb0a308c8e4e1f5815ebef98078a -> 
  custom:CustomObjectIndexerAttribute: 9a22284fe3817be447336de3de66b15e -> 
  custom:scripting/monoscript/fileName/FillableBar3D.cs: dad0baecc7b65c10f77033a02afb998c -> 
  custom:scripting/monoscript/fileName/ArrowController.cs: 1a447edfdb5484109c0662398b0d2a4f -> 
  custom:scripting/monoscript/fileName/TimberUnloadPlace.cs: 37128713035f60eb0534808b2759b0fd -> 
  custom:container-demuxer-webm: 4f35f7cbe854078d1ac9338744f61a02 -> 
  custom:container-muxer-webm: aa71ff27fc2769a1b78a27578f13a17b -> 
  custom:video-decoder-webm-vp8: 9c59270c3fd7afecdb556c50c9e8de78 -> 
  custom:SearchIndexIgnoredProperties: e643bd26f0fe6173181afceb89e7c659 -> 
  custom:AudioImporter_EditorPlatform: d09bf68614088b80899f8185d706f6e7 -> 
  custom:video-encoder-webm-vp8: eb34c28f22e8b96e1ab97ce403110664 -> 
  custom:audio-decoder-ogg-vorbis: bf7c407c2cedff20999df2af8eb42d56 -> 
  custom:audio-encoder-webm-vorbis: bf7c407c2cedff20999df2af8eb42d56 -> 
  custom:scripting/precompiled-assembly-types:Assembly-CSharp: c3f5bc0be8f01997d23d363072d8234a -> 898d7dc12b5aaae7dfacee678fc8dd41
========================================================================
Received Prepare
Caller must complete domain reload
Begin MonoManager ReloadAssembly
- Loaded All Assemblies, in  0.490 seconds
Native extension for WindowsStandalone target not found
Native extension for Android target not found
Native extension for WebGL target not found
[Package Manager] Server::EnsureServerProcessIsRunning -- launch failed, reason: Unity was launched with the -noUpm command-line argument
[Package Manager] UpmClient::Send -- Unable to send message (not connected to UPM process).
[Package Manager] Cannot connect to Unity Package Manager local server
Failed to sync packages list
UnityEngine.StackTraceUtility:ExtractStackTrace ()
UnityEngine.DebugLogHandler:LogFormat (UnityEngine.LogType,UnityEngine.Object,string,object[])
UnityEngine.Logger:Log (UnityEngine.LogType,object)
UnityEngine.Debug:LogWarning (object)
 .  / :MoveNext ()
System.Runtime.CompilerServices.AsyncVoidMethodBuilder:Start< .  / > ( .  / &)
 .  :  ()
 .⁪/ :MoveNext ()
System.Runtime.CompilerServices.AsyncTaskMethodBuilder:Start< .⁪/ > ( .⁪/ &)
 .⁪:  ()
System.Reflection.RuntimeMethodInfo:Invoke (object,System.Reflection.BindingFlags,System.Reflection.Binder,object[],System.Globalization.CultureInfo)
System.Reflection.MethodBase:Invoke (object,object[])
UnityEditor.EditorAssemblies:ProcessInitializeOnLoadMethodAttributes ()

Mono: successfully reloaded assembly
- Finished resetting the current domain, in  0.953 seconds
Domain Reload Profiling: 1440ms
	BeginReloadAssembly (174ms)
		ExecutionOrderSort (0ms)
		DisableScriptedObjects (6ms)
		BackupInstance (0ms)
		ReleaseScriptingObjects (0ms)
		CreateAndSetChildDomain (34ms)
	RebuildCommonClasses (35ms)
	RebuildNativeTypeToScriptingClass (11ms)
	initialDomainReloadingComplete (28ms)
	LoadAllAssembliesAndSetupDomain (238ms)
		LoadAssemblies (310ms)
		RebuildTransferFunctionScriptingTraits (0ms)
		AnalyzeDomain (26ms)
			TypeCache.Refresh (8ms)
				TypeCache.ScanAssembly (0ms)
			ScanForSourceGeneratedMonoScriptInfo (8ms)
			ResolveRequiredComponents (6ms)
	FinalizeReload (954ms)
		ReleaseScriptCaches (0ms)
		RebuildScriptCaches (0ms)
		SetupLoadedEditorAssemblies (539ms)
			LogAssemblyErrors (0ms)
			InitializePlatformSupportModulesInManaged (21ms)
			SetLoadedEditorAssemblies (4ms)
			RefreshPlugins (0ms)
			BeforeProcessingInitializeOnLoad (63ms)
			ProcessInitializeOnLoadAttributes (399ms)
			ProcessInitializeOnLoadMethodAttributes (48ms)
			AfterProcessingInitializeOnLoad (4ms)
			EditorAssembliesLoaded (0ms)
		ExecutionOrderSort2 (0ms)
		AwakeInstancesAfterBackupRestoration (7ms)
Refreshing native plugins compatible for Editor in 5.09 ms, found 6 plugins.
Preloading 0 native plugins for Editor in 0.00 ms.
Release of invalid GC handle. The handle is from a previous domain. The release operation is skipped.
Release of invalid GC handle native callstack: 
0x00007ff79e68424d (Unity) StackWalker::GetCurrentCallstack
0x00007ff79e689329 (Unity) StackWalker::ShowCallstack
0x00007ff79f67dae1 (Unity) GetStacktrace
0x00007ff79e57f20d (Unity) ScriptingGCHandle::ReleaseAndClear
0x00007ff79eb4748c (Unity) UploadHandlerRaw::`vector deleting destructor'
0x00007ff79eb4803d (Unity) UploadHandler::Release
0x00007ff79eb448dd (Unity) UnityWebRequestProto<UnityWebRequestTransport,AtomicRefCounter,RedirectHelper,ResponseHelper,DownloadHandler,UploadHandler,CertificateHandler,HeaderHelper,AsyncOperation>::~UnityWebRequestProto<UnityWebRequestTransport,AtomicRefCounter,RedirectHelper,ResponseHelper,DownloadHandler,UploadHandler,CertificateHandler,HeaderHelper,AsyncOperation>
0x00007ff79eb44bd6 (Unity) UnityWebRequest::`vector deleting destructor'
0x00007ff79d894b77 (Unity) UnityWebRequestProto<UnityWebRequestTransport,AtomicRefCounter,RedirectHelper,ResponseHelper,DownloadHandler,UploadHandler,CertificateHandler,HeaderHelper,AsyncOperation>::Release
0x00007ff79eb46605 (Unity) UnityWebRequestAsyncOperation::InvokeCoroutine
0x00007ff79eb467e1 (Unity) UnityWebRequestProto<UnityWebRequestTransport,AtomicRefCounter,RedirectHelper,ResponseHelper,DownloadHandler,UploadHandler,CertificateHandler,HeaderHelper,AsyncOperation>::Job_InvokeCoroutine
0x00007ff79e1ab54a (Unity) BackgroundJobQueue::ExecuteMainThreadJobs
0x00007ff79e26005f (Unity) PreloadManager::WaitForAllAsyncOperationsToComplete
0x00007ff79fa23af8 (Unity) <lambda_b37b41f03089e3cb3f55061bbc93253d>::operator()
0x00007ff79fa5f422 (Unity) asio::detail::completion_handler<core::mutable_function<void __cdecl(void)>,asio::io_context::basic_executor_type<std::allocator<void>,0> >::do_complete
0x00007ff79fa4b3ce (Unity) asio::detail::win_iocp_io_context::do_one
0x00007ff79fa4d034 (Unity) asio::detail::win_iocp_io_context::run
0x00007ff79fa5d7cc (Unity) IOService::Run
0x00007ff79fa30c2f (Unity) AssetImportWorkerClient::Run
0x00007ff79f9fc3d7 (Unity) RunAssetImportWorkerClientV2
0x00007ff79f9fc45b (Unity) RunAssetImporterV2
0x00007ff79f1f31de (Unity) Application::InitializeProject
0x00007ff79f688795 (Unity) WinMain
0x00007ff7a0a535ce (Unity) __scrt_common_main_seh
0x00007ffa8b87e8d7 (KERNEL32) BaseThreadInitThunk
0x00007ffa8c1714fc (ntdll) RtlUserThreadStart
Unloading 3379 Unused Serialized files (Serialized files now loaded: 0)
Unloading 39 unused Assets / (1.0 MB). Loaded Objects now: 4322.
Memory consumption went from 147.9 MB to 146.9 MB.
Total: 4.190900 ms (FindLiveObjects: 0.228800 ms CreateObjectMapping: 0.095400 ms MarkObjects: 3.413600 ms  DeleteObjects: 0.451900 ms)

Prepare: number of updated asset objects reloaded= 0
AssetImportParameters requested are different than current active one (requested -> active):
  custom:container-demuxer-ogg: 62fdf1f143b41e24485cea50d1cbac27 -> 
  custom:scripting/monoscript/fileName/Tree.cs: dca7474b58f05e1dc61bb9deb148038d -> 
  custom:video-codec-MediaFoundation-h265: 746d11721c4dcdbdad8f713fa42b33f4 -> 
  custom:video-decoder-ogg-theora: a1e56fd34408186e4bbccfd4996cb3dc -> 
  custom:scripting/monoscript/fileName/Timber.cs: e3f520cc8fc09857160dc689c53c79e7 -> 
  custom:framework-win-MediaFoundation: 216162199b28c13a410421893ffa2e32 -> 
  custom:scripting/monoscript/fileName/Money.cs: 9c40cb0a308c8e4e1f5815ebef98078a -> 
  custom:CustomObjectIndexerAttribute: 9a22284fe3817be447336de3de66b15e -> 
  custom:scripting/monoscript/fileName/FillableBar3D.cs: dad0baecc7b65c10f77033a02afb998c -> 
  custom:scripting/monoscript/fileName/ArrowController.cs: 1a447edfdb5484109c0662398b0d2a4f -> 
  custom:scripting/monoscript/fileName/TimberUnloadPlace.cs: 37128713035f60eb0534808b2759b0fd -> 
  custom:container-demuxer-webm: 4f35f7cbe854078d1ac9338744f61a02 -> 
  custom:container-muxer-webm: aa71ff27fc2769a1b78a27578f13a17b -> 
  custom:video-decoder-webm-vp8: 9c59270c3fd7afecdb556c50c9e8de78 -> 
  custom:SearchIndexIgnoredProperties: e643bd26f0fe6173181afceb89e7c659 -> 
  custom:AudioImporter_EditorPlatform: d09bf68614088b80899f8185d706f6e7 -> 
  custom:video-encoder-webm-vp8: eb34c28f22e8b96e1ab97ce403110664 -> 
  custom:audio-decoder-ogg-vorbis: bf7c407c2cedff20999df2af8eb42d56 -> 
  custom:audio-encoder-webm-vorbis: bf7c407c2cedff20999df2af8eb42d56 -> 
  custom:scripting/precompiled-assembly-types:Assembly-CSharp: c3f5bc0be8f01997d23d363072d8234a -> 898d7dc12b5aaae7dfacee678fc8dd41
========================================================================
Received Prepare
Caller must complete domain reload
Begin MonoManager ReloadAssembly
- Loaded All Assemblies, in  0.454 seconds
Native extension for WindowsStandalone target not found
Native extension for Android target not found
Native extension for WebGL target not found
[Package Manager] Server::EnsureServerProcessIsRunning -- launch failed, reason: Unity was launched with the -noUpm command-line argument
[Package Manager] UpmClient::Send -- Unable to send message (not connected to UPM process).
[Package Manager] Cannot connect to Unity Package Manager local server
Failed to sync packages list
UnityEngine.StackTraceUtility:ExtractStackTrace ()
UnityEngine.DebugLogHandler:LogFormat (UnityEngine.LogType,UnityEngine.Object,string,object[])
UnityEngine.Logger:Log (UnityEngine.LogType,object)
UnityEngine.Debug:LogWarning (object)
 .  / :MoveNext ()
System.Runtime.CompilerServices.AsyncVoidMethodBuilder:Start< .  / > ( .  / &)
 .  :  ()
 .⁪/ :MoveNext ()
System.Runtime.CompilerServices.AsyncTaskMethodBuilder:Start< .⁪/ > ( .⁪/ &)
 .⁪:  ()
System.Reflection.RuntimeMethodInfo:Invoke (object,System.Reflection.BindingFlags,System.Reflection.Binder,object[],System.Globalization.CultureInfo)
System.Reflection.MethodBase:Invoke (object,object[])
UnityEditor.EditorAssemblies:ProcessInitializeOnLoadMethodAttributes ()

Mono: successfully reloaded assembly
- Finished resetting the current domain, in  0.980 seconds
Domain Reload Profiling: 1433ms
	BeginReloadAssembly (158ms)
		ExecutionOrderSort (0ms)
		DisableScriptedObjects (5ms)
		BackupInstance (0ms)
		ReleaseScriptingObjects (0ms)
		CreateAndSetChildDomain (32ms)
	RebuildCommonClasses (35ms)
	RebuildNativeTypeToScriptingClass (11ms)
	initialDomainReloadingComplete (28ms)
	LoadAllAssembliesAndSetupDomain (220ms)
		LoadAssemblies (291ms)
		RebuildTransferFunctionScriptingTraits (0ms)
		AnalyzeDomain (15ms)
			TypeCache.Refresh (6ms)
				TypeCache.ScanAssembly (0ms)
			ScanForSourceGeneratedMonoScriptInfo (0ms)
			ResolveRequiredComponents (6ms)
	FinalizeReload (981ms)
		ReleaseScriptCaches (0ms)
		RebuildScriptCaches (0ms)
		SetupLoadedEditorAssemblies (548ms)
			LogAssemblyErrors (0ms)
			InitializePlatformSupportModulesInManaged (22ms)
			SetLoadedEditorAssemblies (5ms)
			RefreshPlugins (0ms)
			BeforeProcessingInitializeOnLoad (76ms)
			ProcessInitializeOnLoadAttributes (389ms)
			ProcessInitializeOnLoadMethodAttributes (52ms)
			AfterProcessingInitializeOnLoad (4ms)
			EditorAssembliesLoaded (0ms)
		ExecutionOrderSort2 (0ms)
		AwakeInstancesAfterBackupRestoration (6ms)
Refreshing native plugins compatible for Editor in 3.63 ms, found 6 plugins.
Preloading 0 native plugins for Editor in 0.00 ms.
Release of invalid GC handle. The handle is from a previous domain. The release operation is skipped.
Release of invalid GC handle native callstack: 
0x00007ff79e68424d (Unity) StackWalker::GetCurrentCallstack
0x00007ff79e689329 (Unity) StackWalker::ShowCallstack
0x00007ff79f67dae1 (Unity) GetStacktrace
0x00007ff79e57f20d (Unity) ScriptingGCHandle::ReleaseAndClear
0x00007ff79eb4748c (Unity) UploadHandlerRaw::`vector deleting destructor'
0x00007ff79eb4803d (Unity) UploadHandler::Release
0x00007ff79eb448dd (Unity) UnityWebRequestProto<UnityWebRequestTransport,AtomicRefCounter,RedirectHelper,ResponseHelper,DownloadHandler,UploadHandler,CertificateHandler,HeaderHelper,AsyncOperation>::~UnityWebRequestProto<UnityWebRequestTransport,AtomicRefCounter,RedirectHelper,ResponseHelper,DownloadHandler,UploadHandler,CertificateHandler,HeaderHelper,AsyncOperation>
0x00007ff79eb44bd6 (Unity) UnityWebRequest::`vector deleting destructor'
0x00007ff79d894b77 (Unity) UnityWebRequestProto<UnityWebRequestTransport,AtomicRefCounter,RedirectHelper,ResponseHelper,DownloadHandler,UploadHandler,CertificateHandler,HeaderHelper,AsyncOperation>::Release
0x00007ff79eb46605 (Unity) UnityWebRequestAsyncOperation::InvokeCoroutine
0x00007ff79eb467e1 (Unity) UnityWebRequestProto<UnityWebRequestTransport,AtomicRefCounter,RedirectHelper,ResponseHelper,DownloadHandler,UploadHandler,CertificateHandler,HeaderHelper,AsyncOperation>::Job_InvokeCoroutine
0x00007ff79e1ab54a (Unity) BackgroundJobQueue::ExecuteMainThreadJobs
0x00007ff79e26005f (Unity) PreloadManager::WaitForAllAsyncOperationsToComplete
0x00007ff79fa23af8 (Unity) <lambda_b37b41f03089e3cb3f55061bbc93253d>::operator()
0x00007ff79fa5f422 (Unity) asio::detail::completion_handler<core::mutable_function<void __cdecl(void)>,asio::io_context::basic_executor_type<std::allocator<void>,0> >::do_complete
0x00007ff79fa4b3ce (Unity) asio::detail::win_iocp_io_context::do_one
0x00007ff79fa4d034 (Unity) asio::detail::win_iocp_io_context::run
0x00007ff79fa5d7cc (Unity) IOService::Run
0x00007ff79fa30c2f (Unity) AssetImportWorkerClient::Run
0x00007ff79f9fc3d7 (Unity) RunAssetImportWorkerClientV2
0x00007ff79f9fc45b (Unity) RunAssetImporterV2
0x00007ff79f1f31de (Unity) Application::InitializeProject
0x00007ff79f688795 (Unity) WinMain
0x00007ff7a0a535ce (Unity) __scrt_common_main_seh
0x00007ffa8b87e8d7 (KERNEL32) BaseThreadInitThunk
0x00007ffa8c1714fc (ntdll) RtlUserThreadStart
Unloading 3379 Unused Serialized files (Serialized files now loaded: 0)
Unloading 39 unused Assets / (1.0 MB). Loaded Objects now: 4327.
Memory consumption went from 148.1 MB to 147.1 MB.
Total: 5.473700 ms (FindLiveObjects: 0.532500 ms CreateObjectMapping: 0.161300 ms MarkObjects: 4.134100 ms  DeleteObjects: 0.643900 ms)

Prepare: number of updated asset objects reloaded= 0
AssetImportParameters requested are different than current active one (requested -> active):
  custom:container-demuxer-ogg: 62fdf1f143b41e24485cea50d1cbac27 -> 
  custom:scripting/monoscript/fileName/Tree.cs: dca7474b58f05e1dc61bb9deb148038d -> 
  custom:video-codec-MediaFoundation-h265: 746d11721c4dcdbdad8f713fa42b33f4 -> 
  custom:video-decoder-ogg-theora: a1e56fd34408186e4bbccfd4996cb3dc -> 
  custom:scripting/monoscript/fileName/Timber.cs: e3f520cc8fc09857160dc689c53c79e7 -> 
  custom:framework-win-MediaFoundation: 216162199b28c13a410421893ffa2e32 -> 
  custom:scripting/monoscript/fileName/Money.cs: 9c40cb0a308c8e4e1f5815ebef98078a -> 
  custom:CustomObjectIndexerAttribute: 9a22284fe3817be447336de3de66b15e -> 
  custom:scripting/monoscript/fileName/FillableBar3D.cs: dad0baecc7b65c10f77033a02afb998c -> 
  custom:scripting/monoscript/fileName/ArrowController.cs: 1a447edfdb5484109c0662398b0d2a4f -> 
  custom:scripting/monoscript/fileName/TimberUnloadPlace.cs: 37128713035f60eb0534808b2759b0fd -> 
  custom:container-demuxer-webm: 4f35f7cbe854078d1ac9338744f61a02 -> 
  custom:container-muxer-webm: aa71ff27fc2769a1b78a27578f13a17b -> 
  custom:video-decoder-webm-vp8: 9c59270c3fd7afecdb556c50c9e8de78 -> 
  custom:SearchIndexIgnoredProperties: e643bd26f0fe6173181afceb89e7c659 -> 
  custom:AudioImporter_EditorPlatform: d09bf68614088b80899f8185d706f6e7 -> 
  custom:video-encoder-webm-vp8: eb34c28f22e8b96e1ab97ce403110664 -> 
  custom:audio-decoder-ogg-vorbis: bf7c407c2cedff20999df2af8eb42d56 -> 
  custom:audio-encoder-webm-vorbis: bf7c407c2cedff20999df2af8eb42d56 -> 
  custom:scripting/precompiled-assembly-types:Assembly-CSharp: c3f5bc0be8f01997d23d363072d8234a -> 898d7dc12b5aaae7dfacee678fc8dd41
========================================================================
Received Prepare
Caller must complete domain reload
Begin MonoManager ReloadAssembly
- Loaded All Assemblies, in  0.472 seconds
Native extension for WindowsStandalone target not found
Native extension for Android target not found
Native extension for WebGL target not found
[Package Manager] Server::EnsureServerProcessIsRunning -- launch failed, reason: Unity was launched with the -noUpm command-line argument
[Package Manager] UpmClient::Send -- Unable to send message (not connected to UPM process).
[Package Manager] Cannot connect to Unity Package Manager local server
Failed to sync packages list
UnityEngine.StackTraceUtility:ExtractStackTrace ()
UnityEngine.DebugLogHandler:LogFormat (UnityEngine.LogType,UnityEngine.Object,string,object[])
UnityEngine.Logger:Log (UnityEngine.LogType,object)
UnityEngine.Debug:LogWarning (object)
 .  / :MoveNext ()
System.Runtime.CompilerServices.AsyncVoidMethodBuilder:Start< .  / > ( .  / &)
 .  :  ()
 .⁪/ :MoveNext ()
System.Runtime.CompilerServices.AsyncTaskMethodBuilder:Start< .⁪/ > ( .⁪/ &)
 .⁪:  ()
System.Reflection.RuntimeMethodInfo:Invoke (object,System.Reflection.BindingFlags,System.Reflection.Binder,object[],System.Globalization.CultureInfo)
System.Reflection.MethodBase:Invoke (object,object[])
UnityEditor.EditorAssemblies:ProcessInitializeOnLoadMethodAttributes ()

Mono: successfully reloaded assembly
- Finished resetting the current domain, in  1.006 seconds
Domain Reload Profiling: 1476ms
	BeginReloadAssembly (169ms)
		ExecutionOrderSort (0ms)
		DisableScriptedObjects (7ms)
		BackupInstance (0ms)
		ReleaseScriptingObjects (0ms)
		CreateAndSetChildDomain (35ms)
	RebuildCommonClasses (36ms)
	RebuildNativeTypeToScriptingClass (10ms)
	initialDomainReloadingComplete (27ms)
	LoadAllAssembliesAndSetupDomain (228ms)
		LoadAssemblies (290ms)
		RebuildTransferFunctionScriptingTraits (0ms)
		AnalyzeDomain (26ms)
			TypeCache.Refresh (10ms)
				TypeCache.ScanAssembly (0ms)
			ScanForSourceGeneratedMonoScriptInfo (7ms)
			ResolveRequiredComponents (6ms)
	FinalizeReload (1006ms)
		ReleaseScriptCaches (0ms)
		RebuildScriptCaches (0ms)
		SetupLoadedEditorAssemblies (565ms)
			LogAssemblyErrors (0ms)
			InitializePlatformSupportModulesInManaged (20ms)
			SetLoadedEditorAssemblies (4ms)
			RefreshPlugins (0ms)
			BeforeProcessingInitializeOnLoad (68ms)
			ProcessInitializeOnLoadAttributes (417ms)
			ProcessInitializeOnLoadMethodAttributes (52ms)
			AfterProcessingInitializeOnLoad (4ms)
			EditorAssembliesLoaded (0ms)
		ExecutionOrderSort2 (0ms)
		AwakeInstancesAfterBackupRestoration (8ms)
Refreshing native plugins compatible for Editor in 5.62 ms, found 6 plugins.
Preloading 0 native plugins for Editor in 0.00 ms.
Release of invalid GC handle. The handle is from a previous domain. The release operation is skipped.
Release of invalid GC handle native callstack: 
0x00007ff79e68424d (Unity) StackWalker::GetCurrentCallstack
0x00007ff79e689329 (Unity) StackWalker::ShowCallstack
0x00007ff79f67dae1 (Unity) GetStacktrace
0x00007ff79e57f20d (Unity) ScriptingGCHandle::ReleaseAndClear
0x00007ff79eb4748c (Unity) UploadHandlerRaw::`vector deleting destructor'
0x00007ff79eb4803d (Unity) UploadHandler::Release
0x00007ff79eb448dd (Unity) UnityWebRequestProto<UnityWebRequestTransport,AtomicRefCounter,RedirectHelper,ResponseHelper,DownloadHandler,UploadHandler,CertificateHandler,HeaderHelper,AsyncOperation>::~UnityWebRequestProto<UnityWebRequestTransport,AtomicRefCounter,RedirectHelper,ResponseHelper,DownloadHandler,UploadHandler,CertificateHandler,HeaderHelper,AsyncOperation>
0x00007ff79eb44bd6 (Unity) UnityWebRequest::`vector deleting destructor'
0x00007ff79d894b77 (Unity) UnityWebRequestProto<UnityWebRequestTransport,AtomicRefCounter,RedirectHelper,ResponseHelper,DownloadHandler,UploadHandler,CertificateHandler,HeaderHelper,AsyncOperation>::Release
0x00007ff79eb46605 (Unity) UnityWebRequestAsyncOperation::InvokeCoroutine
0x00007ff79eb467e1 (Unity) UnityWebRequestProto<UnityWebRequestTransport,AtomicRefCounter,RedirectHelper,ResponseHelper,DownloadHandler,UploadHandler,CertificateHandler,HeaderHelper,AsyncOperation>::Job_InvokeCoroutine
0x00007ff79e1ab54a (Unity) BackgroundJobQueue::ExecuteMainThreadJobs
0x00007ff79e26005f (Unity) PreloadManager::WaitForAllAsyncOperationsToComplete
0x00007ff79fa23af8 (Unity) <lambda_b37b41f03089e3cb3f55061bbc93253d>::operator()
0x00007ff79fa5f422 (Unity) asio::detail::completion_handler<core::mutable_function<void __cdecl(void)>,asio::io_context::basic_executor_type<std::allocator<void>,0> >::do_complete
0x00007ff79fa4b3ce (Unity) asio::detail::win_iocp_io_context::do_one
0x00007ff79fa4d034 (Unity) asio::detail::win_iocp_io_context::run
0x00007ff79fa5d7cc (Unity) IOService::Run
0x00007ff79fa30c2f (Unity) AssetImportWorkerClient::Run
0x00007ff79f9fc3d7 (Unity) RunAssetImportWorkerClientV2
0x00007ff79f9fc45b (Unity) RunAssetImporterV2
0x00007ff79f1f31de (Unity) Application::InitializeProject
0x00007ff79f688795 (Unity) WinMain
0x00007ff7a0a535ce (Unity) __scrt_common_main_seh
0x00007ffa8b87e8d7 (KERNEL32) BaseThreadInitThunk
0x00007ffa8c1714fc (ntdll) RtlUserThreadStart
Unloading 3379 Unused Serialized files (Serialized files now loaded: 0)
Unloading 39 unused Assets / (1.0 MB). Loaded Objects now: 4332.
Memory consumption went from 148.3 MB to 147.2 MB.
Total: 4.933900 ms (FindLiveObjects: 0.248500 ms CreateObjectMapping: 0.099900 ms MarkObjects: 3.653300 ms  DeleteObjects: 0.930900 ms)

Prepare: number of updated asset objects reloaded= 0
AssetImportParameters requested are different than current active one (requested -> active):
  custom:container-demuxer-ogg: 62fdf1f143b41e24485cea50d1cbac27 -> 
  custom:scripting/monoscript/fileName/Tree.cs: dca7474b58f05e1dc61bb9deb148038d -> 
  custom:video-codec-MediaFoundation-h265: 746d11721c4dcdbdad8f713fa42b33f4 -> 
  custom:video-decoder-ogg-theora: a1e56fd34408186e4bbccfd4996cb3dc -> 
  custom:scripting/monoscript/fileName/Timber.cs: e3f520cc8fc09857160dc689c53c79e7 -> 
  custom:framework-win-MediaFoundation: 216162199b28c13a410421893ffa2e32 -> 
  custom:scripting/monoscript/fileName/Money.cs: 9c40cb0a308c8e4e1f5815ebef98078a -> 
  custom:CustomObjectIndexerAttribute: 9a22284fe3817be447336de3de66b15e -> 
  custom:scripting/monoscript/fileName/FillableBar3D.cs: dad0baecc7b65c10f77033a02afb998c -> 
  custom:scripting/monoscript/fileName/ArrowController.cs: 1a447edfdb5484109c0662398b0d2a4f -> 
  custom:scripting/monoscript/fileName/TimberUnloadPlace.cs: 37128713035f60eb0534808b2759b0fd -> 
  custom:container-demuxer-webm: 4f35f7cbe854078d1ac9338744f61a02 -> 
  custom:container-muxer-webm: aa71ff27fc2769a1b78a27578f13a17b -> 
  custom:video-decoder-webm-vp8: 9c59270c3fd7afecdb556c50c9e8de78 -> 
  custom:SearchIndexIgnoredProperties: e643bd26f0fe6173181afceb89e7c659 -> 
  custom:AudioImporter_EditorPlatform: d09bf68614088b80899f8185d706f6e7 -> 
  custom:video-encoder-webm-vp8: eb34c28f22e8b96e1ab97ce403110664 -> 
  custom:audio-decoder-ogg-vorbis: bf7c407c2cedff20999df2af8eb42d56 -> 
  custom:audio-encoder-webm-vorbis: bf7c407c2cedff20999df2af8eb42d56 -> 
  custom:scripting/precompiled-assembly-types:Assembly-CSharp: c3f5bc0be8f01997d23d363072d8234a -> 898d7dc12b5aaae7dfacee678fc8dd41
========================================================================
Received Prepare
Caller must complete domain reload
Begin MonoManager ReloadAssembly
- Loaded All Assemblies, in  0.457 seconds
Native extension for WindowsStandalone target not found
Native extension for Android target not found
Native extension for WebGL target not found
[Package Manager] Server::EnsureServerProcessIsRunning -- launch failed, reason: Unity was launched with the -noUpm command-line argument
[Package Manager] UpmClient::Send -- Unable to send message (not connected to UPM process).
[Package Manager] Cannot connect to Unity Package Manager local server
Failed to sync packages list
UnityEngine.StackTraceUtility:ExtractStackTrace ()
UnityEngine.DebugLogHandler:LogFormat (UnityEngine.LogType,UnityEngine.Object,string,object[])
UnityEngine.Logger:Log (UnityEngine.LogType,object)
UnityEngine.Debug:LogWarning (object)
 .  / :MoveNext ()
System.Runtime.CompilerServices.AsyncVoidMethodBuilder:Start< .  / > ( .  / &)
 .  :  ()
 .⁪/ :MoveNext ()
System.Runtime.CompilerServices.AsyncTaskMethodBuilder:Start< .⁪/ > ( .⁪/ &)
 .⁪:  ()
System.Reflection.RuntimeMethodInfo:Invoke (object,System.Reflection.BindingFlags,System.Reflection.Binder,object[],System.Globalization.CultureInfo)
System.Reflection.MethodBase:Invoke (object,object[])
UnityEditor.EditorAssemblies:ProcessInitializeOnLoadMethodAttributes ()

Mono: successfully reloaded assembly
- Finished resetting the current domain, in  1.026 seconds
Domain Reload Profiling: 1482ms
	BeginReloadAssembly (169ms)
		ExecutionOrderSort (0ms)
		DisableScriptedObjects (5ms)
		BackupInstance (0ms)
		ReleaseScriptingObjects (0ms)
		CreateAndSetChildDomain (39ms)
	RebuildCommonClasses (31ms)
	RebuildNativeTypeToScriptingClass (10ms)
	initialDomainReloadingComplete (31ms)
	LoadAllAssembliesAndSetupDomain (215ms)
		LoadAssemblies (291ms)
		RebuildTransferFunctionScriptingTraits (0ms)
		AnalyzeDomain (14ms)
			TypeCache.Refresh (6ms)
				TypeCache.ScanAssembly (0ms)
			ScanForSourceGeneratedMonoScriptInfo (0ms)
			ResolveRequiredComponents (6ms)
	FinalizeReload (1026ms)
		ReleaseScriptCaches (0ms)
		RebuildScriptCaches (0ms)
		SetupLoadedEditorAssemblies (581ms)
			LogAssemblyErrors (0ms)
			InitializePlatformSupportModulesInManaged (18ms)
			SetLoadedEditorAssemblies (5ms)
			RefreshPlugins (0ms)
			BeforeProcessingInitializeOnLoad (71ms)
			ProcessInitializeOnLoadAttributes (423ms)
			ProcessInitializeOnLoadMethodAttributes (60ms)
			AfterProcessingInitializeOnLoad (4ms)
			EditorAssembliesLoaded (0ms)
		ExecutionOrderSort2 (0ms)
		AwakeInstancesAfterBackupRestoration (7ms)
Refreshing native plugins compatible for Editor in 4.16 ms, found 6 plugins.
Preloading 0 native plugins for Editor in 0.00 ms.
Release of invalid GC handle. The handle is from a previous domain. The release operation is skipped.
Release of invalid GC handle native callstack: 
0x00007ff79e68424d (Unity) StackWalker::GetCurrentCallstack
0x00007ff79e689329 (Unity) StackWalker::ShowCallstack
0x00007ff79f67dae1 (Unity) GetStacktrace
0x00007ff79e57f20d (Unity) ScriptingGCHandle::ReleaseAndClear
0x00007ff79eb4748c (Unity) UploadHandlerRaw::`vector deleting destructor'
0x00007ff79eb4803d (Unity) UploadHandler::Release
0x00007ff79eb448dd (Unity) UnityWebRequestProto<UnityWebRequestTransport,AtomicRefCounter,RedirectHelper,ResponseHelper,DownloadHandler,UploadHandler,CertificateHandler,HeaderHelper,AsyncOperation>::~UnityWebRequestProto<UnityWebRequestTransport,AtomicRefCounter,RedirectHelper,ResponseHelper,DownloadHandler,UploadHandler,CertificateHandler,HeaderHelper,AsyncOperation>
0x00007ff79eb44bd6 (Unity) UnityWebRequest::`vector deleting destructor'
0x00007ff79d894b77 (Unity) UnityWebRequestProto<UnityWebRequestTransport,AtomicRefCounter,RedirectHelper,ResponseHelper,DownloadHandler,UploadHandler,CertificateHandler,HeaderHelper,AsyncOperation>::Release
0x00007ff79eb46605 (Unity) UnityWebRequestAsyncOperation::InvokeCoroutine
0x00007ff79eb467e1 (Unity) UnityWebRequestProto<UnityWebRequestTransport,AtomicRefCounter,RedirectHelper,ResponseHelper,DownloadHandler,UploadHandler,CertificateHandler,HeaderHelper,AsyncOperation>::Job_InvokeCoroutine
0x00007ff79e1ab54a (Unity) BackgroundJobQueue::ExecuteMainThreadJobs
0x00007ff79e26005f (Unity) PreloadManager::WaitForAllAsyncOperationsToComplete
0x00007ff79fa23af8 (Unity) <lambda_b37b41f03089e3cb3f55061bbc93253d>::operator()
0x00007ff79fa5f422 (Unity) asio::detail::completion_handler<core::mutable_function<void __cdecl(void)>,asio::io_context::basic_executor_type<std::allocator<void>,0> >::do_complete
0x00007ff79fa4b3ce (Unity) asio::detail::win_iocp_io_context::do_one
0x00007ff79fa4d034 (Unity) asio::detail::win_iocp_io_context::run
0x00007ff79fa5d7cc (Unity) IOService::Run
0x00007ff79fa30c2f (Unity) AssetImportWorkerClient::Run
0x00007ff79f9fc3d7 (Unity) RunAssetImportWorkerClientV2
0x00007ff79f9fc45b (Unity) RunAssetImporterV2
0x00007ff79f1f31de (Unity) Application::InitializeProject
0x00007ff79f688795 (Unity) WinMain
0x00007ff7a0a535ce (Unity) __scrt_common_main_seh
0x00007ffa8b87e8d7 (KERNEL32) BaseThreadInitThunk
0x00007ffa8c1714fc (ntdll) RtlUserThreadStart
Unloading 3379 Unused Serialized files (Serialized files now loaded: 0)
Unloading 39 unused Assets / (1.0 MB). Loaded Objects now: 4337.
Memory consumption went from 148.4 MB to 147.4 MB.
Total: 4.961500 ms (FindLiveObjects: 0.291100 ms CreateObjectMapping: 0.104300 ms MarkObjects: 4.130200 ms  DeleteObjects: 0.434600 ms)

Prepare: number of updated asset objects reloaded= 0
AssetImportParameters requested are different than current active one (requested -> active):
  custom:container-demuxer-ogg: 62fdf1f143b41e24485cea50d1cbac27 -> 
  custom:scripting/monoscript/fileName/Tree.cs: dca7474b58f05e1dc61bb9deb148038d -> 
  custom:video-codec-MediaFoundation-h265: 746d11721c4dcdbdad8f713fa42b33f4 -> 
  custom:video-decoder-ogg-theora: a1e56fd34408186e4bbccfd4996cb3dc -> 
  custom:scripting/monoscript/fileName/Timber.cs: e3f520cc8fc09857160dc689c53c79e7 -> 
  custom:framework-win-MediaFoundation: 216162199b28c13a410421893ffa2e32 -> 
  custom:scripting/monoscript/fileName/Money.cs: 9c40cb0a308c8e4e1f5815ebef98078a -> 
  custom:CustomObjectIndexerAttribute: 9a22284fe3817be447336de3de66b15e -> 
  custom:scripting/monoscript/fileName/FillableBar3D.cs: dad0baecc7b65c10f77033a02afb998c -> 
  custom:scripting/monoscript/fileName/ArrowController.cs: 1a447edfdb5484109c0662398b0d2a4f -> 
  custom:scripting/monoscript/fileName/TimberUnloadPlace.cs: 37128713035f60eb0534808b2759b0fd -> 
  custom:container-demuxer-webm: 4f35f7cbe854078d1ac9338744f61a02 -> 
  custom:container-muxer-webm: aa71ff27fc2769a1b78a27578f13a17b -> 
  custom:video-decoder-webm-vp8: 9c59270c3fd7afecdb556c50c9e8de78 -> 
  custom:SearchIndexIgnoredProperties: e643bd26f0fe6173181afceb89e7c659 -> 
  custom:AudioImporter_EditorPlatform: d09bf68614088b80899f8185d706f6e7 -> 
  custom:video-encoder-webm-vp8: eb34c28f22e8b96e1ab97ce403110664 -> 
  custom:audio-decoder-ogg-vorbis: bf7c407c2cedff20999df2af8eb42d56 -> 
  custom:audio-encoder-webm-vorbis: bf7c407c2cedff20999df2af8eb42d56 -> 
  custom:scripting/precompiled-assembly-types:Assembly-CSharp: c3f5bc0be8f01997d23d363072d8234a -> 898d7dc12b5aaae7dfacee678fc8dd41
========================================================================
Received Prepare
Caller must complete domain reload
Begin MonoManager ReloadAssembly
- Loaded All Assemblies, in  0.603 seconds
Native extension for WindowsStandalone target not found
Native extension for Android target not found
Native extension for WebGL target not found
[Package Manager] Server::EnsureServerProcessIsRunning -- launch failed, reason: Unity was launched with the -noUpm command-line argument
[Package Manager] UpmClient::Send -- Unable to send message (not connected to UPM process).
[Package Manager] Cannot connect to Unity Package Manager local server
Failed to sync packages list
UnityEngine.StackTraceUtility:ExtractStackTrace ()
UnityEngine.DebugLogHandler:LogFormat (UnityEngine.LogType,UnityEngine.Object,string,object[])
UnityEngine.Logger:Log (UnityEngine.LogType,object)
UnityEngine.Debug:LogWarning (object)
 .  / :MoveNext ()
System.Runtime.CompilerServices.AsyncVoidMethodBuilder:Start< .  / > ( .  / &)
 .  :  ()
 .⁪/ :MoveNext ()
System.Runtime.CompilerServices.AsyncTaskMethodBuilder:Start< .⁪/ > ( .⁪/ &)
 .⁪:  ()
System.Reflection.RuntimeMethodInfo:Invoke (object,System.Reflection.BindingFlags,System.Reflection.Binder,object[],System.Globalization.CultureInfo)
System.Reflection.MethodBase:Invoke (object,object[])
UnityEditor.EditorAssemblies:ProcessInitializeOnLoadMethodAttributes ()

Mono: successfully reloaded assembly
- Finished resetting the current domain, in  1.496 seconds
Domain Reload Profiling: 2097ms
	BeginReloadAssembly (233ms)
		ExecutionOrderSort (0ms)
		DisableScriptedObjects (7ms)
		BackupInstance (0ms)
		ReleaseScriptingObjects (0ms)
		CreateAndSetChildDomain (60ms)
	RebuildCommonClasses (31ms)
	RebuildNativeTypeToScriptingClass (11ms)
	initialDomainReloadingComplete (31ms)
	LoadAllAssembliesAndSetupDomain (295ms)
		LoadAssemblies (393ms)
		RebuildTransferFunctionScriptingTraits (0ms)
		AnalyzeDomain (24ms)
			TypeCache.Refresh (8ms)
				TypeCache.ScanAssembly (0ms)
			ScanForSourceGeneratedMonoScriptInfo (9ms)
			ResolveRequiredComponents (5ms)
	FinalizeReload (1496ms)
		ReleaseScriptCaches (0ms)
		RebuildScriptCaches (0ms)
		SetupLoadedEditorAssemblies (476ms)
			LogAssemblyErrors (0ms)
			InitializePlatformSupportModulesInManaged (18ms)
			SetLoadedEditorAssemblies (5ms)
			RefreshPlugins (0ms)
			BeforeProcessingInitializeOnLoad (54ms)
			ProcessInitializeOnLoadAttributes (342ms)
			ProcessInitializeOnLoadMethodAttributes (53ms)
			AfterProcessingInitializeOnLoad (4ms)
			EditorAssembliesLoaded (0ms)
		ExecutionOrderSort2 (0ms)
		AwakeInstancesAfterBackupRestoration (7ms)
Refreshing native plugins compatible for Editor in 3.12 ms, found 6 plugins.
Preloading 0 native plugins for Editor in 0.00 ms.
Release of invalid GC handle. The handle is from a previous domain. The release operation is skipped.
Release of invalid GC handle native callstack: 
0x00007ff79e68424d (Unity) StackWalker::GetCurrentCallstack
0x00007ff79e689329 (Unity) StackWalker::ShowCallstack
0x00007ff79f67dae1 (Unity) GetStacktrace
0x00007ff79e57f20d (Unity) ScriptingGCHandle::ReleaseAndClear
0x00007ff79eb4748c (Unity) UploadHandlerRaw::`vector deleting destructor'
0x00007ff79eb4803d (Unity) UploadHandler::Release
0x00007ff79eb448dd (Unity) UnityWebRequestProto<UnityWebRequestTransport,AtomicRefCounter,RedirectHelper,ResponseHelper,DownloadHandler,UploadHandler,CertificateHandler,HeaderHelper,AsyncOperation>::~UnityWebRequestProto<UnityWebRequestTransport,AtomicRefCounter,RedirectHelper,ResponseHelper,DownloadHandler,UploadHandler,CertificateHandler,HeaderHelper,AsyncOperation>
0x00007ff79eb44bd6 (Unity) UnityWebRequest::`vector deleting destructor'
0x00007ff79d894b77 (Unity) UnityWebRequestProto<UnityWebRequestTransport,AtomicRefCounter,RedirectHelper,ResponseHelper,DownloadHandler,UploadHandler,CertificateHandler,HeaderHelper,AsyncOperation>::Release
0x00007ff79eb46605 (Unity) UnityWebRequestAsyncOperation::InvokeCoroutine
0x00007ff79eb467e1 (Unity) UnityWebRequestProto<UnityWebRequestTransport,AtomicRefCounter,RedirectHelper,ResponseHelper,DownloadHandler,UploadHandler,CertificateHandler,HeaderHelper,AsyncOperation>::Job_InvokeCoroutine
0x00007ff79e1ab54a (Unity) BackgroundJobQueue::ExecuteMainThreadJobs
0x00007ff79e26005f (Unity) PreloadManager::WaitForAllAsyncOperationsToComplete
0x00007ff79fa23af8 (Unity) <lambda_b37b41f03089e3cb3f55061bbc93253d>::operator()
0x00007ff79fa5f422 (Unity) asio::detail::completion_handler<core::mutable_function<void __cdecl(void)>,asio::io_context::basic_executor_type<std::allocator<void>,0> >::do_complete
0x00007ff79fa4b3ce (Unity) asio::detail::win_iocp_io_context::do_one
0x00007ff79fa4d034 (Unity) asio::detail::win_iocp_io_context::run
0x00007ff79fa5d7cc (Unity) IOService::Run
0x00007ff79fa30c2f (Unity) AssetImportWorkerClient::Run
0x00007ff79f9fc3d7 (Unity) RunAssetImportWorkerClientV2
0x00007ff79f9fc45b (Unity) RunAssetImporterV2
0x00007ff79f1f31de (Unity) Application::InitializeProject
0x00007ff79f688795 (Unity) WinMain
0x00007ff7a0a535ce (Unity) __scrt_common_main_seh
0x00007ffa8b87e8d7 (KERNEL32) BaseThreadInitThunk
0x00007ffa8c1714fc (ntdll) RtlUserThreadStart
Unloading 3379 Unused Serialized files (Serialized files now loaded: 0)
Unloading 39 unused Assets / (1.0 MB). Loaded Objects now: 4342.
Memory consumption went from 148.6 MB to 147.5 MB.
Total: 4.525900 ms (FindLiveObjects: 0.233300 ms CreateObjectMapping: 0.093300 ms MarkObjects: 3.699000 ms  DeleteObjects: 0.499300 ms)

Prepare: number of updated asset objects reloaded= 0
AssetImportParameters requested are different than current active one (requested -> active):
  custom:container-demuxer-ogg: 62fdf1f143b41e24485cea50d1cbac27 -> 
  custom:scripting/monoscript/fileName/Tree.cs: dca7474b58f05e1dc61bb9deb148038d -> 
  custom:video-codec-MediaFoundation-h265: 746d11721c4dcdbdad8f713fa42b33f4 -> 
  custom:video-decoder-ogg-theora: a1e56fd34408186e4bbccfd4996cb3dc -> 
  custom:scripting/monoscript/fileName/Timber.cs: e3f520cc8fc09857160dc689c53c79e7 -> 
  custom:framework-win-MediaFoundation: 216162199b28c13a410421893ffa2e32 -> 
  custom:scripting/monoscript/fileName/Money.cs: 9c40cb0a308c8e4e1f5815ebef98078a -> 
  custom:CustomObjectIndexerAttribute: 9a22284fe3817be447336de3de66b15e -> 
  custom:scripting/monoscript/fileName/FillableBar3D.cs: dad0baecc7b65c10f77033a02afb998c -> 
  custom:scripting/monoscript/fileName/ArrowController.cs: 1a447edfdb5484109c0662398b0d2a4f -> 
  custom:scripting/monoscript/fileName/TimberUnloadPlace.cs: 37128713035f60eb0534808b2759b0fd -> 
  custom:container-demuxer-webm: 4f35f7cbe854078d1ac9338744f61a02 -> 
  custom:container-muxer-webm: aa71ff27fc2769a1b78a27578f13a17b -> 
  custom:video-decoder-webm-vp8: 9c59270c3fd7afecdb556c50c9e8de78 -> 
  custom:SearchIndexIgnoredProperties: e643bd26f0fe6173181afceb89e7c659 -> 
  custom:AudioImporter_EditorPlatform: d09bf68614088b80899f8185d706f6e7 -> 
  custom:video-encoder-webm-vp8: eb34c28f22e8b96e1ab97ce403110664 -> 
  custom:audio-decoder-ogg-vorbis: bf7c407c2cedff20999df2af8eb42d56 -> 
  custom:audio-encoder-webm-vorbis: bf7c407c2cedff20999df2af8eb42d56 -> 
  custom:scripting/precompiled-assembly-types:Assembly-CSharp: 03ff8f43519a2df43966827d1467a3b6 -> 898d7dc12b5aaae7dfacee678fc8dd41
========================================================================
Received Prepare
Caller must complete domain reload
Begin MonoManager ReloadAssembly
- Loaded All Assemblies, in  0.381 seconds
Native extension for WindowsStandalone target not found
Native extension for Android target not found
Native extension for WebGL target not found
[Package Manager] Server::EnsureServerProcessIsRunning -- launch failed, reason: Unity was launched with the -noUpm command-line argument
[Package Manager] UpmClient::Send -- Unable to send message (not connected to UPM process).
[Package Manager] Cannot connect to Unity Package Manager local server
Failed to sync packages list
UnityEngine.StackTraceUtility:ExtractStackTrace ()
UnityEngine.DebugLogHandler:LogFormat (UnityEngine.LogType,UnityEngine.Object,string,object[])
UnityEngine.Logger:Log (UnityEngine.LogType,object)
UnityEngine.Debug:LogWarning (object)
 .  / :MoveNext ()
System.Runtime.CompilerServices.AsyncVoidMethodBuilder:Start< .  / > ( .  / &)
 .  :  ()
 .⁪/ :MoveNext ()
System.Runtime.CompilerServices.AsyncTaskMethodBuilder:Start< .⁪/ > ( .⁪/ &)
 .⁪:  ()
System.Reflection.RuntimeMethodInfo:Invoke (object,System.Reflection.BindingFlags,System.Reflection.Binder,object[],System.Globalization.CultureInfo)
System.Reflection.MethodBase:Invoke (object,object[])
UnityEditor.EditorAssemblies:ProcessInitializeOnLoadMethodAttributes ()

Mono: successfully reloaded assembly
- Finished resetting the current domain, in  0.873 seconds
Domain Reload Profiling: 1253ms
	BeginReloadAssembly (136ms)
		ExecutionOrderSort (0ms)
		DisableScriptedObjects (4ms)
		BackupInstance (0ms)
		ReleaseScriptingObjects (0ms)
		CreateAndSetChildDomain (34ms)
	RebuildCommonClasses (27ms)
	RebuildNativeTypeToScriptingClass (9ms)
	initialDomainReloadingComplete (23ms)
	LoadAllAssembliesAndSetupDomain (185ms)
		LoadAssemblies (239ms)
		RebuildTransferFunctionScriptingTraits (0ms)
		AnalyzeDomain (14ms)
			TypeCache.Refresh (6ms)
				TypeCache.ScanAssembly (0ms)
			ScanForSourceGeneratedMonoScriptInfo (0ms)
			ResolveRequiredComponents (5ms)
	FinalizeReload (873ms)
		ReleaseScriptCaches (0ms)
		RebuildScriptCaches (0ms)
		SetupLoadedEditorAssemblies (470ms)
			LogAssemblyErrors (0ms)
			InitializePlatformSupportModulesInManaged (16ms)
			SetLoadedEditorAssemblies (6ms)
			RefreshPlugins (0ms)
			BeforeProcessingInitializeOnLoad (55ms)
			ProcessInitializeOnLoadAttributes (345ms)
			ProcessInitializeOnLoadMethodAttributes (43ms)
			AfterProcessingInitializeOnLoad (4ms)
			EditorAssembliesLoaded (0ms)
		ExecutionOrderSort2 (0ms)
		AwakeInstancesAfterBackupRestoration (5ms)
Refreshing native plugins compatible for Editor in 3.12 ms, found 6 plugins.
Preloading 0 native plugins for Editor in 0.00 ms.
Release of invalid GC handle. The handle is from a previous domain. The release operation is skipped.
Release of invalid GC handle native callstack: 
0x00007ff79e68424d (Unity) StackWalker::GetCurrentCallstack
0x00007ff79e689329 (Unity) StackWalker::ShowCallstack
0x00007ff79f67dae1 (Unity) GetStacktrace
0x00007ff79e57f20d (Unity) ScriptingGCHandle::ReleaseAndClear
0x00007ff79eb4748c (Unity) UploadHandlerRaw::`vector deleting destructor'
0x00007ff79eb4803d (Unity) UploadHandler::Release
0x00007ff79eb448dd (Unity) UnityWebRequestProto<UnityWebRequestTransport,AtomicRefCounter,RedirectHelper,ResponseHelper,DownloadHandler,UploadHandler,CertificateHandler,HeaderHelper,AsyncOperation>::~UnityWebRequestProto<UnityWebRequestTransport,AtomicRefCounter,RedirectHelper,ResponseHelper,DownloadHandler,UploadHandler,CertificateHandler,HeaderHelper,AsyncOperation>
0x00007ff79eb44bd6 (Unity) UnityWebRequest::`vector deleting destructor'
0x00007ff79d894b77 (Unity) UnityWebRequestProto<UnityWebRequestTransport,AtomicRefCounter,RedirectHelper,ResponseHelper,DownloadHandler,UploadHandler,CertificateHandler,HeaderHelper,AsyncOperation>::Release
0x00007ff79eb46605 (Unity) UnityWebRequestAsyncOperation::InvokeCoroutine
0x00007ff79eb467e1 (Unity) UnityWebRequestProto<UnityWebRequestTransport,AtomicRefCounter,RedirectHelper,ResponseHelper,DownloadHandler,UploadHandler,CertificateHandler,HeaderHelper,AsyncOperation>::Job_InvokeCoroutine
0x00007ff79e1ab54a (Unity) BackgroundJobQueue::ExecuteMainThreadJobs
0x00007ff79e26005f (Unity) PreloadManager::WaitForAllAsyncOperationsToComplete
0x00007ff79fa23af8 (Unity) <lambda_b37b41f03089e3cb3f55061bbc93253d>::operator()
0x00007ff79fa5f422 (Unity) asio::detail::completion_handler<core::mutable_function<void __cdecl(void)>,asio::io_context::basic_executor_type<std::allocator<void>,0> >::do_complete
0x00007ff79fa4b3ce (Unity) asio::detail::win_iocp_io_context::do_one
0x00007ff79fa4d034 (Unity) asio::detail::win_iocp_io_context::run
0x00007ff79fa5d7cc (Unity) IOService::Run
0x00007ff79fa30c2f (Unity) AssetImportWorkerClient::Run
0x00007ff79f9fc3d7 (Unity) RunAssetImportWorkerClientV2
0x00007ff79f9fc45b (Unity) RunAssetImporterV2
0x00007ff79f1f31de (Unity) Application::InitializeProject
0x00007ff79f688795 (Unity) WinMain
0x00007ff7a0a535ce (Unity) __scrt_common_main_seh
0x00007ffa8b87e8d7 (KERNEL32) BaseThreadInitThunk
0x00007ffa8c1714fc (ntdll) RtlUserThreadStart
Unloading 3379 Unused Serialized files (Serialized files now loaded: 0)
Unloading 39 unused Assets / (1.0 MB). Loaded Objects now: 4347.
Memory consumption went from 148.7 MB to 147.7 MB.
Total: 3.961300 ms (FindLiveObjects: 0.216300 ms CreateObjectMapping: 0.090100 ms MarkObjects: 3.231100 ms  DeleteObjects: 0.422700 ms)

Prepare: number of updated asset objects reloaded= 0
AssetImportParameters requested are different than current active one (requested -> active):
  custom:container-demuxer-ogg: 62fdf1f143b41e24485cea50d1cbac27 -> 
  custom:scripting/monoscript/fileName/Tree.cs: dca7474b58f05e1dc61bb9deb148038d -> 
  custom:video-codec-MediaFoundation-h265: 746d11721c4dcdbdad8f713fa42b33f4 -> 
  custom:video-decoder-ogg-theora: a1e56fd34408186e4bbccfd4996cb3dc -> 
  custom:scripting/monoscript/fileName/Timber.cs: e3f520cc8fc09857160dc689c53c79e7 -> 
  custom:framework-win-MediaFoundation: 216162199b28c13a410421893ffa2e32 -> 
  custom:scripting/monoscript/fileName/Money.cs: 9c40cb0a308c8e4e1f5815ebef98078a -> 
  custom:CustomObjectIndexerAttribute: 9a22284fe3817be447336de3de66b15e -> 
  custom:scripting/monoscript/fileName/FillableBar3D.cs: dad0baecc7b65c10f77033a02afb998c -> 
  custom:scripting/monoscript/fileName/ArrowController.cs: 1a447edfdb5484109c0662398b0d2a4f -> 
  custom:scripting/monoscript/fileName/TimberUnloadPlace.cs: 37128713035f60eb0534808b2759b0fd -> 
  custom:container-demuxer-webm: 4f35f7cbe854078d1ac9338744f61a02 -> 
  custom:container-muxer-webm: aa71ff27fc2769a1b78a27578f13a17b -> 
  custom:video-decoder-webm-vp8: 9c59270c3fd7afecdb556c50c9e8de78 -> 
  custom:SearchIndexIgnoredProperties: e643bd26f0fe6173181afceb89e7c659 -> 
  custom:AudioImporter_EditorPlatform: d09bf68614088b80899f8185d706f6e7 -> 
  custom:video-encoder-webm-vp8: eb34c28f22e8b96e1ab97ce403110664 -> 
  custom:audio-decoder-ogg-vorbis: bf7c407c2cedff20999df2af8eb42d56 -> 
  custom:audio-encoder-webm-vorbis: bf7c407c2cedff20999df2af8eb42d56 -> 
  custom:scripting/precompiled-assembly-types:Assembly-CSharp: 03ff8f43519a2df43966827d1467a3b6 -> 898d7dc12b5aaae7dfacee678fc8dd41
========================================================================
Received Prepare
Caller must complete domain reload
Begin MonoManager ReloadAssembly
- Loaded All Assemblies, in  0.451 seconds
Native extension for WindowsStandalone target not found
Native extension for Android target not found
Native extension for WebGL target not found
[Package Manager] Server::EnsureServerProcessIsRunning -- launch failed, reason: Unity was launched with the -noUpm command-line argument
[Package Manager] UpmClient::Send -- Unable to send message (not connected to UPM process).
[Package Manager] Cannot connect to Unity Package Manager local server
Failed to sync packages list
UnityEngine.StackTraceUtility:ExtractStackTrace ()
UnityEngine.DebugLogHandler:LogFormat (UnityEngine.LogType,UnityEngine.Object,string,object[])
UnityEngine.Logger:Log (UnityEngine.LogType,object)
UnityEngine.Debug:LogWarning (object)
 .  / :MoveNext ()
System.Runtime.CompilerServices.AsyncVoidMethodBuilder:Start< .  / > ( .  / &)
 .  :  ()
 .⁪/ :MoveNext ()
System.Runtime.CompilerServices.AsyncTaskMethodBuilder:Start< .⁪/ > ( .⁪/ &)
 .⁪:  ()
System.Reflection.RuntimeMethodInfo:Invoke (object,System.Reflection.BindingFlags,System.Reflection.Binder,object[],System.Globalization.CultureInfo)
System.Reflection.MethodBase:Invoke (object,object[])
UnityEditor.EditorAssemblies:ProcessInitializeOnLoadMethodAttributes ()

Mono: successfully reloaded assembly
- Finished resetting the current domain, in  0.981 seconds
Domain Reload Profiling: 1432ms
	BeginReloadAssembly (152ms)
		ExecutionOrderSort (0ms)
		DisableScriptedObjects (6ms)
		BackupInstance (0ms)
		ReleaseScriptingObjects (0ms)
		CreateAndSetChildDomain (32ms)
	RebuildCommonClasses (33ms)
	RebuildNativeTypeToScriptingClass (12ms)
	initialDomainReloadingComplete (30ms)
	LoadAllAssembliesAndSetupDomain (223ms)
		LoadAssemblies (287ms)
		RebuildTransferFunctionScriptingTraits (0ms)
		AnalyzeDomain (15ms)
			TypeCache.Refresh (6ms)
				TypeCache.ScanAssembly (0ms)
			ScanForSourceGeneratedMonoScriptInfo (0ms)
			ResolveRequiredComponents (6ms)
	FinalizeReload (982ms)
		ReleaseScriptCaches (0ms)
		RebuildScriptCaches (0ms)
		SetupLoadedEditorAssemblies (561ms)
			LogAssemblyErrors (0ms)
			InitializePlatformSupportModulesInManaged (21ms)
			SetLoadedEditorAssemblies (4ms)
			RefreshPlugins (0ms)
			BeforeProcessingInitializeOnLoad (62ms)
			ProcessInitializeOnLoadAttributes (407ms)
			ProcessInitializeOnLoadMethodAttributes (61ms)
			AfterProcessingInitializeOnLoad (5ms)
			EditorAssembliesLoaded (0ms)
		ExecutionOrderSort2 (0ms)
		AwakeInstancesAfterBackupRestoration (7ms)
Refreshing native plugins compatible for Editor in 5.68 ms, found 6 plugins.
Preloading 0 native plugins for Editor in 0.00 ms.
Release of invalid GC handle. The handle is from a previous domain. The release operation is skipped.
Release of invalid GC handle native callstack: 
0x00007ff79e68424d (Unity) StackWalker::GetCurrentCallstack
0x00007ff79e689329 (Unity) StackWalker::ShowCallstack
0x00007ff79f67dae1 (Unity) GetStacktrace
0x00007ff79e57f20d (Unity) ScriptingGCHandle::ReleaseAndClear
0x00007ff79eb4748c (Unity) UploadHandlerRaw::`vector deleting destructor'
0x00007ff79eb4803d (Unity) UploadHandler::Release
0x00007ff79eb448dd (Unity) UnityWebRequestProto<UnityWebRequestTransport,AtomicRefCounter,RedirectHelper,ResponseHelper,DownloadHandler,UploadHandler,CertificateHandler,HeaderHelper,AsyncOperation>::~UnityWebRequestProto<UnityWebRequestTransport,AtomicRefCounter,RedirectHelper,ResponseHelper,DownloadHandler,UploadHandler,CertificateHandler,HeaderHelper,AsyncOperation>
0x00007ff79eb44bd6 (Unity) UnityWebRequest::`vector deleting destructor'
0x00007ff79d894b77 (Unity) UnityWebRequestProto<UnityWebRequestTransport,AtomicRefCounter,RedirectHelper,ResponseHelper,DownloadHandler,UploadHandler,CertificateHandler,HeaderHelper,AsyncOperation>::Release
0x00007ff79eb46605 (Unity) UnityWebRequestAsyncOperation::InvokeCoroutine
0x00007ff79eb467e1 (Unity) UnityWebRequestProto<UnityWebRequestTransport,AtomicRefCounter,RedirectHelper,ResponseHelper,DownloadHandler,UploadHandler,CertificateHandler,HeaderHelper,AsyncOperation>::Job_InvokeCoroutine
0x00007ff79e1ab54a (Unity) BackgroundJobQueue::ExecuteMainThreadJobs
0x00007ff79e26005f (Unity) PreloadManager::WaitForAllAsyncOperationsToComplete
0x00007ff79fa23af8 (Unity) <lambda_b37b41f03089e3cb3f55061bbc93253d>::operator()
0x00007ff79fa5f422 (Unity) asio::detail::completion_handler<core::mutable_function<void __cdecl(void)>,asio::io_context::basic_executor_type<std::allocator<void>,0> >::do_complete
0x00007ff79fa4b3ce (Unity) asio::detail::win_iocp_io_context::do_one
0x00007ff79fa4d034 (Unity) asio::detail::win_iocp_io_context::run
0x00007ff79fa5d7cc (Unity) IOService::Run
0x00007ff79fa30c2f (Unity) AssetImportWorkerClient::Run
0x00007ff79f9fc3d7 (Unity) RunAssetImportWorkerClientV2
0x00007ff79f9fc45b (Unity) RunAssetImporterV2
0x00007ff79f1f31de (Unity) Application::InitializeProject
0x00007ff79f688795 (Unity) WinMain
0x00007ff7a0a535ce (Unity) __scrt_common_main_seh
0x00007ffa8b87e8d7 (KERNEL32) BaseThreadInitThunk
0x00007ffa8c1714fc (ntdll) RtlUserThreadStart
Unloading 3379 Unused Serialized files (Serialized files now loaded: 0)
Unloading 39 unused Assets / (1.0 MB). Loaded Objects now: 4352.
Memory consumption went from 148.9 MB to 147.8 MB.
Total: 4.340300 ms (FindLiveObjects: 0.252300 ms CreateObjectMapping: 0.107100 ms MarkObjects: 3.532800 ms  DeleteObjects: 0.447300 ms)

Prepare: number of updated asset objects reloaded= 0
AssetImportParameters requested are different than current active one (requested -> active):
  custom:container-demuxer-ogg: 62fdf1f143b41e24485cea50d1cbac27 -> 
  custom:scripting/monoscript/fileName/Tree.cs: dca7474b58f05e1dc61bb9deb148038d -> 
  custom:video-codec-MediaFoundation-h265: 746d11721c4dcdbdad8f713fa42b33f4 -> 
  custom:video-decoder-ogg-theora: a1e56fd34408186e4bbccfd4996cb3dc -> 
  custom:scripting/monoscript/fileName/Timber.cs: e3f520cc8fc09857160dc689c53c79e7 -> 
  custom:framework-win-MediaFoundation: 216162199b28c13a410421893ffa2e32 -> 
  custom:scripting/monoscript/fileName/Money.cs: 9c40cb0a308c8e4e1f5815ebef98078a -> 
  custom:CustomObjectIndexerAttribute: 9a22284fe3817be447336de3de66b15e -> 
  custom:scripting/monoscript/fileName/FillableBar3D.cs: dad0baecc7b65c10f77033a02afb998c -> 
  custom:scripting/monoscript/fileName/ArrowController.cs: 1a447edfdb5484109c0662398b0d2a4f -> 
  custom:scripting/monoscript/fileName/TimberUnloadPlace.cs: 37128713035f60eb0534808b2759b0fd -> 
  custom:container-demuxer-webm: 4f35f7cbe854078d1ac9338744f61a02 -> 
  custom:container-muxer-webm: aa71ff27fc2769a1b78a27578f13a17b -> 
  custom:video-decoder-webm-vp8: 9c59270c3fd7afecdb556c50c9e8de78 -> 
  custom:SearchIndexIgnoredProperties: e643bd26f0fe6173181afceb89e7c659 -> 
  custom:AudioImporter_EditorPlatform: d09bf68614088b80899f8185d706f6e7 -> 
  custom:video-encoder-webm-vp8: eb34c28f22e8b96e1ab97ce403110664 -> 
  custom:audio-decoder-ogg-vorbis: bf7c407c2cedff20999df2af8eb42d56 -> 
  custom:audio-encoder-webm-vorbis: bf7c407c2cedff20999df2af8eb42d56 -> 
  custom:scripting/precompiled-assembly-types:Assembly-CSharp: 03ff8f43519a2df43966827d1467a3b6 -> 898d7dc12b5aaae7dfacee678fc8dd41
========================================================================
Received Prepare
Caller must complete domain reload
Begin MonoManager ReloadAssembly
- Loaded All Assemblies, in  0.528 seconds
Native extension for WindowsStandalone target not found
Native extension for Android target not found
Native extension for WebGL target not found
[Package Manager] Server::EnsureServerProcessIsRunning -- launch failed, reason: Unity was launched with the -noUpm command-line argument
[Package Manager] UpmClient::Send -- Unable to send message (not connected to UPM process).
[Package Manager] Cannot connect to Unity Package Manager local server
Failed to sync packages list
UnityEngine.StackTraceUtility:ExtractStackTrace ()
UnityEngine.DebugLogHandler:LogFormat (UnityEngine.LogType,UnityEngine.Object,string,object[])
UnityEngine.Logger:Log (UnityEngine.LogType,object)
UnityEngine.Debug:LogWarning (object)
 .  / :MoveNext ()
System.Runtime.CompilerServices.AsyncVoidMethodBuilder:Start< .  / > ( .  / &)
 .  :  ()
 .⁪/ :MoveNext ()
System.Runtime.CompilerServices.AsyncTaskMethodBuilder:Start< .⁪/ > ( .⁪/ &)
 .⁪:  ()
System.Reflection.RuntimeMethodInfo:Invoke (object,System.Reflection.BindingFlags,System.Reflection.Binder,object[],System.Globalization.CultureInfo)
System.Reflection.MethodBase:Invoke (object,object[])
UnityEditor.EditorAssemblies:ProcessInitializeOnLoadMethodAttributes ()

Mono: successfully reloaded assembly
- Finished resetting the current domain, in  1.093 seconds
Domain Reload Profiling: 1620ms
	BeginReloadAssembly (171ms)
		ExecutionOrderSort (0ms)
		DisableScriptedObjects (6ms)
		BackupInstance (0ms)
		ReleaseScriptingObjects (0ms)
		CreateAndSetChildDomain (40ms)
	RebuildCommonClasses (48ms)
	RebuildNativeTypeToScriptingClass (16ms)
	initialDomainReloadingComplete (41ms)
	LoadAllAssembliesAndSetupDomain (249ms)
		LoadAssemblies (315ms)
		RebuildTransferFunctionScriptingTraits (0ms)
		AnalyzeDomain (25ms)
			TypeCache.Refresh (9ms)
				TypeCache.ScanAssembly (0ms)
			ScanForSourceGeneratedMonoScriptInfo (8ms)
			ResolveRequiredComponents (6ms)
	FinalizeReload (1094ms)
		ReleaseScriptCaches (0ms)
		RebuildScriptCaches (0ms)
		SetupLoadedEditorAssemblies (627ms)
			LogAssemblyErrors (0ms)
			InitializePlatformSupportModulesInManaged (20ms)
			SetLoadedEditorAssemblies (5ms)
			RefreshPlugins (0ms)
			BeforeProcessingInitializeOnLoad (67ms)
			ProcessInitializeOnLoadAttributes (461ms)
			ProcessInitializeOnLoadMethodAttributes (69ms)
			AfterProcessingInitializeOnLoad (4ms)
			EditorAssembliesLoaded (0ms)
		ExecutionOrderSort2 (0ms)
		AwakeInstancesAfterBackupRestoration (7ms)
Refreshing native plugins compatible for Editor in 4.25 ms, found 6 plugins.
Preloading 0 native plugins for Editor in 0.00 ms.
Release of invalid GC handle. The handle is from a previous domain. The release operation is skipped.
Release of invalid GC handle native callstack: 
0x00007ff79e68424d (Unity) StackWalker::GetCurrentCallstack
0x00007ff79e689329 (Unity) StackWalker::ShowCallstack
0x00007ff79f67dae1 (Unity) GetStacktrace
0x00007ff79e57f20d (Unity) ScriptingGCHandle::ReleaseAndClear
0x00007ff79eb4748c (Unity) UploadHandlerRaw::`vector deleting destructor'
0x00007ff79eb4803d (Unity) UploadHandler::Release
0x00007ff79eb448dd (Unity) UnityWebRequestProto<UnityWebRequestTransport,AtomicRefCounter,RedirectHelper,ResponseHelper,DownloadHandler,UploadHandler,CertificateHandler,HeaderHelper,AsyncOperation>::~UnityWebRequestProto<UnityWebRequestTransport,AtomicRefCounter,RedirectHelper,ResponseHelper,DownloadHandler,UploadHandler,CertificateHandler,HeaderHelper,AsyncOperation>
0x00007ff79eb44bd6 (Unity) UnityWebRequest::`vector deleting destructor'
0x00007ff79d894b77 (Unity) UnityWebRequestProto<UnityWebRequestTransport,AtomicRefCounter,RedirectHelper,ResponseHelper,DownloadHandler,UploadHandler,CertificateHandler,HeaderHelper,AsyncOperation>::Release
0x00007ff79eb46605 (Unity) UnityWebRequestAsyncOperation::InvokeCoroutine
0x00007ff79eb467e1 (Unity) UnityWebRequestProto<UnityWebRequestTransport,AtomicRefCounter,RedirectHelper,ResponseHelper,DownloadHandler,UploadHandler,CertificateHandler,HeaderHelper,AsyncOperation>::Job_InvokeCoroutine
0x00007ff79e1ab54a (Unity) BackgroundJobQueue::ExecuteMainThreadJobs
0x00007ff79e26005f (Unity) PreloadManager::WaitForAllAsyncOperationsToComplete
0x00007ff79fa23af8 (Unity) <lambda_b37b41f03089e3cb3f55061bbc93253d>::operator()
0x00007ff79fa5f422 (Unity) asio::detail::completion_handler<core::mutable_function<void __cdecl(void)>,asio::io_context::basic_executor_type<std::allocator<void>,0> >::do_complete
0x00007ff79fa4b3ce (Unity) asio::detail::win_iocp_io_context::do_one
0x00007ff79fa4d034 (Unity) asio::detail::win_iocp_io_context::run
0x00007ff79fa5d7cc (Unity) IOService::Run
0x00007ff79fa30c2f (Unity) AssetImportWorkerClient::Run
0x00007ff79f9fc3d7 (Unity) RunAssetImportWorkerClientV2
0x00007ff79f9fc45b (Unity) RunAssetImporterV2
0x00007ff79f1f31de (Unity) Application::InitializeProject
0x00007ff79f688795 (Unity) WinMain
0x00007ff7a0a535ce (Unity) __scrt_common_main_seh
0x00007ffa8b87e8d7 (KERNEL32) BaseThreadInitThunk
0x00007ffa8c1714fc (ntdll) RtlUserThreadStart
Unloading 3379 Unused Serialized files (Serialized files now loaded: 0)
Unloading 39 unused Assets / (1.0 MB). Loaded Objects now: 4357.
Memory consumption went from 149.0 MB to 148.0 MB.
Total: 5.282100 ms (FindLiveObjects: 0.497800 ms CreateObjectMapping: 0.166400 ms MarkObjects: 4.089300 ms  DeleteObjects: 0.526500 ms)

Prepare: number of updated asset objects reloaded= 0
AssetImportParameters requested are different than current active one (requested -> active):
  custom:container-demuxer-ogg: 62fdf1f143b41e24485cea50d1cbac27 -> 
  custom:scripting/monoscript/fileName/Tree.cs: dca7474b58f05e1dc61bb9deb148038d -> 
  custom:video-codec-MediaFoundation-h265: 746d11721c4dcdbdad8f713fa42b33f4 -> 
  custom:video-decoder-ogg-theora: a1e56fd34408186e4bbccfd4996cb3dc -> 
  custom:scripting/monoscript/fileName/Timber.cs: e3f520cc8fc09857160dc689c53c79e7 -> 
  custom:framework-win-MediaFoundation: 216162199b28c13a410421893ffa2e32 -> 
  custom:scripting/monoscript/fileName/Money.cs: 9c40cb0a308c8e4e1f5815ebef98078a -> 
  custom:CustomObjectIndexerAttribute: 9a22284fe3817be447336de3de66b15e -> 
  custom:scripting/monoscript/fileName/FillableBar3D.cs: dad0baecc7b65c10f77033a02afb998c -> 
  custom:scripting/monoscript/fileName/ArrowController.cs: 1a447edfdb5484109c0662398b0d2a4f -> 
  custom:scripting/monoscript/fileName/TimberUnloadPlace.cs: 37128713035f60eb0534808b2759b0fd -> 
  custom:container-demuxer-webm: 4f35f7cbe854078d1ac9338744f61a02 -> 
  custom:container-muxer-webm: aa71ff27fc2769a1b78a27578f13a17b -> 
  custom:video-decoder-webm-vp8: 9c59270c3fd7afecdb556c50c9e8de78 -> 
  custom:SearchIndexIgnoredProperties: e643bd26f0fe6173181afceb89e7c659 -> 
  custom:AudioImporter_EditorPlatform: d09bf68614088b80899f8185d706f6e7 -> 
  custom:video-encoder-webm-vp8: eb34c28f22e8b96e1ab97ce403110664 -> 
  custom:audio-decoder-ogg-vorbis: bf7c407c2cedff20999df2af8eb42d56 -> 
  custom:audio-encoder-webm-vorbis: bf7c407c2cedff20999df2af8eb42d56 -> 
  custom:scripting/precompiled-assembly-types:Assembly-CSharp: ace1522070ec258b703d361dba34fa0b -> 898d7dc12b5aaae7dfacee678fc8dd41
========================================================================
Received Prepare
Caller must complete domain reload
Begin MonoManager ReloadAssembly
- Loaded All Assemblies, in  0.435 seconds
Native extension for WindowsStandalone target not found
Native extension for Android target not found
Native extension for WebGL target not found
[Package Manager] Server::EnsureServerProcessIsRunning -- launch failed, reason: Unity was launched with the -noUpm command-line argument
[Package Manager] UpmClient::Send -- Unable to send message (not connected to UPM process).
[Package Manager] Cannot connect to Unity Package Manager local server
Failed to sync packages list
UnityEngine.StackTraceUtility:ExtractStackTrace ()
UnityEngine.DebugLogHandler:LogFormat (UnityEngine.LogType,UnityEngine.Object,string,object[])
UnityEngine.Logger:Log (UnityEngine.LogType,object)
UnityEngine.Debug:LogWarning (object)
 .  / :MoveNext ()
System.Runtime.CompilerServices.AsyncVoidMethodBuilder:Start< .  / > ( .  / &)
 .  :  ()
 .⁪/ :MoveNext ()
System.Runtime.CompilerServices.AsyncTaskMethodBuilder:Start< .⁪/ > ( .⁪/ &)
 .⁪:  ()
System.Reflection.RuntimeMethodInfo:Invoke (object,System.Reflection.BindingFlags,System.Reflection.Binder,object[],System.Globalization.CultureInfo)
System.Reflection.MethodBase:Invoke (object,object[])
UnityEditor.EditorAssemblies:ProcessInitializeOnLoadMethodAttributes ()

Mono: successfully reloaded assembly
- Finished resetting the current domain, in  0.960 seconds
Domain Reload Profiling: 1393ms
	BeginReloadAssembly (146ms)
		ExecutionOrderSort (0ms)
		DisableScriptedObjects (5ms)
		BackupInstance (0ms)
		ReleaseScriptingObjects (0ms)
		CreateAndSetChildDomain (32ms)
	RebuildCommonClasses (37ms)
	RebuildNativeTypeToScriptingClass (11ms)
	initialDomainReloadingComplete (26ms)
	LoadAllAssembliesAndSetupDomain (213ms)
		LoadAssemblies (274ms)
		RebuildTransferFunctionScriptingTraits (0ms)
		AnalyzeDomain (15ms)
			TypeCache.Refresh (6ms)
				TypeCache.ScanAssembly (0ms)
			ScanForSourceGeneratedMonoScriptInfo (0ms)
			ResolveRequiredComponents (6ms)
	FinalizeReload (960ms)
		ReleaseScriptCaches (0ms)
		RebuildScriptCaches (0ms)
		SetupLoadedEditorAssemblies (537ms)
			LogAssemblyErrors (0ms)
			InitializePlatformSupportModulesInManaged (19ms)
			SetLoadedEditorAssemblies (7ms)
			RefreshPlugins (0ms)
			BeforeProcessingInitializeOnLoad (60ms)
			ProcessInitializeOnLoadAttributes (401ms)
			ProcessInitializeOnLoadMethodAttributes (46ms)
			AfterProcessingInitializeOnLoad (4ms)
			EditorAssembliesLoaded (0ms)
		ExecutionOrderSort2 (0ms)
		AwakeInstancesAfterBackupRestoration (6ms)
Refreshing native plugins compatible for Editor in 3.32 ms, found 6 plugins.
Preloading 0 native plugins for Editor in 0.00 ms.
Release of invalid GC handle. The handle is from a previous domain. The release operation is skipped.
Release of invalid GC handle native callstack: 
0x00007ff79e68424d (Unity) StackWalker::GetCurrentCallstack
0x00007ff79e689329 (Unity) StackWalker::ShowCallstack
0x00007ff79f67dae1 (Unity) GetStacktrace
0x00007ff79e57f20d (Unity) ScriptingGCHandle::ReleaseAndClear
0x00007ff79eb4748c (Unity) UploadHandlerRaw::`vector deleting destructor'
0x00007ff79eb4803d (Unity) UploadHandler::Release
0x00007ff79eb448dd (Unity) UnityWebRequestProto<UnityWebRequestTransport,AtomicRefCounter,RedirectHelper,ResponseHelper,DownloadHandler,UploadHandler,CertificateHandler,HeaderHelper,AsyncOperation>::~UnityWebRequestProto<UnityWebRequestTransport,AtomicRefCounter,RedirectHelper,ResponseHelper,DownloadHandler,UploadHandler,CertificateHandler,HeaderHelper,AsyncOperation>
0x00007ff79eb44bd6 (Unity) UnityWebRequest::`vector deleting destructor'
0x00007ff79d894b77 (Unity) UnityWebRequestProto<UnityWebRequestTransport,AtomicRefCounter,RedirectHelper,ResponseHelper,DownloadHandler,UploadHandler,CertificateHandler,HeaderHelper,AsyncOperation>::Release
0x00007ff79eb46605 (Unity) UnityWebRequestAsyncOperation::InvokeCoroutine
0x00007ff79eb467e1 (Unity) UnityWebRequestProto<UnityWebRequestTransport,AtomicRefCounter,RedirectHelper,ResponseHelper,DownloadHandler,UploadHandler,CertificateHandler,HeaderHelper,AsyncOperation>::Job_InvokeCoroutine
0x00007ff79e1ab54a (Unity) BackgroundJobQueue::ExecuteMainThreadJobs
0x00007ff79e26005f (Unity) PreloadManager::WaitForAllAsyncOperationsToComplete
0x00007ff79fa23af8 (Unity) <lambda_b37b41f03089e3cb3f55061bbc93253d>::operator()
0x00007ff79fa5f422 (Unity) asio::detail::completion_handler<core::mutable_function<void __cdecl(void)>,asio::io_context::basic_executor_type<std::allocator<void>,0> >::do_complete
0x00007ff79fa4b3ce (Unity) asio::detail::win_iocp_io_context::do_one
0x00007ff79fa4d034 (Unity) asio::detail::win_iocp_io_context::run
0x00007ff79fa5d7cc (Unity) IOService::Run
0x00007ff79fa30c2f (Unity) AssetImportWorkerClient::Run
0x00007ff79f9fc3d7 (Unity) RunAssetImportWorkerClientV2
0x00007ff79f9fc45b (Unity) RunAssetImporterV2
0x00007ff79f1f31de (Unity) Application::InitializeProject
0x00007ff79f688795 (Unity) WinMain
0x00007ff7a0a535ce (Unity) __scrt_common_main_seh
0x00007ffa8b87e8d7 (KERNEL32) BaseThreadInitThunk
0x00007ffa8c1714fc (ntdll) RtlUserThreadStart
Unloading 3379 Unused Serialized files (Serialized files now loaded: 0)
Unloading 39 unused Assets / (1.0 MB). Loaded Objects now: 4362.
Memory consumption went from 149.2 MB to 148.1 MB.
Total: 4.047500 ms (FindLiveObjects: 0.245100 ms CreateObjectMapping: 0.095700 ms MarkObjects: 3.270600 ms  DeleteObjects: 0.435500 ms)

Prepare: number of updated asset objects reloaded= 0
AssetImportParameters requested are different than current active one (requested -> active):
  custom:container-demuxer-ogg: 62fdf1f143b41e24485cea50d1cbac27 -> 
  custom:scripting/monoscript/fileName/Tree.cs: dca7474b58f05e1dc61bb9deb148038d -> 
  custom:video-codec-MediaFoundation-h265: 746d11721c4dcdbdad8f713fa42b33f4 -> 
  custom:video-decoder-ogg-theora: a1e56fd34408186e4bbccfd4996cb3dc -> 
  custom:scripting/monoscript/fileName/Timber.cs: e3f520cc8fc09857160dc689c53c79e7 -> 
  custom:framework-win-MediaFoundation: 216162199b28c13a410421893ffa2e32 -> 
  custom:scripting/monoscript/fileName/Money.cs: 9c40cb0a308c8e4e1f5815ebef98078a -> 
  custom:CustomObjectIndexerAttribute: 9a22284fe3817be447336de3de66b15e -> 
  custom:scripting/monoscript/fileName/FillableBar3D.cs: dad0baecc7b65c10f77033a02afb998c -> 
  custom:scripting/monoscript/fileName/ArrowController.cs: 1a447edfdb5484109c0662398b0d2a4f -> 
  custom:scripting/monoscript/fileName/TimberUnloadPlace.cs: 37128713035f60eb0534808b2759b0fd -> 
  custom:container-demuxer-webm: 4f35f7cbe854078d1ac9338744f61a02 -> 
  custom:container-muxer-webm: aa71ff27fc2769a1b78a27578f13a17b -> 
  custom:video-decoder-webm-vp8: 9c59270c3fd7afecdb556c50c9e8de78 -> 
  custom:SearchIndexIgnoredProperties: e643bd26f0fe6173181afceb89e7c659 -> 
  custom:AudioImporter_EditorPlatform: d09bf68614088b80899f8185d706f6e7 -> 
  custom:video-encoder-webm-vp8: eb34c28f22e8b96e1ab97ce403110664 -> 
  custom:audio-decoder-ogg-vorbis: bf7c407c2cedff20999df2af8eb42d56 -> 
  custom:audio-encoder-webm-vorbis: bf7c407c2cedff20999df2af8eb42d56 -> 
  custom:scripting/precompiled-assembly-types:Assembly-CSharp: ace1522070ec258b703d361dba34fa0b -> 898d7dc12b5aaae7dfacee678fc8dd41
========================================================================
Received Prepare
Caller must complete domain reload
Begin MonoManager ReloadAssembly
- Loaded All Assemblies, in  0.521 seconds
Native extension for WindowsStandalone target not found
Native extension for Android target not found
Native extension for WebGL target not found
[Package Manager] Server::EnsureServerProcessIsRunning -- launch failed, reason: Unity was launched with the -noUpm command-line argument
[Package Manager] UpmClient::Send -- Unable to send message (not connected to UPM process).
[Package Manager] Cannot connect to Unity Package Manager local server
Failed to sync packages list
UnityEngine.StackTraceUtility:ExtractStackTrace ()
UnityEngine.DebugLogHandler:LogFormat (UnityEngine.LogType,UnityEngine.Object,string,object[])
UnityEngine.Logger:Log (UnityEngine.LogType,object)
UnityEngine.Debug:LogWarning (object)
 .  / :MoveNext ()
System.Runtime.CompilerServices.AsyncVoidMethodBuilder:Start< .  / > ( .  / &)
 .  :  ()
 .⁪/ :MoveNext ()
System.Runtime.CompilerServices.AsyncTaskMethodBuilder:Start< .⁪/ > ( .⁪/ &)
 .⁪:  ()
System.Reflection.RuntimeMethodInfo:Invoke (object,System.Reflection.BindingFlags,System.Reflection.Binder,object[],System.Globalization.CultureInfo)
System.Reflection.MethodBase:Invoke (object,object[])
UnityEditor.EditorAssemblies:ProcessInitializeOnLoadMethodAttributes ()

Mono: successfully reloaded assembly
- Finished resetting the current domain, in  1.037 seconds
Domain Reload Profiling: 1556ms
	BeginReloadAssembly (177ms)
		ExecutionOrderSort (0ms)
		DisableScriptedObjects (6ms)
		BackupInstance (0ms)
		ReleaseScriptingObjects (0ms)
		CreateAndSetChildDomain (38ms)
	RebuildCommonClasses (41ms)
	RebuildNativeTypeToScriptingClass (11ms)
	initialDomainReloadingComplete (30ms)
	LoadAllAssembliesAndSetupDomain (261ms)
		LoadAssemblies (323ms)
		RebuildTransferFunctionScriptingTraits (0ms)
		AnalyzeDomain (27ms)
			TypeCache.Refresh (10ms)
				TypeCache.ScanAssembly (0ms)
			ScanForSourceGeneratedMonoScriptInfo (7ms)
			ResolveRequiredComponents (7ms)
	FinalizeReload (1037ms)
		ReleaseScriptCaches (0ms)
		RebuildScriptCaches (0ms)
		SetupLoadedEditorAssemblies (602ms)
			LogAssemblyErrors (0ms)
			InitializePlatformSupportModulesInManaged (19ms)
			SetLoadedEditorAssemblies (5ms)
			RefreshPlugins (0ms)
			BeforeProcessingInitializeOnLoad (72ms)
			ProcessInitializeOnLoadAttributes (444ms)
			ProcessInitializeOnLoadMethodAttributes (59ms)
			AfterProcessingInitializeOnLoad (4ms)
			EditorAssembliesLoaded (0ms)
		ExecutionOrderSort2 (0ms)
		AwakeInstancesAfterBackupRestoration (7ms)
Refreshing native plugins compatible for Editor in 3.38 ms, found 6 plugins.
Preloading 0 native plugins for Editor in 0.00 ms.
Release of invalid GC handle. The handle is from a previous domain. The release operation is skipped.
Release of invalid GC handle native callstack: 
0x00007ff79e68424d (Unity) StackWalker::GetCurrentCallstack
0x00007ff79e689329 (Unity) StackWalker::ShowCallstack
0x00007ff79f67dae1 (Unity) GetStacktrace
0x00007ff79e57f20d (Unity) ScriptingGCHandle::ReleaseAndClear
0x00007ff79eb4748c (Unity) UploadHandlerRaw::`vector deleting destructor'
0x00007ff79eb4803d (Unity) UploadHandler::Release
0x00007ff79eb448dd (Unity) UnityWebRequestProto<UnityWebRequestTransport,AtomicRefCounter,RedirectHelper,ResponseHelper,DownloadHandler,UploadHandler,CertificateHandler,HeaderHelper,AsyncOperation>::~UnityWebRequestProto<UnityWebRequestTransport,AtomicRefCounter,RedirectHelper,ResponseHelper,DownloadHandler,UploadHandler,CertificateHandler,HeaderHelper,AsyncOperation>
0x00007ff79eb44bd6 (Unity) UnityWebRequest::`vector deleting destructor'
0x00007ff79d894b77 (Unity) UnityWebRequestProto<UnityWebRequestTransport,AtomicRefCounter,RedirectHelper,ResponseHelper,DownloadHandler,UploadHandler,CertificateHandler,HeaderHelper,AsyncOperation>::Release
0x00007ff79eb46605 (Unity) UnityWebRequestAsyncOperation::InvokeCoroutine
0x00007ff79eb467e1 (Unity) UnityWebRequestProto<UnityWebRequestTransport,AtomicRefCounter,RedirectHelper,ResponseHelper,DownloadHandler,UploadHandler,CertificateHandler,HeaderHelper,AsyncOperation>::Job_InvokeCoroutine
0x00007ff79e1ab54a (Unity) BackgroundJobQueue::ExecuteMainThreadJobs
0x00007ff79e26005f (Unity) PreloadManager::WaitForAllAsyncOperationsToComplete
0x00007ff79fa23af8 (Unity) <lambda_b37b41f03089e3cb3f55061bbc93253d>::operator()
0x00007ff79fa5f422 (Unity) asio::detail::completion_handler<core::mutable_function<void __cdecl(void)>,asio::io_context::basic_executor_type<std::allocator<void>,0> >::do_complete
0x00007ff79fa4b3ce (Unity) asio::detail::win_iocp_io_context::do_one
0x00007ff79fa4d034 (Unity) asio::detail::win_iocp_io_context::run
0x00007ff79fa5d7cc (Unity) IOService::Run
0x00007ff79fa30c2f (Unity) AssetImportWorkerClient::Run
0x00007ff79f9fc3d7 (Unity) RunAssetImportWorkerClientV2
0x00007ff79f9fc45b (Unity) RunAssetImporterV2
0x00007ff79f1f31de (Unity) Application::InitializeProject
0x00007ff79f688795 (Unity) WinMain
0x00007ff7a0a535ce (Unity) __scrt_common_main_seh
0x00007ffa8b87e8d7 (KERNEL32) BaseThreadInitThunk
0x00007ffa8c1714fc (ntdll) RtlUserThreadStart
Unloading 3380 Unused Serialized files (Serialized files now loaded: 0)
Unloading 39 unused Assets / (1.0 MB). Loaded Objects now: 4368.
Memory consumption went from 149.3 MB to 148.3 MB.
Total: 4.378900 ms (FindLiveObjects: 0.417100 ms CreateObjectMapping: 0.175300 ms MarkObjects: 3.340900 ms  DeleteObjects: 0.444500 ms)

Prepare: number of updated asset objects reloaded= 0
AssetImportParameters requested are different than current active one (requested -> active):
  custom:container-demuxer-ogg: 62fdf1f143b41e24485cea50d1cbac27 -> 
  custom:scripting/monoscript/fileName/Tree.cs: dca7474b58f05e1dc61bb9deb148038d -> 
  custom:scripting/monoscript/fileName/MoneyManager.cs: bb3bcc877f8bf4d07b9323d1968354a3 -> 
  custom:video-codec-MediaFoundation-h265: 746d11721c4dcdbdad8f713fa42b33f4 -> 
  custom:video-decoder-ogg-theora: a1e56fd34408186e4bbccfd4996cb3dc -> 
  custom:scripting/monoscript/fileName/Timber.cs: e3f520cc8fc09857160dc689c53c79e7 -> 
  custom:framework-win-MediaFoundation: 216162199b28c13a410421893ffa2e32 -> 
  custom:scripting/monoscript/fileName/Money.cs: 9c40cb0a308c8e4e1f5815ebef98078a -> 
  custom:CustomObjectIndexerAttribute: 9a22284fe3817be447336de3de66b15e -> 
  custom:scripting/monoscript/fileName/FillableBar3D.cs: dad0baecc7b65c10f77033a02afb998c -> 
  custom:scripting/monoscript/fileName/ArrowController.cs: 1a447edfdb5484109c0662398b0d2a4f -> 
  custom:scripting/monoscript/fileName/TimberUnloadPlace.cs: 37128713035f60eb0534808b2759b0fd -> 
  custom:container-demuxer-webm: 4f35f7cbe854078d1ac9338744f61a02 -> 
  custom:container-muxer-webm: aa71ff27fc2769a1b78a27578f13a17b -> 
  custom:video-decoder-webm-vp8: 9c59270c3fd7afecdb556c50c9e8de78 -> 
  custom:SearchIndexIgnoredProperties: e643bd26f0fe6173181afceb89e7c659 -> 
  custom:AudioImporter_EditorPlatform: d09bf68614088b80899f8185d706f6e7 -> 
  custom:video-encoder-webm-vp8: eb34c28f22e8b96e1ab97ce403110664 -> 
  custom:audio-decoder-ogg-vorbis: bf7c407c2cedff20999df2af8eb42d56 -> 
  custom:audio-encoder-webm-vorbis: bf7c407c2cedff20999df2af8eb42d56 -> 
  custom:scripting/precompiled-assembly-types:Assembly-CSharp: 39c51c6712b65384c39fe484c9a5be6c -> 898d7dc12b5aaae7dfacee678fc8dd41
========================================================================
Received Prepare
Caller must complete domain reload
Begin MonoManager ReloadAssembly
- Loaded All Assemblies, in  0.510 seconds
Native extension for WindowsStandalone target not found
Native extension for Android target not found
Native extension for WebGL target not found
[Package Manager] Server::EnsureServerProcessIsRunning -- launch failed, reason: Unity was launched with the -noUpm command-line argument
[Package Manager] UpmClient::Send -- Unable to send message (not connected to UPM process).
[Package Manager] Cannot connect to Unity Package Manager local server
Failed to sync packages list
UnityEngine.StackTraceUtility:ExtractStackTrace ()
UnityEngine.DebugLogHandler:LogFormat (UnityEngine.LogType,UnityEngine.Object,string,object[])
UnityEngine.Logger:Log (UnityEngine.LogType,object)
UnityEngine.Debug:LogWarning (object)
 .  / :MoveNext ()
System.Runtime.CompilerServices.AsyncVoidMethodBuilder:Start< .  / > ( .  / &)
 .  :  ()
 .⁪/ :MoveNext ()
System.Runtime.CompilerServices.AsyncTaskMethodBuilder:Start< .⁪/ > ( .⁪/ &)
 .⁪:  ()
System.Reflection.RuntimeMethodInfo:Invoke (object,System.Reflection.BindingFlags,System.Reflection.Binder,object[],System.Globalization.CultureInfo)
System.Reflection.MethodBase:Invoke (object,object[])
UnityEditor.EditorAssemblies:ProcessInitializeOnLoadMethodAttributes ()

Mono: successfully reloaded assembly
- Finished resetting the current domain, in  1.626 seconds
Domain Reload Profiling: 2135ms
	BeginReloadAssembly (149ms)
		ExecutionOrderSort (0ms)
		DisableScriptedObjects (5ms)
		BackupInstance (0ms)
		ReleaseScriptingObjects (0ms)
		CreateAndSetChildDomain (33ms)
	RebuildCommonClasses (31ms)
	RebuildNativeTypeToScriptingClass (9ms)
	initialDomainReloadingComplete (31ms)
	LoadAllAssembliesAndSetupDomain (287ms)
		LoadAssemblies (342ms)
		RebuildTransferFunctionScriptingTraits (0ms)
		AnalyzeDomain (21ms)
			TypeCache.Refresh (8ms)
				TypeCache.ScanAssembly (0ms)
			ScanForSourceGeneratedMonoScriptInfo (6ms)
			ResolveRequiredComponents (5ms)
	FinalizeReload (1627ms)
		ReleaseScriptCaches (0ms)
		RebuildScriptCaches (0ms)
		SetupLoadedEditorAssemblies (549ms)
			LogAssemblyErrors (0ms)
			InitializePlatformSupportModulesInManaged (16ms)
			SetLoadedEditorAssemblies (5ms)
			RefreshPlugins (0ms)
			BeforeProcessingInitializeOnLoad (64ms)
			ProcessInitializeOnLoadAttributes (401ms)
			ProcessInitializeOnLoadMethodAttributes (57ms)
			AfterProcessingInitializeOnLoad (6ms)
			EditorAssembliesLoaded (0ms)
		ExecutionOrderSort2 (0ms)
		AwakeInstancesAfterBackupRestoration (7ms)
Refreshing native plugins compatible for Editor in 2.84 ms, found 6 plugins.
Preloading 0 native plugins for Editor in 0.00 ms.
Release of invalid GC handle. The handle is from a previous domain. The release operation is skipped.
Release of invalid GC handle native callstack: 
0x00007ff79e68424d (Unity) StackWalker::GetCurrentCallstack
0x00007ff79e689329 (Unity) StackWalker::ShowCallstack
0x00007ff79f67dae1 (Unity) GetStacktrace
0x00007ff79e57f20d (Unity) ScriptingGCHandle::ReleaseAndClear
0x00007ff79eb4748c (Unity) UploadHandlerRaw::`vector deleting destructor'
0x00007ff79eb4803d (Unity) UploadHandler::Release
0x00007ff79eb448dd (Unity) UnityWebRequestProto<UnityWebRequestTransport,AtomicRefCounter,RedirectHelper,ResponseHelper,DownloadHandler,UploadHandler,CertificateHandler,HeaderHelper,AsyncOperation>::~UnityWebRequestProto<UnityWebRequestTransport,AtomicRefCounter,RedirectHelper,ResponseHelper,DownloadHandler,UploadHandler,CertificateHandler,HeaderHelper,AsyncOperation>
0x00007ff79eb44bd6 (Unity) UnityWebRequest::`vector deleting destructor'
0x00007ff79d894b77 (Unity) UnityWebRequestProto<UnityWebRequestTransport,AtomicRefCounter,RedirectHelper,ResponseHelper,DownloadHandler,UploadHandler,CertificateHandler,HeaderHelper,AsyncOperation>::Release
0x00007ff79eb46605 (Unity) UnityWebRequestAsyncOperation::InvokeCoroutine
0x00007ff79eb467e1 (Unity) UnityWebRequestProto<UnityWebRequestTransport,AtomicRefCounter,RedirectHelper,ResponseHelper,DownloadHandler,UploadHandler,CertificateHandler,HeaderHelper,AsyncOperation>::Job_InvokeCoroutine
0x00007ff79e1ab54a (Unity) BackgroundJobQueue::ExecuteMainThreadJobs
0x00007ff79e26005f (Unity) PreloadManager::WaitForAllAsyncOperationsToComplete
0x00007ff79fa23af8 (Unity) <lambda_b37b41f03089e3cb3f55061bbc93253d>::operator()
0x00007ff79fa5f422 (Unity) asio::detail::completion_handler<core::mutable_function<void __cdecl(void)>,asio::io_context::basic_executor_type<std::allocator<void>,0> >::do_complete
0x00007ff79fa4b3ce (Unity) asio::detail::win_iocp_io_context::do_one
0x00007ff79fa4d034 (Unity) asio::detail::win_iocp_io_context::run
0x00007ff79fa5d7cc (Unity) IOService::Run
0x00007ff79fa30c2f (Unity) AssetImportWorkerClient::Run
0x00007ff79f9fc3d7 (Unity) RunAssetImportWorkerClientV2
0x00007ff79f9fc45b (Unity) RunAssetImporterV2
0x00007ff79f1f31de (Unity) Application::InitializeProject
0x00007ff79f688795 (Unity) WinMain
0x00007ff7a0a535ce (Unity) __scrt_common_main_seh
0x00007ffa8b87e8d7 (KERNEL32) BaseThreadInitThunk
0x00007ffa8c1714fc (ntdll) RtlUserThreadStart
Unloading 3382 Unused Serialized files (Serialized files now loaded: 0)
Unloading 39 unused Assets / (1.0 MB). Loaded Objects now: 4375.
Memory consumption went from 149.5 MB to 148.5 MB.
Total: 4.367600 ms (FindLiveObjects: 0.234100 ms CreateObjectMapping: 0.084000 ms MarkObjects: 3.603100 ms  DeleteObjects: 0.444600 ms)

Prepare: number of updated asset objects reloaded= 0
AssetImportParameters requested are different than current active one (requested -> active):
  custom:container-demuxer-ogg: 62fdf1f143b41e24485cea50d1cbac27 -> 
  custom:scripting/monoscript/fileName/Tree.cs: dca7474b58f05e1dc61bb9deb148038d -> 
  custom:scripting/monoscript/fileName/MoneyManager.cs: bb3bcc877f8bf4d07b9323d1968354a3 -> 
  custom:video-codec-MediaFoundation-h265: 746d11721c4dcdbdad8f713fa42b33f4 -> 
  custom:video-decoder-ogg-theora: a1e56fd34408186e4bbccfd4996cb3dc -> 
  custom:scripting/monoscript/fileName/Timber.cs: e3f520cc8fc09857160dc689c53c79e7 -> 
  custom:framework-win-MediaFoundation: 216162199b28c13a410421893ffa2e32 -> 
  custom:scripting/monoscript/fileName/Money.cs: 9c40cb0a308c8e4e1f5815ebef98078a -> 
  custom:CustomObjectIndexerAttribute: 9a22284fe3817be447336de3de66b15e -> 
  custom:scripting/monoscript/fileName/FillableBar3D.cs: dad0baecc7b65c10f77033a02afb998c -> 
  custom:scripting/monoscript/fileName/ArrowController.cs: 1a447edfdb5484109c0662398b0d2a4f -> 
  custom:scripting/monoscript/fileName/TimberUnloadPlace.cs: 37128713035f60eb0534808b2759b0fd -> 
  custom:container-demuxer-webm: 4f35f7cbe854078d1ac9338744f61a02 -> 
  custom:scripting/monoscript/fileName/BalanceDisplay.cs: 757036e20ecf086f314be8dc85dfa015 -> 
  custom:scripting/monoscript/fileName/ForkliftMoneyHandler.cs: 7fb30a11ebadcb38c9ca3680404c1ff1 -> 
  custom:container-muxer-webm: aa71ff27fc2769a1b78a27578f13a17b -> 
  custom:video-decoder-webm-vp8: 9c59270c3fd7afecdb556c50c9e8de78 -> 
  custom:SearchIndexIgnoredProperties: e643bd26f0fe6173181afceb89e7c659 -> 
  custom:AudioImporter_EditorPlatform: d09bf68614088b80899f8185d706f6e7 -> 
  custom:video-encoder-webm-vp8: eb34c28f22e8b96e1ab97ce403110664 -> 
  custom:audio-decoder-ogg-vorbis: bf7c407c2cedff20999df2af8eb42d56 -> 
  custom:audio-encoder-webm-vorbis: bf7c407c2cedff20999df2af8eb42d56 -> 
  custom:scripting/precompiled-assembly-types:Assembly-CSharp: c00b2f77619bcefaac645b18bfcf6817 -> 898d7dc12b5aaae7dfacee678fc8dd41
========================================================================
Received Prepare
Caller must complete domain reload
Begin MonoManager ReloadAssembly
- Loaded All Assemblies, in  0.475 seconds
Native extension for WindowsStandalone target not found
Native extension for Android target not found
Native extension for WebGL target not found
[Package Manager] Server::EnsureServerProcessIsRunning -- launch failed, reason: Unity was launched with the -noUpm command-line argument
[Package Manager] UpmClient::Send -- Unable to send message (not connected to UPM process).
[Package Manager] Cannot connect to Unity Package Manager local server
Failed to sync packages list
UnityEngine.StackTraceUtility:ExtractStackTrace ()
UnityEngine.DebugLogHandler:LogFormat (UnityEngine.LogType,UnityEngine.Object,string,object[])
UnityEngine.Logger:Log (UnityEngine.LogType,object)
UnityEngine.Debug:LogWarning (object)
 .  / :MoveNext ()
System.Runtime.CompilerServices.AsyncVoidMethodBuilder:Start< .  / > ( .  / &)
 .  :  ()
 .⁪/ :MoveNext ()
System.Runtime.CompilerServices.AsyncTaskMethodBuilder:Start< .⁪/ > ( .⁪/ &)
 .⁪:  ()
System.Reflection.RuntimeMethodInfo:Invoke (object,System.Reflection.BindingFlags,System.Reflection.Binder,object[],System.Globalization.CultureInfo)
System.Reflection.MethodBase:Invoke (object,object[])
UnityEditor.EditorAssemblies:ProcessInitializeOnLoadMethodAttributes ()

Mono: successfully reloaded assembly
- Finished resetting the current domain, in  1.078 seconds
Domain Reload Profiling: 1553ms
	BeginReloadAssembly (169ms)
		ExecutionOrderSort (0ms)
		DisableScriptedObjects (5ms)
		BackupInstance (0ms)
		ReleaseScriptingObjects (0ms)
		CreateAndSetChildDomain (35ms)
	RebuildCommonClasses (36ms)
	RebuildNativeTypeToScriptingClass (10ms)
	initialDomainReloadingComplete (31ms)
	LoadAllAssembliesAndSetupDomain (227ms)
		LoadAssemblies (299ms)
		RebuildTransferFunctionScriptingTraits (0ms)
		AnalyzeDomain (19ms)
			TypeCache.Refresh (6ms)
				TypeCache.ScanAssembly (0ms)
			ScanForSourceGeneratedMonoScriptInfo (0ms)
			ResolveRequiredComponents (10ms)
	FinalizeReload (1079ms)
		ReleaseScriptCaches (0ms)
		RebuildScriptCaches (0ms)
		SetupLoadedEditorAssemblies (613ms)
			LogAssemblyErrors (0ms)
			InitializePlatformSupportModulesInManaged (24ms)
			SetLoadedEditorAssemblies (6ms)
			RefreshPlugins (0ms)
			BeforeProcessingInitializeOnLoad (72ms)
			ProcessInitializeOnLoadAttributes (448ms)
			ProcessInitializeOnLoadMethodAttributes (57ms)
			AfterProcessingInitializeOnLoad (7ms)
			EditorAssembliesLoaded (0ms)
		ExecutionOrderSort2 (0ms)
		AwakeInstancesAfterBackupRestoration (7ms)
Refreshing native plugins compatible for Editor in 4.29 ms, found 6 plugins.
Preloading 0 native plugins for Editor in 0.00 ms.
Release of invalid GC handle. The handle is from a previous domain. The release operation is skipped.
Release of invalid GC handle native callstack: 
0x00007ff79e68424d (Unity) StackWalker::GetCurrentCallstack
0x00007ff79e689329 (Unity) StackWalker::ShowCallstack
0x00007ff79f67dae1 (Unity) GetStacktrace
0x00007ff79e57f20d (Unity) ScriptingGCHandle::ReleaseAndClear
0x00007ff79eb4748c (Unity) UploadHandlerRaw::`vector deleting destructor'
0x00007ff79eb4803d (Unity) UploadHandler::Release
0x00007ff79eb448dd (Unity) UnityWebRequestProto<UnityWebRequestTransport,AtomicRefCounter,RedirectHelper,ResponseHelper,DownloadHandler,UploadHandler,CertificateHandler,HeaderHelper,AsyncOperation>::~UnityWebRequestProto<UnityWebRequestTransport,AtomicRefCounter,RedirectHelper,ResponseHelper,DownloadHandler,UploadHandler,CertificateHandler,HeaderHelper,AsyncOperation>
0x00007ff79eb44bd6 (Unity) UnityWebRequest::`vector deleting destructor'
0x00007ff79d894b77 (Unity) UnityWebRequestProto<UnityWebRequestTransport,AtomicRefCounter,RedirectHelper,ResponseHelper,DownloadHandler,UploadHandler,CertificateHandler,HeaderHelper,AsyncOperation>::Release
0x00007ff79eb46605 (Unity) UnityWebRequestAsyncOperation::InvokeCoroutine
0x00007ff79eb467e1 (Unity) UnityWebRequestProto<UnityWebRequestTransport,AtomicRefCounter,RedirectHelper,ResponseHelper,DownloadHandler,UploadHandler,CertificateHandler,HeaderHelper,AsyncOperation>::Job_InvokeCoroutine
0x00007ff79e1ab54a (Unity) BackgroundJobQueue::ExecuteMainThreadJobs
0x00007ff79e26005f (Unity) PreloadManager::WaitForAllAsyncOperationsToComplete
0x00007ff79fa23af8 (Unity) <lambda_b37b41f03089e3cb3f55061bbc93253d>::operator()
0x00007ff79fa5f422 (Unity) asio::detail::completion_handler<core::mutable_function<void __cdecl(void)>,asio::io_context::basic_executor_type<std::allocator<void>,0> >::do_complete
0x00007ff79fa4b3ce (Unity) asio::detail::win_iocp_io_context::do_one
0x00007ff79fa4d034 (Unity) asio::detail::win_iocp_io_context::run
0x00007ff79fa5d7cc (Unity) IOService::Run
0x00007ff79fa30c2f (Unity) AssetImportWorkerClient::Run
0x00007ff79f9fc3d7 (Unity) RunAssetImportWorkerClientV2
0x00007ff79f9fc45b (Unity) RunAssetImporterV2
0x00007ff79f1f31de (Unity) Application::InitializeProject
0x00007ff79f688795 (Unity) WinMain
0x00007ff7a0a535ce (Unity) __scrt_common_main_seh
0x00007ffa8b87e8d7 (KERNEL32) BaseThreadInitThunk
0x00007ffa8c1714fc (ntdll) RtlUserThreadStart
Unloading 3382 Unused Serialized files (Serialized files now loaded: 0)
Unloading 39 unused Assets / (1.0 MB). Loaded Objects now: 4380.
Memory consumption went from 149.7 MB to 148.7 MB.
Total: 6.001700 ms (FindLiveObjects: 0.502500 ms CreateObjectMapping: 0.095500 ms MarkObjects: 4.687600 ms  DeleteObjects: 0.714300 ms)

Prepare: number of updated asset objects reloaded= 0
AssetImportParameters requested are different than current active one (requested -> active):
  custom:container-demuxer-ogg: 62fdf1f143b41e24485cea50d1cbac27 -> 
  custom:scripting/monoscript/fileName/Tree.cs: dca7474b58f05e1dc61bb9deb148038d -> 
  custom:scripting/monoscript/fileName/MoneyManager.cs: bb3bcc877f8bf4d07b9323d1968354a3 -> 
  custom:video-codec-MediaFoundation-h265: 746d11721c4dcdbdad8f713fa42b33f4 -> 
  custom:video-decoder-ogg-theora: a1e56fd34408186e4bbccfd4996cb3dc -> 
  custom:scripting/monoscript/fileName/Timber.cs: e3f520cc8fc09857160dc689c53c79e7 -> 
  custom:framework-win-MediaFoundation: 216162199b28c13a410421893ffa2e32 -> 
  custom:scripting/monoscript/fileName/Money.cs: 9c40cb0a308c8e4e1f5815ebef98078a -> 
  custom:CustomObjectIndexerAttribute: 9a22284fe3817be447336de3de66b15e -> 
  custom:scripting/monoscript/fileName/FillableBar3D.cs: dad0baecc7b65c10f77033a02afb998c -> 
  custom:scripting/monoscript/fileName/ArrowController.cs: 1a447edfdb5484109c0662398b0d2a4f -> 
  custom:scripting/monoscript/fileName/TimberUnloadPlace.cs: 37128713035f60eb0534808b2759b0fd -> 
  custom:container-demuxer-webm: 4f35f7cbe854078d1ac9338744f61a02 -> 
  custom:scripting/monoscript/fileName/BalanceDisplay.cs: 757036e20ecf086f314be8dc85dfa015 -> 
  custom:scripting/monoscript/fileName/ForkliftMoneyHandler.cs: 7fb30a11ebadcb38c9ca3680404c1ff1 -> 
  custom:container-muxer-webm: aa71ff27fc2769a1b78a27578f13a17b -> 
  custom:video-decoder-webm-vp8: 9c59270c3fd7afecdb556c50c9e8de78 -> 
  custom:SearchIndexIgnoredProperties: e643bd26f0fe6173181afceb89e7c659 -> 
  custom:AudioImporter_EditorPlatform: d09bf68614088b80899f8185d706f6e7 -> 
  custom:video-encoder-webm-vp8: eb34c28f22e8b96e1ab97ce403110664 -> 
  custom:audio-decoder-ogg-vorbis: bf7c407c2cedff20999df2af8eb42d56 -> 
  custom:audio-encoder-webm-vorbis: bf7c407c2cedff20999df2af8eb42d56 -> 
  custom:scripting/precompiled-assembly-types:Assembly-CSharp: c00b2f77619bcefaac645b18bfcf6817 -> 898d7dc12b5aaae7dfacee678fc8dd41
========================================================================
Received Prepare
Caller must complete domain reload
Begin MonoManager ReloadAssembly
- Loaded All Assemblies, in  0.456 seconds
Native extension for WindowsStandalone target not found
Native extension for Android target not found
Native extension for WebGL target not found
[Package Manager] Server::EnsureServerProcessIsRunning -- launch failed, reason: Unity was launched with the -noUpm command-line argument
[Package Manager] UpmClient::Send -- Unable to send message (not connected to UPM process).
[Package Manager] Cannot connect to Unity Package Manager local server
Failed to sync packages list
UnityEngine.StackTraceUtility:ExtractStackTrace ()
UnityEngine.DebugLogHandler:LogFormat (UnityEngine.LogType,UnityEngine.Object,string,object[])
UnityEngine.Logger:Log (UnityEngine.LogType,object)
UnityEngine.Debug:LogWarning (object)
 .  / :MoveNext ()
System.Runtime.CompilerServices.AsyncVoidMethodBuilder:Start< .  / > ( .  / &)
 .  :  ()
 .⁪/ :MoveNext ()
System.Runtime.CompilerServices.AsyncTaskMethodBuilder:Start< .⁪/ > ( .⁪/ &)
 .⁪:  ()
System.Reflection.RuntimeMethodInfo:Invoke (object,System.Reflection.BindingFlags,System.Reflection.Binder,object[],System.Globalization.CultureInfo)
System.Reflection.MethodBase:Invoke (object,object[])
UnityEditor.EditorAssemblies:ProcessInitializeOnLoadMethodAttributes ()

Mono: successfully reloaded assembly
- Finished resetting the current domain, in  1.000 seconds
Domain Reload Profiling: 1455ms
	BeginReloadAssembly (163ms)
		ExecutionOrderSort (0ms)
		DisableScriptedObjects (6ms)
		BackupInstance (0ms)
		ReleaseScriptingObjects (0ms)
		CreateAndSetChildDomain (35ms)
	RebuildCommonClasses (34ms)
	RebuildNativeTypeToScriptingClass (11ms)
	initialDomainReloadingComplete (28ms)
	LoadAllAssembliesAndSetupDomain (220ms)
		LoadAssemblies (293ms)
		RebuildTransferFunctionScriptingTraits (0ms)
		AnalyzeDomain (15ms)
			TypeCache.Refresh (6ms)
				TypeCache.ScanAssembly (0ms)
			ScanForSourceGeneratedMonoScriptInfo (0ms)
			ResolveRequiredComponents (6ms)
	FinalizeReload (1001ms)
		ReleaseScriptCaches (0ms)
		RebuildScriptCaches (0ms)
		SetupLoadedEditorAssemblies (559ms)
			LogAssemblyErrors (0ms)
			InitializePlatformSupportModulesInManaged (21ms)
			SetLoadedEditorAssemblies (5ms)
			RefreshPlugins (0ms)
			BeforeProcessingInitializeOnLoad (65ms)
			ProcessInitializeOnLoadAttributes (416ms)
			ProcessInitializeOnLoadMethodAttributes (47ms)
			AfterProcessingInitializeOnLoad (5ms)
			EditorAssembliesLoaded (0ms)
		ExecutionOrderSort2 (0ms)
		AwakeInstancesAfterBackupRestoration (10ms)
Refreshing native plugins compatible for Editor in 4.59 ms, found 6 plugins.
Preloading 0 native plugins for Editor in 0.00 ms.
Release of invalid GC handle. The handle is from a previous domain. The release operation is skipped.
Release of invalid GC handle native callstack: 
0x00007ff79e68424d (Unity) StackWalker::GetCurrentCallstack
0x00007ff79e689329 (Unity) StackWalker::ShowCallstack
0x00007ff79f67dae1 (Unity) GetStacktrace
0x00007ff79e57f20d (Unity) ScriptingGCHandle::ReleaseAndClear
0x00007ff79eb4748c (Unity) UploadHandlerRaw::`vector deleting destructor'
0x00007ff79eb4803d (Unity) UploadHandler::Release
0x00007ff79eb448dd (Unity) UnityWebRequestProto<UnityWebRequestTransport,AtomicRefCounter,RedirectHelper,ResponseHelper,DownloadHandler,UploadHandler,CertificateHandler,HeaderHelper,AsyncOperation>::~UnityWebRequestProto<UnityWebRequestTransport,AtomicRefCounter,RedirectHelper,ResponseHelper,DownloadHandler,UploadHandler,CertificateHandler,HeaderHelper,AsyncOperation>
0x00007ff79eb44bd6 (Unity) UnityWebRequest::`vector deleting destructor'
0x00007ff79d894b77 (Unity) UnityWebRequestProto<UnityWebRequestTransport,AtomicRefCounter,RedirectHelper,ResponseHelper,DownloadHandler,UploadHandler,CertificateHandler,HeaderHelper,AsyncOperation>::Release
0x00007ff79eb46605 (Unity) UnityWebRequestAsyncOperation::InvokeCoroutine
0x00007ff79eb467e1 (Unity) UnityWebRequestProto<UnityWebRequestTransport,AtomicRefCounter,RedirectHelper,ResponseHelper,DownloadHandler,UploadHandler,CertificateHandler,HeaderHelper,AsyncOperation>::Job_InvokeCoroutine
0x00007ff79e1ab54a (Unity) BackgroundJobQueue::ExecuteMainThreadJobs
0x00007ff79e26005f (Unity) PreloadManager::WaitForAllAsyncOperationsToComplete
0x00007ff79fa23af8 (Unity) <lambda_b37b41f03089e3cb3f55061bbc93253d>::operator()
0x00007ff79fa5f422 (Unity) asio::detail::completion_handler<core::mutable_function<void __cdecl(void)>,asio::io_context::basic_executor_type<std::allocator<void>,0> >::do_complete
0x00007ff79fa4b3ce (Unity) asio::detail::win_iocp_io_context::do_one
0x00007ff79fa4d034 (Unity) asio::detail::win_iocp_io_context::run
0x00007ff79fa5d7cc (Unity) IOService::Run
0x00007ff79fa30c2f (Unity) AssetImportWorkerClient::Run
0x00007ff79f9fc3d7 (Unity) RunAssetImportWorkerClientV2
0x00007ff79f9fc45b (Unity) RunAssetImporterV2
0x00007ff79f1f31de (Unity) Application::InitializeProject
0x00007ff79f688795 (Unity) WinMain
0x00007ff7a0a535ce (Unity) __scrt_common_main_seh
0x00007ffa8b87e8d7 (KERNEL32) BaseThreadInitThunk
0x00007ffa8c1714fc (ntdll) RtlUserThreadStart
Unloading 3382 Unused Serialized files (Serialized files now loaded: 0)
Unloading 39 unused Assets / (1.0 MB). Loaded Objects now: 4385.
Memory consumption went from 149.8 MB to 148.8 MB.
Total: 12.031800 ms (FindLiveObjects: 0.243800 ms CreateObjectMapping: 0.100800 ms MarkObjects: 11.221100 ms  DeleteObjects: 0.464800 ms)

Prepare: number of updated asset objects reloaded= 0
AssetImportParameters requested are different than current active one (requested -> active):
  custom:container-demuxer-ogg: 62fdf1f143b41e24485cea50d1cbac27 -> 
  custom:scripting/monoscript/fileName/Tree.cs: dca7474b58f05e1dc61bb9deb148038d -> 
  custom:scripting/monoscript/fileName/MoneyManager.cs: bb3bcc877f8bf4d07b9323d1968354a3 -> 
  custom:video-codec-MediaFoundation-h265: 746d11721c4dcdbdad8f713fa42b33f4 -> 
  custom:video-decoder-ogg-theora: a1e56fd34408186e4bbccfd4996cb3dc -> 
  custom:scripting/monoscript/fileName/Timber.cs: e3f520cc8fc09857160dc689c53c79e7 -> 
  custom:framework-win-MediaFoundation: 216162199b28c13a410421893ffa2e32 -> 
  custom:scripting/monoscript/fileName/Money.cs: 9c40cb0a308c8e4e1f5815ebef98078a -> 
  custom:CustomObjectIndexerAttribute: 9a22284fe3817be447336de3de66b15e -> 
  custom:scripting/monoscript/fileName/FillableBar3D.cs: dad0baecc7b65c10f77033a02afb998c -> 
  custom:scripting/monoscript/fileName/ArrowController.cs: 1a447edfdb5484109c0662398b0d2a4f -> 
  custom:scripting/monoscript/fileName/TimberUnloadPlace.cs: 37128713035f60eb0534808b2759b0fd -> 
  custom:container-demuxer-webm: 4f35f7cbe854078d1ac9338744f61a02 -> 
  custom:scripting/monoscript/fileName/BalanceDisplay.cs: 757036e20ecf086f314be8dc85dfa015 -> 
  custom:scripting/monoscript/fileName/ForkliftMoneyHandler.cs: 7fb30a11ebadcb38c9ca3680404c1ff1 -> 
  custom:container-muxer-webm: aa71ff27fc2769a1b78a27578f13a17b -> 
  custom:video-decoder-webm-vp8: 9c59270c3fd7afecdb556c50c9e8de78 -> 
  custom:SearchIndexIgnoredProperties: e643bd26f0fe6173181afceb89e7c659 -> 
  custom:AudioImporter_EditorPlatform: d09bf68614088b80899f8185d706f6e7 -> 
  custom:video-encoder-webm-vp8: eb34c28f22e8b96e1ab97ce403110664 -> 
  custom:audio-decoder-ogg-vorbis: bf7c407c2cedff20999df2af8eb42d56 -> 
  custom:audio-encoder-webm-vorbis: bf7c407c2cedff20999df2af8eb42d56 -> 
  custom:scripting/precompiled-assembly-types:Assembly-CSharp: c00b2f77619bcefaac645b18bfcf6817 -> 898d7dc12b5aaae7dfacee678fc8dd41
========================================================================
Received Prepare
Caller must complete domain reload
Begin MonoManager ReloadAssembly
- Loaded All Assemblies, in  0.498 seconds
Native extension for WindowsStandalone target not found
Native extension for Android target not found
Native extension for WebGL target not found
[Package Manager] Server::EnsureServerProcessIsRunning -- launch failed, reason: Unity was launched with the -noUpm command-line argument
[Package Manager] UpmClient::Send -- Unable to send message (not connected to UPM process).
[Package Manager] Cannot connect to Unity Package Manager local server
Failed to sync packages list
UnityEngine.StackTraceUtility:ExtractStackTrace ()
UnityEngine.DebugLogHandler:LogFormat (UnityEngine.LogType,UnityEngine.Object,string,object[])
UnityEngine.Logger:Log (UnityEngine.LogType,object)
UnityEngine.Debug:LogWarning (object)
 .  / :MoveNext ()
System.Runtime.CompilerServices.AsyncVoidMethodBuilder:Start< .  / > ( .  / &)
 .  :  ()
 .⁪/ :MoveNext ()
System.Runtime.CompilerServices.AsyncTaskMethodBuilder:Start< .⁪/ > ( .⁪/ &)
 .⁪:  ()
System.Reflection.RuntimeMethodInfo:Invoke (object,System.Reflection.BindingFlags,System.Reflection.Binder,object[],System.Globalization.CultureInfo)
System.Reflection.MethodBase:Invoke (object,object[])
UnityEditor.EditorAssemblies:ProcessInitializeOnLoadMethodAttributes ()

Mono: successfully reloaded assembly
- Finished resetting the current domain, in  0.995 seconds
Domain Reload Profiling: 1491ms
	BeginReloadAssembly (176ms)
		ExecutionOrderSort (0ms)
		DisableScriptedObjects (5ms)
		BackupInstance (0ms)
		ReleaseScriptingObjects (0ms)
		CreateAndSetChildDomain (41ms)
	RebuildCommonClasses (41ms)
	RebuildNativeTypeToScriptingClass (10ms)
	initialDomainReloadingComplete (29ms)
	LoadAllAssembliesAndSetupDomain (239ms)
		LoadAssemblies (307ms)
		RebuildTransferFunctionScriptingTraits (0ms)
		AnalyzeDomain (24ms)
			TypeCache.Refresh (9ms)
				TypeCache.ScanAssembly (0ms)
			ScanForSourceGeneratedMonoScriptInfo (7ms)
			ResolveRequiredComponents (6ms)
	FinalizeReload (995ms)
		ReleaseScriptCaches (0ms)
		RebuildScriptCaches (0ms)
		SetupLoadedEditorAssemblies (540ms)
			LogAssemblyErrors (0ms)
			InitializePlatformSupportModulesInManaged (19ms)
			SetLoadedEditorAssemblies (5ms)
			RefreshPlugins (0ms)
			BeforeProcessingInitializeOnLoad (61ms)
			ProcessInitializeOnLoadAttributes (397ms)
			ProcessInitializeOnLoadMethodAttributes (49ms)
			AfterProcessingInitializeOnLoad (9ms)
			EditorAssembliesLoaded (0ms)
		ExecutionOrderSort2 (0ms)
		AwakeInstancesAfterBackupRestoration (7ms)
Refreshing native plugins compatible for Editor in 5.24 ms, found 6 plugins.
Preloading 0 native plugins for Editor in 0.00 ms.
Release of invalid GC handle. The handle is from a previous domain. The release operation is skipped.
Release of invalid GC handle native callstack: 
0x00007ff79e68424d (Unity) StackWalker::GetCurrentCallstack
0x00007ff79e689329 (Unity) StackWalker::ShowCallstack
0x00007ff79f67dae1 (Unity) GetStacktrace
0x00007ff79e57f20d (Unity) ScriptingGCHandle::ReleaseAndClear
0x00007ff79eb4748c (Unity) UploadHandlerRaw::`vector deleting destructor'
0x00007ff79eb4803d (Unity) UploadHandler::Release
0x00007ff79eb448dd (Unity) UnityWebRequestProto<UnityWebRequestTransport,AtomicRefCounter,RedirectHelper,ResponseHelper,DownloadHandler,UploadHandler,CertificateHandler,HeaderHelper,AsyncOperation>::~UnityWebRequestProto<UnityWebRequestTransport,AtomicRefCounter,RedirectHelper,ResponseHelper,DownloadHandler,UploadHandler,CertificateHandler,HeaderHelper,AsyncOperation>
0x00007ff79eb44bd6 (Unity) UnityWebRequest::`vector deleting destructor'
0x00007ff79d894b77 (Unity) UnityWebRequestProto<UnityWebRequestTransport,AtomicRefCounter,RedirectHelper,ResponseHelper,DownloadHandler,UploadHandler,CertificateHandler,HeaderHelper,AsyncOperation>::Release
0x00007ff79eb46605 (Unity) UnityWebRequestAsyncOperation::InvokeCoroutine
0x00007ff79eb467e1 (Unity) UnityWebRequestProto<UnityWebRequestTransport,AtomicRefCounter,RedirectHelper,ResponseHelper,DownloadHandler,UploadHandler,CertificateHandler,HeaderHelper,AsyncOperation>::Job_InvokeCoroutine
0x00007ff79e1ab54a (Unity) BackgroundJobQueue::ExecuteMainThreadJobs
0x00007ff79e26005f (Unity) PreloadManager::WaitForAllAsyncOperationsToComplete
0x00007ff79fa23af8 (Unity) <lambda_b37b41f03089e3cb3f55061bbc93253d>::operator()
0x00007ff79fa5f422 (Unity) asio::detail::completion_handler<core::mutable_function<void __cdecl(void)>,asio::io_context::basic_executor_type<std::allocator<void>,0> >::do_complete
0x00007ff79fa4b3ce (Unity) asio::detail::win_iocp_io_context::do_one
0x00007ff79fa4d034 (Unity) asio::detail::win_iocp_io_context::run
0x00007ff79fa5d7cc (Unity) IOService::Run
0x00007ff79fa30c2f (Unity) AssetImportWorkerClient::Run
0x00007ff79f9fc3d7 (Unity) RunAssetImportWorkerClientV2
0x00007ff79f9fc45b (Unity) RunAssetImporterV2
0x00007ff79f1f31de (Unity) Application::InitializeProject
0x00007ff79f688795 (Unity) WinMain
0x00007ff7a0a535ce (Unity) __scrt_common_main_seh
0x00007ffa8b87e8d7 (KERNEL32) BaseThreadInitThunk
0x00007ffa8c1714fc (ntdll) RtlUserThreadStart
Unloading 3382 Unused Serialized files (Serialized files now loaded: 0)
Unloading 39 unused Assets / (1.0 MB). Loaded Objects now: 4390.
Memory consumption went from 150.0 MB to 149.0 MB.
Total: 4.900000 ms (FindLiveObjects: 0.312200 ms CreateObjectMapping: 0.160000 ms MarkObjects: 3.980300 ms  DeleteObjects: 0.445800 ms)

Prepare: number of updated asset objects reloaded= 0
AssetImportParameters requested are different than current active one (requested -> active):
  custom:container-demuxer-ogg: 62fdf1f143b41e24485cea50d1cbac27 -> 
  custom:scripting/monoscript/fileName/Tree.cs: dca7474b58f05e1dc61bb9deb148038d -> 
  custom:scripting/monoscript/fileName/MoneyManager.cs: bb3bcc877f8bf4d07b9323d1968354a3 -> 
  custom:video-codec-MediaFoundation-h265: 746d11721c4dcdbdad8f713fa42b33f4 -> 
  custom:video-decoder-ogg-theora: a1e56fd34408186e4bbccfd4996cb3dc -> 
  custom:scripting/monoscript/fileName/Timber.cs: e3f520cc8fc09857160dc689c53c79e7 -> 
  custom:framework-win-MediaFoundation: 216162199b28c13a410421893ffa2e32 -> 
  custom:scripting/monoscript/fileName/Money.cs: 9c40cb0a308c8e4e1f5815ebef98078a -> 
  custom:CustomObjectIndexerAttribute: 9a22284fe3817be447336de3de66b15e -> 
  custom:scripting/monoscript/fileName/FillableBar3D.cs: dad0baecc7b65c10f77033a02afb998c -> 
  custom:scripting/monoscript/fileName/ArrowController.cs: 1a447edfdb5484109c0662398b0d2a4f -> 
  custom:scripting/monoscript/fileName/TimberUnloadPlace.cs: 37128713035f60eb0534808b2759b0fd -> 
  custom:container-demuxer-webm: 4f35f7cbe854078d1ac9338744f61a02 -> 
  custom:scripting/monoscript/fileName/BalanceDisplay.cs: 757036e20ecf086f314be8dc85dfa015 -> 
  custom:scripting/monoscript/fileName/ForkliftMoneyHandler.cs: 7fb30a11ebadcb38c9ca3680404c1ff1 -> 
  custom:container-muxer-webm: aa71ff27fc2769a1b78a27578f13a17b -> 
  custom:video-decoder-webm-vp8: 9c59270c3fd7afecdb556c50c9e8de78 -> 
  custom:SearchIndexIgnoredProperties: e643bd26f0fe6173181afceb89e7c659 -> 
  custom:AudioImporter_EditorPlatform: d09bf68614088b80899f8185d706f6e7 -> 
  custom:video-encoder-webm-vp8: eb34c28f22e8b96e1ab97ce403110664 -> 
  custom:audio-decoder-ogg-vorbis: bf7c407c2cedff20999df2af8eb42d56 -> 
  custom:audio-encoder-webm-vorbis: bf7c407c2cedff20999df2af8eb42d56 -> 
  custom:scripting/precompiled-assembly-types:Assembly-CSharp: c00b2f77619bcefaac645b18bfcf6817 -> 898d7dc12b5aaae7dfacee678fc8dd41
========================================================================
Received Prepare
Caller must complete domain reload
Begin MonoManager ReloadAssembly
- Loaded All Assemblies, in  0.441 seconds
Native extension for WindowsStandalone target not found
Native extension for Android target not found
Native extension for WebGL target not found
[Package Manager] Server::EnsureServerProcessIsRunning -- launch failed, reason: Unity was launched with the -noUpm command-line argument
[Package Manager] UpmClient::Send -- Unable to send message (not connected to UPM process).
[Package Manager] Cannot connect to Unity Package Manager local server
Failed to sync packages list
UnityEngine.StackTraceUtility:ExtractStackTrace ()
UnityEngine.DebugLogHandler:LogFormat (UnityEngine.LogType,UnityEngine.Object,string,object[])
UnityEngine.Logger:Log (UnityEngine.LogType,object)
UnityEngine.Debug:LogWarning (object)
 .  / :MoveNext ()
System.Runtime.CompilerServices.AsyncVoidMethodBuilder:Start< .  / > ( .  / &)
 .  :  ()
 .⁪/ :MoveNext ()
System.Runtime.CompilerServices.AsyncTaskMethodBuilder:Start< .⁪/ > ( .⁪/ &)
 .⁪:  ()
System.Reflection.RuntimeMethodInfo:Invoke (object,System.Reflection.BindingFlags,System.Reflection.Binder,object[],System.Globalization.CultureInfo)
System.Reflection.MethodBase:Invoke (object,object[])
UnityEditor.EditorAssemblies:ProcessInitializeOnLoadMethodAttributes ()

Mono: successfully reloaded assembly
- Finished resetting the current domain, in  0.966 seconds
Domain Reload Profiling: 1406ms
	BeginReloadAssembly (154ms)
		ExecutionOrderSort (0ms)
		DisableScriptedObjects (6ms)
		BackupInstance (0ms)
		ReleaseScriptingObjects (0ms)
		CreateAndSetChildDomain (32ms)
	RebuildCommonClasses (33ms)
	RebuildNativeTypeToScriptingClass (12ms)
	initialDomainReloadingComplete (27ms)
	LoadAllAssembliesAndSetupDomain (213ms)
		LoadAssemblies (281ms)
		RebuildTransferFunctionScriptingTraits (0ms)
		AnalyzeDomain (14ms)
			TypeCache.Refresh (6ms)
				TypeCache.ScanAssembly (0ms)
			ScanForSourceGeneratedMonoScriptInfo (0ms)
			ResolveRequiredComponents (6ms)
	FinalizeReload (966ms)
		ReleaseScriptCaches (0ms)
		RebuildScriptCaches (0ms)
		SetupLoadedEditorAssemblies (554ms)
			LogAssemblyErrors (0ms)
			InitializePlatformSupportModulesInManaged (21ms)
			SetLoadedEditorAssemblies (5ms)
			RefreshPlugins (0ms)
			BeforeProcessingInitializeOnLoad (68ms)
			ProcessInitializeOnLoadAttributes (408ms)
			ProcessInitializeOnLoadMethodAttributes (46ms)
			AfterProcessingInitializeOnLoad (6ms)
			EditorAssembliesLoaded (0ms)
		ExecutionOrderSort2 (0ms)
		AwakeInstancesAfterBackupRestoration (6ms)
Refreshing native plugins compatible for Editor in 3.30 ms, found 6 plugins.
Preloading 0 native plugins for Editor in 0.00 ms.
Release of invalid GC handle. The handle is from a previous domain. The release operation is skipped.
Release of invalid GC handle native callstack: 
0x00007ff79e68424d (Unity) StackWalker::GetCurrentCallstack
0x00007ff79e689329 (Unity) StackWalker::ShowCallstack
0x00007ff79f67dae1 (Unity) GetStacktrace
0x00007ff79e57f20d (Unity) ScriptingGCHandle::ReleaseAndClear
0x00007ff79eb4748c (Unity) UploadHandlerRaw::`vector deleting destructor'
0x00007ff79eb4803d (Unity) UploadHandler::Release
0x00007ff79eb448dd (Unity) UnityWebRequestProto<UnityWebRequestTransport,AtomicRefCounter,RedirectHelper,ResponseHelper,DownloadHandler,UploadHandler,CertificateHandler,HeaderHelper,AsyncOperation>::~UnityWebRequestProto<UnityWebRequestTransport,AtomicRefCounter,RedirectHelper,ResponseHelper,DownloadHandler,UploadHandler,CertificateHandler,HeaderHelper,AsyncOperation>
0x00007ff79eb44bd6 (Unity) UnityWebRequest::`vector deleting destructor'
0x00007ff79d894b77 (Unity) UnityWebRequestProto<UnityWebRequestTransport,AtomicRefCounter,RedirectHelper,ResponseHelper,DownloadHandler,UploadHandler,CertificateHandler,HeaderHelper,AsyncOperation>::Release
0x00007ff79eb46605 (Unity) UnityWebRequestAsyncOperation::InvokeCoroutine
0x00007ff79eb467e1 (Unity) UnityWebRequestProto<UnityWebRequestTransport,AtomicRefCounter,RedirectHelper,ResponseHelper,DownloadHandler,UploadHandler,CertificateHandler,HeaderHelper,AsyncOperation>::Job_InvokeCoroutine
0x00007ff79e1ab54a (Unity) BackgroundJobQueue::ExecuteMainThreadJobs
0x00007ff79e26005f (Unity) PreloadManager::WaitForAllAsyncOperationsToComplete
0x00007ff79fa23af8 (Unity) <lambda_b37b41f03089e3cb3f55061bbc93253d>::operator()
0x00007ff79fa5f422 (Unity) asio::detail::completion_handler<core::mutable_function<void __cdecl(void)>,asio::io_context::basic_executor_type<std::allocator<void>,0> >::do_complete
0x00007ff79fa4b3ce (Unity) asio::detail::win_iocp_io_context::do_one
0x00007ff79fa4d034 (Unity) asio::detail::win_iocp_io_context::run
0x00007ff79fa5d7cc (Unity) IOService::Run
0x00007ff79fa30c2f (Unity) AssetImportWorkerClient::Run
0x00007ff79f9fc3d7 (Unity) RunAssetImportWorkerClientV2
0x00007ff79f9fc45b (Unity) RunAssetImporterV2
0x00007ff79f1f31de (Unity) Application::InitializeProject
0x00007ff79f688795 (Unity) WinMain
0x00007ff7a0a535ce (Unity) __scrt_common_main_seh
0x00007ffa8b87e8d7 (KERNEL32) BaseThreadInitThunk
0x00007ffa8c1714fc (ntdll) RtlUserThreadStart
Unloading 3382 Unused Serialized files (Serialized files now loaded: 0)
Unloading 39 unused Assets / (1.0 MB). Loaded Objects now: 4395.
Memory consumption went from 150.1 MB to 149.1 MB.
Total: 4.581500 ms (FindLiveObjects: 0.257900 ms CreateObjectMapping: 0.102100 ms MarkObjects: 3.693500 ms  DeleteObjects: 0.526600 ms)

Prepare: number of updated asset objects reloaded= 0
AssetImportParameters requested are different than current active one (requested -> active):
  custom:container-demuxer-ogg: 62fdf1f143b41e24485cea50d1cbac27 -> 
  custom:scripting/monoscript/fileName/Tree.cs: dca7474b58f05e1dc61bb9deb148038d -> 
  custom:scripting/monoscript/fileName/MoneyManager.cs: bb3bcc877f8bf4d07b9323d1968354a3 -> 
  custom:video-codec-MediaFoundation-h265: 746d11721c4dcdbdad8f713fa42b33f4 -> 
  custom:video-decoder-ogg-theora: a1e56fd34408186e4bbccfd4996cb3dc -> 
  custom:scripting/monoscript/fileName/Timber.cs: e3f520cc8fc09857160dc689c53c79e7 -> 
  custom:framework-win-MediaFoundation: 216162199b28c13a410421893ffa2e32 -> 
  custom:scripting/monoscript/fileName/Money.cs: 9c40cb0a308c8e4e1f5815ebef98078a -> 
  custom:CustomObjectIndexerAttribute: 9a22284fe3817be447336de3de66b15e -> 
  custom:scripting/monoscript/fileName/FillableBar3D.cs: dad0baecc7b65c10f77033a02afb998c -> 
  custom:scripting/monoscript/fileName/ArrowController.cs: 1a447edfdb5484109c0662398b0d2a4f -> 
  custom:scripting/monoscript/fileName/TimberUnloadPlace.cs: 37128713035f60eb0534808b2759b0fd -> 
  custom:container-demuxer-webm: 4f35f7cbe854078d1ac9338744f61a02 -> 
  custom:scripting/monoscript/fileName/BalanceDisplay.cs: 757036e20ecf086f314be8dc85dfa015 -> 
  custom:scripting/monoscript/fileName/ForkliftMoneyHandler.cs: 7fb30a11ebadcb38c9ca3680404c1ff1 -> 
  custom:container-muxer-webm: aa71ff27fc2769a1b78a27578f13a17b -> 
  custom:video-decoder-webm-vp8: 9c59270c3fd7afecdb556c50c9e8de78 -> 
  custom:SearchIndexIgnoredProperties: e643bd26f0fe6173181afceb89e7c659 -> 
  custom:AudioImporter_EditorPlatform: d09bf68614088b80899f8185d706f6e7 -> 
  custom:video-encoder-webm-vp8: eb34c28f22e8b96e1ab97ce403110664 -> 
  custom:audio-decoder-ogg-vorbis: bf7c407c2cedff20999df2af8eb42d56 -> 
  custom:audio-encoder-webm-vorbis: bf7c407c2cedff20999df2af8eb42d56 -> 
  custom:scripting/precompiled-assembly-types:Assembly-CSharp: c00b2f77619bcefaac645b18bfcf6817 -> 898d7dc12b5aaae7dfacee678fc8dd41
========================================================================
Received Prepare
Caller must complete domain reload
Begin MonoManager ReloadAssembly
- Loaded All Assemblies, in  0.465 seconds
Native extension for WindowsStandalone target not found
Native extension for Android target not found
Native extension for WebGL target not found
[Package Manager] Server::EnsureServerProcessIsRunning -- launch failed, reason: Unity was launched with the -noUpm command-line argument
[Package Manager] UpmClient::Send -- Unable to send message (not connected to UPM process).
[Package Manager] Cannot connect to Unity Package Manager local server
Failed to sync packages list
UnityEngine.StackTraceUtility:ExtractStackTrace ()
UnityEngine.DebugLogHandler:LogFormat (UnityEngine.LogType,UnityEngine.Object,string,object[])
UnityEngine.Logger:Log (UnityEngine.LogType,object)
UnityEngine.Debug:LogWarning (object)
 .  / :MoveNext ()
System.Runtime.CompilerServices.AsyncVoidMethodBuilder:Start< .  / > ( .  / &)
 .  :  ()
 .⁪/ :MoveNext ()
System.Runtime.CompilerServices.AsyncTaskMethodBuilder:Start< .⁪/ > ( .⁪/ &)
 .⁪:  ()
System.Reflection.RuntimeMethodInfo:Invoke (object,System.Reflection.BindingFlags,System.Reflection.Binder,object[],System.Globalization.CultureInfo)
System.Reflection.MethodBase:Invoke (object,object[])
UnityEditor.EditorAssemblies:ProcessInitializeOnLoadMethodAttributes ()

Mono: successfully reloaded assembly
- Finished resetting the current domain, in  1.028 seconds
Domain Reload Profiling: 1492ms
	BeginReloadAssembly (152ms)
		ExecutionOrderSort (0ms)
		DisableScriptedObjects (6ms)
		BackupInstance (0ms)
		ReleaseScriptingObjects (0ms)
		CreateAndSetChildDomain (34ms)
	RebuildCommonClasses (39ms)
	RebuildNativeTypeToScriptingClass (10ms)
	initialDomainReloadingComplete (29ms)
	LoadAllAssembliesAndSetupDomain (233ms)
		LoadAssemblies (291ms)
		RebuildTransferFunctionScriptingTraits (0ms)
		AnalyzeDomain (19ms)
			TypeCache.Refresh (6ms)
				TypeCache.ScanAssembly (0ms)
			ScanForSourceGeneratedMonoScriptInfo (0ms)
			ResolveRequiredComponents (9ms)
	FinalizeReload (1029ms)
		ReleaseScriptCaches (0ms)
		RebuildScriptCaches (0ms)
		SetupLoadedEditorAssemblies (567ms)
			LogAssemblyErrors (0ms)
			InitializePlatformSupportModulesInManaged (18ms)
			SetLoadedEditorAssemblies (5ms)
			RefreshPlugins (0ms)
			BeforeProcessingInitializeOnLoad (64ms)
			ProcessInitializeOnLoadAttributes (415ms)
			ProcessInitializeOnLoadMethodAttributes (57ms)
			AfterProcessingInitializeOnLoad (7ms)
			EditorAssembliesLoaded (0ms)
		ExecutionOrderSort2 (0ms)
		AwakeInstancesAfterBackupRestoration (7ms)
Refreshing native plugins compatible for Editor in 3.54 ms, found 6 plugins.
Preloading 0 native plugins for Editor in 0.00 ms.
Release of invalid GC handle. The handle is from a previous domain. The release operation is skipped.
Release of invalid GC handle native callstack: 
0x00007ff79e68424d (Unity) StackWalker::GetCurrentCallstack
0x00007ff79e689329 (Unity) StackWalker::ShowCallstack
0x00007ff79f67dae1 (Unity) GetStacktrace
0x00007ff79e57f20d (Unity) ScriptingGCHandle::ReleaseAndClear
0x00007ff79eb4748c (Unity) UploadHandlerRaw::`vector deleting destructor'
0x00007ff79eb4803d (Unity) UploadHandler::Release
0x00007ff79eb448dd (Unity) UnityWebRequestProto<UnityWebRequestTransport,AtomicRefCounter,RedirectHelper,ResponseHelper,DownloadHandler,UploadHandler,CertificateHandler,HeaderHelper,AsyncOperation>::~UnityWebRequestProto<UnityWebRequestTransport,AtomicRefCounter,RedirectHelper,ResponseHelper,DownloadHandler,UploadHandler,CertificateHandler,HeaderHelper,AsyncOperation>
0x00007ff79eb44bd6 (Unity) UnityWebRequest::`vector deleting destructor'
0x00007ff79d894b77 (Unity) UnityWebRequestProto<UnityWebRequestTransport,AtomicRefCounter,RedirectHelper,ResponseHelper,DownloadHandler,UploadHandler,CertificateHandler,HeaderHelper,AsyncOperation>::Release
0x00007ff79eb46605 (Unity) UnityWebRequestAsyncOperation::InvokeCoroutine
0x00007ff79eb467e1 (Unity) UnityWebRequestProto<UnityWebRequestTransport,AtomicRefCounter,RedirectHelper,ResponseHelper,DownloadHandler,UploadHandler,CertificateHandler,HeaderHelper,AsyncOperation>::Job_InvokeCoroutine
0x00007ff79e1ab54a (Unity) BackgroundJobQueue::ExecuteMainThreadJobs
0x00007ff79e26005f (Unity) PreloadManager::WaitForAllAsyncOperationsToComplete
0x00007ff79fa23af8 (Unity) <lambda_b37b41f03089e3cb3f55061bbc93253d>::operator()
0x00007ff79fa5f422 (Unity) asio::detail::completion_handler<core::mutable_function<void __cdecl(void)>,asio::io_context::basic_executor_type<std::allocator<void>,0> >::do_complete
0x00007ff79fa4b3ce (Unity) asio::detail::win_iocp_io_context::do_one
0x00007ff79fa4d034 (Unity) asio::detail::win_iocp_io_context::run
0x00007ff79fa5d7cc (Unity) IOService::Run
0x00007ff79fa30c2f (Unity) AssetImportWorkerClient::Run
0x00007ff79f9fc3d7 (Unity) RunAssetImportWorkerClientV2
0x00007ff79f9fc45b (Unity) RunAssetImporterV2
0x00007ff79f1f31de (Unity) Application::InitializeProject
0x00007ff79f688795 (Unity) WinMain
0x00007ff7a0a535ce (Unity) __scrt_common_main_seh
0x00007ffa8b87e8d7 (KERNEL32) BaseThreadInitThunk
0x00007ffa8c1714fc (ntdll) RtlUserThreadStart
Unloading 3382 Unused Serialized files (Serialized files now loaded: 0)
Unloading 39 unused Assets / (1.0 MB). Loaded Objects now: 4400.
Memory consumption went from 150.3 MB to 149.3 MB.
Total: 4.405600 ms (FindLiveObjects: 0.263700 ms CreateObjectMapping: 0.096800 ms MarkObjects: 3.507100 ms  DeleteObjects: 0.536900 ms)

Prepare: number of updated asset objects reloaded= 0
AssetImportParameters requested are different than current active one (requested -> active):
  custom:container-demuxer-ogg: 62fdf1f143b41e24485cea50d1cbac27 -> 
  custom:scripting/monoscript/fileName/Tree.cs: dca7474b58f05e1dc61bb9deb148038d -> 
  custom:scripting/monoscript/fileName/MoneyManager.cs: bb3bcc877f8bf4d07b9323d1968354a3 -> 
  custom:video-codec-MediaFoundation-h265: 746d11721c4dcdbdad8f713fa42b33f4 -> 
  custom:video-decoder-ogg-theora: a1e56fd34408186e4bbccfd4996cb3dc -> 
  custom:scripting/monoscript/fileName/Timber.cs: e3f520cc8fc09857160dc689c53c79e7 -> 
  custom:framework-win-MediaFoundation: 216162199b28c13a410421893ffa2e32 -> 
  custom:scripting/monoscript/fileName/Money.cs: 9c40cb0a308c8e4e1f5815ebef98078a -> 
  custom:CustomObjectIndexerAttribute: 9a22284fe3817be447336de3de66b15e -> 
  custom:scripting/monoscript/fileName/FillableBar3D.cs: dad0baecc7b65c10f77033a02afb998c -> 
  custom:scripting/monoscript/fileName/ArrowController.cs: 1a447edfdb5484109c0662398b0d2a4f -> 
  custom:scripting/monoscript/fileName/TimberUnloadPlace.cs: 37128713035f60eb0534808b2759b0fd -> 
  custom:container-demuxer-webm: 4f35f7cbe854078d1ac9338744f61a02 -> 
  custom:scripting/monoscript/fileName/BalanceDisplay.cs: 757036e20ecf086f314be8dc85dfa015 -> 
  custom:scripting/monoscript/fileName/ForkliftMoneyHandler.cs: 7fb30a11ebadcb38c9ca3680404c1ff1 -> 
  custom:container-muxer-webm: aa71ff27fc2769a1b78a27578f13a17b -> 
  custom:video-decoder-webm-vp8: 9c59270c3fd7afecdb556c50c9e8de78 -> 
  custom:SearchIndexIgnoredProperties: e643bd26f0fe6173181afceb89e7c659 -> 
  custom:AudioImporter_EditorPlatform: d09bf68614088b80899f8185d706f6e7 -> 
  custom:video-encoder-webm-vp8: eb34c28f22e8b96e1ab97ce403110664 -> 
  custom:audio-decoder-ogg-vorbis: bf7c407c2cedff20999df2af8eb42d56 -> 
  custom:audio-encoder-webm-vorbis: bf7c407c2cedff20999df2af8eb42d56 -> 
  custom:scripting/precompiled-assembly-types:Assembly-CSharp: c00b2f77619bcefaac645b18bfcf6817 -> 898d7dc12b5aaae7dfacee678fc8dd41
========================================================================
Received Import Request.
  Time since last request: 5392.939515 seconds.
  path: Assets/Scripts/UI/FillableBar3D.cs
  artifactKey: Guid(abadd43b23771b04a87a4ba3d66a02fd) Importer(815301076,1909f56bfc062723c751e8b465ee728b)
Start importing Assets/Scripts/UI/FillableBar3D.cs using Guid(abadd43b23771b04a87a4ba3d66a02fd) Importer(815301076,1909f56bfc062723c751e8b465ee728b) [PhysX] Initialized MultithreadedTaskDispatcher with 12 workers.
 -> (artifact id: 'fb887337710c9e997383a0c6e5e83ccd') in 0.008096 seconds
Number of updated asset objects reloaded before import = 0
Number of asset objects unloaded after import = 0
========================================================================
Received Import Request.
  Time since last request: 602.274099 seconds.
  path: Assets/Scripts/UI/FillableBar3D.cs
  artifactKey: Guid(abadd43b23771b04a87a4ba3d66a02fd) Importer(815301076,1909f56bfc062723c751e8b465ee728b)
Start importing Assets/Scripts/UI/FillableBar3D.cs using Guid(abadd43b23771b04a87a4ba3d66a02fd) Importer(815301076,1909f56bfc062723c751e8b465ee728b) [PhysX] Initialized MultithreadedTaskDispatcher with 12 workers.
 -> (artifact id: '714e14fe978e41f621df82306af82c06') in 0.002306 seconds
Number of updated asset objects reloaded before import = 0
Number of asset objects unloaded after import = 0
========================================================================
Received Prepare
Caller must complete domain reload
Begin MonoManager ReloadAssembly
- Loaded All Assemblies, in  0.647 seconds
Native extension for WindowsStandalone target not found
Native extension for Android target not found
Native extension for WebGL target not found
[Package Manager] Server::EnsureServerProcessIsRunning -- launch failed, reason: Unity was launched with the -noUpm command-line argument
[Package Manager] UpmClient::Send -- Unable to send message (not connected to UPM process).
[Package Manager] Cannot connect to Unity Package Manager local server
Failed to sync packages list
UnityEngine.StackTraceUtility:ExtractStackTrace ()
UnityEngine.DebugLogHandler:LogFormat (UnityEngine.LogType,UnityEngine.Object,string,object[])
UnityEngine.Logger:Log (UnityEngine.LogType,object)
UnityEngine.Debug:LogWarning (object)
 .  / :MoveNext ()
System.Runtime.CompilerServices.AsyncVoidMethodBuilder:Start< .  / > ( .  / &)
 .  :  ()
 .⁪/ :MoveNext ()
System.Runtime.CompilerServices.AsyncTaskMethodBuilder:Start< .⁪/ > ( .⁪/ &)
 .⁪:  ()
System.Reflection.RuntimeMethodInfo:Invoke (object,System.Reflection.BindingFlags,System.Reflection.Binder,object[],System.Globalization.CultureInfo)
System.Reflection.MethodBase:Invoke (object,object[])
UnityEditor.EditorAssemblies:ProcessInitializeOnLoadMethodAttributes ()

Mono: successfully reloaded assembly
- Finished resetting the current domain, in  1.402 seconds
Domain Reload Profiling: 2046ms
	BeginReloadAssembly (218ms)
		ExecutionOrderSort (0ms)
		DisableScriptedObjects (12ms)
		BackupInstance (0ms)
		ReleaseScriptingObjects (0ms)
		CreateAndSetChildDomain (45ms)
	RebuildCommonClasses (49ms)
	RebuildNativeTypeToScriptingClass (16ms)
	initialDomainReloadingComplete (49ms)
	LoadAllAssembliesAndSetupDomain (310ms)
		LoadAssemblies (389ms)
		RebuildTransferFunctionScriptingTraits (0ms)
		AnalyzeDomain (29ms)
			TypeCache.Refresh (10ms)
				TypeCache.ScanAssembly (1ms)
			ScanForSourceGeneratedMonoScriptInfo (8ms)
			ResolveRequiredComponents (7ms)
	FinalizeReload (1403ms)
		ReleaseScriptCaches (0ms)
		RebuildScriptCaches (0ms)
		SetupLoadedEditorAssemblies (788ms)
			LogAssemblyErrors (0ms)
			InitializePlatformSupportModulesInManaged (34ms)
			SetLoadedEditorAssemblies (8ms)
			RefreshPlugins (0ms)
			BeforeProcessingInitializeOnLoad (95ms)
			ProcessInitializeOnLoadAttributes (570ms)
			ProcessInitializeOnLoadMethodAttributes (71ms)
			AfterProcessingInitializeOnLoad (10ms)
			EditorAssembliesLoaded (0ms)
		ExecutionOrderSort2 (0ms)
		AwakeInstancesAfterBackupRestoration (9ms)
Refreshing native plugins compatible for Editor in 5.87 ms, found 6 plugins.
Preloading 0 native plugins for Editor in 0.00 ms.
Release of invalid GC handle. The handle is from a previous domain. The release operation is skipped.
Release of invalid GC handle native callstack: 
0x00007ff79e68424d (Unity) StackWalker::GetCurrentCallstack
0x00007ff79e689329 (Unity) StackWalker::ShowCallstack
0x00007ff79f67dae1 (Unity) GetStacktrace
0x00007ff79e57f20d (Unity) ScriptingGCHandle::ReleaseAndClear
0x00007ff79eb4748c (Unity) UploadHandlerRaw::`vector deleting destructor'
0x00007ff79eb4803d (Unity) UploadHandler::Release
0x00007ff79eb448dd (Unity) UnityWebRequestProto<UnityWebRequestTransport,AtomicRefCounter,RedirectHelper,ResponseHelper,DownloadHandler,UploadHandler,CertificateHandler,HeaderHelper,AsyncOperation>::~UnityWebRequestProto<UnityWebRequestTransport,AtomicRefCounter,RedirectHelper,ResponseHelper,DownloadHandler,UploadHandler,CertificateHandler,HeaderHelper,AsyncOperation>
0x00007ff79eb44bd6 (Unity) UnityWebRequest::`vector deleting destructor'
0x00007ff79d894b77 (Unity) UnityWebRequestProto<UnityWebRequestTransport,AtomicRefCounter,RedirectHelper,ResponseHelper,DownloadHandler,UploadHandler,CertificateHandler,HeaderHelper,AsyncOperation>::Release
0x00007ff79eb46605 (Unity) UnityWebRequestAsyncOperation::InvokeCoroutine
0x00007ff79eb467e1 (Unity) UnityWebRequestProto<UnityWebRequestTransport,AtomicRefCounter,RedirectHelper,ResponseHelper,DownloadHandler,UploadHandler,CertificateHandler,HeaderHelper,AsyncOperation>::Job_InvokeCoroutine
0x00007ff79e1ab54a (Unity) BackgroundJobQueue::ExecuteMainThreadJobs
0x00007ff79e26005f (Unity) PreloadManager::WaitForAllAsyncOperationsToComplete
0x00007ff79fa23af8 (Unity) <lambda_b37b41f03089e3cb3f55061bbc93253d>::operator()
0x00007ff79fa5f422 (Unity) asio::detail::completion_handler<core::mutable_function<void __cdecl(void)>,asio::io_context::basic_executor_type<std::allocator<void>,0> >::do_complete
0x00007ff79fa4b3ce (Unity) asio::detail::win_iocp_io_context::do_one
0x00007ff79fa4d034 (Unity) asio::detail::win_iocp_io_context::run
0x00007ff79fa5d7cc (Unity) IOService::Run
0x00007ff79fa30c2f (Unity) AssetImportWorkerClient::Run
0x00007ff79f9fc3d7 (Unity) RunAssetImportWorkerClientV2
0x00007ff79f9fc45b (Unity) RunAssetImporterV2
0x00007ff79f1f31de (Unity) Application::InitializeProject
0x00007ff79f688795 (Unity) WinMain
0x00007ff7a0a535ce (Unity) __scrt_common_main_seh
0x00007ffa8b87e8d7 (KERNEL32) BaseThreadInitThunk
0x00007ffa8c1714fc (ntdll) RtlUserThreadStart
Unloading 3381 Unused Serialized files (Serialized files now loaded: 0)
Unloading 39 unused Assets / (1.0 MB). Loaded Objects now: 4405.
Memory consumption went from 150.2 MB to 149.2 MB.
Total: 6.608300 ms (FindLiveObjects: 0.300200 ms CreateObjectMapping: 0.114600 ms MarkObjects: 5.602600 ms  DeleteObjects: 0.588900 ms)

Prepare: number of updated asset objects reloaded= 0
AssetImportParameters requested are different than current active one (requested -> active):
  custom:container-demuxer-ogg: 62fdf1f143b41e24485cea50d1cbac27 -> 
  custom:scripting/monoscript/fileName/Tree.cs: dca7474b58f05e1dc61bb9deb148038d -> 
  custom:scripting/monoscript/fileName/MoneyManager.cs: bb3bcc877f8bf4d07b9323d1968354a3 -> 
  custom:video-codec-MediaFoundation-h265: 746d11721c4dcdbdad8f713fa42b33f4 -> 
  custom:video-decoder-ogg-theora: a1e56fd34408186e4bbccfd4996cb3dc -> 
  custom:scripting/monoscript/fileName/Timber.cs: e3f520cc8fc09857160dc689c53c79e7 -> 
  custom:framework-win-MediaFoundation: 216162199b28c13a410421893ffa2e32 -> 
  custom:scripting/monoscript/fileName/Money.cs: 9c40cb0a308c8e4e1f5815ebef98078a -> 
  custom:CustomObjectIndexerAttribute: 9a22284fe3817be447336de3de66b15e -> 
  custom:scripting/monoscript/fileName/FillableBar3D.cs: 80e636c4221a570a1e77cd317386054a -> 
  custom:scripting/monoscript/fileName/ArrowController.cs: 1a447edfdb5484109c0662398b0d2a4f -> 
  custom:scripting/monoscript/fileName/TimberUnloadPlace.cs: 37128713035f60eb0534808b2759b0fd -> 
  custom:container-demuxer-webm: 4f35f7cbe854078d1ac9338744f61a02 -> 
  custom:scripting/monoscript/fileName/BalanceDisplay.cs: 757036e20ecf086f314be8dc85dfa015 -> 
  custom:scripting/monoscript/fileName/ForkliftMoneyHandler.cs: 7fb30a11ebadcb38c9ca3680404c1ff1 -> 
  custom:container-muxer-webm: aa71ff27fc2769a1b78a27578f13a17b -> 
  custom:video-decoder-webm-vp8: 9c59270c3fd7afecdb556c50c9e8de78 -> 
  custom:SearchIndexIgnoredProperties: e643bd26f0fe6173181afceb89e7c659 -> 
  custom:AudioImporter_EditorPlatform: d09bf68614088b80899f8185d706f6e7 -> 
  custom:video-encoder-webm-vp8: eb34c28f22e8b96e1ab97ce403110664 -> 
  custom:audio-decoder-ogg-vorbis: bf7c407c2cedff20999df2af8eb42d56 -> 
  custom:audio-encoder-webm-vorbis: bf7c407c2cedff20999df2af8eb42d56 -> 
  custom:scripting/precompiled-assembly-types:Assembly-CSharp: f221b8b759a1297ebfef0ab3f56adc87 -> 898d7dc12b5aaae7dfacee678fc8dd41
========================================================================
Received Import Request.
  Time since last request: 156.345839 seconds.
  path: Assets/Scripts/UI/FillableBar3D.cs
  artifactKey: Guid(abadd43b23771b04a87a4ba3d66a02fd) Importer(815301076,1909f56bfc062723c751e8b465ee728b)
Start importing Assets/Scripts/UI/FillableBar3D.cs using Guid(abadd43b23771b04a87a4ba3d66a02fd) Importer(815301076,1909f56bfc062723c751e8b465ee728b) [PhysX] Initialized MultithreadedTaskDispatcher with 12 workers.
 -> (artifact id: '3fe777bd9a4df3bd6e18c5e8e53b4e3d') in 0.003295 seconds
Number of updated asset objects reloaded before import = 0
Number of asset objects unloaded after import = 0
========================================================================
Received Prepare
Caller must complete domain reload
Begin MonoManager ReloadAssembly
- Loaded All Assemblies, in  0.566 seconds
Native extension for WindowsStandalone target not found
Native extension for Android target not found
Native extension for WebGL target not found
[Package Manager] Server::EnsureServerProcessIsRunning -- launch failed, reason: Unity was launched with the -noUpm command-line argument
[Package Manager] UpmClient::Send -- Unable to send message (not connected to UPM process).
[Package Manager] Cannot connect to Unity Package Manager local server
Failed to sync packages list
UnityEngine.StackTraceUtility:ExtractStackTrace ()
UnityEngine.DebugLogHandler:LogFormat (UnityEngine.LogType,UnityEngine.Object,string,object[])
UnityEngine.Logger:Log (UnityEngine.LogType,object)
UnityEngine.Debug:LogWarning (object)
 .  / :MoveNext ()
System.Runtime.CompilerServices.AsyncVoidMethodBuilder:Start< .  / > ( .  / &)
 .  :  ()
 .⁪/ :MoveNext ()
System.Runtime.CompilerServices.AsyncTaskMethodBuilder:Start< .⁪/ > ( .⁪/ &)
 .⁪:  ()
System.Reflection.RuntimeMethodInfo:Invoke (object,System.Reflection.BindingFlags,System.Reflection.Binder,object[],System.Globalization.CultureInfo)
System.Reflection.MethodBase:Invoke (object,object[])
UnityEditor.EditorAssemblies:ProcessInitializeOnLoadMethodAttributes ()

Mono: successfully reloaded assembly
- Finished resetting the current domain, in  1.289 seconds
Domain Reload Profiling: 1853ms
	BeginReloadAssembly (186ms)
		ExecutionOrderSort (0ms)
		DisableScriptedObjects (6ms)
		BackupInstance (0ms)
		ReleaseScriptingObjects (0ms)
		CreateAndSetChildDomain (39ms)
	RebuildCommonClasses (45ms)
	RebuildNativeTypeToScriptingClass (14ms)
	initialDomainReloadingComplete (37ms)
	LoadAllAssembliesAndSetupDomain (280ms)
		LoadAssemblies (362ms)
		RebuildTransferFunctionScriptingTraits (0ms)
		AnalyzeDomain (19ms)
			TypeCache.Refresh (7ms)
				TypeCache.ScanAssembly (0ms)
			ScanForSourceGeneratedMonoScriptInfo (0ms)
			ResolveRequiredComponents (8ms)
	FinalizeReload (1290ms)
		ReleaseScriptCaches (0ms)
		RebuildScriptCaches (0ms)
		SetupLoadedEditorAssemblies (734ms)
			LogAssemblyErrors (0ms)
			InitializePlatformSupportModulesInManaged (26ms)
			SetLoadedEditorAssemblies (9ms)
			RefreshPlugins (0ms)
			BeforeProcessingInitializeOnLoad (89ms)
			ProcessInitializeOnLoadAttributes (523ms)
			ProcessInitializeOnLoadMethodAttributes (78ms)
			AfterProcessingInitializeOnLoad (8ms)
			EditorAssembliesLoaded (0ms)
		ExecutionOrderSort2 (0ms)
		AwakeInstancesAfterBackupRestoration (9ms)
Refreshing native plugins compatible for Editor in 11.34 ms, found 6 plugins.
Preloading 0 native plugins for Editor in 0.00 ms.
Release of invalid GC handle. The handle is from a previous domain. The release operation is skipped.
Release of invalid GC handle native callstack: 
0x00007ff79e68424d (Unity) StackWalker::GetCurrentCallstack
0x00007ff79e689329 (Unity) StackWalker::ShowCallstack
0x00007ff79f67dae1 (Unity) GetStacktrace
0x00007ff79e57f20d (Unity) ScriptingGCHandle::ReleaseAndClear
0x00007ff79eb4748c (Unity) UploadHandlerRaw::`vector deleting destructor'
0x00007ff79eb4803d (Unity) UploadHandler::Release
0x00007ff79eb448dd (Unity) UnityWebRequestProto<UnityWebRequestTransport,AtomicRefCounter,RedirectHelper,ResponseHelper,DownloadHandler,UploadHandler,CertificateHandler,HeaderHelper,AsyncOperation>::~UnityWebRequestProto<UnityWebRequestTransport,AtomicRefCounter,RedirectHelper,ResponseHelper,DownloadHandler,UploadHandler,CertificateHandler,HeaderHelper,AsyncOperation>
0x00007ff79eb44bd6 (Unity) UnityWebRequest::`vector deleting destructor'
0x00007ff79d894b77 (Unity) UnityWebRequestProto<UnityWebRequestTransport,AtomicRefCounter,RedirectHelper,ResponseHelper,DownloadHandler,UploadHandler,CertificateHandler,HeaderHelper,AsyncOperation>::Release
0x00007ff79eb46605 (Unity) UnityWebRequestAsyncOperation::InvokeCoroutine
0x00007ff79eb467e1 (Unity) UnityWebRequestProto<UnityWebRequestTransport,AtomicRefCounter,RedirectHelper,ResponseHelper,DownloadHandler,UploadHandler,CertificateHandler,HeaderHelper,AsyncOperation>::Job_InvokeCoroutine
0x00007ff79e1ab54a (Unity) BackgroundJobQueue::ExecuteMainThreadJobs
0x00007ff79e26005f (Unity) PreloadManager::WaitForAllAsyncOperationsToComplete
0x00007ff79fa23af8 (Unity) <lambda_b37b41f03089e3cb3f55061bbc93253d>::operator()
0x00007ff79fa5f422 (Unity) asio::detail::completion_handler<core::mutable_function<void __cdecl(void)>,asio::io_context::basic_executor_type<std::allocator<void>,0> >::do_complete
0x00007ff79fa4b3ce (Unity) asio::detail::win_iocp_io_context::do_one
0x00007ff79fa4d034 (Unity) asio::detail::win_iocp_io_context::run
0x00007ff79fa5d7cc (Unity) IOService::Run
0x00007ff79fa30c2f (Unity) AssetImportWorkerClient::Run
0x00007ff79f9fc3d7 (Unity) RunAssetImportWorkerClientV2
0x00007ff79f9fc45b (Unity) RunAssetImporterV2
0x00007ff79f1f31de (Unity) Application::InitializeProject
0x00007ff79f688795 (Unity) WinMain
0x00007ff7a0a535ce (Unity) __scrt_common_main_seh
0x00007ffa8b87e8d7 (KERNEL32) BaseThreadInitThunk
0x00007ffa8c1714fc (ntdll) RtlUserThreadStart
Unloading 3381 Unused Serialized files (Serialized files now loaded: 0)
Unloading 39 unused Assets / (1.0 MB). Loaded Objects now: 4410.
Memory consumption went from 150.3 MB to 149.3 MB.
Total: 7.192900 ms (FindLiveObjects: 0.500600 ms CreateObjectMapping: 0.195000 ms MarkObjects: 5.861300 ms  DeleteObjects: 0.633700 ms)

Prepare: number of updated asset objects reloaded= 0
AssetImportParameters requested are different than current active one (requested -> active):
  custom:container-demuxer-ogg: 62fdf1f143b41e24485cea50d1cbac27 -> 
  custom:scripting/monoscript/fileName/Tree.cs: dca7474b58f05e1dc61bb9deb148038d -> 
  custom:scripting/monoscript/fileName/MoneyManager.cs: bb3bcc877f8bf4d07b9323d1968354a3 -> 
  custom:video-codec-MediaFoundation-h265: 746d11721c4dcdbdad8f713fa42b33f4 -> 
  custom:video-decoder-ogg-theora: a1e56fd34408186e4bbccfd4996cb3dc -> 
  custom:scripting/monoscript/fileName/Timber.cs: e3f520cc8fc09857160dc689c53c79e7 -> 
  custom:framework-win-MediaFoundation: 216162199b28c13a410421893ffa2e32 -> 
  custom:scripting/monoscript/fileName/Money.cs: 9c40cb0a308c8e4e1f5815ebef98078a -> 
  custom:CustomObjectIndexerAttribute: 9a22284fe3817be447336de3de66b15e -> 
  custom:scripting/monoscript/fileName/FillableBar3D.cs: 80e636c4221a570a1e77cd317386054a -> 
  custom:scripting/monoscript/fileName/ArrowController.cs: 1a447edfdb5484109c0662398b0d2a4f -> 
  custom:scripting/monoscript/fileName/TimberUnloadPlace.cs: 37128713035f60eb0534808b2759b0fd -> 
  custom:container-demuxer-webm: 4f35f7cbe854078d1ac9338744f61a02 -> 
  custom:scripting/monoscript/fileName/BalanceDisplay.cs: 757036e20ecf086f314be8dc85dfa015 -> 
  custom:scripting/monoscript/fileName/ForkliftMoneyHandler.cs: 7fb30a11ebadcb38c9ca3680404c1ff1 -> 
  custom:container-muxer-webm: aa71ff27fc2769a1b78a27578f13a17b -> 
  custom:video-decoder-webm-vp8: 9c59270c3fd7afecdb556c50c9e8de78 -> 
  custom:SearchIndexIgnoredProperties: e643bd26f0fe6173181afceb89e7c659 -> 
  custom:AudioImporter_EditorPlatform: d09bf68614088b80899f8185d706f6e7 -> 
  custom:video-encoder-webm-vp8: eb34c28f22e8b96e1ab97ce403110664 -> 
  custom:audio-decoder-ogg-vorbis: bf7c407c2cedff20999df2af8eb42d56 -> 
  custom:audio-encoder-webm-vorbis: bf7c407c2cedff20999df2af8eb42d56 -> 
  custom:scripting/precompiled-assembly-types:Assembly-CSharp: f221b8b759a1297ebfef0ab3f56adc87 -> 898d7dc12b5aaae7dfacee678fc8dd41
========================================================================
Received Prepare
Caller must complete domain reload
Begin MonoManager ReloadAssembly
- Loaded All Assemblies, in  0.674 seconds
Native extension for WindowsStandalone target not found
Native extension for Android target not found
Native extension for WebGL target not found
[Package Manager] Server::EnsureServerProcessIsRunning -- launch failed, reason: Unity was launched with the -noUpm command-line argument
[Package Manager] UpmClient::Send -- Unable to send message (not connected to UPM process).
[Package Manager] Cannot connect to Unity Package Manager local server
Failed to sync packages list
UnityEngine.StackTraceUtility:ExtractStackTrace ()
UnityEngine.DebugLogHandler:LogFormat (UnityEngine.LogType,UnityEngine.Object,string,object[])
UnityEngine.Logger:Log (UnityEngine.LogType,object)
UnityEngine.Debug:LogWarning (object)
 .  / :MoveNext ()
System.Runtime.CompilerServices.AsyncVoidMethodBuilder:Start< .  / > ( .  / &)
 .  :  ()
 .⁪/ :MoveNext ()
System.Runtime.CompilerServices.AsyncTaskMethodBuilder:Start< .⁪/ > ( .⁪/ &)
 .⁪:  ()
System.Reflection.RuntimeMethodInfo:Invoke (object,System.Reflection.BindingFlags,System.Reflection.Binder,object[],System.Globalization.CultureInfo)
System.Reflection.MethodBase:Invoke (object,object[])
UnityEditor.EditorAssemblies:ProcessInitializeOnLoadMethodAttributes ()

Mono: successfully reloaded assembly
- Finished resetting the current domain, in  1.274 seconds
Domain Reload Profiling: 1946ms
	BeginReloadAssembly (223ms)
		ExecutionOrderSort (0ms)
		DisableScriptedObjects (7ms)
		BackupInstance (0ms)
		ReleaseScriptingObjects (0ms)
		CreateAndSetChildDomain (54ms)
	RebuildCommonClasses (55ms)
	RebuildNativeTypeToScriptingClass (21ms)
	initialDomainReloadingComplete (43ms)
	LoadAllAssembliesAndSetupDomain (329ms)
		LoadAssemblies (414ms)
		RebuildTransferFunctionScriptingTraits (0ms)
		AnalyzeDomain (33ms)
			TypeCache.Refresh (13ms)
				TypeCache.ScanAssembly (1ms)
			ScanForSourceGeneratedMonoScriptInfo (9ms)
			ResolveRequiredComponents (8ms)
	FinalizeReload (1275ms)
		ReleaseScriptCaches (0ms)
		RebuildScriptCaches (0ms)
		SetupLoadedEditorAssemblies (736ms)
			LogAssemblyErrors (0ms)
			InitializePlatformSupportModulesInManaged (26ms)
			SetLoadedEditorAssemblies (6ms)
			RefreshPlugins (0ms)
			BeforeProcessingInitializeOnLoad (82ms)
			ProcessInitializeOnLoadAttributes (543ms)
			ProcessInitializeOnLoadMethodAttributes (70ms)
			AfterProcessingInitializeOnLoad (8ms)
			EditorAssembliesLoaded (0ms)
		ExecutionOrderSort2 (0ms)
		AwakeInstancesAfterBackupRestoration (11ms)
Refreshing native plugins compatible for Editor in 4.52 ms, found 6 plugins.
Preloading 0 native plugins for Editor in 0.00 ms.
Release of invalid GC handle. The handle is from a previous domain. The release operation is skipped.
Release of invalid GC handle native callstack: 
0x00007ff79e68424d (Unity) StackWalker::GetCurrentCallstack
0x00007ff79e689329 (Unity) StackWalker::ShowCallstack
0x00007ff79f67dae1 (Unity) GetStacktrace
0x00007ff79e57f20d (Unity) ScriptingGCHandle::ReleaseAndClear
0x00007ff79eb4748c (Unity) UploadHandlerRaw::`vector deleting destructor'
0x00007ff79eb4803d (Unity) UploadHandler::Release
0x00007ff79eb448dd (Unity) UnityWebRequestProto<UnityWebRequestTransport,AtomicRefCounter,RedirectHelper,ResponseHelper,DownloadHandler,UploadHandler,CertificateHandler,HeaderHelper,AsyncOperation>::~UnityWebRequestProto<UnityWebRequestTransport,AtomicRefCounter,RedirectHelper,ResponseHelper,DownloadHandler,UploadHandler,CertificateHandler,HeaderHelper,AsyncOperation>
0x00007ff79eb44bd6 (Unity) UnityWebRequest::`vector deleting destructor'
0x00007ff79d894b77 (Unity) UnityWebRequestProto<UnityWebRequestTransport,AtomicRefCounter,RedirectHelper,ResponseHelper,DownloadHandler,UploadHandler,CertificateHandler,HeaderHelper,AsyncOperation>::Release
0x00007ff79eb46605 (Unity) UnityWebRequestAsyncOperation::InvokeCoroutine
0x00007ff79eb467e1 (Unity) UnityWebRequestProto<UnityWebRequestTransport,AtomicRefCounter,RedirectHelper,ResponseHelper,DownloadHandler,UploadHandler,CertificateHandler,HeaderHelper,AsyncOperation>::Job_InvokeCoroutine
0x00007ff79e1ab54a (Unity) BackgroundJobQueue::ExecuteMainThreadJobs
0x00007ff79e26005f (Unity) PreloadManager::WaitForAllAsyncOperationsToComplete
0x00007ff79fa23af8 (Unity) <lambda_b37b41f03089e3cb3f55061bbc93253d>::operator()
0x00007ff79fa5f422 (Unity) asio::detail::completion_handler<core::mutable_function<void __cdecl(void)>,asio::io_context::basic_executor_type<std::allocator<void>,0> >::do_complete
0x00007ff79fa4b3ce (Unity) asio::detail::win_iocp_io_context::do_one
0x00007ff79fa4d034 (Unity) asio::detail::win_iocp_io_context::run
0x00007ff79fa5d7cc (Unity) IOService::Run
0x00007ff79fa30c2f (Unity) AssetImportWorkerClient::Run
0x00007ff79f9fc3d7 (Unity) RunAssetImportWorkerClientV2
0x00007ff79f9fc45b (Unity) RunAssetImporterV2
0x00007ff79f1f31de (Unity) Application::InitializeProject
0x00007ff79f688795 (Unity) WinMain
0x00007ff7a0a535ce (Unity) __scrt_common_main_seh
0x00007ffa8b87e8d7 (KERNEL32) BaseThreadInitThunk
0x00007ffa8c1714fc (ntdll) RtlUserThreadStart
Unloading 3383 Unused Serialized files (Serialized files now loaded: 0)
Unloading 39 unused Assets / (1.0 MB). Loaded Objects now: 4416.
Memory consumption went from 150.8 MB to 149.8 MB.
Total: 6.526200 ms (FindLiveObjects: 0.418100 ms CreateObjectMapping: 0.183300 ms MarkObjects: 5.369200 ms  DeleteObjects: 0.554100 ms)

Prepare: number of updated asset objects reloaded= 0
AssetImportParameters requested are different than current active one (requested -> active):
  custom:container-demuxer-ogg: 62fdf1f143b41e24485cea50d1cbac27 -> 
  custom:scripting/monoscript/fileName/Tree.cs: dca7474b58f05e1dc61bb9deb148038d -> 
  custom:scripting/monoscript/fileName/MoneySystemTester.cs: c4f55682c9c7321853562efbfccd0650 -> 
  custom:scripting/monoscript/fileName/MoneyManager.cs: bb3bcc877f8bf4d07b9323d1968354a3 -> 
  custom:video-codec-MediaFoundation-h265: 746d11721c4dcdbdad8f713fa42b33f4 -> 
  custom:video-decoder-ogg-theora: a1e56fd34408186e4bbccfd4996cb3dc -> 
  custom:scripting/monoscript/fileName/Timber.cs: e3f520cc8fc09857160dc689c53c79e7 -> 
  custom:framework-win-MediaFoundation: 216162199b28c13a410421893ffa2e32 -> 
  custom:scripting/monoscript/fileName/Money.cs: 9c40cb0a308c8e4e1f5815ebef98078a -> 
  custom:CustomObjectIndexerAttribute: 9a22284fe3817be447336de3de66b15e -> 
  custom:scripting/monoscript/fileName/FillableBar3D.cs: 80e636c4221a570a1e77cd317386054a -> 
  custom:scripting/monoscript/fileName/ArrowController.cs: 1a447edfdb5484109c0662398b0d2a4f -> 
  custom:scripting/monoscript/fileName/TimberUnloadPlace.cs: 37128713035f60eb0534808b2759b0fd -> 
  custom:container-demuxer-webm: 4f35f7cbe854078d1ac9338744f61a02 -> 
  custom:scripting/monoscript/fileName/BalanceDisplay.cs: 757036e20ecf086f314be8dc85dfa015 -> 
  custom:scripting/monoscript/fileName/ForkliftMoneyHandler.cs: 7fb30a11ebadcb38c9ca3680404c1ff1 -> 
  custom:container-muxer-webm: aa71ff27fc2769a1b78a27578f13a17b -> 
  custom:video-decoder-webm-vp8: 9c59270c3fd7afecdb556c50c9e8de78 -> 
  custom:SearchIndexIgnoredProperties: e643bd26f0fe6173181afceb89e7c659 -> 
  custom:AudioImporter_EditorPlatform: d09bf68614088b80899f8185d706f6e7 -> 
  custom:video-encoder-webm-vp8: eb34c28f22e8b96e1ab97ce403110664 -> 
  custom:audio-decoder-ogg-vorbis: bf7c407c2cedff20999df2af8eb42d56 -> 
  custom:audio-encoder-webm-vorbis: bf7c407c2cedff20999df2af8eb42d56 -> 
  custom:scripting/precompiled-assembly-types:Assembly-CSharp: a32d6627dda45bd29fb54aae4eed9dd6 -> 898d7dc12b5aaae7dfacee678fc8dd41
========================================================================
Received Prepare
Caller must complete domain reload
Begin MonoManager ReloadAssembly
- Loaded All Assemblies, in  0.702 seconds
Native extension for WindowsStandalone target not found
Native extension for Android target not found
Native extension for WebGL target not found
[Package Manager] Server::EnsureServerProcessIsRunning -- launch failed, reason: Unity was launched with the -noUpm command-line argument
[Package Manager] UpmClient::Send -- Unable to send message (not connected to UPM process).
[Package Manager] Cannot connect to Unity Package Manager local server
Failed to sync packages list
UnityEngine.StackTraceUtility:ExtractStackTrace ()
UnityEngine.DebugLogHandler:LogFormat (UnityEngine.LogType,UnityEngine.Object,string,object[])
UnityEngine.Logger:Log (UnityEngine.LogType,object)
UnityEngine.Debug:LogWarning (object)
 .  / :MoveNext ()
System.Runtime.CompilerServices.AsyncVoidMethodBuilder:Start< .  / > ( .  / &)
 .  :  ()
 .⁪/ :MoveNext ()
System.Runtime.CompilerServices.AsyncTaskMethodBuilder:Start< .⁪/ > ( .⁪/ &)
 .⁪:  ()
System.Reflection.RuntimeMethodInfo:Invoke (object,System.Reflection.BindingFlags,System.Reflection.Binder,object[],System.Globalization.CultureInfo)
System.Reflection.MethodBase:Invoke (object,object[])
UnityEditor.EditorAssemblies:ProcessInitializeOnLoadMethodAttributes ()

Mono: successfully reloaded assembly
- Finished resetting the current domain, in  1.576 seconds
Domain Reload Profiling: 2276ms
	BeginReloadAssembly (254ms)
		ExecutionOrderSort (0ms)
		DisableScriptedObjects (10ms)
		BackupInstance (0ms)
		ReleaseScriptingObjects (0ms)
		CreateAndSetChildDomain (48ms)
	RebuildCommonClasses (52ms)
	RebuildNativeTypeToScriptingClass (16ms)
	initialDomainReloadingComplete (43ms)
	LoadAllAssembliesAndSetupDomain (335ms)
		LoadAssemblies (463ms)
		RebuildTransferFunctionScriptingTraits (0ms)
		AnalyzeDomain (20ms)
			TypeCache.Refresh (7ms)
				TypeCache.ScanAssembly (0ms)
			ScanForSourceGeneratedMonoScriptInfo (0ms)
			ResolveRequiredComponents (8ms)
	FinalizeReload (1577ms)
		ReleaseScriptCaches (0ms)
		RebuildScriptCaches (0ms)
		SetupLoadedEditorAssemblies (855ms)
			LogAssemblyErrors (0ms)
			InitializePlatformSupportModulesInManaged (29ms)
			SetLoadedEditorAssemblies (8ms)
			RefreshPlugins (0ms)
			BeforeProcessingInitializeOnLoad (99ms)
			ProcessInitializeOnLoadAttributes (637ms)
			ProcessInitializeOnLoadMethodAttributes (74ms)
			AfterProcessingInitializeOnLoad (9ms)
			EditorAssembliesLoaded (0ms)
		ExecutionOrderSort2 (0ms)
		AwakeInstancesAfterBackupRestoration (10ms)
Refreshing native plugins compatible for Editor in 6.30 ms, found 6 plugins.
Preloading 0 native plugins for Editor in 0.00 ms.
Release of invalid GC handle. The handle is from a previous domain. The release operation is skipped.
Release of invalid GC handle native callstack: 
0x00007ff79e68424d (Unity) StackWalker::GetCurrentCallstack
0x00007ff79e689329 (Unity) StackWalker::ShowCallstack
0x00007ff79f67dae1 (Unity) GetStacktrace
0x00007ff79e57f20d (Unity) ScriptingGCHandle::ReleaseAndClear
0x00007ff79eb4748c (Unity) UploadHandlerRaw::`vector deleting destructor'
0x00007ff79eb4803d (Unity) UploadHandler::Release
0x00007ff79eb448dd (Unity) UnityWebRequestProto<UnityWebRequestTransport,AtomicRefCounter,RedirectHelper,ResponseHelper,DownloadHandler,UploadHandler,CertificateHandler,HeaderHelper,AsyncOperation>::~UnityWebRequestProto<UnityWebRequestTransport,AtomicRefCounter,RedirectHelper,ResponseHelper,DownloadHandler,UploadHandler,CertificateHandler,HeaderHelper,AsyncOperation>
0x00007ff79eb44bd6 (Unity) UnityWebRequest::`vector deleting destructor'
0x00007ff79d894b77 (Unity) UnityWebRequestProto<UnityWebRequestTransport,AtomicRefCounter,RedirectHelper,ResponseHelper,DownloadHandler,UploadHandler,CertificateHandler,HeaderHelper,AsyncOperation>::Release
0x00007ff79eb46605 (Unity) UnityWebRequestAsyncOperation::InvokeCoroutine
0x00007ff79eb467e1 (Unity) UnityWebRequestProto<UnityWebRequestTransport,AtomicRefCounter,RedirectHelper,ResponseHelper,DownloadHandler,UploadHandler,CertificateHandler,HeaderHelper,AsyncOperation>::Job_InvokeCoroutine
0x00007ff79e1ab54a (Unity) BackgroundJobQueue::ExecuteMainThreadJobs
0x00007ff79e26005f (Unity) PreloadManager::WaitForAllAsyncOperationsToComplete
0x00007ff79fa23af8 (Unity) <lambda_b37b41f03089e3cb3f55061bbc93253d>::operator()
0x00007ff79fa5f422 (Unity) asio::detail::completion_handler<core::mutable_function<void __cdecl(void)>,asio::io_context::basic_executor_type<std::allocator<void>,0> >::do_complete
0x00007ff79fa4b3ce (Unity) asio::detail::win_iocp_io_context::do_one
0x00007ff79fa4d034 (Unity) asio::detail::win_iocp_io_context::run
0x00007ff79fa5d7cc (Unity) IOService::Run
0x00007ff79fa30c2f (Unity) AssetImportWorkerClient::Run
0x00007ff79f9fc3d7 (Unity) RunAssetImportWorkerClientV2
0x00007ff79f9fc45b (Unity) RunAssetImporterV2
0x00007ff79f1f31de (Unity) Application::InitializeProject
0x00007ff79f688795 (Unity) WinMain
0x00007ff7a0a535ce (Unity) __scrt_common_main_seh
0x00007ffa8b87e8d7 (KERNEL32) BaseThreadInitThunk
0x00007ffa8c1714fc (ntdll) RtlUserThreadStart
Unloading 3383 Unused Serialized files (Serialized files now loaded: 0)
Unloading 39 unused Assets / (1.0 MB). Loaded Objects now: 4421.
Memory consumption went from 150.9 MB to 149.9 MB.
Total: 7.667900 ms (FindLiveObjects: 0.298200 ms CreateObjectMapping: 0.212600 ms MarkObjects: 5.897700 ms  DeleteObjects: 1.257600 ms)

Prepare: number of updated asset objects reloaded= 0
AssetImportParameters requested are different than current active one (requested -> active):
  custom:container-demuxer-ogg: 62fdf1f143b41e24485cea50d1cbac27 -> 
  custom:scripting/monoscript/fileName/Tree.cs: dca7474b58f05e1dc61bb9deb148038d -> 
  custom:scripting/monoscript/fileName/MoneySystemTester.cs: c4f55682c9c7321853562efbfccd0650 -> 
  custom:scripting/monoscript/fileName/MoneyManager.cs: bb3bcc877f8bf4d07b9323d1968354a3 -> 
  custom:video-codec-MediaFoundation-h265: 746d11721c4dcdbdad8f713fa42b33f4 -> 
  custom:video-decoder-ogg-theora: a1e56fd34408186e4bbccfd4996cb3dc -> 
  custom:scripting/monoscript/fileName/Timber.cs: e3f520cc8fc09857160dc689c53c79e7 -> 
  custom:framework-win-MediaFoundation: 216162199b28c13a410421893ffa2e32 -> 
  custom:scripting/monoscript/fileName/Money.cs: 9c40cb0a308c8e4e1f5815ebef98078a -> 
  custom:CustomObjectIndexerAttribute: 9a22284fe3817be447336de3de66b15e -> 
  custom:scripting/monoscript/fileName/FillableBar3D.cs: 80e636c4221a570a1e77cd317386054a -> 
  custom:scripting/monoscript/fileName/ArrowController.cs: 1a447edfdb5484109c0662398b0d2a4f -> 
  custom:scripting/monoscript/fileName/TimberUnloadPlace.cs: 37128713035f60eb0534808b2759b0fd -> 
  custom:container-demuxer-webm: 4f35f7cbe854078d1ac9338744f61a02 -> 
  custom:scripting/monoscript/fileName/BalanceDisplay.cs: 757036e20ecf086f314be8dc85dfa015 -> 
  custom:scripting/monoscript/fileName/ForkliftMoneyHandler.cs: 7fb30a11ebadcb38c9ca3680404c1ff1 -> 
  custom:container-muxer-webm: aa71ff27fc2769a1b78a27578f13a17b -> 
  custom:video-decoder-webm-vp8: 9c59270c3fd7afecdb556c50c9e8de78 -> 
  custom:SearchIndexIgnoredProperties: e643bd26f0fe6173181afceb89e7c659 -> 
  custom:AudioImporter_EditorPlatform: d09bf68614088b80899f8185d706f6e7 -> 
  custom:video-encoder-webm-vp8: eb34c28f22e8b96e1ab97ce403110664 -> 
  custom:audio-decoder-ogg-vorbis: bf7c407c2cedff20999df2af8eb42d56 -> 
  custom:audio-encoder-webm-vorbis: bf7c407c2cedff20999df2af8eb42d56 -> 
  custom:scripting/precompiled-assembly-types:Assembly-CSharp: a32d6627dda45bd29fb54aae4eed9dd6 -> 898d7dc12b5aaae7dfacee678fc8dd41
========================================================================
Received Prepare
Caller must complete domain reload
Begin MonoManager ReloadAssembly
- Loaded All Assemblies, in  0.775 seconds
Native extension for WindowsStandalone target not found
Native extension for Android target not found
Native extension for WebGL target not found
[Package Manager] Server::EnsureServerProcessIsRunning -- launch failed, reason: Unity was launched with the -noUpm command-line argument
[Package Manager] UpmClient::Send -- Unable to send message (not connected to UPM process).
[Package Manager] Cannot connect to Unity Package Manager local server
Failed to sync packages list
UnityEngine.StackTraceUtility:ExtractStackTrace ()
UnityEngine.DebugLogHandler:LogFormat (UnityEngine.LogType,UnityEngine.Object,string,object[])
UnityEngine.Logger:Log (UnityEngine.LogType,object)
UnityEngine.Debug:LogWarning (object)
 .  / :MoveNext ()
System.Runtime.CompilerServices.AsyncVoidMethodBuilder:Start< .  / > ( .  / &)
 .  :  ()
 .⁪/ :MoveNext ()
System.Runtime.CompilerServices.AsyncTaskMethodBuilder:Start< .⁪/ > ( .⁪/ &)
 .⁪:  ()
System.Reflection.RuntimeMethodInfo:Invoke (object,System.Reflection.BindingFlags,System.Reflection.Binder,object[],System.Globalization.CultureInfo)
System.Reflection.MethodBase:Invoke (object,object[])
UnityEditor.EditorAssemblies:ProcessInitializeOnLoadMethodAttributes ()

Mono: successfully reloaded assembly
- Finished resetting the current domain, in  1.354 seconds
Domain Reload Profiling: 2126ms
	BeginReloadAssembly (304ms)
		ExecutionOrderSort (0ms)
		DisableScriptedObjects (10ms)
		BackupInstance (0ms)
		ReleaseScriptingObjects (0ms)
		CreateAndSetChildDomain (48ms)
	RebuildCommonClasses (45ms)
	RebuildNativeTypeToScriptingClass (14ms)
	initialDomainReloadingComplete (40ms)
	LoadAllAssembliesAndSetupDomain (370ms)
		LoadAssemblies (518ms)
		RebuildTransferFunctionScriptingTraits (0ms)
		AnalyzeDomain (54ms)
			TypeCache.Refresh (11ms)
				TypeCache.ScanAssembly (1ms)
			ScanForSourceGeneratedMonoScriptInfo (33ms)
			ResolveRequiredComponents (8ms)
	FinalizeReload (1354ms)
		ReleaseScriptCaches (0ms)
		RebuildScriptCaches (0ms)
		SetupLoadedEditorAssemblies (761ms)
			LogAssemblyErrors (0ms)
			InitializePlatformSupportModulesInManaged (26ms)
			SetLoadedEditorAssemblies (6ms)
			RefreshPlugins (0ms)
			BeforeProcessingInitializeOnLoad (85ms)
			ProcessInitializeOnLoadAttributes (571ms)
			ProcessInitializeOnLoadMethodAttributes (63ms)
			AfterProcessingInitializeOnLoad (8ms)
			EditorAssembliesLoaded (0ms)
		ExecutionOrderSort2 (0ms)
		AwakeInstancesAfterBackupRestoration (8ms)
Refreshing native plugins compatible for Editor in 5.00 ms, found 6 plugins.
Preloading 0 native plugins for Editor in 0.00 ms.
Release of invalid GC handle. The handle is from a previous domain. The release operation is skipped.
Release of invalid GC handle native callstack: 
0x00007ff79e68424d (Unity) StackWalker::GetCurrentCallstack
0x00007ff79e689329 (Unity) StackWalker::ShowCallstack
0x00007ff79f67dae1 (Unity) GetStacktrace
0x00007ff79e57f20d (Unity) ScriptingGCHandle::ReleaseAndClear
0x00007ff79eb4748c (Unity) UploadHandlerRaw::`vector deleting destructor'
0x00007ff79eb4803d (Unity) UploadHandler::Release
0x00007ff79eb448dd (Unity) UnityWebRequestProto<UnityWebRequestTransport,AtomicRefCounter,RedirectHelper,ResponseHelper,DownloadHandler,UploadHandler,CertificateHandler,HeaderHelper,AsyncOperation>::~UnityWebRequestProto<UnityWebRequestTransport,AtomicRefCounter,RedirectHelper,ResponseHelper,DownloadHandler,UploadHandler,CertificateHandler,HeaderHelper,AsyncOperation>
0x00007ff79eb44bd6 (Unity) UnityWebRequest::`vector deleting destructor'
0x00007ff79d894b77 (Unity) UnityWebRequestProto<UnityWebRequestTransport,AtomicRefCounter,RedirectHelper,ResponseHelper,DownloadHandler,UploadHandler,CertificateHandler,HeaderHelper,AsyncOperation>::Release
0x00007ff79eb46605 (Unity) UnityWebRequestAsyncOperation::InvokeCoroutine
0x00007ff79eb467e1 (Unity) UnityWebRequestProto<UnityWebRequestTransport,AtomicRefCounter,RedirectHelper,ResponseHelper,DownloadHandler,UploadHandler,CertificateHandler,HeaderHelper,AsyncOperation>::Job_InvokeCoroutine
0x00007ff79e1ab54a (Unity) BackgroundJobQueue::ExecuteMainThreadJobs
0x00007ff79e26005f (Unity) PreloadManager::WaitForAllAsyncOperationsToComplete
0x00007ff79fa23af8 (Unity) <lambda_b37b41f03089e3cb3f55061bbc93253d>::operator()
0x00007ff79fa5f422 (Unity) asio::detail::completion_handler<core::mutable_function<void __cdecl(void)>,asio::io_context::basic_executor_type<std::allocator<void>,0> >::do_complete
0x00007ff79fa4b3ce (Unity) asio::detail::win_iocp_io_context::do_one
0x00007ff79fa4d034 (Unity) asio::detail::win_iocp_io_context::run
0x00007ff79fa5d7cc (Unity) IOService::Run
0x00007ff79fa30c2f (Unity) AssetImportWorkerClient::Run
0x00007ff79f9fc3d7 (Unity) RunAssetImportWorkerClientV2
0x00007ff79f9fc45b (Unity) RunAssetImporterV2
0x00007ff79f1f31de (Unity) Application::InitializeProject
0x00007ff79f688795 (Unity) WinMain
0x00007ff7a0a535ce (Unity) __scrt_common_main_seh
0x00007ffa8b87e8d7 (KERNEL32) BaseThreadInitThunk
0x00007ffa8c1714fc (ntdll) RtlUserThreadStart
Unloading 3384 Unused Serialized files (Serialized files now loaded: 0)
Unloading 39 unused Assets / (1.0 MB). Loaded Objects now: 4427.
Memory consumption went from 151.1 MB to 150.1 MB.
Total: 7.770300 ms (FindLiveObjects: 0.345000 ms CreateObjectMapping: 0.125300 ms MarkObjects: 6.527900 ms  DeleteObjects: 0.770700 ms)

Prepare: number of updated asset objects reloaded= 0
AssetImportParameters requested are different than current active one (requested -> active):
  custom:container-demuxer-ogg: 62fdf1f143b41e24485cea50d1cbac27 -> 
  custom:scripting/monoscript/fileName/Tree.cs: dca7474b58f05e1dc61bb9deb148038d -> 
  custom:scripting/monoscript/fileName/MoneySystemTester.cs: c4f55682c9c7321853562efbfccd0650 -> 
  custom:scripting/monoscript/fileName/MoneyManager.cs: bb3bcc877f8bf4d07b9323d1968354a3 -> 
  custom:video-codec-MediaFoundation-h265: 746d11721c4dcdbdad8f713fa42b33f4 -> 
  custom:video-decoder-ogg-theora: a1e56fd34408186e4bbccfd4996cb3dc -> 
  custom:scripting/monoscript/fileName/Timber.cs: e3f520cc8fc09857160dc689c53c79e7 -> 
  custom:framework-win-MediaFoundation: 216162199b28c13a410421893ffa2e32 -> 
  custom:scripting/monoscript/fileName/Money.cs: 9c40cb0a308c8e4e1f5815ebef98078a -> 
  custom:CustomObjectIndexerAttribute: 9a22284fe3817be447336de3de66b15e -> 
  custom:scripting/monoscript/fileName/FillableBar3D.cs: 80e636c4221a570a1e77cd317386054a -> 
  custom:scripting/monoscript/fileName/ArrowController.cs: 1a447edfdb5484109c0662398b0d2a4f -> 
  custom:scripting/monoscript/fileName/TimberUnloadPlace.cs: 37128713035f60eb0534808b2759b0fd -> 
  custom:container-demuxer-webm: 4f35f7cbe854078d1ac9338744f61a02 -> 
  custom:scripting/monoscript/fileName/BalanceDisplay.cs: 757036e20ecf086f314be8dc85dfa015 -> 
  custom:scripting/monoscript/fileName/ForkliftMoneyHandler.cs: 7fb30a11ebadcb38c9ca3680404c1ff1 -> 
  custom:container-muxer-webm: aa71ff27fc2769a1b78a27578f13a17b -> 
  custom:video-decoder-webm-vp8: 9c59270c3fd7afecdb556c50c9e8de78 -> 
  custom:SearchIndexIgnoredProperties: e643bd26f0fe6173181afceb89e7c659 -> 
  custom:AudioImporter_EditorPlatform: d09bf68614088b80899f8185d706f6e7 -> 
  custom:scripting/monoscript/fileName/ItemContainer.cs: 1a247f583ad3aa68e4dbf69ec7511a7e -> 
  custom:video-encoder-webm-vp8: eb34c28f22e8b96e1ab97ce403110664 -> 
  custom:audio-decoder-ogg-vorbis: bf7c407c2cedff20999df2af8eb42d56 -> 
  custom:audio-encoder-webm-vorbis: bf7c407c2cedff20999df2af8eb42d56 -> 
  custom:scripting/precompiled-assembly-types:Assembly-CSharp: 9939c8da97afd3ba3879198a3378b835 -> 898d7dc12b5aaae7dfacee678fc8dd41
========================================================================
Received Prepare
Caller must complete domain reload
Begin MonoManager ReloadAssembly
- Loaded All Assemblies, in  0.584 seconds
Native extension for WindowsStandalone target not found
Native extension for Android target not found
Native extension for WebGL target not found
[Package Manager] Server::EnsureServerProcessIsRunning -- launch failed, reason: Unity was launched with the -noUpm command-line argument
[Package Manager] UpmClient::Send -- Unable to send message (not connected to UPM process).
[Package Manager] Cannot connect to Unity Package Manager local server
Failed to sync packages list
UnityEngine.StackTraceUtility:ExtractStackTrace ()
UnityEngine.DebugLogHandler:LogFormat (UnityEngine.LogType,UnityEngine.Object,string,object[])
UnityEngine.Logger:Log (UnityEngine.LogType,object)
UnityEngine.Debug:LogWarning (object)
 .  / :MoveNext ()
System.Runtime.CompilerServices.AsyncVoidMethodBuilder:Start< .  / > ( .  / &)
 .  :  ()
 .⁪/ :MoveNext ()
System.Runtime.CompilerServices.AsyncTaskMethodBuilder:Start< .⁪/ > ( .⁪/ &)
 .⁪:  ()
System.Reflection.RuntimeMethodInfo:Invoke (object,System.Reflection.BindingFlags,System.Reflection.Binder,object[],System.Globalization.CultureInfo)
System.Reflection.MethodBase:Invoke (object,object[])
UnityEditor.EditorAssemblies:ProcessInitializeOnLoadMethodAttributes ()

Mono: successfully reloaded assembly
- Finished resetting the current domain, in  1.292 seconds
Domain Reload Profiling: 1875ms
	BeginReloadAssembly (191ms)
		ExecutionOrderSort (0ms)
		DisableScriptedObjects (7ms)
		BackupInstance (0ms)
		ReleaseScriptingObjects (0ms)
		CreateAndSetChildDomain (38ms)
	RebuildCommonClasses (42ms)
	RebuildNativeTypeToScriptingClass (15ms)
	initialDomainReloadingComplete (40ms)
	LoadAllAssembliesAndSetupDomain (294ms)
		LoadAssemblies (377ms)
		RebuildTransferFunctionScriptingTraits (0ms)
		AnalyzeDomain (23ms)
			TypeCache.Refresh (8ms)
				TypeCache.ScanAssembly (0ms)
			ScanForSourceGeneratedMonoScriptInfo (0ms)
			ResolveRequiredComponents (10ms)
	FinalizeReload (1293ms)
		ReleaseScriptCaches (0ms)
		RebuildScriptCaches (0ms)
		SetupLoadedEditorAssemblies (701ms)
			LogAssemblyErrors (0ms)
			InitializePlatformSupportModulesInManaged (27ms)
			SetLoadedEditorAssemblies (6ms)
			RefreshPlugins (0ms)
			BeforeProcessingInitializeOnLoad (84ms)
			ProcessInitializeOnLoadAttributes (510ms)
			ProcessInitializeOnLoadMethodAttributes (66ms)
			AfterProcessingInitializeOnLoad (7ms)
			EditorAssembliesLoaded (0ms)
		ExecutionOrderSort2 (0ms)
		AwakeInstancesAfterBackupRestoration (9ms)
Refreshing native plugins compatible for Editor in 4.98 ms, found 6 plugins.
Preloading 0 native plugins for Editor in 0.00 ms.
Release of invalid GC handle. The handle is from a previous domain. The release operation is skipped.
Release of invalid GC handle native callstack: 
0x00007ff79e68424d (Unity) StackWalker::GetCurrentCallstack
0x00007ff79e689329 (Unity) StackWalker::ShowCallstack
0x00007ff79f67dae1 (Unity) GetStacktrace
0x00007ff79e57f20d (Unity) ScriptingGCHandle::ReleaseAndClear
0x00007ff79eb4748c (Unity) UploadHandlerRaw::`vector deleting destructor'
0x00007ff79eb4803d (Unity) UploadHandler::Release
0x00007ff79eb448dd (Unity) UnityWebRequestProto<UnityWebRequestTransport,AtomicRefCounter,RedirectHelper,ResponseHelper,DownloadHandler,UploadHandler,CertificateHandler,HeaderHelper,AsyncOperation>::~UnityWebRequestProto<UnityWebRequestTransport,AtomicRefCounter,RedirectHelper,ResponseHelper,DownloadHandler,UploadHandler,CertificateHandler,HeaderHelper,AsyncOperation>
0x00007ff79eb44bd6 (Unity) UnityWebRequest::`vector deleting destructor'
0x00007ff79d894b77 (Unity) UnityWebRequestProto<UnityWebRequestTransport,AtomicRefCounter,RedirectHelper,ResponseHelper,DownloadHandler,UploadHandler,CertificateHandler,HeaderHelper,AsyncOperation>::Release
0x00007ff79eb46605 (Unity) UnityWebRequestAsyncOperation::InvokeCoroutine
0x00007ff79eb467e1 (Unity) UnityWebRequestProto<UnityWebRequestTransport,AtomicRefCounter,RedirectHelper,ResponseHelper,DownloadHandler,UploadHandler,CertificateHandler,HeaderHelper,AsyncOperation>::Job_InvokeCoroutine
0x00007ff79e1ab54a (Unity) BackgroundJobQueue::ExecuteMainThreadJobs
0x00007ff79e26005f (Unity) PreloadManager::WaitForAllAsyncOperationsToComplete
0x00007ff79fa23af8 (Unity) <lambda_b37b41f03089e3cb3f55061bbc93253d>::operator()
0x00007ff79fa5f422 (Unity) asio::detail::completion_handler<core::mutable_function<void __cdecl(void)>,asio::io_context::basic_executor_type<std::allocator<void>,0> >::do_complete
0x00007ff79fa4b3ce (Unity) asio::detail::win_iocp_io_context::do_one
0x00007ff79fa4d034 (Unity) asio::detail::win_iocp_io_context::run
0x00007ff79fa5d7cc (Unity) IOService::Run
0x00007ff79fa30c2f (Unity) AssetImportWorkerClient::Run
0x00007ff79f9fc3d7 (Unity) RunAssetImportWorkerClientV2
0x00007ff79f9fc45b (Unity) RunAssetImporterV2
0x00007ff79f1f31de (Unity) Application::InitializeProject
0x00007ff79f688795 (Unity) WinMain
0x00007ff7a0a535ce (Unity) __scrt_common_main_seh
0x00007ffa8b87e8d7 (KERNEL32) BaseThreadInitThunk
0x00007ffa8c1714fc (ntdll) RtlUserThreadStart
Unloading 3384 Unused Serialized files (Serialized files now loaded: 0)
Unloading 39 unused Assets / (1.0 MB). Loaded Objects now: 4432.
Memory consumption went from 151.3 MB to 150.2 MB.
Total: 6.025700 ms (FindLiveObjects: 0.304900 ms CreateObjectMapping: 0.114500 ms MarkObjects: 4.955500 ms  DeleteObjects: 0.649500 ms)

Prepare: number of updated asset objects reloaded= 0
AssetImportParameters requested are different than current active one (requested -> active):
  custom:container-demuxer-ogg: 62fdf1f143b41e24485cea50d1cbac27 -> 
  custom:scripting/monoscript/fileName/Tree.cs: dca7474b58f05e1dc61bb9deb148038d -> 
  custom:scripting/monoscript/fileName/MoneySystemTester.cs: c4f55682c9c7321853562efbfccd0650 -> 
  custom:scripting/monoscript/fileName/MoneyManager.cs: bb3bcc877f8bf4d07b9323d1968354a3 -> 
  custom:video-codec-MediaFoundation-h265: 746d11721c4dcdbdad8f713fa42b33f4 -> 
  custom:video-decoder-ogg-theora: a1e56fd34408186e4bbccfd4996cb3dc -> 
  custom:scripting/monoscript/fileName/Timber.cs: e3f520cc8fc09857160dc689c53c79e7 -> 
  custom:framework-win-MediaFoundation: 216162199b28c13a410421893ffa2e32 -> 
  custom:scripting/monoscript/fileName/Money.cs: 9c40cb0a308c8e4e1f5815ebef98078a -> 
  custom:CustomObjectIndexerAttribute: 9a22284fe3817be447336de3de66b15e -> 
  custom:scripting/monoscript/fileName/FillableBar3D.cs: 80e636c4221a570a1e77cd317386054a -> 
  custom:scripting/monoscript/fileName/ArrowController.cs: 1a447edfdb5484109c0662398b0d2a4f -> 
  custom:scripting/monoscript/fileName/TimberUnloadPlace.cs: 37128713035f60eb0534808b2759b0fd -> 
  custom:container-demuxer-webm: 4f35f7cbe854078d1ac9338744f61a02 -> 
  custom:scripting/monoscript/fileName/BalanceDisplay.cs: 757036e20ecf086f314be8dc85dfa015 -> 
  custom:scripting/monoscript/fileName/ForkliftMoneyHandler.cs: 7fb30a11ebadcb38c9ca3680404c1ff1 -> 
  custom:container-muxer-webm: aa71ff27fc2769a1b78a27578f13a17b -> 
  custom:video-decoder-webm-vp8: 9c59270c3fd7afecdb556c50c9e8de78 -> 
  custom:SearchIndexIgnoredProperties: e643bd26f0fe6173181afceb89e7c659 -> 
  custom:AudioImporter_EditorPlatform: d09bf68614088b80899f8185d706f6e7 -> 
  custom:scripting/monoscript/fileName/ItemContainer.cs: 1a247f583ad3aa68e4dbf69ec7511a7e -> 
  custom:video-encoder-webm-vp8: eb34c28f22e8b96e1ab97ce403110664 -> 
  custom:audio-decoder-ogg-vorbis: bf7c407c2cedff20999df2af8eb42d56 -> 
  custom:audio-encoder-webm-vorbis: bf7c407c2cedff20999df2af8eb42d56 -> 
  custom:scripting/precompiled-assembly-types:Assembly-CSharp: 9939c8da97afd3ba3879198a3378b835 -> 898d7dc12b5aaae7dfacee678fc8dd41
========================================================================
Received Prepare
Caller must complete domain reload
Begin MonoManager ReloadAssembly
- Loaded All Assemblies, in  0.605 seconds
Native extension for WindowsStandalone target not found
Native extension for Android target not found
Native extension for WebGL target not found
[Package Manager] Server::EnsureServerProcessIsRunning -- launch failed, reason: Unity was launched with the -noUpm command-line argument
[Package Manager] UpmClient::Send -- Unable to send message (not connected to UPM process).
[Package Manager] Cannot connect to Unity Package Manager local server
Failed to sync packages list
UnityEngine.StackTraceUtility:ExtractStackTrace ()
UnityEngine.DebugLogHandler:LogFormat (UnityEngine.LogType,UnityEngine.Object,string,object[])
UnityEngine.Logger:Log (UnityEngine.LogType,object)
UnityEngine.Debug:LogWarning (object)
 .  / :MoveNext ()
System.Runtime.CompilerServices.AsyncVoidMethodBuilder:Start< .  / > ( .  / &)
 .  :  ()
 .⁪/ :MoveNext ()
System.Runtime.CompilerServices.AsyncTaskMethodBuilder:Start< .⁪/ > ( .⁪/ &)
 .⁪:  ()
System.Reflection.RuntimeMethodInfo:Invoke (object,System.Reflection.BindingFlags,System.Reflection.Binder,object[],System.Globalization.CultureInfo)
System.Reflection.MethodBase:Invoke (object,object[])
UnityEditor.EditorAssemblies:ProcessInitializeOnLoadMethodAttributes ()

Mono: successfully reloaded assembly
- Finished resetting the current domain, in  1.375 seconds
Domain Reload Profiling: 1977ms
	BeginReloadAssembly (209ms)
		ExecutionOrderSort (0ms)
		DisableScriptedObjects (10ms)
		BackupInstance (0ms)
		ReleaseScriptingObjects (0ms)
		CreateAndSetChildDomain (41ms)
	RebuildCommonClasses (44ms)
	RebuildNativeTypeToScriptingClass (14ms)
	initialDomainReloadingComplete (40ms)
	LoadAllAssembliesAndSetupDomain (294ms)
		LoadAssemblies (390ms)
		RebuildTransferFunctionScriptingTraits (0ms)
		AnalyzeDomain (19ms)
			TypeCache.Refresh (7ms)
				TypeCache.ScanAssembly (0ms)
			ScanForSourceGeneratedMonoScriptInfo (0ms)
			ResolveRequiredComponents (9ms)
	FinalizeReload (1376ms)
		ReleaseScriptCaches (0ms)
		RebuildScriptCaches (0ms)
		SetupLoadedEditorAssemblies (786ms)
			LogAssemblyErrors (0ms)
			InitializePlatformSupportModulesInManaged (26ms)
			SetLoadedEditorAssemblies (6ms)
			RefreshPlugins (0ms)
			BeforeProcessingInitializeOnLoad (89ms)
			ProcessInitializeOnLoadAttributes (588ms)
			ProcessInitializeOnLoadMethodAttributes (70ms)
			AfterProcessingInitializeOnLoad (5ms)
			EditorAssembliesLoaded (0ms)
		ExecutionOrderSort2 (0ms)
		AwakeInstancesAfterBackupRestoration (8ms)
Refreshing native plugins compatible for Editor in 4.32 ms, found 6 plugins.
Preloading 0 native plugins for Editor in 0.00 ms.
Release of invalid GC handle. The handle is from a previous domain. The release operation is skipped.
Release of invalid GC handle native callstack: 
0x00007ff79e68424d (Unity) StackWalker::GetCurrentCallstack
0x00007ff79e689329 (Unity) StackWalker::ShowCallstack
0x00007ff79f67dae1 (Unity) GetStacktrace
0x00007ff79e57f20d (Unity) ScriptingGCHandle::ReleaseAndClear
0x00007ff79eb4748c (Unity) UploadHandlerRaw::`vector deleting destructor'
0x00007ff79eb4803d (Unity) UploadHandler::Release
0x00007ff79eb448dd (Unity) UnityWebRequestProto<UnityWebRequestTransport,AtomicRefCounter,RedirectHelper,ResponseHelper,DownloadHandler,UploadHandler,CertificateHandler,HeaderHelper,AsyncOperation>::~UnityWebRequestProto<UnityWebRequestTransport,AtomicRefCounter,RedirectHelper,ResponseHelper,DownloadHandler,UploadHandler,CertificateHandler,HeaderHelper,AsyncOperation>
0x00007ff79eb44bd6 (Unity) UnityWebRequest::`vector deleting destructor'
0x00007ff79d894b77 (Unity) UnityWebRequestProto<UnityWebRequestTransport,AtomicRefCounter,RedirectHelper,ResponseHelper,DownloadHandler,UploadHandler,CertificateHandler,HeaderHelper,AsyncOperation>::Release
0x00007ff79eb46605 (Unity) UnityWebRequestAsyncOperation::InvokeCoroutine
0x00007ff79eb467e1 (Unity) UnityWebRequestProto<UnityWebRequestTransport,AtomicRefCounter,RedirectHelper,ResponseHelper,DownloadHandler,UploadHandler,CertificateHandler,HeaderHelper,AsyncOperation>::Job_InvokeCoroutine
0x00007ff79e1ab54a (Unity) BackgroundJobQueue::ExecuteMainThreadJobs
0x00007ff79e26005f (Unity) PreloadManager::WaitForAllAsyncOperationsToComplete
0x00007ff79fa23af8 (Unity) <lambda_b37b41f03089e3cb3f55061bbc93253d>::operator()
0x00007ff79fa5f422 (Unity) asio::detail::completion_handler<core::mutable_function<void __cdecl(void)>,asio::io_context::basic_executor_type<std::allocator<void>,0> >::do_complete
0x00007ff79fa4b3ce (Unity) asio::detail::win_iocp_io_context::do_one
0x00007ff79fa4d034 (Unity) asio::detail::win_iocp_io_context::run
0x00007ff79fa5d7cc (Unity) IOService::Run
0x00007ff79fa30c2f (Unity) AssetImportWorkerClient::Run
0x00007ff79f9fc3d7 (Unity) RunAssetImportWorkerClientV2
0x00007ff79f9fc45b (Unity) RunAssetImporterV2
0x00007ff79f1f31de (Unity) Application::InitializeProject
0x00007ff79f688795 (Unity) WinMain
0x00007ff7a0a535ce (Unity) __scrt_common_main_seh
0x00007ffa8b87e8d7 (KERNEL32) BaseThreadInitThunk
0x00007ffa8c1714fc (ntdll) RtlUserThreadStart
Unloading 3384 Unused Serialized files (Serialized files now loaded: 0)
Unloading 39 unused Assets / (1.0 MB). Loaded Objects now: 4437.
Memory consumption went from 151.4 MB to 150.4 MB.
Total: 6.866300 ms (FindLiveObjects: 0.453300 ms CreateObjectMapping: 0.115900 ms MarkObjects: 5.539800 ms  DeleteObjects: 0.754900 ms)

Prepare: number of updated asset objects reloaded= 0
AssetImportParameters requested are different than current active one (requested -> active):
  custom:container-demuxer-ogg: 62fdf1f143b41e24485cea50d1cbac27 -> 
  custom:scripting/monoscript/fileName/Tree.cs: dca7474b58f05e1dc61bb9deb148038d -> 
  custom:scripting/monoscript/fileName/MoneySystemTester.cs: c4f55682c9c7321853562efbfccd0650 -> 
  custom:scripting/monoscript/fileName/MoneyManager.cs: bb3bcc877f8bf4d07b9323d1968354a3 -> 
  custom:video-codec-MediaFoundation-h265: 746d11721c4dcdbdad8f713fa42b33f4 -> 
  custom:video-decoder-ogg-theora: a1e56fd34408186e4bbccfd4996cb3dc -> 
  custom:scripting/monoscript/fileName/Timber.cs: e3f520cc8fc09857160dc689c53c79e7 -> 
  custom:framework-win-MediaFoundation: 216162199b28c13a410421893ffa2e32 -> 
  custom:scripting/monoscript/fileName/Money.cs: 9c40cb0a308c8e4e1f5815ebef98078a -> 
  custom:CustomObjectIndexerAttribute: 9a22284fe3817be447336de3de66b15e -> 
  custom:scripting/monoscript/fileName/FillableBar3D.cs: 80e636c4221a570a1e77cd317386054a -> 
  custom:scripting/monoscript/fileName/ArrowController.cs: 1a447edfdb5484109c0662398b0d2a4f -> 
  custom:scripting/monoscript/fileName/TimberUnloadPlace.cs: 37128713035f60eb0534808b2759b0fd -> 
  custom:container-demuxer-webm: 4f35f7cbe854078d1ac9338744f61a02 -> 
  custom:scripting/monoscript/fileName/BalanceDisplay.cs: 757036e20ecf086f314be8dc85dfa015 -> 
  custom:scripting/monoscript/fileName/ForkliftMoneyHandler.cs: 7fb30a11ebadcb38c9ca3680404c1ff1 -> 
  custom:container-muxer-webm: aa71ff27fc2769a1b78a27578f13a17b -> 
  custom:video-decoder-webm-vp8: 9c59270c3fd7afecdb556c50c9e8de78 -> 
  custom:SearchIndexIgnoredProperties: e643bd26f0fe6173181afceb89e7c659 -> 
  custom:AudioImporter_EditorPlatform: d09bf68614088b80899f8185d706f6e7 -> 
  custom:scripting/monoscript/fileName/ItemContainer.cs: 1a247f583ad3aa68e4dbf69ec7511a7e -> 
  custom:video-encoder-webm-vp8: eb34c28f22e8b96e1ab97ce403110664 -> 
  custom:audio-decoder-ogg-vorbis: bf7c407c2cedff20999df2af8eb42d56 -> 
  custom:audio-encoder-webm-vorbis: bf7c407c2cedff20999df2af8eb42d56 -> 
  custom:scripting/precompiled-assembly-types:Assembly-CSharp: 9939c8da97afd3ba3879198a3378b835 -> 898d7dc12b5aaae7dfacee678fc8dd41
========================================================================
Received Prepare
Caller must complete domain reload
Begin MonoManager ReloadAssembly
- Loaded All Assemblies, in  0.666 seconds
Native extension for WindowsStandalone target not found
Native extension for Android target not found
Native extension for WebGL target not found
[Package Manager] Server::EnsureServerProcessIsRunning -- launch failed, reason: Unity was launched with the -noUpm command-line argument
[Package Manager] UpmClient::Send -- Unable to send message (not connected to UPM process).
[Package Manager] Cannot connect to Unity Package Manager local server
Failed to sync packages list
UnityEngine.StackTraceUtility:ExtractStackTrace ()
UnityEngine.DebugLogHandler:LogFormat (UnityEngine.LogType,UnityEngine.Object,string,object[])
UnityEngine.Logger:Log (UnityEngine.LogType,object)
UnityEngine.Debug:LogWarning (object)
 .  / :MoveNext ()
System.Runtime.CompilerServices.AsyncVoidMethodBuilder:Start< .  / > ( .  / &)
 .  :  ()
 .⁪/ :MoveNext ()
System.Runtime.CompilerServices.AsyncTaskMethodBuilder:Start< .⁪/ > ( .⁪/ &)
 .⁪:  ()
System.Reflection.RuntimeMethodInfo:Invoke (object,System.Reflection.BindingFlags,System.Reflection.Binder,object[],System.Globalization.CultureInfo)
System.Reflection.MethodBase:Invoke (object,object[])
UnityEditor.EditorAssemblies:ProcessInitializeOnLoadMethodAttributes ()

Mono: successfully reloaded assembly
- Finished resetting the current domain, in  1.296 seconds
Domain Reload Profiling: 1959ms
	BeginReloadAssembly (250ms)
		ExecutionOrderSort (0ms)
		DisableScriptedObjects (8ms)
		BackupInstance (0ms)
		ReleaseScriptingObjects (0ms)
		CreateAndSetChildDomain (48ms)
	RebuildCommonClasses (46ms)
	RebuildNativeTypeToScriptingClass (14ms)
	initialDomainReloadingComplete (50ms)
	LoadAllAssembliesAndSetupDomain (304ms)
		LoadAssemblies (413ms)
		RebuildTransferFunctionScriptingTraits (0ms)
		AnalyzeDomain (41ms)
			TypeCache.Refresh (15ms)
				TypeCache.ScanAssembly (1ms)
			ScanForSourceGeneratedMonoScriptInfo (12ms)
			ResolveRequiredComponents (11ms)
	FinalizeReload (1297ms)
		ReleaseScriptCaches (0ms)
		RebuildScriptCaches (0ms)
		SetupLoadedEditorAssemblies (732ms)
			LogAssemblyErrors (0ms)
			InitializePlatformSupportModulesInManaged (50ms)
			SetLoadedEditorAssemblies (7ms)
			RefreshPlugins (0ms)
			BeforeProcessingInitializeOnLoad (85ms)
			ProcessInitializeOnLoadAttributes (521ms)
			ProcessInitializeOnLoadMethodAttributes (62ms)
			AfterProcessingInitializeOnLoad (6ms)
			EditorAssembliesLoaded (0ms)
		ExecutionOrderSort2 (0ms)
		AwakeInstancesAfterBackupRestoration (9ms)
Refreshing native plugins compatible for Editor in 4.16 ms, found 6 plugins.
Preloading 0 native plugins for Editor in 0.00 ms.
Release of invalid GC handle. The handle is from a previous domain. The release operation is skipped.
Release of invalid GC handle native callstack: 
0x00007ff79e68424d (Unity) StackWalker::GetCurrentCallstack
0x00007ff79e689329 (Unity) StackWalker::ShowCallstack
0x00007ff79f67dae1 (Unity) GetStacktrace
0x00007ff79e57f20d (Unity) ScriptingGCHandle::ReleaseAndClear
0x00007ff79eb4748c (Unity) UploadHandlerRaw::`vector deleting destructor'
0x00007ff79eb4803d (Unity) UploadHandler::Release
0x00007ff79eb448dd (Unity) UnityWebRequestProto<UnityWebRequestTransport,AtomicRefCounter,RedirectHelper,ResponseHelper,DownloadHandler,UploadHandler,CertificateHandler,HeaderHelper,AsyncOperation>::~UnityWebRequestProto<UnityWebRequestTransport,AtomicRefCounter,RedirectHelper,ResponseHelper,DownloadHandler,UploadHandler,CertificateHandler,HeaderHelper,AsyncOperation>
0x00007ff79eb44bd6 (Unity) UnityWebRequest::`vector deleting destructor'
0x00007ff79d894b77 (Unity) UnityWebRequestProto<UnityWebRequestTransport,AtomicRefCounter,RedirectHelper,ResponseHelper,DownloadHandler,UploadHandler,CertificateHandler,HeaderHelper,AsyncOperation>::Release
0x00007ff79eb46605 (Unity) UnityWebRequestAsyncOperation::InvokeCoroutine
0x00007ff79eb467e1 (Unity) UnityWebRequestProto<UnityWebRequestTransport,AtomicRefCounter,RedirectHelper,ResponseHelper,DownloadHandler,UploadHandler,CertificateHandler,HeaderHelper,AsyncOperation>::Job_InvokeCoroutine
0x00007ff79e1ab54a (Unity) BackgroundJobQueue::ExecuteMainThreadJobs
0x00007ff79e26005f (Unity) PreloadManager::WaitForAllAsyncOperationsToComplete
0x00007ff79fa23af8 (Unity) <lambda_b37b41f03089e3cb3f55061bbc93253d>::operator()
0x00007ff79fa5f422 (Unity) asio::detail::completion_handler<core::mutable_function<void __cdecl(void)>,asio::io_context::basic_executor_type<std::allocator<void>,0> >::do_complete
0x00007ff79fa4b3ce (Unity) asio::detail::win_iocp_io_context::do_one
0x00007ff79fa4d034 (Unity) asio::detail::win_iocp_io_context::run
0x00007ff79fa5d7cc (Unity) IOService::Run
0x00007ff79fa30c2f (Unity) AssetImportWorkerClient::Run
0x00007ff79f9fc3d7 (Unity) RunAssetImportWorkerClientV2
0x00007ff79f9fc45b (Unity) RunAssetImporterV2
0x00007ff79f1f31de (Unity) Application::InitializeProject
0x00007ff79f688795 (Unity) WinMain
0x00007ff7a0a535ce (Unity) __scrt_common_main_seh
0x00007ffa8b87e8d7 (KERNEL32) BaseThreadInitThunk
0x00007ffa8c1714fc (ntdll) RtlUserThreadStart
Unloading 3384 Unused Serialized files (Serialized files now loaded: 0)
Unloading 39 unused Assets / (1.0 MB). Loaded Objects now: 4442.
Memory consumption went from 151.6 MB to 150.6 MB.
Total: 6.096400 ms (FindLiveObjects: 0.390300 ms CreateObjectMapping: 0.145400 ms MarkObjects: 5.003900 ms  DeleteObjects: 0.555600 ms)

Prepare: number of updated asset objects reloaded= 0
AssetImportParameters requested are different than current active one (requested -> active):
  custom:container-demuxer-ogg: 62fdf1f143b41e24485cea50d1cbac27 -> 
  custom:scripting/monoscript/fileName/Tree.cs: dca7474b58f05e1dc61bb9deb148038d -> 
  custom:scripting/monoscript/fileName/MoneySystemTester.cs: c4f55682c9c7321853562efbfccd0650 -> 
  custom:scripting/monoscript/fileName/MoneyManager.cs: bb3bcc877f8bf4d07b9323d1968354a3 -> 
  custom:video-codec-MediaFoundation-h265: 746d11721c4dcdbdad8f713fa42b33f4 -> 
  custom:video-decoder-ogg-theora: a1e56fd34408186e4bbccfd4996cb3dc -> 
  custom:scripting/monoscript/fileName/Timber.cs: e3f520cc8fc09857160dc689c53c79e7 -> 
  custom:framework-win-MediaFoundation: 216162199b28c13a410421893ffa2e32 -> 
  custom:scripting/monoscript/fileName/Money.cs: 9c40cb0a308c8e4e1f5815ebef98078a -> 
  custom:CustomObjectIndexerAttribute: 9a22284fe3817be447336de3de66b15e -> 
  custom:scripting/monoscript/fileName/FillableBar3D.cs: 80e636c4221a570a1e77cd317386054a -> 
  custom:scripting/monoscript/fileName/ArrowController.cs: 1a447edfdb5484109c0662398b0d2a4f -> 
  custom:scripting/monoscript/fileName/TimberUnloadPlace.cs: 37128713035f60eb0534808b2759b0fd -> 
  custom:container-demuxer-webm: 4f35f7cbe854078d1ac9338744f61a02 -> 
  custom:scripting/monoscript/fileName/BalanceDisplay.cs: 757036e20ecf086f314be8dc85dfa015 -> 
  custom:scripting/monoscript/fileName/ForkliftMoneyHandler.cs: 7fb30a11ebadcb38c9ca3680404c1ff1 -> 
  custom:container-muxer-webm: aa71ff27fc2769a1b78a27578f13a17b -> 
  custom:video-decoder-webm-vp8: 9c59270c3fd7afecdb556c50c9e8de78 -> 
  custom:SearchIndexIgnoredProperties: e643bd26f0fe6173181afceb89e7c659 -> 
  custom:AudioImporter_EditorPlatform: d09bf68614088b80899f8185d706f6e7 -> 
  custom:scripting/monoscript/fileName/ItemContainer.cs: 1a247f583ad3aa68e4dbf69ec7511a7e -> 
  custom:video-encoder-webm-vp8: eb34c28f22e8b96e1ab97ce403110664 -> 
  custom:audio-decoder-ogg-vorbis: bf7c407c2cedff20999df2af8eb42d56 -> 
  custom:audio-encoder-webm-vorbis: bf7c407c2cedff20999df2af8eb42d56 -> 
  custom:scripting/precompiled-assembly-types:Assembly-CSharp: 9939c8da97afd3ba3879198a3378b835 -> 898d7dc12b5aaae7dfacee678fc8dd41
========================================================================
Received Prepare
Caller must complete domain reload
Begin MonoManager ReloadAssembly
- Loaded All Assemblies, in  0.571 seconds
Native extension for WindowsStandalone target not found
Native extension for Android target not found
Native extension for WebGL target not found
[Package Manager] Server::EnsureServerProcessIsRunning -- launch failed, reason: Unity was launched with the -noUpm command-line argument
[Package Manager] UpmClient::Send -- Unable to send message (not connected to UPM process).
[Package Manager] Cannot connect to Unity Package Manager local server
Failed to sync packages list
UnityEngine.StackTraceUtility:ExtractStackTrace ()
UnityEngine.DebugLogHandler:LogFormat (UnityEngine.LogType,UnityEngine.Object,string,object[])
UnityEngine.Logger:Log (UnityEngine.LogType,object)
UnityEngine.Debug:LogWarning (object)
 .  / :MoveNext ()
System.Runtime.CompilerServices.AsyncVoidMethodBuilder:Start< .  / > ( .  / &)
 .  :  ()
 .⁪/ :MoveNext ()
System.Runtime.CompilerServices.AsyncTaskMethodBuilder:Start< .⁪/ > ( .⁪/ &)
 .⁪:  ()
System.Reflection.RuntimeMethodInfo:Invoke (object,System.Reflection.BindingFlags,System.Reflection.Binder,object[],System.Globalization.CultureInfo)
System.Reflection.MethodBase:Invoke (object,object[])
UnityEditor.EditorAssemblies:ProcessInitializeOnLoadMethodAttributes ()

Mono: successfully reloaded assembly
- Finished resetting the current domain, in  1.275 seconds
Domain Reload Profiling: 1843ms
	BeginReloadAssembly (190ms)
		ExecutionOrderSort (0ms)
		DisableScriptedObjects (6ms)
		BackupInstance (0ms)
		ReleaseScriptingObjects (0ms)
		CreateAndSetChildDomain (43ms)
	RebuildCommonClasses (40ms)
	RebuildNativeTypeToScriptingClass (14ms)
	initialDomainReloadingComplete (41ms)
	LoadAllAssembliesAndSetupDomain (282ms)
		LoadAssemblies (361ms)
		RebuildTransferFunctionScriptingTraits (0ms)
		AnalyzeDomain (21ms)
			TypeCache.Refresh (8ms)
				TypeCache.ScanAssembly (0ms)
			ScanForSourceGeneratedMonoScriptInfo (0ms)
			ResolveRequiredComponents (8ms)
	FinalizeReload (1276ms)
		ReleaseScriptCaches (0ms)
		RebuildScriptCaches (0ms)
		SetupLoadedEditorAssemblies (716ms)
			LogAssemblyErrors (0ms)
			InitializePlatformSupportModulesInManaged (35ms)
			SetLoadedEditorAssemblies (7ms)
			RefreshPlugins (0ms)
			BeforeProcessingInitializeOnLoad (87ms)
			ProcessInitializeOnLoadAttributes (519ms)
			ProcessInitializeOnLoadMethodAttributes (61ms)
			AfterProcessingInitializeOnLoad (6ms)
			EditorAssembliesLoaded (0ms)
		ExecutionOrderSort2 (0ms)
		AwakeInstancesAfterBackupRestoration (9ms)
Refreshing native plugins compatible for Editor in 5.55 ms, found 6 plugins.
Preloading 0 native plugins for Editor in 0.00 ms.
Release of invalid GC handle. The handle is from a previous domain. The release operation is skipped.
Release of invalid GC handle native callstack: 
0x00007ff79e68424d (Unity) StackWalker::GetCurrentCallstack
0x00007ff79e689329 (Unity) StackWalker::ShowCallstack
0x00007ff79f67dae1 (Unity) GetStacktrace
0x00007ff79e57f20d (Unity) ScriptingGCHandle::ReleaseAndClear
0x00007ff79eb4748c (Unity) UploadHandlerRaw::`vector deleting destructor'
0x00007ff79eb4803d (Unity) UploadHandler::Release
0x00007ff79eb448dd (Unity) UnityWebRequestProto<UnityWebRequestTransport,AtomicRefCounter,RedirectHelper,ResponseHelper,DownloadHandler,UploadHandler,CertificateHandler,HeaderHelper,AsyncOperation>::~UnityWebRequestProto<UnityWebRequestTransport,AtomicRefCounter,RedirectHelper,ResponseHelper,DownloadHandler,UploadHandler,CertificateHandler,HeaderHelper,AsyncOperation>
0x00007ff79eb44bd6 (Unity) UnityWebRequest::`vector deleting destructor'
0x00007ff79d894b77 (Unity) UnityWebRequestProto<UnityWebRequestTransport,AtomicRefCounter,RedirectHelper,ResponseHelper,DownloadHandler,UploadHandler,CertificateHandler,HeaderHelper,AsyncOperation>::Release
0x00007ff79eb46605 (Unity) UnityWebRequestAsyncOperation::InvokeCoroutine
0x00007ff79eb467e1 (Unity) UnityWebRequestProto<UnityWebRequestTransport,AtomicRefCounter,RedirectHelper,ResponseHelper,DownloadHandler,UploadHandler,CertificateHandler,HeaderHelper,AsyncOperation>::Job_InvokeCoroutine
0x00007ff79e1ab54a (Unity) BackgroundJobQueue::ExecuteMainThreadJobs
0x00007ff79e26005f (Unity) PreloadManager::WaitForAllAsyncOperationsToComplete
0x00007ff79fa23af8 (Unity) <lambda_b37b41f03089e3cb3f55061bbc93253d>::operator()
0x00007ff79fa5f422 (Unity) asio::detail::completion_handler<core::mutable_function<void __cdecl(void)>,asio::io_context::basic_executor_type<std::allocator<void>,0> >::do_complete
0x00007ff79fa4b3ce (Unity) asio::detail::win_iocp_io_context::do_one
0x00007ff79fa4d034 (Unity) asio::detail::win_iocp_io_context::run
0x00007ff79fa5d7cc (Unity) IOService::Run
0x00007ff79fa30c2f (Unity) AssetImportWorkerClient::Run
0x00007ff79f9fc3d7 (Unity) RunAssetImportWorkerClientV2
0x00007ff79f9fc45b (Unity) RunAssetImporterV2
0x00007ff79f1f31de (Unity) Application::InitializeProject
0x00007ff79f688795 (Unity) WinMain
0x00007ff7a0a535ce (Unity) __scrt_common_main_seh
0x00007ffa8b87e8d7 (KERNEL32) BaseThreadInitThunk
0x00007ffa8c1714fc (ntdll) RtlUserThreadStart
Unloading 3384 Unused Serialized files (Serialized files now loaded: 0)
Unloading 39 unused Assets / (1.0 MB). Loaded Objects now: 4447.
Memory consumption went from 151.7 MB to 150.7 MB.
Total: 7.552400 ms (FindLiveObjects: 0.578900 ms CreateObjectMapping: 0.113200 ms MarkObjects: 6.255700 ms  DeleteObjects: 0.602600 ms)

Prepare: number of updated asset objects reloaded= 0
AssetImportParameters requested are different than current active one (requested -> active):
  custom:container-demuxer-ogg: 62fdf1f143b41e24485cea50d1cbac27 -> 
  custom:scripting/monoscript/fileName/Tree.cs: dca7474b58f05e1dc61bb9deb148038d -> 
  custom:scripting/monoscript/fileName/MoneySystemTester.cs: c4f55682c9c7321853562efbfccd0650 -> 
  custom:scripting/monoscript/fileName/MoneyManager.cs: bb3bcc877f8bf4d07b9323d1968354a3 -> 
  custom:video-codec-MediaFoundation-h265: 746d11721c4dcdbdad8f713fa42b33f4 -> 
  custom:video-decoder-ogg-theora: a1e56fd34408186e4bbccfd4996cb3dc -> 
  custom:scripting/monoscript/fileName/Timber.cs: e3f520cc8fc09857160dc689c53c79e7 -> 
  custom:framework-win-MediaFoundation: 216162199b28c13a410421893ffa2e32 -> 
  custom:scripting/monoscript/fileName/Money.cs: 9c40cb0a308c8e4e1f5815ebef98078a -> 
  custom:CustomObjectIndexerAttribute: 9a22284fe3817be447336de3de66b15e -> 
  custom:scripting/monoscript/fileName/FillableBar3D.cs: 80e636c4221a570a1e77cd317386054a -> 
  custom:scripting/monoscript/fileName/ArrowController.cs: 1a447edfdb5484109c0662398b0d2a4f -> 
  custom:scripting/monoscript/fileName/TimberUnloadPlace.cs: 37128713035f60eb0534808b2759b0fd -> 
  custom:container-demuxer-webm: 4f35f7cbe854078d1ac9338744f61a02 -> 
  custom:scripting/monoscript/fileName/BalanceDisplay.cs: 757036e20ecf086f314be8dc85dfa015 -> 
  custom:scripting/monoscript/fileName/ForkliftMoneyHandler.cs: 7fb30a11ebadcb38c9ca3680404c1ff1 -> 
  custom:container-muxer-webm: aa71ff27fc2769a1b78a27578f13a17b -> 
  custom:video-decoder-webm-vp8: 9c59270c3fd7afecdb556c50c9e8de78 -> 
  custom:SearchIndexIgnoredProperties: e643bd26f0fe6173181afceb89e7c659 -> 
  custom:AudioImporter_EditorPlatform: d09bf68614088b80899f8185d706f6e7 -> 
  custom:scripting/monoscript/fileName/ItemContainer.cs: 1a247f583ad3aa68e4dbf69ec7511a7e -> 
  custom:video-encoder-webm-vp8: eb34c28f22e8b96e1ab97ce403110664 -> 
  custom:audio-decoder-ogg-vorbis: bf7c407c2cedff20999df2af8eb42d56 -> 
  custom:audio-encoder-webm-vorbis: bf7c407c2cedff20999df2af8eb42d56 -> 
  custom:scripting/precompiled-assembly-types:Assembly-CSharp: 9939c8da97afd3ba3879198a3378b835 -> 898d7dc12b5aaae7dfacee678fc8dd41
========================================================================
Received Prepare
Caller must complete domain reload
Begin MonoManager ReloadAssembly
- Loaded All Assemblies, in  0.614 seconds
Native extension for WindowsStandalone target not found
Native extension for Android target not found
Native extension for WebGL target not found
[Package Manager] Server::EnsureServerProcessIsRunning -- launch failed, reason: Unity was launched with the -noUpm command-line argument
[Package Manager] UpmClient::Send -- Unable to send message (not connected to UPM process).
[Package Manager] Cannot connect to Unity Package Manager local server
Failed to sync packages list
UnityEngine.StackTraceUtility:ExtractStackTrace ()
UnityEngine.DebugLogHandler:LogFormat (UnityEngine.LogType,UnityEngine.Object,string,object[])
UnityEngine.Logger:Log (UnityEngine.LogType,object)
UnityEngine.Debug:LogWarning (object)
 .  / :MoveNext ()
System.Runtime.CompilerServices.AsyncVoidMethodBuilder:Start< .  / > ( .  / &)
 .  :  ()
 .⁪/ :MoveNext ()
System.Runtime.CompilerServices.AsyncTaskMethodBuilder:Start< .⁪/ > ( .⁪/ &)
 .⁪:  ()
System.Reflection.RuntimeMethodInfo:Invoke (object,System.Reflection.BindingFlags,System.Reflection.Binder,object[],System.Globalization.CultureInfo)
System.Reflection.MethodBase:Invoke (object,object[])
UnityEditor.EditorAssemblies:ProcessInitializeOnLoadMethodAttributes ()

Mono: successfully reloaded assembly
- Finished resetting the current domain, in  1.382 seconds
Domain Reload Profiling: 1993ms
	BeginReloadAssembly (225ms)
		ExecutionOrderSort (0ms)
		DisableScriptedObjects (10ms)
		BackupInstance (0ms)
		ReleaseScriptingObjects (0ms)
		CreateAndSetChildDomain (45ms)
	RebuildCommonClasses (53ms)
	RebuildNativeTypeToScriptingClass (16ms)
	initialDomainReloadingComplete (40ms)
	LoadAllAssembliesAndSetupDomain (277ms)
		LoadAssemblies (381ms)
		RebuildTransferFunctionScriptingTraits (0ms)
		AnalyzeDomain (19ms)
			TypeCache.Refresh (7ms)
				TypeCache.ScanAssembly (0ms)
			ScanForSourceGeneratedMonoScriptInfo (0ms)
			ResolveRequiredComponents (9ms)
	FinalizeReload (1383ms)
		ReleaseScriptCaches (0ms)
		RebuildScriptCaches (0ms)
		SetupLoadedEditorAssemblies (767ms)
			LogAssemblyErrors (0ms)
			InitializePlatformSupportModulesInManaged (27ms)
			SetLoadedEditorAssemblies (8ms)
			RefreshPlugins (0ms)
			BeforeProcessingInitializeOnLoad (90ms)
			ProcessInitializeOnLoadAttributes (562ms)
			ProcessInitializeOnLoadMethodAttributes (73ms)
			AfterProcessingInitializeOnLoad (7ms)
			EditorAssembliesLoaded (0ms)
		ExecutionOrderSort2 (0ms)
		AwakeInstancesAfterBackupRestoration (8ms)
Refreshing native plugins compatible for Editor in 4.49 ms, found 6 plugins.
Preloading 0 native plugins for Editor in 0.00 ms.
Release of invalid GC handle. The handle is from a previous domain. The release operation is skipped.
Release of invalid GC handle native callstack: 
0x00007ff79e68424d (Unity) StackWalker::GetCurrentCallstack
0x00007ff79e689329 (Unity) StackWalker::ShowCallstack
0x00007ff79f67dae1 (Unity) GetStacktrace
0x00007ff79e57f20d (Unity) ScriptingGCHandle::ReleaseAndClear
0x00007ff79eb4748c (Unity) UploadHandlerRaw::`vector deleting destructor'
0x00007ff79eb4803d (Unity) UploadHandler::Release
0x00007ff79eb448dd (Unity) UnityWebRequestProto<UnityWebRequestTransport,AtomicRefCounter,RedirectHelper,ResponseHelper,DownloadHandler,UploadHandler,CertificateHandler,HeaderHelper,AsyncOperation>::~UnityWebRequestProto<UnityWebRequestTransport,AtomicRefCounter,RedirectHelper,ResponseHelper,DownloadHandler,UploadHandler,CertificateHandler,HeaderHelper,AsyncOperation>
0x00007ff79eb44bd6 (Unity) UnityWebRequest::`vector deleting destructor'
0x00007ff79d894b77 (Unity) UnityWebRequestProto<UnityWebRequestTransport,AtomicRefCounter,RedirectHelper,ResponseHelper,DownloadHandler,UploadHandler,CertificateHandler,HeaderHelper,AsyncOperation>::Release
0x00007ff79eb46605 (Unity) UnityWebRequestAsyncOperation::InvokeCoroutine
0x00007ff79eb467e1 (Unity) UnityWebRequestProto<UnityWebRequestTransport,AtomicRefCounter,RedirectHelper,ResponseHelper,DownloadHandler,UploadHandler,CertificateHandler,HeaderHelper,AsyncOperation>::Job_InvokeCoroutine
0x00007ff79e1ab54a (Unity) BackgroundJobQueue::ExecuteMainThreadJobs
0x00007ff79e26005f (Unity) PreloadManager::WaitForAllAsyncOperationsToComplete
0x00007ff79fa23af8 (Unity) <lambda_b37b41f03089e3cb3f55061bbc93253d>::operator()
0x00007ff79fa5f422 (Unity) asio::detail::completion_handler<core::mutable_function<void __cdecl(void)>,asio::io_context::basic_executor_type<std::allocator<void>,0> >::do_complete
0x00007ff79fa4b3ce (Unity) asio::detail::win_iocp_io_context::do_one
0x00007ff79fa4d034 (Unity) asio::detail::win_iocp_io_context::run
0x00007ff79fa5d7cc (Unity) IOService::Run
0x00007ff79fa30c2f (Unity) AssetImportWorkerClient::Run
0x00007ff79f9fc3d7 (Unity) RunAssetImportWorkerClientV2
0x00007ff79f9fc45b (Unity) RunAssetImporterV2
0x00007ff79f1f31de (Unity) Application::InitializeProject
0x00007ff79f688795 (Unity) WinMain
0x00007ff7a0a535ce (Unity) __scrt_common_main_seh
0x00007ffa8b87e8d7 (KERNEL32) BaseThreadInitThunk
0x00007ffa8c1714fc (ntdll) RtlUserThreadStart
Unloading 3384 Unused Serialized files (Serialized files now loaded: 0)
Unloading 39 unused Assets / (1.0 MB). Loaded Objects now: 4452.
Memory consumption went from 151.9 MB to 150.9 MB.
Total: 5.666300 ms (FindLiveObjects: 0.290700 ms CreateObjectMapping: 0.112800 ms MarkObjects: 4.532600 ms  DeleteObjects: 0.728500 ms)

Prepare: number of updated asset objects reloaded= 0
AssetImportParameters requested are different than current active one (requested -> active):
  custom:container-demuxer-ogg: 62fdf1f143b41e24485cea50d1cbac27 -> 
  custom:scripting/monoscript/fileName/Tree.cs: dca7474b58f05e1dc61bb9deb148038d -> 
  custom:scripting/monoscript/fileName/MoneySystemTester.cs: c4f55682c9c7321853562efbfccd0650 -> 
  custom:scripting/monoscript/fileName/MoneyManager.cs: bb3bcc877f8bf4d07b9323d1968354a3 -> 
  custom:video-codec-MediaFoundation-h265: 746d11721c4dcdbdad8f713fa42b33f4 -> 
  custom:video-decoder-ogg-theora: a1e56fd34408186e4bbccfd4996cb3dc -> 
  custom:scripting/monoscript/fileName/Timber.cs: e3f520cc8fc09857160dc689c53c79e7 -> 
  custom:framework-win-MediaFoundation: 216162199b28c13a410421893ffa2e32 -> 
  custom:scripting/monoscript/fileName/Money.cs: 9c40cb0a308c8e4e1f5815ebef98078a -> 
  custom:CustomObjectIndexerAttribute: 9a22284fe3817be447336de3de66b15e -> 
  custom:scripting/monoscript/fileName/FillableBar3D.cs: 80e636c4221a570a1e77cd317386054a -> 
  custom:scripting/monoscript/fileName/ArrowController.cs: 1a447edfdb5484109c0662398b0d2a4f -> 
  custom:scripting/monoscript/fileName/TimberUnloadPlace.cs: 37128713035f60eb0534808b2759b0fd -> 
  custom:container-demuxer-webm: 4f35f7cbe854078d1ac9338744f61a02 -> 
  custom:scripting/monoscript/fileName/BalanceDisplay.cs: 757036e20ecf086f314be8dc85dfa015 -> 
  custom:scripting/monoscript/fileName/ForkliftMoneyHandler.cs: 7fb30a11ebadcb38c9ca3680404c1ff1 -> 
  custom:container-muxer-webm: aa71ff27fc2769a1b78a27578f13a17b -> 
  custom:video-decoder-webm-vp8: 9c59270c3fd7afecdb556c50c9e8de78 -> 
  custom:SearchIndexIgnoredProperties: e643bd26f0fe6173181afceb89e7c659 -> 
  custom:AudioImporter_EditorPlatform: d09bf68614088b80899f8185d706f6e7 -> 
  custom:scripting/monoscript/fileName/ItemContainer.cs: 1a247f583ad3aa68e4dbf69ec7511a7e -> 
  custom:video-encoder-webm-vp8: eb34c28f22e8b96e1ab97ce403110664 -> 
  custom:audio-decoder-ogg-vorbis: bf7c407c2cedff20999df2af8eb42d56 -> 
  custom:audio-encoder-webm-vorbis: bf7c407c2cedff20999df2af8eb42d56 -> 
  custom:scripting/precompiled-assembly-types:Assembly-CSharp: 9939c8da97afd3ba3879198a3378b835 -> 898d7dc12b5aaae7dfacee678fc8dd41
========================================================================
Received Prepare
Caller must complete domain reload
Begin MonoManager ReloadAssembly
- Loaded All Assemblies, in  0.701 seconds
Native extension for WindowsStandalone target not found
Native extension for Android target not found
Native extension for WebGL target not found
[Package Manager] Server::EnsureServerProcessIsRunning -- launch failed, reason: Unity was launched with the -noUpm command-line argument
[Package Manager] UpmClient::Send -- Unable to send message (not connected to UPM process).
[Package Manager] Cannot connect to Unity Package Manager local server
Failed to sync packages list
UnityEngine.StackTraceUtility:ExtractStackTrace ()
UnityEngine.DebugLogHandler:LogFormat (UnityEngine.LogType,UnityEngine.Object,string,object[])
UnityEngine.Logger:Log (UnityEngine.LogType,object)
UnityEngine.Debug:LogWarning (object)
 .  / :MoveNext ()
System.Runtime.CompilerServices.AsyncVoidMethodBuilder:Start< .  / > ( .  / &)
 .  :  ()
 .⁪/ :MoveNext ()
System.Runtime.CompilerServices.AsyncTaskMethodBuilder:Start< .⁪/ > ( .⁪/ &)
 .⁪:  ()
System.Reflection.RuntimeMethodInfo:Invoke (object,System.Reflection.BindingFlags,System.Reflection.Binder,object[],System.Globalization.CultureInfo)
System.Reflection.MethodBase:Invoke (object,object[])
UnityEditor.EditorAssemblies:ProcessInitializeOnLoadMethodAttributes ()

Mono: successfully reloaded assembly
- Finished resetting the current domain, in  1.539 seconds
Domain Reload Profiling: 2237ms
	BeginReloadAssembly (229ms)
		ExecutionOrderSort (0ms)
		DisableScriptedObjects (6ms)
		BackupInstance (0ms)
		ReleaseScriptingObjects (0ms)
		CreateAndSetChildDomain (49ms)
	RebuildCommonClasses (57ms)
	RebuildNativeTypeToScriptingClass (14ms)
	initialDomainReloadingComplete (44ms)
	LoadAllAssembliesAndSetupDomain (353ms)
		LoadAssemblies (432ms)
		RebuildTransferFunctionScriptingTraits (0ms)
		AnalyzeDomain (50ms)
			TypeCache.Refresh (17ms)
				TypeCache.ScanAssembly (3ms)
			ScanForSourceGeneratedMonoScriptInfo (16ms)
			ResolveRequiredComponents (14ms)
	FinalizeReload (1539ms)
		ReleaseScriptCaches (0ms)
		RebuildScriptCaches (0ms)
		SetupLoadedEditorAssemblies (810ms)
			LogAssemblyErrors (0ms)
			InitializePlatformSupportModulesInManaged (50ms)
			SetLoadedEditorAssemblies (7ms)
			RefreshPlugins (0ms)
			BeforeProcessingInitializeOnLoad (100ms)
			ProcessInitializeOnLoadAttributes (579ms)
			ProcessInitializeOnLoadMethodAttributes (68ms)
			AfterProcessingInitializeOnLoad (6ms)
			EditorAssembliesLoaded (0ms)
		ExecutionOrderSort2 (0ms)
		AwakeInstancesAfterBackupRestoration (10ms)
Refreshing native plugins compatible for Editor in 4.74 ms, found 6 plugins.
Preloading 0 native plugins for Editor in 0.00 ms.
Release of invalid GC handle. The handle is from a previous domain. The release operation is skipped.
Release of invalid GC handle native callstack: 
0x00007ff79e68424d (Unity) StackWalker::GetCurrentCallstack
0x00007ff79e689329 (Unity) StackWalker::ShowCallstack
0x00007ff79f67dae1 (Unity) GetStacktrace
0x00007ff79e57f20d (Unity) ScriptingGCHandle::ReleaseAndClear
0x00007ff79eb4748c (Unity) UploadHandlerRaw::`vector deleting destructor'
0x00007ff79eb4803d (Unity) UploadHandler::Release
0x00007ff79eb448dd (Unity) UnityWebRequestProto<UnityWebRequestTransport,AtomicRefCounter,RedirectHelper,ResponseHelper,DownloadHandler,UploadHandler,CertificateHandler,HeaderHelper,AsyncOperation>::~UnityWebRequestProto<UnityWebRequestTransport,AtomicRefCounter,RedirectHelper,ResponseHelper,DownloadHandler,UploadHandler,CertificateHandler,HeaderHelper,AsyncOperation>
0x00007ff79eb44bd6 (Unity) UnityWebRequest::`vector deleting destructor'
0x00007ff79d894b77 (Unity) UnityWebRequestProto<UnityWebRequestTransport,AtomicRefCounter,RedirectHelper,ResponseHelper,DownloadHandler,UploadHandler,CertificateHandler,HeaderHelper,AsyncOperation>::Release
0x00007ff79eb46605 (Unity) UnityWebRequestAsyncOperation::InvokeCoroutine
0x00007ff79eb467e1 (Unity) UnityWebRequestProto<UnityWebRequestTransport,AtomicRefCounter,RedirectHelper,ResponseHelper,DownloadHandler,UploadHandler,CertificateHandler,HeaderHelper,AsyncOperation>::Job_InvokeCoroutine
0x00007ff79e1ab54a (Unity) BackgroundJobQueue::ExecuteMainThreadJobs
0x00007ff79e26005f (Unity) PreloadManager::WaitForAllAsyncOperationsToComplete
0x00007ff79fa23af8 (Unity) <lambda_b37b41f03089e3cb3f55061bbc93253d>::operator()
0x00007ff79fa5f422 (Unity) asio::detail::completion_handler<core::mutable_function<void __cdecl(void)>,asio::io_context::basic_executor_type<std::allocator<void>,0> >::do_complete
0x00007ff79fa4b3ce (Unity) asio::detail::win_iocp_io_context::do_one
0x00007ff79fa4d034 (Unity) asio::detail::win_iocp_io_context::run
0x00007ff79fa5d7cc (Unity) IOService::Run
0x00007ff79fa30c2f (Unity) AssetImportWorkerClient::Run
0x00007ff79f9fc3d7 (Unity) RunAssetImportWorkerClientV2
0x00007ff79f9fc45b (Unity) RunAssetImporterV2
0x00007ff79f1f31de (Unity) Application::InitializeProject
0x00007ff79f688795 (Unity) WinMain
0x00007ff7a0a535ce (Unity) __scrt_common_main_seh
0x00007ffa8b87e8d7 (KERNEL32) BaseThreadInitThunk
0x00007ffa8c1714fc (ntdll) RtlUserThreadStart
Unloading 3383 Unused Serialized files (Serialized files now loaded: 0)
Unloading 40 unused Assets / (1.0 MB). Loaded Objects now: 4456.
Memory consumption went from 152.0 MB to 151.0 MB.
Total: 7.285000 ms (FindLiveObjects: 0.459700 ms CreateObjectMapping: 0.210000 ms MarkObjects: 6.049100 ms  DeleteObjects: 0.564200 ms)

Prepare: number of updated asset objects reloaded= 0
AssetImportParameters requested are different than current active one (requested -> active):
  custom:container-demuxer-ogg: 62fdf1f143b41e24485cea50d1cbac27 -> 
  custom:scripting/monoscript/fileName/Tree.cs: dca7474b58f05e1dc61bb9deb148038d -> 
  custom:scripting/monoscript/fileName/MoneySystemTester.cs: c4f55682c9c7321853562efbfccd0650 -> 
  custom:scripting/monoscript/fileName/MoneyManager.cs: bb3bcc877f8bf4d07b9323d1968354a3 -> 
  custom:video-codec-MediaFoundation-h265: 746d11721c4dcdbdad8f713fa42b33f4 -> 
  custom:video-decoder-ogg-theora: a1e56fd34408186e4bbccfd4996cb3dc -> 
  custom:scripting/monoscript/fileName/Timber.cs: e3f520cc8fc09857160dc689c53c79e7 -> 
  custom:framework-win-MediaFoundation: 216162199b28c13a410421893ffa2e32 -> 
  custom:scripting/monoscript/fileName/Money.cs: 9c40cb0a308c8e4e1f5815ebef98078a -> 
  custom:CustomObjectIndexerAttribute: 9a22284fe3817be447336de3de66b15e -> 
  custom:scripting/monoscript/fileName/FillableBar3D.cs: 80e636c4221a570a1e77cd317386054a -> 
  custom:scripting/monoscript/fileName/ArrowController.cs: 1a447edfdb5484109c0662398b0d2a4f -> 
  custom:scripting/monoscript/fileName/TimberUnloadPlace.cs: 37128713035f60eb0534808b2759b0fd -> 
  custom:container-demuxer-webm: 4f35f7cbe854078d1ac9338744f61a02 -> 
  custom:scripting/monoscript/fileName/BalanceDisplay.cs: 757036e20ecf086f314be8dc85dfa015 -> 
  custom:scripting/monoscript/fileName/ForkliftMoneyHandler.cs: 7fb30a11ebadcb38c9ca3680404c1ff1 -> 
  custom:container-muxer-webm: aa71ff27fc2769a1b78a27578f13a17b -> 
  custom:video-decoder-webm-vp8: 9c59270c3fd7afecdb556c50c9e8de78 -> 
  custom:SearchIndexIgnoredProperties: e643bd26f0fe6173181afceb89e7c659 -> 
  custom:AudioImporter_EditorPlatform: d09bf68614088b80899f8185d706f6e7 -> 
  custom:scripting/monoscript/fileName/ItemContainer.cs: 1a247f583ad3aa68e4dbf69ec7511a7e -> 
  custom:video-encoder-webm-vp8: eb34c28f22e8b96e1ab97ce403110664 -> 
  custom:audio-decoder-ogg-vorbis: bf7c407c2cedff20999df2af8eb42d56 -> 
  custom:audio-encoder-webm-vorbis: bf7c407c2cedff20999df2af8eb42d56 -> 
  custom:scripting/precompiled-assembly-types:Assembly-CSharp: a32d6627dda45bd29fb54aae4eed9dd6 -> 898d7dc12b5aaae7dfacee678fc8dd41
========================================================================
Received Prepare
Caller must complete domain reload
Begin MonoManager ReloadAssembly
- Loaded All Assemblies, in  0.577 seconds
Native extension for WindowsStandalone target not found
Native extension for Android target not found
Native extension for WebGL target not found
[Package Manager] Server::EnsureServerProcessIsRunning -- launch failed, reason: Unity was launched with the -noUpm command-line argument
[Package Manager] UpmClient::Send -- Unable to send message (not connected to UPM process).
[Package Manager] Cannot connect to Unity Package Manager local server
Failed to sync packages list
UnityEngine.StackTraceUtility:ExtractStackTrace ()
UnityEngine.DebugLogHandler:LogFormat (UnityEngine.LogType,UnityEngine.Object,string,object[])
UnityEngine.Logger:Log (UnityEngine.LogType,object)
UnityEngine.Debug:LogWarning (object)
 .  / :MoveNext ()
System.Runtime.CompilerServices.AsyncVoidMethodBuilder:Start< .  / > ( .  / &)
 .  :  ()
 .⁪/ :MoveNext ()
System.Runtime.CompilerServices.AsyncTaskMethodBuilder:Start< .⁪/ > ( .⁪/ &)
 .⁪:  ()
System.Reflection.RuntimeMethodInfo:Invoke (object,System.Reflection.BindingFlags,System.Reflection.Binder,object[],System.Globalization.CultureInfo)
System.Reflection.MethodBase:Invoke (object,object[])
UnityEditor.EditorAssemblies:ProcessInitializeOnLoadMethodAttributes ()

Mono: successfully reloaded assembly
- Finished resetting the current domain, in  1.308 seconds
Domain Reload Profiling: 1883ms
	BeginReloadAssembly (197ms)
		ExecutionOrderSort (0ms)
		DisableScriptedObjects (6ms)
		BackupInstance (0ms)
		ReleaseScriptingObjects (0ms)
		CreateAndSetChildDomain (41ms)
	RebuildCommonClasses (43ms)
	RebuildNativeTypeToScriptingClass (13ms)
	initialDomainReloadingComplete (39ms)
	LoadAllAssembliesAndSetupDomain (281ms)
		LoadAssemblies (370ms)
		RebuildTransferFunctionScriptingTraits (0ms)
		AnalyzeDomain (20ms)
			TypeCache.Refresh (7ms)
				TypeCache.ScanAssembly (0ms)
			ScanForSourceGeneratedMonoScriptInfo (0ms)
			ResolveRequiredComponents (8ms)
	FinalizeReload (1309ms)
		ReleaseScriptCaches (0ms)
		RebuildScriptCaches (0ms)
		SetupLoadedEditorAssemblies (699ms)
			LogAssemblyErrors (0ms)
			InitializePlatformSupportModulesInManaged (24ms)
			SetLoadedEditorAssemblies (7ms)
			RefreshPlugins (0ms)
			BeforeProcessingInitializeOnLoad (83ms)
			ProcessInitializeOnLoadAttributes (510ms)
			ProcessInitializeOnLoadMethodAttributes (67ms)
			AfterProcessingInitializeOnLoad (8ms)
			EditorAssembliesLoaded (0ms)
		ExecutionOrderSort2 (0ms)
		AwakeInstancesAfterBackupRestoration (9ms)
Refreshing native plugins compatible for Editor in 13.82 ms, found 6 plugins.
Preloading 0 native plugins for Editor in 0.00 ms.
Release of invalid GC handle. The handle is from a previous domain. The release operation is skipped.
Release of invalid GC handle native callstack: 
0x00007ff79e68424d (Unity) StackWalker::GetCurrentCallstack
0x00007ff79e689329 (Unity) StackWalker::ShowCallstack
0x00007ff79f67dae1 (Unity) GetStacktrace
0x00007ff79e57f20d (Unity) ScriptingGCHandle::ReleaseAndClear
0x00007ff79eb4748c (Unity) UploadHandlerRaw::`vector deleting destructor'
0x00007ff79eb4803d (Unity) UploadHandler::Release
0x00007ff79eb448dd (Unity) UnityWebRequestProto<UnityWebRequestTransport,AtomicRefCounter,RedirectHelper,ResponseHelper,DownloadHandler,UploadHandler,CertificateHandler,HeaderHelper,AsyncOperation>::~UnityWebRequestProto<UnityWebRequestTransport,AtomicRefCounter,RedirectHelper,ResponseHelper,DownloadHandler,UploadHandler,CertificateHandler,HeaderHelper,AsyncOperation>
0x00007ff79eb44bd6 (Unity) UnityWebRequest::`vector deleting destructor'
0x00007ff79d894b77 (Unity) UnityWebRequestProto<UnityWebRequestTransport,AtomicRefCounter,RedirectHelper,ResponseHelper,DownloadHandler,UploadHandler,CertificateHandler,HeaderHelper,AsyncOperation>::Release
0x00007ff79eb46605 (Unity) UnityWebRequestAsyncOperation::InvokeCoroutine
0x00007ff79eb467e1 (Unity) UnityWebRequestProto<UnityWebRequestTransport,AtomicRefCounter,RedirectHelper,ResponseHelper,DownloadHandler,UploadHandler,CertificateHandler,HeaderHelper,AsyncOperation>::Job_InvokeCoroutine
0x00007ff79e1ab54a (Unity) BackgroundJobQueue::ExecuteMainThreadJobs
0x00007ff79e26005f (Unity) PreloadManager::WaitForAllAsyncOperationsToComplete
0x00007ff79fa23af8 (Unity) <lambda_b37b41f03089e3cb3f55061bbc93253d>::operator()
0x00007ff79fa5f422 (Unity) asio::detail::completion_handler<core::mutable_function<void __cdecl(void)>,asio::io_context::basic_executor_type<std::allocator<void>,0> >::do_complete
0x00007ff79fa4b3ce (Unity) asio::detail::win_iocp_io_context::do_one
0x00007ff79fa4d034 (Unity) asio::detail::win_iocp_io_context::run
0x00007ff79fa5d7cc (Unity) IOService::Run
0x00007ff79fa30c2f (Unity) AssetImportWorkerClient::Run
0x00007ff79f9fc3d7 (Unity) RunAssetImportWorkerClientV2
0x00007ff79f9fc45b (Unity) RunAssetImporterV2
0x00007ff79f1f31de (Unity) Application::InitializeProject
0x00007ff79f688795 (Unity) WinMain
0x00007ff7a0a535ce (Unity) __scrt_common_main_seh
0x00007ffa8b87e8d7 (KERNEL32) BaseThreadInitThunk
0x00007ffa8c1714fc (ntdll) RtlUserThreadStart
Unloading 3383 Unused Serialized files (Serialized files now loaded: 0)
Unloading 39 unused Assets / (1.0 MB). Loaded Objects now: 4461.
Memory consumption went from 152.2 MB to 151.1 MB.
Total: 7.927100 ms (FindLiveObjects: 0.435100 ms CreateObjectMapping: 0.221900 ms MarkObjects: 6.589500 ms  DeleteObjects: 0.678700 ms)

Prepare: number of updated asset objects reloaded= 0
AssetImportParameters requested are different than current active one (requested -> active):
  custom:container-demuxer-ogg: 62fdf1f143b41e24485cea50d1cbac27 -> 
  custom:scripting/monoscript/fileName/Tree.cs: dca7474b58f05e1dc61bb9deb148038d -> 
  custom:scripting/monoscript/fileName/MoneySystemTester.cs: c4f55682c9c7321853562efbfccd0650 -> 
  custom:scripting/monoscript/fileName/MoneyManager.cs: bb3bcc877f8bf4d07b9323d1968354a3 -> 
  custom:video-codec-MediaFoundation-h265: 746d11721c4dcdbdad8f713fa42b33f4 -> 
  custom:video-decoder-ogg-theora: a1e56fd34408186e4bbccfd4996cb3dc -> 
  custom:scripting/monoscript/fileName/Timber.cs: e3f520cc8fc09857160dc689c53c79e7 -> 
  custom:framework-win-MediaFoundation: 216162199b28c13a410421893ffa2e32 -> 
  custom:scripting/monoscript/fileName/Money.cs: 9c40cb0a308c8e4e1f5815ebef98078a -> 
  custom:CustomObjectIndexerAttribute: 9a22284fe3817be447336de3de66b15e -> 
  custom:scripting/monoscript/fileName/FillableBar3D.cs: 80e636c4221a570a1e77cd317386054a -> 
  custom:scripting/monoscript/fileName/ArrowController.cs: 1a447edfdb5484109c0662398b0d2a4f -> 
  custom:scripting/monoscript/fileName/TimberUnloadPlace.cs: 37128713035f60eb0534808b2759b0fd -> 
  custom:container-demuxer-webm: 4f35f7cbe854078d1ac9338744f61a02 -> 
  custom:scripting/monoscript/fileName/BalanceDisplay.cs: 757036e20ecf086f314be8dc85dfa015 -> 
  custom:scripting/monoscript/fileName/ForkliftMoneyHandler.cs: 7fb30a11ebadcb38c9ca3680404c1ff1 -> 
  custom:container-muxer-webm: aa71ff27fc2769a1b78a27578f13a17b -> 
  custom:video-decoder-webm-vp8: 9c59270c3fd7afecdb556c50c9e8de78 -> 
  custom:SearchIndexIgnoredProperties: e643bd26f0fe6173181afceb89e7c659 -> 
  custom:AudioImporter_EditorPlatform: d09bf68614088b80899f8185d706f6e7 -> 
  custom:scripting/monoscript/fileName/ItemContainer.cs: 1a247f583ad3aa68e4dbf69ec7511a7e -> 
  custom:video-encoder-webm-vp8: eb34c28f22e8b96e1ab97ce403110664 -> 
  custom:audio-decoder-ogg-vorbis: bf7c407c2cedff20999df2af8eb42d56 -> 
  custom:audio-encoder-webm-vorbis: bf7c407c2cedff20999df2af8eb42d56 -> 
  custom:scripting/precompiled-assembly-types:Assembly-CSharp: a32d6627dda45bd29fb54aae4eed9dd6 -> 898d7dc12b5aaae7dfacee678fc8dd41
========================================================================
Received Prepare
Caller must complete domain reload
Begin MonoManager ReloadAssembly
- Loaded All Assemblies, in  0.608 seconds
Native extension for WindowsStandalone target not found
Native extension for Android target not found
Native extension for WebGL target not found
[Package Manager] Server::EnsureServerProcessIsRunning -- launch failed, reason: Unity was launched with the -noUpm command-line argument
[Package Manager] UpmClient::Send -- Unable to send message (not connected to UPM process).
[Package Manager] Cannot connect to Unity Package Manager local server
Failed to sync packages list
UnityEngine.StackTraceUtility:ExtractStackTrace ()
UnityEngine.DebugLogHandler:LogFormat (UnityEngine.LogType,UnityEngine.Object,string,object[])
UnityEngine.Logger:Log (UnityEngine.LogType,object)
UnityEngine.Debug:LogWarning (object)
 .  / :MoveNext ()
System.Runtime.CompilerServices.AsyncVoidMethodBuilder:Start< .  / > ( .  / &)
 .  :  ()
 .⁪/ :MoveNext ()
System.Runtime.CompilerServices.AsyncTaskMethodBuilder:Start< .⁪/ > ( .⁪/ &)
 .⁪:  ()
System.Reflection.RuntimeMethodInfo:Invoke (object,System.Reflection.BindingFlags,System.Reflection.Binder,object[],System.Globalization.CultureInfo)
System.Reflection.MethodBase:Invoke (object,object[])
UnityEditor.EditorAssemblies:ProcessInitializeOnLoadMethodAttributes ()

Mono: successfully reloaded assembly
- Finished resetting the current domain, in  1.428 seconds
Domain Reload Profiling: 2033ms
	BeginReloadAssembly (203ms)
		ExecutionOrderSort (0ms)
		DisableScriptedObjects (7ms)
		BackupInstance (0ms)
		ReleaseScriptingObjects (0ms)
		CreateAndSetChildDomain (42ms)
	RebuildCommonClasses (53ms)
	RebuildNativeTypeToScriptingClass (17ms)
	initialDomainReloadingComplete (46ms)
	LoadAllAssembliesAndSetupDomain (286ms)
		LoadAssemblies (366ms)
		RebuildTransferFunctionScriptingTraits (0ms)
		AnalyzeDomain (31ms)
			TypeCache.Refresh (11ms)
				TypeCache.ScanAssembly (1ms)
			ScanForSourceGeneratedMonoScriptInfo (10ms)
			ResolveRequiredComponents (7ms)
	FinalizeReload (1428ms)
		ReleaseScriptCaches (0ms)
		RebuildScriptCaches (0ms)
		SetupLoadedEditorAssemblies (699ms)
			LogAssemblyErrors (0ms)
			InitializePlatformSupportModulesInManaged (27ms)
			SetLoadedEditorAssemblies (6ms)
			RefreshPlugins (0ms)
			BeforeProcessingInitializeOnLoad (86ms)
			ProcessInitializeOnLoadAttributes (511ms)
			ProcessInitializeOnLoadMethodAttributes (63ms)
			AfterProcessingInitializeOnLoad (6ms)
			EditorAssembliesLoaded (0ms)
		ExecutionOrderSort2 (0ms)
		AwakeInstancesAfterBackupRestoration (8ms)
Refreshing native plugins compatible for Editor in 4.91 ms, found 6 plugins.
Preloading 0 native plugins for Editor in 0.00 ms.
Release of invalid GC handle. The handle is from a previous domain. The release operation is skipped.
Release of invalid GC handle native callstack: 
0x00007ff79e68424d (Unity) StackWalker::GetCurrentCallstack
0x00007ff79e689329 (Unity) StackWalker::ShowCallstack
0x00007ff79f67dae1 (Unity) GetStacktrace
0x00007ff79e57f20d (Unity) ScriptingGCHandle::ReleaseAndClear
0x00007ff79eb4748c (Unity) UploadHandlerRaw::`vector deleting destructor'
0x00007ff79eb4803d (Unity) UploadHandler::Release
0x00007ff79eb448dd (Unity) UnityWebRequestProto<UnityWebRequestTransport,AtomicRefCounter,RedirectHelper,ResponseHelper,DownloadHandler,UploadHandler,CertificateHandler,HeaderHelper,AsyncOperation>::~UnityWebRequestProto<UnityWebRequestTransport,AtomicRefCounter,RedirectHelper,ResponseHelper,DownloadHandler,UploadHandler,CertificateHandler,HeaderHelper,AsyncOperation>
0x00007ff79eb44bd6 (Unity) UnityWebRequest::`vector deleting destructor'
0x00007ff79d894b77 (Unity) UnityWebRequestProto<UnityWebRequestTransport,AtomicRefCounter,RedirectHelper,ResponseHelper,DownloadHandler,UploadHandler,CertificateHandler,HeaderHelper,AsyncOperation>::Release
0x00007ff79eb46605 (Unity) UnityWebRequestAsyncOperation::InvokeCoroutine
0x00007ff79eb467e1 (Unity) UnityWebRequestProto<UnityWebRequestTransport,AtomicRefCounter,RedirectHelper,ResponseHelper,DownloadHandler,UploadHandler,CertificateHandler,HeaderHelper,AsyncOperation>::Job_InvokeCoroutine
0x00007ff79e1ab54a (Unity) BackgroundJobQueue::ExecuteMainThreadJobs
0x00007ff79e26005f (Unity) PreloadManager::WaitForAllAsyncOperationsToComplete
0x00007ff79fa23af8 (Unity) <lambda_b37b41f03089e3cb3f55061bbc93253d>::operator()
0x00007ff79fa5f422 (Unity) asio::detail::completion_handler<core::mutable_function<void __cdecl(void)>,asio::io_context::basic_executor_type<std::allocator<void>,0> >::do_complete
0x00007ff79fa4b3ce (Unity) asio::detail::win_iocp_io_context::do_one
0x00007ff79fa4d034 (Unity) asio::detail::win_iocp_io_context::run
0x00007ff79fa5d7cc (Unity) IOService::Run
0x00007ff79fa30c2f (Unity) AssetImportWorkerClient::Run
0x00007ff79f9fc3d7 (Unity) RunAssetImportWorkerClientV2
0x00007ff79f9fc45b (Unity) RunAssetImporterV2
0x00007ff79f1f31de (Unity) Application::InitializeProject
0x00007ff79f688795 (Unity) WinMain
0x00007ff7a0a535ce (Unity) __scrt_common_main_seh
0x00007ffa8b87e8d7 (KERNEL32) BaseThreadInitThunk
0x00007ffa8c1714fc (ntdll) RtlUserThreadStart
Unloading 3383 Unused Serialized files (Serialized files now loaded: 0)
Unloading 39 unused Assets / (1.0 MB). Loaded Objects now: 4466.
Memory consumption went from 152.3 MB to 151.3 MB.
Total: 6.018100 ms (FindLiveObjects: 0.316900 ms CreateObjectMapping: 0.121600 ms MarkObjects: 4.754100 ms  DeleteObjects: 0.823900 ms)

Prepare: number of updated asset objects reloaded= 0
AssetImportParameters requested are different than current active one (requested -> active):
  custom:container-demuxer-ogg: 62fdf1f143b41e24485cea50d1cbac27 -> 
  custom:scripting/monoscript/fileName/Tree.cs: dca7474b58f05e1dc61bb9deb148038d -> 
  custom:scripting/monoscript/fileName/MoneySystemTester.cs: c4f55682c9c7321853562efbfccd0650 -> 
  custom:scripting/monoscript/fileName/MoneyManager.cs: bb3bcc877f8bf4d07b9323d1968354a3 -> 
  custom:video-codec-MediaFoundation-h265: 746d11721c4dcdbdad8f713fa42b33f4 -> 
  custom:video-decoder-ogg-theora: a1e56fd34408186e4bbccfd4996cb3dc -> 
  custom:scripting/monoscript/fileName/Timber.cs: e3f520cc8fc09857160dc689c53c79e7 -> 
  custom:framework-win-MediaFoundation: 216162199b28c13a410421893ffa2e32 -> 
  custom:scripting/monoscript/fileName/Money.cs: 9c40cb0a308c8e4e1f5815ebef98078a -> 
  custom:CustomObjectIndexerAttribute: 9a22284fe3817be447336de3de66b15e -> 
  custom:scripting/monoscript/fileName/FillableBar3D.cs: 80e636c4221a570a1e77cd317386054a -> 
  custom:scripting/monoscript/fileName/ArrowController.cs: 1a447edfdb5484109c0662398b0d2a4f -> 
  custom:scripting/monoscript/fileName/TimberUnloadPlace.cs: 37128713035f60eb0534808b2759b0fd -> 
  custom:container-demuxer-webm: 4f35f7cbe854078d1ac9338744f61a02 -> 
  custom:scripting/monoscript/fileName/BalanceDisplay.cs: 757036e20ecf086f314be8dc85dfa015 -> 
  custom:scripting/monoscript/fileName/ForkliftMoneyHandler.cs: 7fb30a11ebadcb38c9ca3680404c1ff1 -> 
  custom:container-muxer-webm: aa71ff27fc2769a1b78a27578f13a17b -> 
  custom:video-decoder-webm-vp8: 9c59270c3fd7afecdb556c50c9e8de78 -> 
  custom:SearchIndexIgnoredProperties: e643bd26f0fe6173181afceb89e7c659 -> 
  custom:AudioImporter_EditorPlatform: d09bf68614088b80899f8185d706f6e7 -> 
  custom:scripting/monoscript/fileName/ItemContainer.cs: 1a247f583ad3aa68e4dbf69ec7511a7e -> 
  custom:video-encoder-webm-vp8: eb34c28f22e8b96e1ab97ce403110664 -> 
  custom:audio-decoder-ogg-vorbis: bf7c407c2cedff20999df2af8eb42d56 -> 
  custom:audio-encoder-webm-vorbis: bf7c407c2cedff20999df2af8eb42d56 -> 
  custom:scripting/precompiled-assembly-types:Assembly-CSharp: 6e47e798853c79cefa0b769aff168ee8 -> 898d7dc12b5aaae7dfacee678fc8dd41
========================================================================
Received Prepare
Caller must complete domain reload
Begin MonoManager ReloadAssembly
- Loaded All Assemblies, in  0.689 seconds
Native extension for WindowsStandalone target not found
Native extension for Android target not found
Native extension for WebGL target not found
[Package Manager] Server::EnsureServerProcessIsRunning -- launch failed, reason: Unity was launched with the -noUpm command-line argument
[Package Manager] UpmClient::Send -- Unable to send message (not connected to UPM process).
[Package Manager] Cannot connect to Unity Package Manager local server
Failed to sync packages list
UnityEngine.StackTraceUtility:ExtractStackTrace ()
UnityEngine.DebugLogHandler:LogFormat (UnityEngine.LogType,UnityEngine.Object,string,object[])
UnityEngine.Logger:Log (UnityEngine.LogType,object)
UnityEngine.Debug:LogWarning (object)
 .  / :MoveNext ()
System.Runtime.CompilerServices.AsyncVoidMethodBuilder:Start< .  / > ( .  / &)
 .  :  ()
 .⁪/ :MoveNext ()
System.Runtime.CompilerServices.AsyncTaskMethodBuilder:Start< .⁪/ > ( .⁪/ &)
 .⁪:  ()
System.Reflection.RuntimeMethodInfo:Invoke (object,System.Reflection.BindingFlags,System.Reflection.Binder,object[],System.Globalization.CultureInfo)
System.Reflection.MethodBase:Invoke (object,object[])
UnityEditor.EditorAssemblies:ProcessInitializeOnLoadMethodAttributes ()

Mono: successfully reloaded assembly
- Finished resetting the current domain, in  1.284 seconds
Domain Reload Profiling: 1967ms
	BeginReloadAssembly (213ms)
		ExecutionOrderSort (0ms)
		DisableScriptedObjects (7ms)
		BackupInstance (0ms)
		ReleaseScriptingObjects (0ms)
		CreateAndSetChildDomain (67ms)
	RebuildCommonClasses (43ms)
	RebuildNativeTypeToScriptingClass (18ms)
	initialDomainReloadingComplete (72ms)
	LoadAllAssembliesAndSetupDomain (337ms)
		LoadAssemblies (411ms)
		RebuildTransferFunctionScriptingTraits (0ms)
		AnalyzeDomain (22ms)
			TypeCache.Refresh (7ms)
				TypeCache.ScanAssembly (0ms)
			ScanForSourceGeneratedMonoScriptInfo (0ms)
			ResolveRequiredComponents (9ms)
	FinalizeReload (1284ms)
		ReleaseScriptCaches (0ms)
		RebuildScriptCaches (0ms)
		SetupLoadedEditorAssemblies (729ms)
			LogAssemblyErrors (0ms)
			InitializePlatformSupportModulesInManaged (45ms)
			SetLoadedEditorAssemblies (6ms)
			RefreshPlugins (0ms)
			BeforeProcessingInitializeOnLoad (86ms)
			ProcessInitializeOnLoadAttributes (521ms)
			ProcessInitializeOnLoadMethodAttributes (65ms)
			AfterProcessingInitializeOnLoad (6ms)
			EditorAssembliesLoaded (0ms)
		ExecutionOrderSort2 (0ms)
		AwakeInstancesAfterBackupRestoration (10ms)
Refreshing native plugins compatible for Editor in 4.11 ms, found 6 plugins.
Preloading 0 native plugins for Editor in 0.00 ms.
Release of invalid GC handle. The handle is from a previous domain. The release operation is skipped.
Release of invalid GC handle native callstack: 
0x00007ff79e68424d (Unity) StackWalker::GetCurrentCallstack
0x00007ff79e689329 (Unity) StackWalker::ShowCallstack
0x00007ff79f67dae1 (Unity) GetStacktrace
0x00007ff79e57f20d (Unity) ScriptingGCHandle::ReleaseAndClear
0x00007ff79eb4748c (Unity) UploadHandlerRaw::`vector deleting destructor'
0x00007ff79eb4803d (Unity) UploadHandler::Release
0x00007ff79eb448dd (Unity) UnityWebRequestProto<UnityWebRequestTransport,AtomicRefCounter,RedirectHelper,ResponseHelper,DownloadHandler,UploadHandler,CertificateHandler,HeaderHelper,AsyncOperation>::~UnityWebRequestProto<UnityWebRequestTransport,AtomicRefCounter,RedirectHelper,ResponseHelper,DownloadHandler,UploadHandler,CertificateHandler,HeaderHelper,AsyncOperation>
0x00007ff79eb44bd6 (Unity) UnityWebRequest::`vector deleting destructor'
0x00007ff79d894b77 (Unity) UnityWebRequestProto<UnityWebRequestTransport,AtomicRefCounter,RedirectHelper,ResponseHelper,DownloadHandler,UploadHandler,CertificateHandler,HeaderHelper,AsyncOperation>::Release
0x00007ff79eb46605 (Unity) UnityWebRequestAsyncOperation::InvokeCoroutine
0x00007ff79eb467e1 (Unity) UnityWebRequestProto<UnityWebRequestTransport,AtomicRefCounter,RedirectHelper,ResponseHelper,DownloadHandler,UploadHandler,CertificateHandler,HeaderHelper,AsyncOperation>::Job_InvokeCoroutine
0x00007ff79e1ab54a (Unity) BackgroundJobQueue::ExecuteMainThreadJobs
0x00007ff79e26005f (Unity) PreloadManager::WaitForAllAsyncOperationsToComplete
0x00007ff79fa23af8 (Unity) <lambda_b37b41f03089e3cb3f55061bbc93253d>::operator()
0x00007ff79fa5f422 (Unity) asio::detail::completion_handler<core::mutable_function<void __cdecl(void)>,asio::io_context::basic_executor_type<std::allocator<void>,0> >::do_complete
0x00007ff79fa4b3ce (Unity) asio::detail::win_iocp_io_context::do_one
0x00007ff79fa4d034 (Unity) asio::detail::win_iocp_io_context::run
0x00007ff79fa5d7cc (Unity) IOService::Run
0x00007ff79fa30c2f (Unity) AssetImportWorkerClient::Run
0x00007ff79f9fc3d7 (Unity) RunAssetImportWorkerClientV2
0x00007ff79f9fc45b (Unity) RunAssetImporterV2
0x00007ff79f1f31de (Unity) Application::InitializeProject
0x00007ff79f688795 (Unity) WinMain
0x00007ff7a0a535ce (Unity) __scrt_common_main_seh
0x00007ffa8b87e8d7 (KERNEL32) BaseThreadInitThunk
0x00007ffa8c1714fc (ntdll) RtlUserThreadStart
Unloading 3383 Unused Serialized files (Serialized files now loaded: 0)
Unloading 39 unused Assets / (1.0 MB). Loaded Objects now: 4471.
Memory consumption went from 152.5 MB to 151.5 MB.
Total: 5.040000 ms (FindLiveObjects: 0.300400 ms CreateObjectMapping: 0.226800 ms MarkObjects: 4.002700 ms  DeleteObjects: 0.508600 ms)

Prepare: number of updated asset objects reloaded= 0
AssetImportParameters requested are different than current active one (requested -> active):
  custom:container-demuxer-ogg: 62fdf1f143b41e24485cea50d1cbac27 -> 
  custom:scripting/monoscript/fileName/Tree.cs: dca7474b58f05e1dc61bb9deb148038d -> 
  custom:scripting/monoscript/fileName/MoneySystemTester.cs: c4f55682c9c7321853562efbfccd0650 -> 
  custom:scripting/monoscript/fileName/MoneyManager.cs: bb3bcc877f8bf4d07b9323d1968354a3 -> 
  custom:video-codec-MediaFoundation-h265: 746d11721c4dcdbdad8f713fa42b33f4 -> 
  custom:video-decoder-ogg-theora: a1e56fd34408186e4bbccfd4996cb3dc -> 
  custom:scripting/monoscript/fileName/Timber.cs: e3f520cc8fc09857160dc689c53c79e7 -> 
  custom:framework-win-MediaFoundation: 216162199b28c13a410421893ffa2e32 -> 
  custom:scripting/monoscript/fileName/Money.cs: 9c40cb0a308c8e4e1f5815ebef98078a -> 
  custom:CustomObjectIndexerAttribute: 9a22284fe3817be447336de3de66b15e -> 
  custom:scripting/monoscript/fileName/FillableBar3D.cs: 80e636c4221a570a1e77cd317386054a -> 
  custom:scripting/monoscript/fileName/ArrowController.cs: 1a447edfdb5484109c0662398b0d2a4f -> 
  custom:scripting/monoscript/fileName/TimberUnloadPlace.cs: 37128713035f60eb0534808b2759b0fd -> 
  custom:container-demuxer-webm: 4f35f7cbe854078d1ac9338744f61a02 -> 
  custom:scripting/monoscript/fileName/BalanceDisplay.cs: 757036e20ecf086f314be8dc85dfa015 -> 
  custom:scripting/monoscript/fileName/ForkliftMoneyHandler.cs: 7fb30a11ebadcb38c9ca3680404c1ff1 -> 
  custom:container-muxer-webm: aa71ff27fc2769a1b78a27578f13a17b -> 
  custom:video-decoder-webm-vp8: 9c59270c3fd7afecdb556c50c9e8de78 -> 
  custom:SearchIndexIgnoredProperties: e643bd26f0fe6173181afceb89e7c659 -> 
  custom:AudioImporter_EditorPlatform: d09bf68614088b80899f8185d706f6e7 -> 
  custom:scripting/monoscript/fileName/ItemContainer.cs: 1a247f583ad3aa68e4dbf69ec7511a7e -> 
  custom:video-encoder-webm-vp8: eb34c28f22e8b96e1ab97ce403110664 -> 
  custom:audio-decoder-ogg-vorbis: bf7c407c2cedff20999df2af8eb42d56 -> 
  custom:audio-encoder-webm-vorbis: bf7c407c2cedff20999df2af8eb42d56 -> 
  custom:scripting/precompiled-assembly-types:Assembly-CSharp: 6e47e798853c79cefa0b769aff168ee8 -> 898d7dc12b5aaae7dfacee678fc8dd41
========================================================================
Received Prepare
Caller must complete domain reload
Begin MonoManager ReloadAssembly
- Loaded All Assemblies, in  0.637 seconds
Native extension for WindowsStandalone target not found
Native extension for Android target not found
Native extension for WebGL target not found
[Package Manager] Server::EnsureServerProcessIsRunning -- launch failed, reason: Unity was launched with the -noUpm command-line argument
[Package Manager] UpmClient::Send -- Unable to send message (not connected to UPM process).
[Package Manager] Cannot connect to Unity Package Manager local server
Failed to sync packages list
UnityEngine.StackTraceUtility:ExtractStackTrace ()
UnityEngine.DebugLogHandler:LogFormat (UnityEngine.LogType,UnityEngine.Object,string,object[])
UnityEngine.Logger:Log (UnityEngine.LogType,object)
UnityEngine.Debug:LogWarning (object)
 .  / :MoveNext ()
System.Runtime.CompilerServices.AsyncVoidMethodBuilder:Start< .  / > ( .  / &)
 .  :  ()
 .⁪/ :MoveNext ()
System.Runtime.CompilerServices.AsyncTaskMethodBuilder:Start< .⁪/ > ( .⁪/ &)
 .⁪:  ()
System.Reflection.RuntimeMethodInfo:Invoke (object,System.Reflection.BindingFlags,System.Reflection.Binder,object[],System.Globalization.CultureInfo)
System.Reflection.MethodBase:Invoke (object,object[])
UnityEditor.EditorAssemblies:ProcessInitializeOnLoadMethodAttributes ()

Mono: successfully reloaded assembly
- Finished resetting the current domain, in  1.336 seconds
Domain Reload Profiling: 1972ms
	BeginReloadAssembly (209ms)
		ExecutionOrderSort (0ms)
		DisableScriptedObjects (7ms)
		BackupInstance (0ms)
		ReleaseScriptingObjects (0ms)
		CreateAndSetChildDomain (45ms)
	RebuildCommonClasses (47ms)
	RebuildNativeTypeToScriptingClass (15ms)
	initialDomainReloadingComplete (39ms)
	LoadAllAssembliesAndSetupDomain (324ms)
		LoadAssemblies (404ms)
		RebuildTransferFunctionScriptingTraits (0ms)
		AnalyzeDomain (33ms)
			TypeCache.Refresh (11ms)
				TypeCache.ScanAssembly (1ms)
			ScanForSourceGeneratedMonoScriptInfo (8ms)
			ResolveRequiredComponents (9ms)
	FinalizeReload (1337ms)
		ReleaseScriptCaches (0ms)
		RebuildScriptCaches (0ms)
		SetupLoadedEditorAssemblies (755ms)
			LogAssemblyErrors (0ms)
			InitializePlatformSupportModulesInManaged (32ms)
			SetLoadedEditorAssemblies (6ms)
			RefreshPlugins (0ms)
			BeforeProcessingInitializeOnLoad (90ms)
			ProcessInitializeOnLoadAttributes (557ms)
			ProcessInitializeOnLoadMethodAttributes (63ms)
			AfterProcessingInitializeOnLoad (5ms)
			EditorAssembliesLoaded (0ms)
		ExecutionOrderSort2 (0ms)
		AwakeInstancesAfterBackupRestoration (10ms)
Refreshing native plugins compatible for Editor in 6.35 ms, found 6 plugins.
Preloading 0 native plugins for Editor in 0.00 ms.
Release of invalid GC handle. The handle is from a previous domain. The release operation is skipped.
Release of invalid GC handle native callstack: 
0x00007ff79e68424d (Unity) StackWalker::GetCurrentCallstack
0x00007ff79e689329 (Unity) StackWalker::ShowCallstack
0x00007ff79f67dae1 (Unity) GetStacktrace
0x00007ff79e57f20d (Unity) ScriptingGCHandle::ReleaseAndClear
0x00007ff79eb4748c (Unity) UploadHandlerRaw::`vector deleting destructor'
0x00007ff79eb4803d (Unity) UploadHandler::Release
0x00007ff79eb448dd (Unity) UnityWebRequestProto<UnityWebRequestTransport,AtomicRefCounter,RedirectHelper,ResponseHelper,DownloadHandler,UploadHandler,CertificateHandler,HeaderHelper,AsyncOperation>::~UnityWebRequestProto<UnityWebRequestTransport,AtomicRefCounter,RedirectHelper,ResponseHelper,DownloadHandler,UploadHandler,CertificateHandler,HeaderHelper,AsyncOperation>
0x00007ff79eb44bd6 (Unity) UnityWebRequest::`vector deleting destructor'
0x00007ff79d894b77 (Unity) UnityWebRequestProto<UnityWebRequestTransport,AtomicRefCounter,RedirectHelper,ResponseHelper,DownloadHandler,UploadHandler,CertificateHandler,HeaderHelper,AsyncOperation>::Release
0x00007ff79eb46605 (Unity) UnityWebRequestAsyncOperation::InvokeCoroutine
0x00007ff79eb467e1 (Unity) UnityWebRequestProto<UnityWebRequestTransport,AtomicRefCounter,RedirectHelper,ResponseHelper,DownloadHandler,UploadHandler,CertificateHandler,HeaderHelper,AsyncOperation>::Job_InvokeCoroutine
0x00007ff79e1ab54a (Unity) BackgroundJobQueue::ExecuteMainThreadJobs
0x00007ff79e26005f (Unity) PreloadManager::WaitForAllAsyncOperationsToComplete
0x00007ff79fa23af8 (Unity) <lambda_b37b41f03089e3cb3f55061bbc93253d>::operator()
0x00007ff79fa5f422 (Unity) asio::detail::completion_handler<core::mutable_function<void __cdecl(void)>,asio::io_context::basic_executor_type<std::allocator<void>,0> >::do_complete
0x00007ff79fa4b3ce (Unity) asio::detail::win_iocp_io_context::do_one
0x00007ff79fa4d034 (Unity) asio::detail::win_iocp_io_context::run
0x00007ff79fa5d7cc (Unity) IOService::Run
0x00007ff79fa30c2f (Unity) AssetImportWorkerClient::Run
0x00007ff79f9fc3d7 (Unity) RunAssetImportWorkerClientV2
0x00007ff79f9fc45b (Unity) RunAssetImporterV2
0x00007ff79f1f31de (Unity) Application::InitializeProject
0x00007ff79f688795 (Unity) WinMain
0x00007ff7a0a535ce (Unity) __scrt_common_main_seh
0x00007ffa8b87e8d7 (KERNEL32) BaseThreadInitThunk
0x00007ffa8c1714fc (ntdll) RtlUserThreadStart
Unloading 3383 Unused Serialized files (Serialized files now loaded: 0)
Unloading 39 unused Assets / (1.0 MB). Loaded Objects now: 4476.
Memory consumption went from 152.6 MB to 151.6 MB.
Total: 6.303100 ms (FindLiveObjects: 0.292000 ms CreateObjectMapping: 0.121400 ms MarkObjects: 5.304200 ms  DeleteObjects: 0.583900 ms)

Prepare: number of updated asset objects reloaded= 0
AssetImportParameters requested are different than current active one (requested -> active):
  custom:container-demuxer-ogg: 62fdf1f143b41e24485cea50d1cbac27 -> 
  custom:scripting/monoscript/fileName/Tree.cs: dca7474b58f05e1dc61bb9deb148038d -> 
  custom:scripting/monoscript/fileName/MoneySystemTester.cs: c4f55682c9c7321853562efbfccd0650 -> 
  custom:scripting/monoscript/fileName/MoneyManager.cs: bb3bcc877f8bf4d07b9323d1968354a3 -> 
  custom:video-codec-MediaFoundation-h265: 746d11721c4dcdbdad8f713fa42b33f4 -> 
  custom:video-decoder-ogg-theora: a1e56fd34408186e4bbccfd4996cb3dc -> 
  custom:scripting/monoscript/fileName/Timber.cs: e3f520cc8fc09857160dc689c53c79e7 -> 
  custom:framework-win-MediaFoundation: 216162199b28c13a410421893ffa2e32 -> 
  custom:scripting/monoscript/fileName/Money.cs: 9c40cb0a308c8e4e1f5815ebef98078a -> 
  custom:CustomObjectIndexerAttribute: 9a22284fe3817be447336de3de66b15e -> 
  custom:scripting/monoscript/fileName/FillableBar3D.cs: 80e636c4221a570a1e77cd317386054a -> 
  custom:scripting/monoscript/fileName/ArrowController.cs: 1a447edfdb5484109c0662398b0d2a4f -> 
  custom:scripting/monoscript/fileName/TimberUnloadPlace.cs: 37128713035f60eb0534808b2759b0fd -> 
  custom:container-demuxer-webm: 4f35f7cbe854078d1ac9338744f61a02 -> 
  custom:scripting/monoscript/fileName/BalanceDisplay.cs: 757036e20ecf086f314be8dc85dfa015 -> 
  custom:scripting/monoscript/fileName/ForkliftMoneyHandler.cs: 7fb30a11ebadcb38c9ca3680404c1ff1 -> 
  custom:container-muxer-webm: aa71ff27fc2769a1b78a27578f13a17b -> 
  custom:video-decoder-webm-vp8: 9c59270c3fd7afecdb556c50c9e8de78 -> 
  custom:SearchIndexIgnoredProperties: e643bd26f0fe6173181afceb89e7c659 -> 
  custom:AudioImporter_EditorPlatform: d09bf68614088b80899f8185d706f6e7 -> 
  custom:scripting/monoscript/fileName/ItemContainer.cs: 1a247f583ad3aa68e4dbf69ec7511a7e -> 
  custom:video-encoder-webm-vp8: eb34c28f22e8b96e1ab97ce403110664 -> 
  custom:audio-decoder-ogg-vorbis: bf7c407c2cedff20999df2af8eb42d56 -> 
  custom:audio-encoder-webm-vorbis: bf7c407c2cedff20999df2af8eb42d56 -> 
  custom:scripting/precompiled-assembly-types:Assembly-CSharp: 6e47e798853c79cefa0b769aff168ee8 -> 898d7dc12b5aaae7dfacee678fc8dd41
========================================================================
Received Prepare
Caller must complete domain reload
Begin MonoManager ReloadAssembly
- Loaded All Assemblies, in  0.619 seconds
Native extension for WindowsStandalone target not found
Native extension for Android target not found
Native extension for WebGL target not found
[Package Manager] Server::EnsureServerProcessIsRunning -- launch failed, reason: Unity was launched with the -noUpm command-line argument
[Package Manager] UpmClient::Send -- Unable to send message (not connected to UPM process).
[Package Manager] Cannot connect to Unity Package Manager local server
Failed to sync packages list
UnityEngine.StackTraceUtility:ExtractStackTrace ()
UnityEngine.DebugLogHandler:LogFormat (UnityEngine.LogType,UnityEngine.Object,string,object[])
UnityEngine.Logger:Log (UnityEngine.LogType,object)
UnityEngine.Debug:LogWarning (object)
 .  / :MoveNext ()
System.Runtime.CompilerServices.AsyncVoidMethodBuilder:Start< .  / > ( .  / &)
 .  :  ()
 .⁪/ :MoveNext ()
System.Runtime.CompilerServices.AsyncTaskMethodBuilder:Start< .⁪/ > ( .⁪/ &)
 .⁪:  ()
System.Reflection.RuntimeMethodInfo:Invoke (object,System.Reflection.BindingFlags,System.Reflection.Binder,object[],System.Globalization.CultureInfo)
System.Reflection.MethodBase:Invoke (object,object[])
UnityEditor.EditorAssemblies:ProcessInitializeOnLoadMethodAttributes ()

Mono: successfully reloaded assembly
- Finished resetting the current domain, in  1.350 seconds
Domain Reload Profiling: 1968ms
	BeginReloadAssembly (215ms)
		ExecutionOrderSort (0ms)
		DisableScriptedObjects (7ms)
		BackupInstance (0ms)
		ReleaseScriptingObjects (0ms)
		CreateAndSetChildDomain (45ms)
	RebuildCommonClasses (42ms)
	RebuildNativeTypeToScriptingClass (16ms)
	initialDomainReloadingComplete (43ms)
	LoadAllAssembliesAndSetupDomain (302ms)
		LoadAssemblies (398ms)
		RebuildTransferFunctionScriptingTraits (0ms)
		AnalyzeDomain (23ms)
			TypeCache.Refresh (7ms)
				TypeCache.ScanAssembly (0ms)
			ScanForSourceGeneratedMonoScriptInfo (0ms)
			ResolveRequiredComponents (10ms)
	FinalizeReload (1351ms)
		ReleaseScriptCaches (0ms)
		RebuildScriptCaches (0ms)
		SetupLoadedEditorAssemblies (744ms)
			LogAssemblyErrors (0ms)
			InitializePlatformSupportModulesInManaged (26ms)
			SetLoadedEditorAssemblies (7ms)
			RefreshPlugins (0ms)
			BeforeProcessingInitializeOnLoad (83ms)
			ProcessInitializeOnLoadAttributes (552ms)
			ProcessInitializeOnLoadMethodAttributes (71ms)
			AfterProcessingInitializeOnLoad (5ms)
			EditorAssembliesLoaded (0ms)
		ExecutionOrderSort2 (0ms)
		AwakeInstancesAfterBackupRestoration (9ms)
Refreshing native plugins compatible for Editor in 6.74 ms, found 6 plugins.
Preloading 0 native plugins for Editor in 0.00 ms.
Release of invalid GC handle. The handle is from a previous domain. The release operation is skipped.
Release of invalid GC handle native callstack: 
0x00007ff79e68424d (Unity) StackWalker::GetCurrentCallstack
0x00007ff79e689329 (Unity) StackWalker::ShowCallstack
0x00007ff79f67dae1 (Unity) GetStacktrace
0x00007ff79e57f20d (Unity) ScriptingGCHandle::ReleaseAndClear
0x00007ff79eb4748c (Unity) UploadHandlerRaw::`vector deleting destructor'
0x00007ff79eb4803d (Unity) UploadHandler::Release
0x00007ff79eb448dd (Unity) UnityWebRequestProto<UnityWebRequestTransport,AtomicRefCounter,RedirectHelper,ResponseHelper,DownloadHandler,UploadHandler,CertificateHandler,HeaderHelper,AsyncOperation>::~UnityWebRequestProto<UnityWebRequestTransport,AtomicRefCounter,RedirectHelper,ResponseHelper,DownloadHandler,UploadHandler,CertificateHandler,HeaderHelper,AsyncOperation>
0x00007ff79eb44bd6 (Unity) UnityWebRequest::`vector deleting destructor'
0x00007ff79d894b77 (Unity) UnityWebRequestProto<UnityWebRequestTransport,AtomicRefCounter,RedirectHelper,ResponseHelper,DownloadHandler,UploadHandler,CertificateHandler,HeaderHelper,AsyncOperation>::Release
0x00007ff79eb46605 (Unity) UnityWebRequestAsyncOperation::InvokeCoroutine
0x00007ff79eb467e1 (Unity) UnityWebRequestProto<UnityWebRequestTransport,AtomicRefCounter,RedirectHelper,ResponseHelper,DownloadHandler,UploadHandler,CertificateHandler,HeaderHelper,AsyncOperation>::Job_InvokeCoroutine
0x00007ff79e1ab54a (Unity) BackgroundJobQueue::ExecuteMainThreadJobs
0x00007ff79e26005f (Unity) PreloadManager::WaitForAllAsyncOperationsToComplete
0x00007ff79fa23af8 (Unity) <lambda_b37b41f03089e3cb3f55061bbc93253d>::operator()
0x00007ff79fa5f422 (Unity) asio::detail::completion_handler<core::mutable_function<void __cdecl(void)>,asio::io_context::basic_executor_type<std::allocator<void>,0> >::do_complete
0x00007ff79fa4b3ce (Unity) asio::detail::win_iocp_io_context::do_one
0x00007ff79fa4d034 (Unity) asio::detail::win_iocp_io_context::run
0x00007ff79fa5d7cc (Unity) IOService::Run
0x00007ff79fa30c2f (Unity) AssetImportWorkerClient::Run
0x00007ff79f9fc3d7 (Unity) RunAssetImportWorkerClientV2
0x00007ff79f9fc45b (Unity) RunAssetImporterV2
0x00007ff79f1f31de (Unity) Application::InitializeProject
0x00007ff79f688795 (Unity) WinMain
0x00007ff7a0a535ce (Unity) __scrt_common_main_seh
0x00007ffa8b87e8d7 (KERNEL32) BaseThreadInitThunk
0x00007ffa8c1714fc (ntdll) RtlUserThreadStart
Unloading 3383 Unused Serialized files (Serialized files now loaded: 0)
Unloading 39 unused Assets / (1.0 MB). Loaded Objects now: 4481.
Memory consumption went from 152.8 MB to 151.8 MB.
Total: 5.843000 ms (FindLiveObjects: 0.300900 ms CreateObjectMapping: 0.124100 ms MarkObjects: 4.721300 ms  DeleteObjects: 0.694700 ms)

Prepare: number of updated asset objects reloaded= 0
AssetImportParameters requested are different than current active one (requested -> active):
  custom:container-demuxer-ogg: 62fdf1f143b41e24485cea50d1cbac27 -> 
  custom:scripting/monoscript/fileName/Tree.cs: dca7474b58f05e1dc61bb9deb148038d -> 
  custom:scripting/monoscript/fileName/MoneySystemTester.cs: c4f55682c9c7321853562efbfccd0650 -> 
  custom:scripting/monoscript/fileName/MoneyManager.cs: bb3bcc877f8bf4d07b9323d1968354a3 -> 
  custom:video-codec-MediaFoundation-h265: 746d11721c4dcdbdad8f713fa42b33f4 -> 
  custom:video-decoder-ogg-theora: a1e56fd34408186e4bbccfd4996cb3dc -> 
  custom:scripting/monoscript/fileName/Timber.cs: e3f520cc8fc09857160dc689c53c79e7 -> 
  custom:framework-win-MediaFoundation: 216162199b28c13a410421893ffa2e32 -> 
  custom:scripting/monoscript/fileName/Money.cs: 9c40cb0a308c8e4e1f5815ebef98078a -> 
  custom:CustomObjectIndexerAttribute: 9a22284fe3817be447336de3de66b15e -> 
  custom:scripting/monoscript/fileName/FillableBar3D.cs: 80e636c4221a570a1e77cd317386054a -> 
  custom:scripting/monoscript/fileName/ArrowController.cs: 1a447edfdb5484109c0662398b0d2a4f -> 
  custom:scripting/monoscript/fileName/TimberUnloadPlace.cs: 37128713035f60eb0534808b2759b0fd -> 
  custom:container-demuxer-webm: 4f35f7cbe854078d1ac9338744f61a02 -> 
  custom:scripting/monoscript/fileName/BalanceDisplay.cs: 757036e20ecf086f314be8dc85dfa015 -> 
  custom:scripting/monoscript/fileName/ForkliftMoneyHandler.cs: 7fb30a11ebadcb38c9ca3680404c1ff1 -> 
  custom:container-muxer-webm: aa71ff27fc2769a1b78a27578f13a17b -> 
  custom:video-decoder-webm-vp8: 9c59270c3fd7afecdb556c50c9e8de78 -> 
  custom:SearchIndexIgnoredProperties: e643bd26f0fe6173181afceb89e7c659 -> 
  custom:AudioImporter_EditorPlatform: d09bf68614088b80899f8185d706f6e7 -> 
  custom:scripting/monoscript/fileName/ItemContainer.cs: 1a247f583ad3aa68e4dbf69ec7511a7e -> 
  custom:video-encoder-webm-vp8: eb34c28f22e8b96e1ab97ce403110664 -> 
  custom:audio-decoder-ogg-vorbis: bf7c407c2cedff20999df2af8eb42d56 -> 
  custom:audio-encoder-webm-vorbis: bf7c407c2cedff20999df2af8eb42d56 -> 
  custom:scripting/precompiled-assembly-types:Assembly-CSharp: 6e47e798853c79cefa0b769aff168ee8 -> 898d7dc12b5aaae7dfacee678fc8dd41
========================================================================
Received Prepare
Caller must complete domain reload
Begin MonoManager ReloadAssembly
- Loaded All Assemblies, in  0.697 seconds
Native extension for WindowsStandalone target not found
Native extension for Android target not found
Native extension for WebGL target not found
[Package Manager] Server::EnsureServerProcessIsRunning -- launch failed, reason: Unity was launched with the -noUpm command-line argument
[Package Manager] UpmClient::Send -- Unable to send message (not connected to UPM process).
[Package Manager] Cannot connect to Unity Package Manager local server
Failed to sync packages list
UnityEngine.StackTraceUtility:ExtractStackTrace ()
UnityEngine.DebugLogHandler:LogFormat (UnityEngine.LogType,UnityEngine.Object,string,object[])
UnityEngine.Logger:Log (UnityEngine.LogType,object)
UnityEngine.Debug:LogWarning (object)
 .  / :MoveNext ()
System.Runtime.CompilerServices.AsyncVoidMethodBuilder:Start< .  / > ( .  / &)
 .  :  ()
 .⁪/ :MoveNext ()
System.Runtime.CompilerServices.AsyncTaskMethodBuilder:Start< .⁪/ > ( .⁪/ &)
 .⁪:  ()
System.Reflection.RuntimeMethodInfo:Invoke (object,System.Reflection.BindingFlags,System.Reflection.Binder,object[],System.Globalization.CultureInfo)
System.Reflection.MethodBase:Invoke (object,object[])
UnityEditor.EditorAssemblies:ProcessInitializeOnLoadMethodAttributes ()

Mono: successfully reloaded assembly
- Finished resetting the current domain, in  1.358 seconds
Domain Reload Profiling: 2053ms
	BeginReloadAssembly (205ms)
		ExecutionOrderSort (0ms)
		DisableScriptedObjects (8ms)
		BackupInstance (0ms)
		ReleaseScriptingObjects (0ms)
		CreateAndSetChildDomain (44ms)
	RebuildCommonClasses (100ms)
	RebuildNativeTypeToScriptingClass (27ms)
	initialDomainReloadingComplete (46ms)
	LoadAllAssembliesAndSetupDomain (317ms)
		LoadAssemblies (398ms)
		RebuildTransferFunctionScriptingTraits (0ms)
		AnalyzeDomain (31ms)
			TypeCache.Refresh (11ms)
				TypeCache.ScanAssembly (1ms)
			ScanForSourceGeneratedMonoScriptInfo (8ms)
			ResolveRequiredComponents (8ms)
	FinalizeReload (1359ms)
		ReleaseScriptCaches (0ms)
		RebuildScriptCaches (0ms)
		SetupLoadedEditorAssemblies (723ms)
			LogAssemblyErrors (0ms)
			InitializePlatformSupportModulesInManaged (25ms)
			SetLoadedEditorAssemblies (7ms)
			RefreshPlugins (0ms)
			BeforeProcessingInitializeOnLoad (87ms)
			ProcessInitializeOnLoadAttributes (532ms)
			ProcessInitializeOnLoadMethodAttributes (66ms)
			AfterProcessingInitializeOnLoad (6ms)
			EditorAssembliesLoaded (0ms)
		ExecutionOrderSort2 (0ms)
		AwakeInstancesAfterBackupRestoration (9ms)
Refreshing native plugins compatible for Editor in 4.87 ms, found 6 plugins.
Preloading 0 native plugins for Editor in 0.00 ms.
Release of invalid GC handle. The handle is from a previous domain. The release operation is skipped.
Release of invalid GC handle native callstack: 
0x00007ff79e68424d (Unity) StackWalker::GetCurrentCallstack
0x00007ff79e689329 (Unity) StackWalker::ShowCallstack
0x00007ff79f67dae1 (Unity) GetStacktrace
0x00007ff79e57f20d (Unity) ScriptingGCHandle::ReleaseAndClear
0x00007ff79eb4748c (Unity) UploadHandlerRaw::`vector deleting destructor'
0x00007ff79eb4803d (Unity) UploadHandler::Release
0x00007ff79eb448dd (Unity) UnityWebRequestProto<UnityWebRequestTransport,AtomicRefCounter,RedirectHelper,ResponseHelper,DownloadHandler,UploadHandler,CertificateHandler,HeaderHelper,AsyncOperation>::~UnityWebRequestProto<UnityWebRequestTransport,AtomicRefCounter,RedirectHelper,ResponseHelper,DownloadHandler,UploadHandler,CertificateHandler,HeaderHelper,AsyncOperation>
0x00007ff79eb44bd6 (Unity) UnityWebRequest::`vector deleting destructor'
0x00007ff79d894b77 (Unity) UnityWebRequestProto<UnityWebRequestTransport,AtomicRefCounter,RedirectHelper,ResponseHelper,DownloadHandler,UploadHandler,CertificateHandler,HeaderHelper,AsyncOperation>::Release
0x00007ff79eb46605 (Unity) UnityWebRequestAsyncOperation::InvokeCoroutine
0x00007ff79eb467e1 (Unity) UnityWebRequestProto<UnityWebRequestTransport,AtomicRefCounter,RedirectHelper,ResponseHelper,DownloadHandler,UploadHandler,CertificateHandler,HeaderHelper,AsyncOperation>::Job_InvokeCoroutine
0x00007ff79e1ab54a (Unity) BackgroundJobQueue::ExecuteMainThreadJobs
0x00007ff79e26005f (Unity) PreloadManager::WaitForAllAsyncOperationsToComplete
0x00007ff79fa23af8 (Unity) <lambda_b37b41f03089e3cb3f55061bbc93253d>::operator()
0x00007ff79fa5f422 (Unity) asio::detail::completion_handler<core::mutable_function<void __cdecl(void)>,asio::io_context::basic_executor_type<std::allocator<void>,0> >::do_complete
0x00007ff79fa4b3ce (Unity) asio::detail::win_iocp_io_context::do_one
0x00007ff79fa4d034 (Unity) asio::detail::win_iocp_io_context::run
0x00007ff79fa5d7cc (Unity) IOService::Run
0x00007ff79fa30c2f (Unity) AssetImportWorkerClient::Run
0x00007ff79f9fc3d7 (Unity) RunAssetImportWorkerClientV2
0x00007ff79f9fc45b (Unity) RunAssetImporterV2
0x00007ff79f1f31de (Unity) Application::InitializeProject
0x00007ff79f688795 (Unity) WinMain
0x00007ff7a0a535ce (Unity) __scrt_common_main_seh
0x00007ffa8b87e8d7 (KERNEL32) BaseThreadInitThunk
0x00007ffa8c1714fc (ntdll) RtlUserThreadStart
Unloading 3383 Unused Serialized files (Serialized files now loaded: 0)
Unloading 39 unused Assets / (1.0 MB). Loaded Objects now: 4486.
Memory consumption went from 152.9 MB to 151.9 MB.
Total: 5.564600 ms (FindLiveObjects: 0.314100 ms CreateObjectMapping: 0.118500 ms MarkObjects: 4.187100 ms  DeleteObjects: 0.943000 ms)

Prepare: number of updated asset objects reloaded= 0
AssetImportParameters requested are different than current active one (requested -> active):
  custom:container-demuxer-ogg: 62fdf1f143b41e24485cea50d1cbac27 -> 
  custom:scripting/monoscript/fileName/Tree.cs: dca7474b58f05e1dc61bb9deb148038d -> 
  custom:scripting/monoscript/fileName/MoneySystemTester.cs: c4f55682c9c7321853562efbfccd0650 -> 
  custom:scripting/monoscript/fileName/MoneyManager.cs: bb3bcc877f8bf4d07b9323d1968354a3 -> 
  custom:video-codec-MediaFoundation-h265: 746d11721c4dcdbdad8f713fa42b33f4 -> 
  custom:video-decoder-ogg-theora: a1e56fd34408186e4bbccfd4996cb3dc -> 
  custom:scripting/monoscript/fileName/Timber.cs: e3f520cc8fc09857160dc689c53c79e7 -> 
  custom:framework-win-MediaFoundation: 216162199b28c13a410421893ffa2e32 -> 
  custom:scripting/monoscript/fileName/Money.cs: 9c40cb0a308c8e4e1f5815ebef98078a -> 
  custom:CustomObjectIndexerAttribute: 9a22284fe3817be447336de3de66b15e -> 
  custom:scripting/monoscript/fileName/FillableBar3D.cs: 80e636c4221a570a1e77cd317386054a -> 
  custom:scripting/monoscript/fileName/ArrowController.cs: 1a447edfdb5484109c0662398b0d2a4f -> 
  custom:scripting/monoscript/fileName/TimberUnloadPlace.cs: 37128713035f60eb0534808b2759b0fd -> 
  custom:container-demuxer-webm: 4f35f7cbe854078d1ac9338744f61a02 -> 
  custom:scripting/monoscript/fileName/BalanceDisplay.cs: 757036e20ecf086f314be8dc85dfa015 -> 
  custom:scripting/monoscript/fileName/ForkliftMoneyHandler.cs: 7fb30a11ebadcb38c9ca3680404c1ff1 -> 
  custom:container-muxer-webm: aa71ff27fc2769a1b78a27578f13a17b -> 
  custom:video-decoder-webm-vp8: 9c59270c3fd7afecdb556c50c9e8de78 -> 
  custom:SearchIndexIgnoredProperties: e643bd26f0fe6173181afceb89e7c659 -> 
  custom:AudioImporter_EditorPlatform: d09bf68614088b80899f8185d706f6e7 -> 
  custom:scripting/monoscript/fileName/ItemContainer.cs: 1a247f583ad3aa68e4dbf69ec7511a7e -> 
  custom:video-encoder-webm-vp8: eb34c28f22e8b96e1ab97ce403110664 -> 
  custom:audio-decoder-ogg-vorbis: bf7c407c2cedff20999df2af8eb42d56 -> 
  custom:audio-encoder-webm-vorbis: bf7c407c2cedff20999df2af8eb42d56 -> 
  custom:scripting/precompiled-assembly-types:Assembly-CSharp: 6e47e798853c79cefa0b769aff168ee8 -> 898d7dc12b5aaae7dfacee678fc8dd41
========================================================================
Received Prepare
Caller must complete domain reload
Begin MonoManager ReloadAssembly
- Loaded All Assemblies, in  0.637 seconds
Native extension for WindowsStandalone target not found
Native extension for Android target not found
Native extension for WebGL target not found
[Package Manager] Server::EnsureServerProcessIsRunning -- launch failed, reason: Unity was launched with the -noUpm command-line argument
[Package Manager] UpmClient::Send -- Unable to send message (not connected to UPM process).
[Package Manager] Cannot connect to Unity Package Manager local server
Failed to sync packages list
UnityEngine.StackTraceUtility:ExtractStackTrace ()
UnityEngine.DebugLogHandler:LogFormat (UnityEngine.LogType,UnityEngine.Object,string,object[])
UnityEngine.Logger:Log (UnityEngine.LogType,object)
UnityEngine.Debug:LogWarning (object)
 .  / :MoveNext ()
System.Runtime.CompilerServices.AsyncVoidMethodBuilder:Start< .  / > ( .  / &)
 .  :  ()
 .⁪/ :MoveNext ()
System.Runtime.CompilerServices.AsyncTaskMethodBuilder:Start< .⁪/ > ( .⁪/ &)
 .⁪:  ()
System.Reflection.RuntimeMethodInfo:Invoke (object,System.Reflection.BindingFlags,System.Reflection.Binder,object[],System.Globalization.CultureInfo)
System.Reflection.MethodBase:Invoke (object,object[])
UnityEditor.EditorAssemblies:ProcessInitializeOnLoadMethodAttributes ()

Mono: successfully reloaded assembly
- Finished resetting the current domain, in  1.321 seconds
Domain Reload Profiling: 1965ms
	BeginReloadAssembly (214ms)
		ExecutionOrderSort (0ms)
		DisableScriptedObjects (7ms)
		BackupInstance (0ms)
		ReleaseScriptingObjects (0ms)
		CreateAndSetChildDomain (45ms)
	RebuildCommonClasses (46ms)
	RebuildNativeTypeToScriptingClass (17ms)
	initialDomainReloadingComplete (39ms)
	LoadAllAssembliesAndSetupDomain (318ms)
		LoadAssemblies (418ms)
		RebuildTransferFunctionScriptingTraits (0ms)
		AnalyzeDomain (19ms)
			TypeCache.Refresh (7ms)
				TypeCache.ScanAssembly (0ms)
			ScanForSourceGeneratedMonoScriptInfo (0ms)
			ResolveRequiredComponents (8ms)
	FinalizeReload (1330ms)
		ReleaseScriptCaches (0ms)
		RebuildScriptCaches (0ms)
		SetupLoadedEditorAssemblies (767ms)
			LogAssemblyErrors (0ms)
			InitializePlatformSupportModulesInManaged (25ms)
			SetLoadedEditorAssemblies (7ms)
			RefreshPlugins (0ms)
			BeforeProcessingInitializeOnLoad (91ms)
			ProcessInitializeOnLoadAttributes (576ms)
			ProcessInitializeOnLoadMethodAttributes (60ms)
			AfterProcessingInitializeOnLoad (8ms)
			EditorAssembliesLoaded (0ms)
		ExecutionOrderSort2 (0ms)
		AwakeInstancesAfterBackupRestoration (10ms)
Refreshing native plugins compatible for Editor in 7.39 ms, found 6 plugins.
Preloading 0 native plugins for Editor in 0.00 ms.
Release of invalid GC handle. The handle is from a previous domain. The release operation is skipped.
Release of invalid GC handle native callstack: 
0x00007ff79e68424d (Unity) StackWalker::GetCurrentCallstack
0x00007ff79e689329 (Unity) StackWalker::ShowCallstack
0x00007ff79f67dae1 (Unity) GetStacktrace
0x00007ff79e57f20d (Unity) ScriptingGCHandle::ReleaseAndClear
0x00007ff79eb4748c (Unity) UploadHandlerRaw::`vector deleting destructor'
0x00007ff79eb4803d (Unity) UploadHandler::Release
0x00007ff79eb448dd (Unity) UnityWebRequestProto<UnityWebRequestTransport,AtomicRefCounter,RedirectHelper,ResponseHelper,DownloadHandler,UploadHandler,CertificateHandler,HeaderHelper,AsyncOperation>::~UnityWebRequestProto<UnityWebRequestTransport,AtomicRefCounter,RedirectHelper,ResponseHelper,DownloadHandler,UploadHandler,CertificateHandler,HeaderHelper,AsyncOperation>
0x00007ff79eb44bd6 (Unity) UnityWebRequest::`vector deleting destructor'
0x00007ff79d894b77 (Unity) UnityWebRequestProto<UnityWebRequestTransport,AtomicRefCounter,RedirectHelper,ResponseHelper,DownloadHandler,UploadHandler,CertificateHandler,HeaderHelper,AsyncOperation>::Release
0x00007ff79eb46605 (Unity) UnityWebRequestAsyncOperation::InvokeCoroutine
0x00007ff79eb467e1 (Unity) UnityWebRequestProto<UnityWebRequestTransport,AtomicRefCounter,RedirectHelper,ResponseHelper,DownloadHandler,UploadHandler,CertificateHandler,HeaderHelper,AsyncOperation>::Job_InvokeCoroutine
0x00007ff79e1ab54a (Unity) BackgroundJobQueue::ExecuteMainThreadJobs
0x00007ff79e26005f (Unity) PreloadManager::WaitForAllAsyncOperationsToComplete
0x00007ff79fa23af8 (Unity) <lambda_b37b41f03089e3cb3f55061bbc93253d>::operator()
0x00007ff79fa5f422 (Unity) asio::detail::completion_handler<core::mutable_function<void __cdecl(void)>,asio::io_context::basic_executor_type<std::allocator<void>,0> >::do_complete
0x00007ff79fa4b3ce (Unity) asio::detail::win_iocp_io_context::do_one
0x00007ff79fa4d034 (Unity) asio::detail::win_iocp_io_context::run
0x00007ff79fa5d7cc (Unity) IOService::Run
0x00007ff79fa30c2f (Unity) AssetImportWorkerClient::Run
0x00007ff79f9fc3d7 (Unity) RunAssetImportWorkerClientV2
0x00007ff79f9fc45b (Unity) RunAssetImporterV2
0x00007ff79f1f31de (Unity) Application::InitializeProject
0x00007ff79f688795 (Unity) WinMain
0x00007ff7a0a535ce (Unity) __scrt_common_main_seh
0x00007ffa8b87e8d7 (KERNEL32) BaseThreadInitThunk
0x00007ffa8c1714fc (ntdll) RtlUserThreadStart
Unloading 3383 Unused Serialized files (Serialized files now loaded: 0)
Unloading 39 unused Assets / (1.0 MB). Loaded Objects now: 4491.
Memory consumption went from 153.1 MB to 152.1 MB.
Total: 5.700900 ms (FindLiveObjects: 0.299800 ms CreateObjectMapping: 0.123800 ms MarkObjects: 4.437800 ms  DeleteObjects: 0.837400 ms)

Prepare: number of updated asset objects reloaded= 0
AssetImportParameters requested are different than current active one (requested -> active):
  custom:container-demuxer-ogg: 62fdf1f143b41e24485cea50d1cbac27 -> 
  custom:scripting/monoscript/fileName/Tree.cs: dca7474b58f05e1dc61bb9deb148038d -> 
  custom:scripting/monoscript/fileName/MoneySystemTester.cs: c4f55682c9c7321853562efbfccd0650 -> 
  custom:scripting/monoscript/fileName/MoneyManager.cs: bb3bcc877f8bf4d07b9323d1968354a3 -> 
  custom:video-codec-MediaFoundation-h265: 746d11721c4dcdbdad8f713fa42b33f4 -> 
  custom:video-decoder-ogg-theora: a1e56fd34408186e4bbccfd4996cb3dc -> 
  custom:scripting/monoscript/fileName/Timber.cs: e3f520cc8fc09857160dc689c53c79e7 -> 
  custom:framework-win-MediaFoundation: 216162199b28c13a410421893ffa2e32 -> 
  custom:scripting/monoscript/fileName/Money.cs: 9c40cb0a308c8e4e1f5815ebef98078a -> 
  custom:CustomObjectIndexerAttribute: 9a22284fe3817be447336de3de66b15e -> 
  custom:scripting/monoscript/fileName/FillableBar3D.cs: 80e636c4221a570a1e77cd317386054a -> 
  custom:scripting/monoscript/fileName/ArrowController.cs: 1a447edfdb5484109c0662398b0d2a4f -> 
  custom:scripting/monoscript/fileName/TimberUnloadPlace.cs: 37128713035f60eb0534808b2759b0fd -> 
  custom:container-demuxer-webm: 4f35f7cbe854078d1ac9338744f61a02 -> 
  custom:scripting/monoscript/fileName/BalanceDisplay.cs: 757036e20ecf086f314be8dc85dfa015 -> 
  custom:scripting/monoscript/fileName/ForkliftMoneyHandler.cs: 7fb30a11ebadcb38c9ca3680404c1ff1 -> 
  custom:container-muxer-webm: aa71ff27fc2769a1b78a27578f13a17b -> 
  custom:video-decoder-webm-vp8: 9c59270c3fd7afecdb556c50c9e8de78 -> 
  custom:SearchIndexIgnoredProperties: e643bd26f0fe6173181afceb89e7c659 -> 
  custom:AudioImporter_EditorPlatform: d09bf68614088b80899f8185d706f6e7 -> 
  custom:scripting/monoscript/fileName/ItemContainer.cs: 1a247f583ad3aa68e4dbf69ec7511a7e -> 
  custom:video-encoder-webm-vp8: eb34c28f22e8b96e1ab97ce403110664 -> 
  custom:audio-decoder-ogg-vorbis: bf7c407c2cedff20999df2af8eb42d56 -> 
  custom:audio-encoder-webm-vorbis: bf7c407c2cedff20999df2af8eb42d56 -> 
  custom:scripting/precompiled-assembly-types:Assembly-CSharp: 6e47e798853c79cefa0b769aff168ee8 -> 898d7dc12b5aaae7dfacee678fc8dd41
========================================================================
Received Prepare
Caller must complete domain reload
Begin MonoManager ReloadAssembly
- Loaded All Assemblies, in  0.682 seconds
Native extension for WindowsStandalone target not found
Native extension for Android target not found
Native extension for WebGL target not found
[Package Manager] Server::EnsureServerProcessIsRunning -- launch failed, reason: Unity was launched with the -noUpm command-line argument
[Package Manager] UpmClient::Send -- Unable to send message (not connected to UPM process).
[Package Manager] Cannot connect to Unity Package Manager local server
Failed to sync packages list
UnityEngine.StackTraceUtility:ExtractStackTrace ()
UnityEngine.DebugLogHandler:LogFormat (UnityEngine.LogType,UnityEngine.Object,string,object[])
UnityEngine.Logger:Log (UnityEngine.LogType,object)
UnityEngine.Debug:LogWarning (object)
 .  / :MoveNext ()
System.Runtime.CompilerServices.AsyncVoidMethodBuilder:Start< .  / > ( .  / &)
 .  :  ()
 .⁪/ :MoveNext ()
System.Runtime.CompilerServices.AsyncTaskMethodBuilder:Start< .⁪/ > ( .⁪/ &)
 .⁪:  ()
System.Reflection.RuntimeMethodInfo:Invoke (object,System.Reflection.BindingFlags,System.Reflection.Binder,object[],System.Globalization.CultureInfo)
System.Reflection.MethodBase:Invoke (object,object[])
UnityEditor.EditorAssemblies:ProcessInitializeOnLoadMethodAttributes ()

Mono: successfully reloaded assembly
- Finished resetting the current domain, in  1.455 seconds
Domain Reload Profiling: 2135ms
	BeginReloadAssembly (190ms)
		ExecutionOrderSort (0ms)
		DisableScriptedObjects (7ms)
		BackupInstance (0ms)
		ReleaseScriptingObjects (0ms)
		CreateAndSetChildDomain (40ms)
	RebuildCommonClasses (124ms)
	RebuildNativeTypeToScriptingClass (18ms)
	initialDomainReloadingComplete (40ms)
	LoadAllAssembliesAndSetupDomain (308ms)
		LoadAssemblies (376ms)
		RebuildTransferFunctionScriptingTraits (0ms)
		AnalyzeDomain (32ms)
			TypeCache.Refresh (11ms)
				TypeCache.ScanAssembly (1ms)
			ScanForSourceGeneratedMonoScriptInfo (8ms)
			ResolveRequiredComponents (8ms)
	FinalizeReload (1456ms)
		ReleaseScriptCaches (0ms)
		RebuildScriptCaches (0ms)
		SetupLoadedEditorAssemblies (734ms)
			LogAssemblyErrors (0ms)
			InitializePlatformSupportModulesInManaged (28ms)
			SetLoadedEditorAssemblies (7ms)
			RefreshPlugins (0ms)
			BeforeProcessingInitializeOnLoad (83ms)
			ProcessInitializeOnLoadAttributes (546ms)
			ProcessInitializeOnLoadMethodAttributes (64ms)
			AfterProcessingInitializeOnLoad (5ms)
			EditorAssembliesLoaded (0ms)
		ExecutionOrderSort2 (0ms)
		AwakeInstancesAfterBackupRestoration (9ms)
Refreshing native plugins compatible for Editor in 6.81 ms, found 6 plugins.
Preloading 0 native plugins for Editor in 0.00 ms.
Release of invalid GC handle. The handle is from a previous domain. The release operation is skipped.
Release of invalid GC handle native callstack: 
0x00007ff79e68424d (Unity) StackWalker::GetCurrentCallstack
0x00007ff79e689329 (Unity) StackWalker::ShowCallstack
0x00007ff79f67dae1 (Unity) GetStacktrace
0x00007ff79e57f20d (Unity) ScriptingGCHandle::ReleaseAndClear
0x00007ff79eb4748c (Unity) UploadHandlerRaw::`vector deleting destructor'
0x00007ff79eb4803d (Unity) UploadHandler::Release
0x00007ff79eb448dd (Unity) UnityWebRequestProto<UnityWebRequestTransport,AtomicRefCounter,RedirectHelper,ResponseHelper,DownloadHandler,UploadHandler,CertificateHandler,HeaderHelper,AsyncOperation>::~UnityWebRequestProto<UnityWebRequestTransport,AtomicRefCounter,RedirectHelper,ResponseHelper,DownloadHandler,UploadHandler,CertificateHandler,HeaderHelper,AsyncOperation>
0x00007ff79eb44bd6 (Unity) UnityWebRequest::`vector deleting destructor'
0x00007ff79d894b77 (Unity) UnityWebRequestProto<UnityWebRequestTransport,AtomicRefCounter,RedirectHelper,ResponseHelper,DownloadHandler,UploadHandler,CertificateHandler,HeaderHelper,AsyncOperation>::Release
0x00007ff79eb46605 (Unity) UnityWebRequestAsyncOperation::InvokeCoroutine
0x00007ff79eb467e1 (Unity) UnityWebRequestProto<UnityWebRequestTransport,AtomicRefCounter,RedirectHelper,ResponseHelper,DownloadHandler,UploadHandler,CertificateHandler,HeaderHelper,AsyncOperation>::Job_InvokeCoroutine
0x00007ff79e1ab54a (Unity) BackgroundJobQueue::ExecuteMainThreadJobs
0x00007ff79e26005f (Unity) PreloadManager::WaitForAllAsyncOperationsToComplete
0x00007ff79fa23af8 (Unity) <lambda_b37b41f03089e3cb3f55061bbc93253d>::operator()
0x00007ff79fa5f422 (Unity) asio::detail::completion_handler<core::mutable_function<void __cdecl(void)>,asio::io_context::basic_executor_type<std::allocator<void>,0> >::do_complete
0x00007ff79fa4b3ce (Unity) asio::detail::win_iocp_io_context::do_one
0x00007ff79fa4d034 (Unity) asio::detail::win_iocp_io_context::run
0x00007ff79fa5d7cc (Unity) IOService::Run
0x00007ff79fa30c2f (Unity) AssetImportWorkerClient::Run
0x00007ff79f9fc3d7 (Unity) RunAssetImportWorkerClientV2
0x00007ff79f9fc45b (Unity) RunAssetImporterV2
0x00007ff79f1f31de (Unity) Application::InitializeProject
0x00007ff79f688795 (Unity) WinMain
0x00007ff7a0a535ce (Unity) __scrt_common_main_seh
0x00007ffa8b87e8d7 (KERNEL32) BaseThreadInitThunk
0x00007ffa8c1714fc (ntdll) RtlUserThreadStart
Unloading 3383 Unused Serialized files (Serialized files now loaded: 0)
Unloading 39 unused Assets / (1.0 MB). Loaded Objects now: 4496.
Memory consumption went from 153.2 MB to 152.2 MB.
Total: 6.571500 ms (FindLiveObjects: 0.754200 ms CreateObjectMapping: 0.204300 ms MarkObjects: 5.049300 ms  DeleteObjects: 0.562200 ms)

Prepare: number of updated asset objects reloaded= 0
AssetImportParameters requested are different than current active one (requested -> active):
  custom:container-demuxer-ogg: 62fdf1f143b41e24485cea50d1cbac27 -> 
  custom:scripting/monoscript/fileName/Tree.cs: dca7474b58f05e1dc61bb9deb148038d -> 
  custom:scripting/monoscript/fileName/MoneySystemTester.cs: c4f55682c9c7321853562efbfccd0650 -> 
  custom:scripting/monoscript/fileName/MoneyManager.cs: bb3bcc877f8bf4d07b9323d1968354a3 -> 
  custom:video-codec-MediaFoundation-h265: 746d11721c4dcdbdad8f713fa42b33f4 -> 
  custom:video-decoder-ogg-theora: a1e56fd34408186e4bbccfd4996cb3dc -> 
  custom:scripting/monoscript/fileName/Timber.cs: e3f520cc8fc09857160dc689c53c79e7 -> 
  custom:framework-win-MediaFoundation: 216162199b28c13a410421893ffa2e32 -> 
  custom:scripting/monoscript/fileName/Money.cs: 9c40cb0a308c8e4e1f5815ebef98078a -> 
  custom:CustomObjectIndexerAttribute: 9a22284fe3817be447336de3de66b15e -> 
  custom:scripting/monoscript/fileName/FillableBar3D.cs: 80e636c4221a570a1e77cd317386054a -> 
  custom:scripting/monoscript/fileName/ArrowController.cs: 1a447edfdb5484109c0662398b0d2a4f -> 
  custom:scripting/monoscript/fileName/TimberUnloadPlace.cs: 37128713035f60eb0534808b2759b0fd -> 
  custom:container-demuxer-webm: 4f35f7cbe854078d1ac9338744f61a02 -> 
  custom:scripting/monoscript/fileName/BalanceDisplay.cs: 757036e20ecf086f314be8dc85dfa015 -> 
  custom:scripting/monoscript/fileName/ForkliftMoneyHandler.cs: 7fb30a11ebadcb38c9ca3680404c1ff1 -> 
  custom:container-muxer-webm: aa71ff27fc2769a1b78a27578f13a17b -> 
  custom:video-decoder-webm-vp8: 9c59270c3fd7afecdb556c50c9e8de78 -> 
  custom:SearchIndexIgnoredProperties: e643bd26f0fe6173181afceb89e7c659 -> 
  custom:AudioImporter_EditorPlatform: d09bf68614088b80899f8185d706f6e7 -> 
  custom:scripting/monoscript/fileName/ItemContainer.cs: 1a247f583ad3aa68e4dbf69ec7511a7e -> 
  custom:video-encoder-webm-vp8: eb34c28f22e8b96e1ab97ce403110664 -> 
  custom:audio-decoder-ogg-vorbis: bf7c407c2cedff20999df2af8eb42d56 -> 
  custom:audio-encoder-webm-vorbis: bf7c407c2cedff20999df2af8eb42d56 -> 
  custom:scripting/precompiled-assembly-types:Assembly-CSharp: 6e47e798853c79cefa0b769aff168ee8 -> 898d7dc12b5aaae7dfacee678fc8dd41
========================================================================
Received Prepare
Caller must complete domain reload
Begin MonoManager ReloadAssembly
- Loaded All Assemblies, in  0.591 seconds
Native extension for WindowsStandalone target not found
Native extension for Android target not found
Native extension for WebGL target not found
[Package Manager] Server::EnsureServerProcessIsRunning -- launch failed, reason: Unity was launched with the -noUpm command-line argument
[Package Manager] UpmClient::Send -- Unable to send message (not connected to UPM process).
[Package Manager] Cannot connect to Unity Package Manager local server
Failed to sync packages list
UnityEngine.StackTraceUtility:ExtractStackTrace ()
UnityEngine.DebugLogHandler:LogFormat (UnityEngine.LogType,UnityEngine.Object,string,object[])
UnityEngine.Logger:Log (UnityEngine.LogType,object)
UnityEngine.Debug:LogWarning (object)
 .  / :MoveNext ()
System.Runtime.CompilerServices.AsyncVoidMethodBuilder:Start< .  / > ( .  / &)
 .  :  ()
 .⁪/ :MoveNext ()
System.Runtime.CompilerServices.AsyncTaskMethodBuilder:Start< .⁪/ > ( .⁪/ &)
 .⁪:  ()
System.Reflection.RuntimeMethodInfo:Invoke (object,System.Reflection.BindingFlags,System.Reflection.Binder,object[],System.Globalization.CultureInfo)
System.Reflection.MethodBase:Invoke (object,object[])
UnityEditor.EditorAssemblies:ProcessInitializeOnLoadMethodAttributes ()

Mono: successfully reloaded assembly
- Finished resetting the current domain, in  1.354 seconds
Domain Reload Profiling: 1943ms
	BeginReloadAssembly (195ms)
		ExecutionOrderSort (0ms)
		DisableScriptedObjects (7ms)
		BackupInstance (0ms)
		ReleaseScriptingObjects (0ms)
		CreateAndSetChildDomain (41ms)
	RebuildCommonClasses (43ms)
	RebuildNativeTypeToScriptingClass (14ms)
	initialDomainReloadingComplete (37ms)
	LoadAllAssembliesAndSetupDomain (299ms)
		LoadAssemblies (383ms)
		RebuildTransferFunctionScriptingTraits (0ms)
		AnalyzeDomain (21ms)
			TypeCache.Refresh (7ms)
				TypeCache.ScanAssembly (0ms)
			ScanForSourceGeneratedMonoScriptInfo (0ms)
			ResolveRequiredComponents (9ms)
	FinalizeReload (1355ms)
		ReleaseScriptCaches (0ms)
		RebuildScriptCaches (0ms)
		SetupLoadedEditorAssemblies (711ms)
			LogAssemblyErrors (0ms)
			InitializePlatformSupportModulesInManaged (26ms)
			SetLoadedEditorAssemblies (7ms)
			RefreshPlugins (0ms)
			BeforeProcessingInitializeOnLoad (90ms)
			ProcessInitializeOnLoadAttributes (517ms)
			ProcessInitializeOnLoadMethodAttributes (64ms)
			AfterProcessingInitializeOnLoad (6ms)
			EditorAssembliesLoaded (0ms)
		ExecutionOrderSort2 (0ms)
		AwakeInstancesAfterBackupRestoration (10ms)
Refreshing native plugins compatible for Editor in 5.21 ms, found 6 plugins.
Preloading 0 native plugins for Editor in 0.00 ms.
Release of invalid GC handle. The handle is from a previous domain. The release operation is skipped.
Release of invalid GC handle native callstack: 
0x00007ff79e68424d (Unity) StackWalker::GetCurrentCallstack
0x00007ff79e689329 (Unity) StackWalker::ShowCallstack
0x00007ff79f67dae1 (Unity) GetStacktrace
0x00007ff79e57f20d (Unity) ScriptingGCHandle::ReleaseAndClear
0x00007ff79eb4748c (Unity) UploadHandlerRaw::`vector deleting destructor'
0x00007ff79eb4803d (Unity) UploadHandler::Release
0x00007ff79eb448dd (Unity) UnityWebRequestProto<UnityWebRequestTransport,AtomicRefCounter,RedirectHelper,ResponseHelper,DownloadHandler,UploadHandler,CertificateHandler,HeaderHelper,AsyncOperation>::~UnityWebRequestProto<UnityWebRequestTransport,AtomicRefCounter,RedirectHelper,ResponseHelper,DownloadHandler,UploadHandler,CertificateHandler,HeaderHelper,AsyncOperation>
0x00007ff79eb44bd6 (Unity) UnityWebRequest::`vector deleting destructor'
0x00007ff79d894b77 (Unity) UnityWebRequestProto<UnityWebRequestTransport,AtomicRefCounter,RedirectHelper,ResponseHelper,DownloadHandler,UploadHandler,CertificateHandler,HeaderHelper,AsyncOperation>::Release
0x00007ff79eb46605 (Unity) UnityWebRequestAsyncOperation::InvokeCoroutine
0x00007ff79eb467e1 (Unity) UnityWebRequestProto<UnityWebRequestTransport,AtomicRefCounter,RedirectHelper,ResponseHelper,DownloadHandler,UploadHandler,CertificateHandler,HeaderHelper,AsyncOperation>::Job_InvokeCoroutine
0x00007ff79e1ab54a (Unity) BackgroundJobQueue::ExecuteMainThreadJobs
0x00007ff79e26005f (Unity) PreloadManager::WaitForAllAsyncOperationsToComplete
0x00007ff79fa23af8 (Unity) <lambda_b37b41f03089e3cb3f55061bbc93253d>::operator()
0x00007ff79fa5f422 (Unity) asio::detail::completion_handler<core::mutable_function<void __cdecl(void)>,asio::io_context::basic_executor_type<std::allocator<void>,0> >::do_complete
0x00007ff79fa4b3ce (Unity) asio::detail::win_iocp_io_context::do_one
0x00007ff79fa4d034 (Unity) asio::detail::win_iocp_io_context::run
0x00007ff79fa5d7cc (Unity) IOService::Run
0x00007ff79fa30c2f (Unity) AssetImportWorkerClient::Run
0x00007ff79f9fc3d7 (Unity) RunAssetImportWorkerClientV2
0x00007ff79f9fc45b (Unity) RunAssetImporterV2
0x00007ff79f1f31de (Unity) Application::InitializeProject
0x00007ff79f688795 (Unity) WinMain
0x00007ff7a0a535ce (Unity) __scrt_common_main_seh
0x00007ffa8b87e8d7 (KERNEL32) BaseThreadInitThunk
0x00007ffa8c1714fc (ntdll) RtlUserThreadStart
Unloading 3383 Unused Serialized files (Serialized files now loaded: 0)
Unloading 39 unused Assets / (1.0 MB). Loaded Objects now: 4501.
Memory consumption went from 153.4 MB to 152.4 MB.
Total: 5.832700 ms (FindLiveObjects: 0.306000 ms CreateObjectMapping: 0.118700 ms MarkObjects: 4.874800 ms  DeleteObjects: 0.531900 ms)

Prepare: number of updated asset objects reloaded= 0
AssetImportParameters requested are different than current active one (requested -> active):
  custom:container-demuxer-ogg: 62fdf1f143b41e24485cea50d1cbac27 -> 
  custom:scripting/monoscript/fileName/Tree.cs: dca7474b58f05e1dc61bb9deb148038d -> 
  custom:scripting/monoscript/fileName/MoneySystemTester.cs: c4f55682c9c7321853562efbfccd0650 -> 
  custom:scripting/monoscript/fileName/MoneyManager.cs: bb3bcc877f8bf4d07b9323d1968354a3 -> 
  custom:video-codec-MediaFoundation-h265: 746d11721c4dcdbdad8f713fa42b33f4 -> 
  custom:video-decoder-ogg-theora: a1e56fd34408186e4bbccfd4996cb3dc -> 
  custom:scripting/monoscript/fileName/Timber.cs: e3f520cc8fc09857160dc689c53c79e7 -> 
  custom:framework-win-MediaFoundation: 216162199b28c13a410421893ffa2e32 -> 
  custom:scripting/monoscript/fileName/Money.cs: 9c40cb0a308c8e4e1f5815ebef98078a -> 
  custom:CustomObjectIndexerAttribute: 9a22284fe3817be447336de3de66b15e -> 
  custom:scripting/monoscript/fileName/FillableBar3D.cs: 80e636c4221a570a1e77cd317386054a -> 
  custom:scripting/monoscript/fileName/ArrowController.cs: 1a447edfdb5484109c0662398b0d2a4f -> 
  custom:scripting/monoscript/fileName/TimberUnloadPlace.cs: 37128713035f60eb0534808b2759b0fd -> 
  custom:container-demuxer-webm: 4f35f7cbe854078d1ac9338744f61a02 -> 
  custom:scripting/monoscript/fileName/BalanceDisplay.cs: 757036e20ecf086f314be8dc85dfa015 -> 
  custom:scripting/monoscript/fileName/ForkliftMoneyHandler.cs: 7fb30a11ebadcb38c9ca3680404c1ff1 -> 
  custom:container-muxer-webm: aa71ff27fc2769a1b78a27578f13a17b -> 
  custom:video-decoder-webm-vp8: 9c59270c3fd7afecdb556c50c9e8de78 -> 
  custom:SearchIndexIgnoredProperties: e643bd26f0fe6173181afceb89e7c659 -> 
  custom:AudioImporter_EditorPlatform: d09bf68614088b80899f8185d706f6e7 -> 
  custom:scripting/monoscript/fileName/ItemContainer.cs: 1a247f583ad3aa68e4dbf69ec7511a7e -> 
  custom:video-encoder-webm-vp8: eb34c28f22e8b96e1ab97ce403110664 -> 
  custom:audio-decoder-ogg-vorbis: bf7c407c2cedff20999df2af8eb42d56 -> 
  custom:audio-encoder-webm-vorbis: bf7c407c2cedff20999df2af8eb42d56 -> 
  custom:scripting/precompiled-assembly-types:Assembly-CSharp: 6e47e798853c79cefa0b769aff168ee8 -> 898d7dc12b5aaae7dfacee678fc8dd41
========================================================================
Received Prepare
Caller must complete domain reload
Begin MonoManager ReloadAssembly
- Loaded All Assemblies, in  0.631 seconds
Native extension for WindowsStandalone target not found
Native extension for Android target not found
Native extension for WebGL target not found
[Package Manager] Server::EnsureServerProcessIsRunning -- launch failed, reason: Unity was launched with the -noUpm command-line argument
[Package Manager] UpmClient::Send -- Unable to send message (not connected to UPM process).
[Package Manager] Cannot connect to Unity Package Manager local server
Failed to sync packages list
UnityEngine.StackTraceUtility:ExtractStackTrace ()
UnityEngine.DebugLogHandler:LogFormat (UnityEngine.LogType,UnityEngine.Object,string,object[])
UnityEngine.Logger:Log (UnityEngine.LogType,object)
UnityEngine.Debug:LogWarning (object)
 .  / :MoveNext ()
System.Runtime.CompilerServices.AsyncVoidMethodBuilder:Start< .  / > ( .  / &)
 .  :  ()
 .⁪/ :MoveNext ()
System.Runtime.CompilerServices.AsyncTaskMethodBuilder:Start< .⁪/ > ( .⁪/ &)
 .⁪:  ()
System.Reflection.RuntimeMethodInfo:Invoke (object,System.Reflection.BindingFlags,System.Reflection.Binder,object[],System.Globalization.CultureInfo)
System.Reflection.MethodBase:Invoke (object,object[])
UnityEditor.EditorAssemblies:ProcessInitializeOnLoadMethodAttributes ()

Mono: successfully reloaded assembly
- Finished resetting the current domain, in  1.363 seconds
Domain Reload Profiling: 1993ms
	BeginReloadAssembly (212ms)
		ExecutionOrderSort (0ms)
		DisableScriptedObjects (7ms)
		BackupInstance (0ms)
		ReleaseScriptingObjects (0ms)
		CreateAndSetChildDomain (45ms)
	RebuildCommonClasses (54ms)
	RebuildNativeTypeToScriptingClass (14ms)
	initialDomainReloadingComplete (39ms)
	LoadAllAssembliesAndSetupDomain (310ms)
		LoadAssemblies (399ms)
		RebuildTransferFunctionScriptingTraits (0ms)
		AnalyzeDomain (20ms)
			TypeCache.Refresh (7ms)
				TypeCache.ScanAssembly (0ms)
			ScanForSourceGeneratedMonoScriptInfo (0ms)
			ResolveRequiredComponents (8ms)
	FinalizeReload (1364ms)
		ReleaseScriptCaches (0ms)
		RebuildScriptCaches (0ms)
		SetupLoadedEditorAssemblies (787ms)
			LogAssemblyErrors (0ms)
			InitializePlatformSupportModulesInManaged (24ms)
			SetLoadedEditorAssemblies (7ms)
			RefreshPlugins (0ms)
			BeforeProcessingInitializeOnLoad (102ms)
			ProcessInitializeOnLoadAttributes (572ms)
			ProcessInitializeOnLoadMethodAttributes (77ms)
			AfterProcessingInitializeOnLoad (6ms)
			EditorAssembliesLoaded (0ms)
		ExecutionOrderSort2 (0ms)
		AwakeInstancesAfterBackupRestoration (9ms)
Refreshing native plugins compatible for Editor in 4.28 ms, found 6 plugins.
Preloading 0 native plugins for Editor in 0.00 ms.
Release of invalid GC handle. The handle is from a previous domain. The release operation is skipped.
Release of invalid GC handle native callstack: 
0x00007ff79e68424d (Unity) StackWalker::GetCurrentCallstack
0x00007ff79e689329 (Unity) StackWalker::ShowCallstack
0x00007ff79f67dae1 (Unity) GetStacktrace
0x00007ff79e57f20d (Unity) ScriptingGCHandle::ReleaseAndClear
0x00007ff79eb4748c (Unity) UploadHandlerRaw::`vector deleting destructor'
0x00007ff79eb4803d (Unity) UploadHandler::Release
0x00007ff79eb448dd (Unity) UnityWebRequestProto<UnityWebRequestTransport,AtomicRefCounter,RedirectHelper,ResponseHelper,DownloadHandler,UploadHandler,CertificateHandler,HeaderHelper,AsyncOperation>::~UnityWebRequestProto<UnityWebRequestTransport,AtomicRefCounter,RedirectHelper,ResponseHelper,DownloadHandler,UploadHandler,CertificateHandler,HeaderHelper,AsyncOperation>
0x00007ff79eb44bd6 (Unity) UnityWebRequest::`vector deleting destructor'
0x00007ff79d894b77 (Unity) UnityWebRequestProto<UnityWebRequestTransport,AtomicRefCounter,RedirectHelper,ResponseHelper,DownloadHandler,UploadHandler,CertificateHandler,HeaderHelper,AsyncOperation>::Release
0x00007ff79eb46605 (Unity) UnityWebRequestAsyncOperation::InvokeCoroutine
0x00007ff79eb467e1 (Unity) UnityWebRequestProto<UnityWebRequestTransport,AtomicRefCounter,RedirectHelper,ResponseHelper,DownloadHandler,UploadHandler,CertificateHandler,HeaderHelper,AsyncOperation>::Job_InvokeCoroutine
0x00007ff79e1ab54a (Unity) BackgroundJobQueue::ExecuteMainThreadJobs
0x00007ff79e26005f (Unity) PreloadManager::WaitForAllAsyncOperationsToComplete
0x00007ff79fa23af8 (Unity) <lambda_b37b41f03089e3cb3f55061bbc93253d>::operator()
0x00007ff79fa5f422 (Unity) asio::detail::completion_handler<core::mutable_function<void __cdecl(void)>,asio::io_context::basic_executor_type<std::allocator<void>,0> >::do_complete
0x00007ff79fa4b3ce (Unity) asio::detail::win_iocp_io_context::do_one
0x00007ff79fa4d034 (Unity) asio::detail::win_iocp_io_context::run
0x00007ff79fa5d7cc (Unity) IOService::Run
0x00007ff79fa30c2f (Unity) AssetImportWorkerClient::Run
0x00007ff79f9fc3d7 (Unity) RunAssetImportWorkerClientV2
0x00007ff79f9fc45b (Unity) RunAssetImporterV2
0x00007ff79f1f31de (Unity) Application::InitializeProject
0x00007ff79f688795 (Unity) WinMain
0x00007ff7a0a535ce (Unity) __scrt_common_main_seh
0x00007ffa8b87e8d7 (KERNEL32) BaseThreadInitThunk
0x00007ffa8c1714fc (ntdll) RtlUserThreadStart
Unloading 3383 Unused Serialized files (Serialized files now loaded: 0)
Unloading 39 unused Assets / (1.0 MB). Loaded Objects now: 4506.
Memory consumption went from 153.5 MB to 152.5 MB.
Total: 6.216700 ms (FindLiveObjects: 0.301800 ms CreateObjectMapping: 0.115900 ms MarkObjects: 4.855500 ms  DeleteObjects: 0.942000 ms)

Prepare: number of updated asset objects reloaded= 0
AssetImportParameters requested are different than current active one (requested -> active):
  custom:container-demuxer-ogg: 62fdf1f143b41e24485cea50d1cbac27 -> 
  custom:scripting/monoscript/fileName/Tree.cs: dca7474b58f05e1dc61bb9deb148038d -> 
  custom:scripting/monoscript/fileName/MoneySystemTester.cs: c4f55682c9c7321853562efbfccd0650 -> 
  custom:scripting/monoscript/fileName/MoneyManager.cs: bb3bcc877f8bf4d07b9323d1968354a3 -> 
  custom:video-codec-MediaFoundation-h265: 746d11721c4dcdbdad8f713fa42b33f4 -> 
  custom:video-decoder-ogg-theora: a1e56fd34408186e4bbccfd4996cb3dc -> 
  custom:scripting/monoscript/fileName/Timber.cs: e3f520cc8fc09857160dc689c53c79e7 -> 
  custom:framework-win-MediaFoundation: 216162199b28c13a410421893ffa2e32 -> 
  custom:scripting/monoscript/fileName/Money.cs: 9c40cb0a308c8e4e1f5815ebef98078a -> 
  custom:CustomObjectIndexerAttribute: 9a22284fe3817be447336de3de66b15e -> 
  custom:scripting/monoscript/fileName/FillableBar3D.cs: 80e636c4221a570a1e77cd317386054a -> 
  custom:scripting/monoscript/fileName/ArrowController.cs: 1a447edfdb5484109c0662398b0d2a4f -> 
  custom:scripting/monoscript/fileName/TimberUnloadPlace.cs: 37128713035f60eb0534808b2759b0fd -> 
  custom:container-demuxer-webm: 4f35f7cbe854078d1ac9338744f61a02 -> 
  custom:scripting/monoscript/fileName/BalanceDisplay.cs: 757036e20ecf086f314be8dc85dfa015 -> 
  custom:scripting/monoscript/fileName/ForkliftMoneyHandler.cs: 7fb30a11ebadcb38c9ca3680404c1ff1 -> 
  custom:container-muxer-webm: aa71ff27fc2769a1b78a27578f13a17b -> 
  custom:video-decoder-webm-vp8: 9c59270c3fd7afecdb556c50c9e8de78 -> 
  custom:SearchIndexIgnoredProperties: e643bd26f0fe6173181afceb89e7c659 -> 
  custom:AudioImporter_EditorPlatform: d09bf68614088b80899f8185d706f6e7 -> 
  custom:scripting/monoscript/fileName/ItemContainer.cs: 1a247f583ad3aa68e4dbf69ec7511a7e -> 
  custom:video-encoder-webm-vp8: eb34c28f22e8b96e1ab97ce403110664 -> 
  custom:audio-decoder-ogg-vorbis: bf7c407c2cedff20999df2af8eb42d56 -> 
  custom:audio-encoder-webm-vorbis: bf7c407c2cedff20999df2af8eb42d56 -> 
  custom:scripting/precompiled-assembly-types:Assembly-CSharp: 6e47e798853c79cefa0b769aff168ee8 -> 898d7dc12b5aaae7dfacee678fc8dd41
========================================================================
Received Prepare
Caller must complete domain reload
Begin MonoManager ReloadAssembly
- Loaded All Assemblies, in  0.612 seconds
Native extension for WindowsStandalone target not found
Native extension for Android target not found
Native extension for WebGL target not found
[Package Manager] Server::EnsureServerProcessIsRunning -- launch failed, reason: Unity was launched with the -noUpm command-line argument
[Package Manager] UpmClient::Send -- Unable to send message (not connected to UPM process).
[Package Manager] Cannot connect to Unity Package Manager local server
Failed to sync packages list
UnityEngine.StackTraceUtility:ExtractStackTrace ()
UnityEngine.DebugLogHandler:LogFormat (UnityEngine.LogType,UnityEngine.Object,string,object[])
UnityEngine.Logger:Log (UnityEngine.LogType,object)
UnityEngine.Debug:LogWarning (object)
 .  / :MoveNext ()
System.Runtime.CompilerServices.AsyncVoidMethodBuilder:Start< .  / > ( .  / &)
 .  :  ()
 .⁪/ :MoveNext ()
System.Runtime.CompilerServices.AsyncTaskMethodBuilder:Start< .⁪/ > ( .⁪/ &)
 .⁪:  ()
System.Reflection.RuntimeMethodInfo:Invoke (object,System.Reflection.BindingFlags,System.Reflection.Binder,object[],System.Globalization.CultureInfo)
System.Reflection.MethodBase:Invoke (object,object[])
UnityEditor.EditorAssemblies:ProcessInitializeOnLoadMethodAttributes ()

Mono: successfully reloaded assembly
- Finished resetting the current domain, in  1.359 seconds
Domain Reload Profiling: 1970ms
	BeginReloadAssembly (196ms)
		ExecutionOrderSort (0ms)
		DisableScriptedObjects (6ms)
		BackupInstance (0ms)
		ReleaseScriptingObjects (0ms)
		CreateAndSetChildDomain (38ms)
	RebuildCommonClasses (45ms)
	RebuildNativeTypeToScriptingClass (14ms)
	initialDomainReloadingComplete (42ms)
	LoadAllAssembliesAndSetupDomain (313ms)
		LoadAssemblies (384ms)
		RebuildTransferFunctionScriptingTraits (0ms)
		AnalyzeDomain (34ms)
			TypeCache.Refresh (11ms)
				TypeCache.ScanAssembly (1ms)
			ScanForSourceGeneratedMonoScriptInfo (9ms)
			ResolveRequiredComponents (10ms)
	FinalizeReload (1360ms)
		ReleaseScriptCaches (0ms)
		RebuildScriptCaches (0ms)
		SetupLoadedEditorAssemblies (706ms)
			LogAssemblyErrors (0ms)
			InitializePlatformSupportModulesInManaged (25ms)
			SetLoadedEditorAssemblies (7ms)
			RefreshPlugins (0ms)
			BeforeProcessingInitializeOnLoad (105ms)
			ProcessInitializeOnLoadAttributes (502ms)
			ProcessInitializeOnLoadMethodAttributes (61ms)
			AfterProcessingInitializeOnLoad (6ms)
			EditorAssembliesLoaded (0ms)
		ExecutionOrderSort2 (0ms)
		AwakeInstancesAfterBackupRestoration (11ms)
Refreshing native plugins compatible for Editor in 4.24 ms, found 6 plugins.
Preloading 0 native plugins for Editor in 0.00 ms.
Release of invalid GC handle. The handle is from a previous domain. The release operation is skipped.
Release of invalid GC handle native callstack: 
0x00007ff79e68424d (Unity) StackWalker::GetCurrentCallstack
0x00007ff79e689329 (Unity) StackWalker::ShowCallstack
0x00007ff79f67dae1 (Unity) GetStacktrace
0x00007ff79e57f20d (Unity) ScriptingGCHandle::ReleaseAndClear
0x00007ff79eb4748c (Unity) UploadHandlerRaw::`vector deleting destructor'
0x00007ff79eb4803d (Unity) UploadHandler::Release
0x00007ff79eb448dd (Unity) UnityWebRequestProto<UnityWebRequestTransport,AtomicRefCounter,RedirectHelper,ResponseHelper,DownloadHandler,UploadHandler,CertificateHandler,HeaderHelper,AsyncOperation>::~UnityWebRequestProto<UnityWebRequestTransport,AtomicRefCounter,RedirectHelper,ResponseHelper,DownloadHandler,UploadHandler,CertificateHandler,HeaderHelper,AsyncOperation>
0x00007ff79eb44bd6 (Unity) UnityWebRequest::`vector deleting destructor'
0x00007ff79d894b77 (Unity) UnityWebRequestProto<UnityWebRequestTransport,AtomicRefCounter,RedirectHelper,ResponseHelper,DownloadHandler,UploadHandler,CertificateHandler,HeaderHelper,AsyncOperation>::Release
0x00007ff79eb46605 (Unity) UnityWebRequestAsyncOperation::InvokeCoroutine
0x00007ff79eb467e1 (Unity) UnityWebRequestProto<UnityWebRequestTransport,AtomicRefCounter,RedirectHelper,ResponseHelper,DownloadHandler,UploadHandler,CertificateHandler,HeaderHelper,AsyncOperation>::Job_InvokeCoroutine
0x00007ff79e1ab54a (Unity) BackgroundJobQueue::ExecuteMainThreadJobs
0x00007ff79e26005f (Unity) PreloadManager::WaitForAllAsyncOperationsToComplete
0x00007ff79fa23af8 (Unity) <lambda_b37b41f03089e3cb3f55061bbc93253d>::operator()
0x00007ff79fa5f422 (Unity) asio::detail::completion_handler<core::mutable_function<void __cdecl(void)>,asio::io_context::basic_executor_type<std::allocator<void>,0> >::do_complete
0x00007ff79fa4b3ce (Unity) asio::detail::win_iocp_io_context::do_one
0x00007ff79fa4d034 (Unity) asio::detail::win_iocp_io_context::run
0x00007ff79fa5d7cc (Unity) IOService::Run
0x00007ff79fa30c2f (Unity) AssetImportWorkerClient::Run
0x00007ff79f9fc3d7 (Unity) RunAssetImportWorkerClientV2
0x00007ff79f9fc45b (Unity) RunAssetImporterV2
0x00007ff79f1f31de (Unity) Application::InitializeProject
0x00007ff79f688795 (Unity) WinMain
0x00007ff7a0a535ce (Unity) __scrt_common_main_seh
0x00007ffa8b87e8d7 (KERNEL32) BaseThreadInitThunk
0x00007ffa8c1714fc (ntdll) RtlUserThreadStart
Unloading 3383 Unused Serialized files (Serialized files now loaded: 0)
Unloading 39 unused Assets / (1.0 MB). Loaded Objects now: 4511.
Memory consumption went from 153.7 MB to 152.7 MB.
Total: 5.800300 ms (FindLiveObjects: 0.408200 ms CreateObjectMapping: 0.124900 ms MarkObjects: 4.695900 ms  DeleteObjects: 0.569400 ms)

Prepare: number of updated asset objects reloaded= 0
AssetImportParameters requested are different than current active one (requested -> active):
  custom:container-demuxer-ogg: 62fdf1f143b41e24485cea50d1cbac27 -> 
  custom:scripting/monoscript/fileName/Tree.cs: dca7474b58f05e1dc61bb9deb148038d -> 
  custom:scripting/monoscript/fileName/MoneySystemTester.cs: c4f55682c9c7321853562efbfccd0650 -> 
  custom:scripting/monoscript/fileName/MoneyManager.cs: bb3bcc877f8bf4d07b9323d1968354a3 -> 
  custom:video-codec-MediaFoundation-h265: 746d11721c4dcdbdad8f713fa42b33f4 -> 
  custom:video-decoder-ogg-theora: a1e56fd34408186e4bbccfd4996cb3dc -> 
  custom:scripting/monoscript/fileName/Timber.cs: e3f520cc8fc09857160dc689c53c79e7 -> 
  custom:framework-win-MediaFoundation: 216162199b28c13a410421893ffa2e32 -> 
  custom:scripting/monoscript/fileName/Money.cs: 9c40cb0a308c8e4e1f5815ebef98078a -> 
  custom:CustomObjectIndexerAttribute: 9a22284fe3817be447336de3de66b15e -> 
  custom:scripting/monoscript/fileName/FillableBar3D.cs: 80e636c4221a570a1e77cd317386054a -> 
  custom:scripting/monoscript/fileName/ArrowController.cs: 1a447edfdb5484109c0662398b0d2a4f -> 
  custom:scripting/monoscript/fileName/TimberUnloadPlace.cs: 37128713035f60eb0534808b2759b0fd -> 
  custom:container-demuxer-webm: 4f35f7cbe854078d1ac9338744f61a02 -> 
  custom:scripting/monoscript/fileName/BalanceDisplay.cs: 757036e20ecf086f314be8dc85dfa015 -> 
  custom:scripting/monoscript/fileName/ForkliftMoneyHandler.cs: 7fb30a11ebadcb38c9ca3680404c1ff1 -> 
  custom:container-muxer-webm: aa71ff27fc2769a1b78a27578f13a17b -> 
  custom:video-decoder-webm-vp8: 9c59270c3fd7afecdb556c50c9e8de78 -> 
  custom:SearchIndexIgnoredProperties: e643bd26f0fe6173181afceb89e7c659 -> 
  custom:AudioImporter_EditorPlatform: d09bf68614088b80899f8185d706f6e7 -> 
  custom:scripting/monoscript/fileName/ItemContainer.cs: 1a247f583ad3aa68e4dbf69ec7511a7e -> 
  custom:video-encoder-webm-vp8: eb34c28f22e8b96e1ab97ce403110664 -> 
  custom:audio-decoder-ogg-vorbis: bf7c407c2cedff20999df2af8eb42d56 -> 
  custom:audio-encoder-webm-vorbis: bf7c407c2cedff20999df2af8eb42d56 -> 
  custom:scripting/precompiled-assembly-types:Assembly-CSharp: 6e47e798853c79cefa0b769aff168ee8 -> 898d7dc12b5aaae7dfacee678fc8dd41
========================================================================
Received Prepare
Caller must complete domain reload
Begin MonoManager ReloadAssembly
- Loaded All Assemblies, in  0.582 seconds
Native extension for WindowsStandalone target not found
Native extension for Android target not found
Native extension for WebGL target not found
[Package Manager] Server::EnsureServerProcessIsRunning -- launch failed, reason: Unity was launched with the -noUpm command-line argument
[Package Manager] UpmClient::Send -- Unable to send message (not connected to UPM process).
[Package Manager] Cannot connect to Unity Package Manager local server
Failed to sync packages list
UnityEngine.StackTraceUtility:ExtractStackTrace ()
UnityEngine.DebugLogHandler:LogFormat (UnityEngine.LogType,UnityEngine.Object,string,object[])
UnityEngine.Logger:Log (UnityEngine.LogType,object)
UnityEngine.Debug:LogWarning (object)
 .  / :MoveNext ()
System.Runtime.CompilerServices.AsyncVoidMethodBuilder:Start< .  / > ( .  / &)
 .  :  ()
 .⁪/ :MoveNext ()
System.Runtime.CompilerServices.AsyncTaskMethodBuilder:Start< .⁪/ > ( .⁪/ &)
 .⁪:  ()
System.Reflection.RuntimeMethodInfo:Invoke (object,System.Reflection.BindingFlags,System.Reflection.Binder,object[],System.Globalization.CultureInfo)
System.Reflection.MethodBase:Invoke (object,object[])
UnityEditor.EditorAssemblies:ProcessInitializeOnLoadMethodAttributes ()

Mono: successfully reloaded assembly
- Finished resetting the current domain, in  1.275 seconds
Domain Reload Profiling: 1855ms
	BeginReloadAssembly (206ms)
		ExecutionOrderSort (0ms)
		DisableScriptedObjects (7ms)
		BackupInstance (0ms)
		ReleaseScriptingObjects (0ms)
		CreateAndSetChildDomain (39ms)
	RebuildCommonClasses (46ms)
	RebuildNativeTypeToScriptingClass (19ms)
	initialDomainReloadingComplete (36ms)
	LoadAllAssembliesAndSetupDomain (272ms)
		LoadAssemblies (373ms)
		RebuildTransferFunctionScriptingTraits (0ms)
		AnalyzeDomain (19ms)
			TypeCache.Refresh (7ms)
				TypeCache.ScanAssembly (0ms)
			ScanForSourceGeneratedMonoScriptInfo (0ms)
			ResolveRequiredComponents (8ms)
	FinalizeReload (1275ms)
		ReleaseScriptCaches (0ms)
		RebuildScriptCaches (0ms)
		SetupLoadedEditorAssemblies (728ms)
			LogAssemblyErrors (0ms)
			InitializePlatformSupportModulesInManaged (36ms)
			SetLoadedEditorAssemblies (10ms)
			RefreshPlugins (0ms)
			BeforeProcessingInitializeOnLoad (86ms)
			ProcessInitializeOnLoadAttributes (520ms)
			ProcessInitializeOnLoadMethodAttributes (70ms)
			AfterProcessingInitializeOnLoad (5ms)
			EditorAssembliesLoaded (0ms)
		ExecutionOrderSort2 (0ms)
		AwakeInstancesAfterBackupRestoration (9ms)
Refreshing native plugins compatible for Editor in 6.80 ms, found 6 plugins.
Preloading 0 native plugins for Editor in 0.00 ms.
Release of invalid GC handle. The handle is from a previous domain. The release operation is skipped.
Release of invalid GC handle native callstack: 
0x00007ff79e68424d (Unity) StackWalker::GetCurrentCallstack
0x00007ff79e689329 (Unity) StackWalker::ShowCallstack
0x00007ff79f67dae1 (Unity) GetStacktrace
0x00007ff79e57f20d (Unity) ScriptingGCHandle::ReleaseAndClear
0x00007ff79eb4748c (Unity) UploadHandlerRaw::`vector deleting destructor'
0x00007ff79eb4803d (Unity) UploadHandler::Release
0x00007ff79eb448dd (Unity) UnityWebRequestProto<UnityWebRequestTransport,AtomicRefCounter,RedirectHelper,ResponseHelper,DownloadHandler,UploadHandler,CertificateHandler,HeaderHelper,AsyncOperation>::~UnityWebRequestProto<UnityWebRequestTransport,AtomicRefCounter,RedirectHelper,ResponseHelper,DownloadHandler,UploadHandler,CertificateHandler,HeaderHelper,AsyncOperation>
0x00007ff79eb44bd6 (Unity) UnityWebRequest::`vector deleting destructor'
0x00007ff79d894b77 (Unity) UnityWebRequestProto<UnityWebRequestTransport,AtomicRefCounter,RedirectHelper,ResponseHelper,DownloadHandler,UploadHandler,CertificateHandler,HeaderHelper,AsyncOperation>::Release
0x00007ff79eb46605 (Unity) UnityWebRequestAsyncOperation::InvokeCoroutine
0x00007ff79eb467e1 (Unity) UnityWebRequestProto<UnityWebRequestTransport,AtomicRefCounter,RedirectHelper,ResponseHelper,DownloadHandler,UploadHandler,CertificateHandler,HeaderHelper,AsyncOperation>::Job_InvokeCoroutine
0x00007ff79e1ab54a (Unity) BackgroundJobQueue::ExecuteMainThreadJobs
0x00007ff79e26005f (Unity) PreloadManager::WaitForAllAsyncOperationsToComplete
0x00007ff79fa23af8 (Unity) <lambda_b37b41f03089e3cb3f55061bbc93253d>::operator()
0x00007ff79fa5f422 (Unity) asio::detail::completion_handler<core::mutable_function<void __cdecl(void)>,asio::io_context::basic_executor_type<std::allocator<void>,0> >::do_complete
0x00007ff79fa4b3ce (Unity) asio::detail::win_iocp_io_context::do_one
0x00007ff79fa4d034 (Unity) asio::detail::win_iocp_io_context::run
0x00007ff79fa5d7cc (Unity) IOService::Run
0x00007ff79fa30c2f (Unity) AssetImportWorkerClient::Run
0x00007ff79f9fc3d7 (Unity) RunAssetImportWorkerClientV2
0x00007ff79f9fc45b (Unity) RunAssetImporterV2
0x00007ff79f1f31de (Unity) Application::InitializeProject
0x00007ff79f688795 (Unity) WinMain
0x00007ff7a0a535ce (Unity) __scrt_common_main_seh
0x00007ffa8b87e8d7 (KERNEL32) BaseThreadInitThunk
0x00007ffa8c1714fc (ntdll) RtlUserThreadStart
Unloading 3383 Unused Serialized files (Serialized files now loaded: 0)
Unloading 39 unused Assets / (1.0 MB). Loaded Objects now: 4516.
Memory consumption went from 153.9 MB to 152.8 MB.
Total: 6.473200 ms (FindLiveObjects: 0.307900 ms CreateObjectMapping: 0.105600 ms MarkObjects: 5.524600 ms  DeleteObjects: 0.533700 ms)

Prepare: number of updated asset objects reloaded= 0
AssetImportParameters requested are different than current active one (requested -> active):
  custom:container-demuxer-ogg: 62fdf1f143b41e24485cea50d1cbac27 -> 
  custom:scripting/monoscript/fileName/Tree.cs: dca7474b58f05e1dc61bb9deb148038d -> 
  custom:scripting/monoscript/fileName/MoneySystemTester.cs: c4f55682c9c7321853562efbfccd0650 -> 
  custom:scripting/monoscript/fileName/MoneyManager.cs: bb3bcc877f8bf4d07b9323d1968354a3 -> 
  custom:video-codec-MediaFoundation-h265: 746d11721c4dcdbdad8f713fa42b33f4 -> 
  custom:video-decoder-ogg-theora: a1e56fd34408186e4bbccfd4996cb3dc -> 
  custom:scripting/monoscript/fileName/Timber.cs: e3f520cc8fc09857160dc689c53c79e7 -> 
  custom:framework-win-MediaFoundation: 216162199b28c13a410421893ffa2e32 -> 
  custom:scripting/monoscript/fileName/Money.cs: 9c40cb0a308c8e4e1f5815ebef98078a -> 
  custom:CustomObjectIndexerAttribute: 9a22284fe3817be447336de3de66b15e -> 
  custom:scripting/monoscript/fileName/FillableBar3D.cs: 80e636c4221a570a1e77cd317386054a -> 
  custom:scripting/monoscript/fileName/ArrowController.cs: 1a447edfdb5484109c0662398b0d2a4f -> 
  custom:scripting/monoscript/fileName/TimberUnloadPlace.cs: 37128713035f60eb0534808b2759b0fd -> 
  custom:container-demuxer-webm: 4f35f7cbe854078d1ac9338744f61a02 -> 
  custom:scripting/monoscript/fileName/BalanceDisplay.cs: 757036e20ecf086f314be8dc85dfa015 -> 
  custom:scripting/monoscript/fileName/ForkliftMoneyHandler.cs: 7fb30a11ebadcb38c9ca3680404c1ff1 -> 
  custom:container-muxer-webm: aa71ff27fc2769a1b78a27578f13a17b -> 
  custom:video-decoder-webm-vp8: 9c59270c3fd7afecdb556c50c9e8de78 -> 
  custom:SearchIndexIgnoredProperties: e643bd26f0fe6173181afceb89e7c659 -> 
  custom:AudioImporter_EditorPlatform: d09bf68614088b80899f8185d706f6e7 -> 
  custom:scripting/monoscript/fileName/ItemContainer.cs: 1a247f583ad3aa68e4dbf69ec7511a7e -> 
  custom:video-encoder-webm-vp8: eb34c28f22e8b96e1ab97ce403110664 -> 
  custom:audio-decoder-ogg-vorbis: bf7c407c2cedff20999df2af8eb42d56 -> 
  custom:audio-encoder-webm-vorbis: bf7c407c2cedff20999df2af8eb42d56 -> 
  custom:scripting/precompiled-assembly-types:Assembly-CSharp: 6e47e798853c79cefa0b769aff168ee8 -> 898d7dc12b5aaae7dfacee678fc8dd41
========================================================================
Received Prepare
Caller must complete domain reload
Begin MonoManager ReloadAssembly
- Loaded All Assemblies, in  0.690 seconds
Native extension for WindowsStandalone target not found
Native extension for Android target not found
Native extension for WebGL target not found
[Package Manager] Server::EnsureServerProcessIsRunning -- launch failed, reason: Unity was launched with the -noUpm command-line argument
[Package Manager] UpmClient::Send -- Unable to send message (not connected to UPM process).
[Package Manager] Cannot connect to Unity Package Manager local server
Failed to sync packages list
UnityEngine.StackTraceUtility:ExtractStackTrace ()
UnityEngine.DebugLogHandler:LogFormat (UnityEngine.LogType,UnityEngine.Object,string,object[])
UnityEngine.Logger:Log (UnityEngine.LogType,object)
UnityEngine.Debug:LogWarning (object)
 .  / :MoveNext ()
System.Runtime.CompilerServices.AsyncVoidMethodBuilder:Start< .  / > ( .  / &)
 .  :  ()
 .⁪/ :MoveNext ()
System.Runtime.CompilerServices.AsyncTaskMethodBuilder:Start< .⁪/ > ( .⁪/ &)
 .⁪:  ()
System.Reflection.RuntimeMethodInfo:Invoke (object,System.Reflection.BindingFlags,System.Reflection.Binder,object[],System.Globalization.CultureInfo)
System.Reflection.MethodBase:Invoke (object,object[])
UnityEditor.EditorAssemblies:ProcessInitializeOnLoadMethodAttributes ()

Mono: successfully reloaded assembly
- Finished resetting the current domain, in  1.286 seconds
Domain Reload Profiling: 1974ms
	BeginReloadAssembly (196ms)
		ExecutionOrderSort (0ms)
		DisableScriptedObjects (6ms)
		BackupInstance (0ms)
		ReleaseScriptingObjects (0ms)
		CreateAndSetChildDomain (42ms)
	RebuildCommonClasses (51ms)
	RebuildNativeTypeToScriptingClass (17ms)
	initialDomainReloadingComplete (40ms)
	LoadAllAssembliesAndSetupDomain (383ms)
		LoadAssemblies (421ms)
		RebuildTransferFunctionScriptingTraits (0ms)
		AnalyzeDomain (68ms)
			TypeCache.Refresh (17ms)
				TypeCache.ScanAssembly (2ms)
			ScanForSourceGeneratedMonoScriptInfo (36ms)
			ResolveRequiredComponents (10ms)
	FinalizeReload (1287ms)
		ReleaseScriptCaches (0ms)
		RebuildScriptCaches (0ms)
		SetupLoadedEditorAssemblies (716ms)
			LogAssemblyErrors (0ms)
			InitializePlatformSupportModulesInManaged (29ms)
			SetLoadedEditorAssemblies (7ms)
			RefreshPlugins (0ms)
			BeforeProcessingInitializeOnLoad (85ms)
			ProcessInitializeOnLoadAttributes (522ms)
			ProcessInitializeOnLoadMethodAttributes (66ms)
			AfterProcessingInitializeOnLoad (6ms)
			EditorAssembliesLoaded (0ms)
		ExecutionOrderSort2 (0ms)
		AwakeInstancesAfterBackupRestoration (8ms)
Refreshing native plugins compatible for Editor in 4.47 ms, found 6 plugins.
Preloading 0 native plugins for Editor in 0.00 ms.
Release of invalid GC handle. The handle is from a previous domain. The release operation is skipped.
Release of invalid GC handle native callstack: 
0x00007ff79e68424d (Unity) StackWalker::GetCurrentCallstack
0x00007ff79e689329 (Unity) StackWalker::ShowCallstack
0x00007ff79f67dae1 (Unity) GetStacktrace
0x00007ff79e57f20d (Unity) ScriptingGCHandle::ReleaseAndClear
0x00007ff79eb4748c (Unity) UploadHandlerRaw::`vector deleting destructor'
0x00007ff79eb4803d (Unity) UploadHandler::Release
0x00007ff79eb448dd (Unity) UnityWebRequestProto<UnityWebRequestTransport,AtomicRefCounter,RedirectHelper,ResponseHelper,DownloadHandler,UploadHandler,CertificateHandler,HeaderHelper,AsyncOperation>::~UnityWebRequestProto<UnityWebRequestTransport,AtomicRefCounter,RedirectHelper,ResponseHelper,DownloadHandler,UploadHandler,CertificateHandler,HeaderHelper,AsyncOperation>
0x00007ff79eb44bd6 (Unity) UnityWebRequest::`vector deleting destructor'
0x00007ff79d894b77 (Unity) UnityWebRequestProto<UnityWebRequestTransport,AtomicRefCounter,RedirectHelper,ResponseHelper,DownloadHandler,UploadHandler,CertificateHandler,HeaderHelper,AsyncOperation>::Release
0x00007ff79eb46605 (Unity) UnityWebRequestAsyncOperation::InvokeCoroutine
0x00007ff79eb467e1 (Unity) UnityWebRequestProto<UnityWebRequestTransport,AtomicRefCounter,RedirectHelper,ResponseHelper,DownloadHandler,UploadHandler,CertificateHandler,HeaderHelper,AsyncOperation>::Job_InvokeCoroutine
0x00007ff79e1ab54a (Unity) BackgroundJobQueue::ExecuteMainThreadJobs
0x00007ff79e26005f (Unity) PreloadManager::WaitForAllAsyncOperationsToComplete
0x00007ff79fa23af8 (Unity) <lambda_b37b41f03089e3cb3f55061bbc93253d>::operator()
0x00007ff79fa5f422 (Unity) asio::detail::completion_handler<core::mutable_function<void __cdecl(void)>,asio::io_context::basic_executor_type<std::allocator<void>,0> >::do_complete
0x00007ff79fa4b3ce (Unity) asio::detail::win_iocp_io_context::do_one
0x00007ff79fa4d034 (Unity) asio::detail::win_iocp_io_context::run
0x00007ff79fa5d7cc (Unity) IOService::Run
0x00007ff79fa30c2f (Unity) AssetImportWorkerClient::Run
0x00007ff79f9fc3d7 (Unity) RunAssetImportWorkerClientV2
0x00007ff79f9fc45b (Unity) RunAssetImporterV2
0x00007ff79f1f31de (Unity) Application::InitializeProject
0x00007ff79f688795 (Unity) WinMain
0x00007ff7a0a535ce (Unity) __scrt_common_main_seh
0x00007ffa8b87e8d7 (KERNEL32) BaseThreadInitThunk
0x00007ffa8c1714fc (ntdll) RtlUserThreadStart
Unloading 3383 Unused Serialized files (Serialized files now loaded: 0)
Unloading 39 unused Assets / (1.0 MB). Loaded Objects now: 4521.
Memory consumption went from 154.0 MB to 153.0 MB.
Total: 5.360600 ms (FindLiveObjects: 0.317100 ms CreateObjectMapping: 0.288900 ms MarkObjects: 4.205900 ms  DeleteObjects: 0.547500 ms)

Prepare: number of updated asset objects reloaded= 0
AssetImportParameters requested are different than current active one (requested -> active):
  custom:container-demuxer-ogg: 62fdf1f143b41e24485cea50d1cbac27 -> 
  custom:scripting/monoscript/fileName/Tree.cs: dca7474b58f05e1dc61bb9deb148038d -> 
  custom:scripting/monoscript/fileName/MoneySystemTester.cs: c4f55682c9c7321853562efbfccd0650 -> 
  custom:scripting/monoscript/fileName/MoneyManager.cs: bb3bcc877f8bf4d07b9323d1968354a3 -> 
  custom:video-codec-MediaFoundation-h265: 746d11721c4dcdbdad8f713fa42b33f4 -> 
  custom:video-decoder-ogg-theora: a1e56fd34408186e4bbccfd4996cb3dc -> 
  custom:scripting/monoscript/fileName/Timber.cs: e3f520cc8fc09857160dc689c53c79e7 -> 
  custom:framework-win-MediaFoundation: 216162199b28c13a410421893ffa2e32 -> 
  custom:scripting/monoscript/fileName/Money.cs: 9c40cb0a308c8e4e1f5815ebef98078a -> 
  custom:CustomObjectIndexerAttribute: 9a22284fe3817be447336de3de66b15e -> 
  custom:scripting/monoscript/fileName/FillableBar3D.cs: 80e636c4221a570a1e77cd317386054a -> 
  custom:scripting/monoscript/fileName/ArrowController.cs: 1a447edfdb5484109c0662398b0d2a4f -> 
  custom:scripting/monoscript/fileName/TimberUnloadPlace.cs: 37128713035f60eb0534808b2759b0fd -> 
  custom:container-demuxer-webm: 4f35f7cbe854078d1ac9338744f61a02 -> 
  custom:scripting/monoscript/fileName/BalanceDisplay.cs: 757036e20ecf086f314be8dc85dfa015 -> 
  custom:scripting/monoscript/fileName/ForkliftMoneyHandler.cs: 7fb30a11ebadcb38c9ca3680404c1ff1 -> 
  custom:container-muxer-webm: aa71ff27fc2769a1b78a27578f13a17b -> 
  custom:video-decoder-webm-vp8: 9c59270c3fd7afecdb556c50c9e8de78 -> 
  custom:SearchIndexIgnoredProperties: e643bd26f0fe6173181afceb89e7c659 -> 
  custom:AudioImporter_EditorPlatform: d09bf68614088b80899f8185d706f6e7 -> 
  custom:scripting/monoscript/fileName/ItemContainer.cs: 1a247f583ad3aa68e4dbf69ec7511a7e -> 
  custom:video-encoder-webm-vp8: eb34c28f22e8b96e1ab97ce403110664 -> 
  custom:audio-decoder-ogg-vorbis: bf7c407c2cedff20999df2af8eb42d56 -> 
  custom:audio-encoder-webm-vorbis: bf7c407c2cedff20999df2af8eb42d56 -> 
  custom:scripting/precompiled-assembly-types:Assembly-CSharp: 6e47e798853c79cefa0b769aff168ee8 -> 898d7dc12b5aaae7dfacee678fc8dd41
========================================================================
Received Prepare
Caller must complete domain reload
Begin MonoManager ReloadAssembly
- Loaded All Assemblies, in  0.570 seconds
Native extension for WindowsStandalone target not found
Native extension for Android target not found
Native extension for WebGL target not found
[Package Manager] Server::EnsureServerProcessIsRunning -- launch failed, reason: Unity was launched with the -noUpm command-line argument
[Package Manager] UpmClient::Send -- Unable to send message (not connected to UPM process).
[Package Manager] Cannot connect to Unity Package Manager local server
Failed to sync packages list
UnityEngine.StackTraceUtility:ExtractStackTrace ()
UnityEngine.DebugLogHandler:LogFormat (UnityEngine.LogType,UnityEngine.Object,string,object[])
UnityEngine.Logger:Log (UnityEngine.LogType,object)
UnityEngine.Debug:LogWarning (object)
 .  / :MoveNext ()
System.Runtime.CompilerServices.AsyncVoidMethodBuilder:Start< .  / > ( .  / &)
 .  :  ()
 .⁪/ :MoveNext ()
System.Runtime.CompilerServices.AsyncTaskMethodBuilder:Start< .⁪/ > ( .⁪/ &)
 .⁪:  ()
System.Reflection.RuntimeMethodInfo:Invoke (object,System.Reflection.BindingFlags,System.Reflection.Binder,object[],System.Globalization.CultureInfo)
System.Reflection.MethodBase:Invoke (object,object[])
UnityEditor.EditorAssemblies:ProcessInitializeOnLoadMethodAttributes ()

Mono: successfully reloaded assembly
- Finished resetting the current domain, in  1.275 seconds
Domain Reload Profiling: 1843ms
	BeginReloadAssembly (189ms)
		ExecutionOrderSort (0ms)
		DisableScriptedObjects (7ms)
		BackupInstance (0ms)
		ReleaseScriptingObjects (0ms)
		CreateAndSetChildDomain (39ms)
	RebuildCommonClasses (39ms)
	RebuildNativeTypeToScriptingClass (14ms)
	initialDomainReloadingComplete (40ms)
	LoadAllAssembliesAndSetupDomain (286ms)
		LoadAssemblies (367ms)
		RebuildTransferFunctionScriptingTraits (0ms)
		AnalyzeDomain (18ms)
			TypeCache.Refresh (7ms)
				TypeCache.ScanAssembly (0ms)
			ScanForSourceGeneratedMonoScriptInfo (0ms)
			ResolveRequiredComponents (8ms)
	FinalizeReload (1276ms)
		ReleaseScriptCaches (0ms)
		RebuildScriptCaches (0ms)
		SetupLoadedEditorAssemblies (737ms)
			LogAssemblyErrors (0ms)
			InitializePlatformSupportModulesInManaged (25ms)
			SetLoadedEditorAssemblies (7ms)
			RefreshPlugins (0ms)
			BeforeProcessingInitializeOnLoad (90ms)
			ProcessInitializeOnLoadAttributes (542ms)
			ProcessInitializeOnLoadMethodAttributes (65ms)
			AfterProcessingInitializeOnLoad (7ms)
			EditorAssembliesLoaded (0ms)
		ExecutionOrderSort2 (0ms)
		AwakeInstancesAfterBackupRestoration (9ms)
Refreshing native plugins compatible for Editor in 5.23 ms, found 6 plugins.
Preloading 0 native plugins for Editor in 0.00 ms.
Release of invalid GC handle. The handle is from a previous domain. The release operation is skipped.
Release of invalid GC handle native callstack: 
0x00007ff79e68424d (Unity) StackWalker::GetCurrentCallstack
0x00007ff79e689329 (Unity) StackWalker::ShowCallstack
0x00007ff79f67dae1 (Unity) GetStacktrace
0x00007ff79e57f20d (Unity) ScriptingGCHandle::ReleaseAndClear
0x00007ff79eb4748c (Unity) UploadHandlerRaw::`vector deleting destructor'
0x00007ff79eb4803d (Unity) UploadHandler::Release
0x00007ff79eb448dd (Unity) UnityWebRequestProto<UnityWebRequestTransport,AtomicRefCounter,RedirectHelper,ResponseHelper,DownloadHandler,UploadHandler,CertificateHandler,HeaderHelper,AsyncOperation>::~UnityWebRequestProto<UnityWebRequestTransport,AtomicRefCounter,RedirectHelper,ResponseHelper,DownloadHandler,UploadHandler,CertificateHandler,HeaderHelper,AsyncOperation>
0x00007ff79eb44bd6 (Unity) UnityWebRequest::`vector deleting destructor'
0x00007ff79d894b77 (Unity) UnityWebRequestProto<UnityWebRequestTransport,AtomicRefCounter,RedirectHelper,ResponseHelper,DownloadHandler,UploadHandler,CertificateHandler,HeaderHelper,AsyncOperation>::Release
0x00007ff79eb46605 (Unity) UnityWebRequestAsyncOperation::InvokeCoroutine
0x00007ff79eb467e1 (Unity) UnityWebRequestProto<UnityWebRequestTransport,AtomicRefCounter,RedirectHelper,ResponseHelper,DownloadHandler,UploadHandler,CertificateHandler,HeaderHelper,AsyncOperation>::Job_InvokeCoroutine
0x00007ff79e1ab54a (Unity) BackgroundJobQueue::ExecuteMainThreadJobs
0x00007ff79e26005f (Unity) PreloadManager::WaitForAllAsyncOperationsToComplete
0x00007ff79fa23af8 (Unity) <lambda_b37b41f03089e3cb3f55061bbc93253d>::operator()
0x00007ff79fa5f422 (Unity) asio::detail::completion_handler<core::mutable_function<void __cdecl(void)>,asio::io_context::basic_executor_type<std::allocator<void>,0> >::do_complete
0x00007ff79fa4b3ce (Unity) asio::detail::win_iocp_io_context::do_one
0x00007ff79fa4d034 (Unity) asio::detail::win_iocp_io_context::run
0x00007ff79fa5d7cc (Unity) IOService::Run
0x00007ff79fa30c2f (Unity) AssetImportWorkerClient::Run
0x00007ff79f9fc3d7 (Unity) RunAssetImportWorkerClientV2
0x00007ff79f9fc45b (Unity) RunAssetImporterV2
0x00007ff79f1f31de (Unity) Application::InitializeProject
0x00007ff79f688795 (Unity) WinMain
0x00007ff7a0a535ce (Unity) __scrt_common_main_seh
0x00007ffa8b87e8d7 (KERNEL32) BaseThreadInitThunk
0x00007ffa8c1714fc (ntdll) RtlUserThreadStart
Unloading 3383 Unused Serialized files (Serialized files now loaded: 0)
Unloading 39 unused Assets / (1.0 MB). Loaded Objects now: 4526.
Memory consumption went from 154.2 MB to 153.1 MB.
Total: 5.973000 ms (FindLiveObjects: 0.286500 ms CreateObjectMapping: 0.116100 ms MarkObjects: 5.045100 ms  DeleteObjects: 0.522500 ms)

Prepare: number of updated asset objects reloaded= 0
AssetImportParameters requested are different than current active one (requested -> active):
  custom:container-demuxer-ogg: 62fdf1f143b41e24485cea50d1cbac27 -> 
  custom:scripting/monoscript/fileName/Tree.cs: dca7474b58f05e1dc61bb9deb148038d -> 
  custom:scripting/monoscript/fileName/MoneySystemTester.cs: c4f55682c9c7321853562efbfccd0650 -> 
  custom:scripting/monoscript/fileName/MoneyManager.cs: bb3bcc877f8bf4d07b9323d1968354a3 -> 
  custom:video-codec-MediaFoundation-h265: 746d11721c4dcdbdad8f713fa42b33f4 -> 
  custom:video-decoder-ogg-theora: a1e56fd34408186e4bbccfd4996cb3dc -> 
  custom:scripting/monoscript/fileName/Timber.cs: e3f520cc8fc09857160dc689c53c79e7 -> 
  custom:framework-win-MediaFoundation: 216162199b28c13a410421893ffa2e32 -> 
  custom:scripting/monoscript/fileName/Money.cs: 9c40cb0a308c8e4e1f5815ebef98078a -> 
  custom:CustomObjectIndexerAttribute: 9a22284fe3817be447336de3de66b15e -> 
  custom:scripting/monoscript/fileName/FillableBar3D.cs: 80e636c4221a570a1e77cd317386054a -> 
  custom:scripting/monoscript/fileName/ArrowController.cs: 1a447edfdb5484109c0662398b0d2a4f -> 
  custom:scripting/monoscript/fileName/TimberUnloadPlace.cs: 37128713035f60eb0534808b2759b0fd -> 
  custom:container-demuxer-webm: 4f35f7cbe854078d1ac9338744f61a02 -> 
  custom:scripting/monoscript/fileName/BalanceDisplay.cs: 757036e20ecf086f314be8dc85dfa015 -> 
  custom:scripting/monoscript/fileName/ForkliftMoneyHandler.cs: 7fb30a11ebadcb38c9ca3680404c1ff1 -> 
  custom:container-muxer-webm: aa71ff27fc2769a1b78a27578f13a17b -> 
  custom:video-decoder-webm-vp8: 9c59270c3fd7afecdb556c50c9e8de78 -> 
  custom:SearchIndexIgnoredProperties: e643bd26f0fe6173181afceb89e7c659 -> 
  custom:AudioImporter_EditorPlatform: d09bf68614088b80899f8185d706f6e7 -> 
  custom:scripting/monoscript/fileName/ItemContainer.cs: 1a247f583ad3aa68e4dbf69ec7511a7e -> 
  custom:video-encoder-webm-vp8: eb34c28f22e8b96e1ab97ce403110664 -> 
  custom:audio-decoder-ogg-vorbis: bf7c407c2cedff20999df2af8eb42d56 -> 
  custom:audio-encoder-webm-vorbis: bf7c407c2cedff20999df2af8eb42d56 -> 
  custom:scripting/precompiled-assembly-types:Assembly-CSharp: 6e47e798853c79cefa0b769aff168ee8 -> 898d7dc12b5aaae7dfacee678fc8dd41
========================================================================
Received Prepare
Caller must complete domain reload
Begin MonoManager ReloadAssembly
- Loaded All Assemblies, in  0.607 seconds
Native extension for WindowsStandalone target not found
Native extension for Android target not found
Native extension for WebGL target not found
[Package Manager] Server::EnsureServerProcessIsRunning -- launch failed, reason: Unity was launched with the -noUpm command-line argument
[Package Manager] UpmClient::Send -- Unable to send message (not connected to UPM process).
[Package Manager] Cannot connect to Unity Package Manager local server
Failed to sync packages list
UnityEngine.StackTraceUtility:ExtractStackTrace ()
UnityEngine.DebugLogHandler:LogFormat (UnityEngine.LogType,UnityEngine.Object,string,object[])
UnityEngine.Logger:Log (UnityEngine.LogType,object)
UnityEngine.Debug:LogWarning (object)
 .  / :MoveNext ()
System.Runtime.CompilerServices.AsyncVoidMethodBuilder:Start< .  / > ( .  / &)
 .  :  ()
 .⁪/ :MoveNext ()
System.Runtime.CompilerServices.AsyncTaskMethodBuilder:Start< .⁪/ > ( .⁪/ &)
 .⁪:  ()
System.Reflection.RuntimeMethodInfo:Invoke (object,System.Reflection.BindingFlags,System.Reflection.Binder,object[],System.Globalization.CultureInfo)
System.Reflection.MethodBase:Invoke (object,object[])
UnityEditor.EditorAssemblies:ProcessInitializeOnLoadMethodAttributes ()

Mono: successfully reloaded assembly
- Finished resetting the current domain, in  1.327 seconds
Domain Reload Profiling: 1932ms
	BeginReloadAssembly (195ms)
		ExecutionOrderSort (0ms)
		DisableScriptedObjects (7ms)
		BackupInstance (0ms)
		ReleaseScriptingObjects (0ms)
		CreateAndSetChildDomain (42ms)
	RebuildCommonClasses (43ms)
	RebuildNativeTypeToScriptingClass (18ms)
	initialDomainReloadingComplete (37ms)
	LoadAllAssembliesAndSetupDomain (311ms)
		LoadAssemblies (396ms)
		RebuildTransferFunctionScriptingTraits (0ms)
		AnalyzeDomain (20ms)
			TypeCache.Refresh (7ms)
				TypeCache.ScanAssembly (0ms)
			ScanForSourceGeneratedMonoScriptInfo (0ms)
			ResolveRequiredComponents (8ms)
	FinalizeReload (1328ms)
		ReleaseScriptCaches (0ms)
		RebuildScriptCaches (0ms)
		SetupLoadedEditorAssemblies (738ms)
			LogAssemblyErrors (0ms)
			InitializePlatformSupportModulesInManaged (28ms)
			SetLoadedEditorAssemblies (8ms)
			RefreshPlugins (0ms)
			BeforeProcessingInitializeOnLoad (97ms)
			ProcessInitializeOnLoadAttributes (528ms)
			ProcessInitializeOnLoadMethodAttributes (70ms)
			AfterProcessingInitializeOnLoad (7ms)
			EditorAssembliesLoaded (0ms)
		ExecutionOrderSort2 (0ms)
		AwakeInstancesAfterBackupRestoration (12ms)
Refreshing native plugins compatible for Editor in 6.63 ms, found 6 plugins.
Preloading 0 native plugins for Editor in 0.00 ms.
Release of invalid GC handle. The handle is from a previous domain. The release operation is skipped.
Release of invalid GC handle native callstack: 
0x00007ff79e68424d (Unity) StackWalker::GetCurrentCallstack
0x00007ff79e689329 (Unity) StackWalker::ShowCallstack
0x00007ff79f67dae1 (Unity) GetStacktrace
0x00007ff79e57f20d (Unity) ScriptingGCHandle::ReleaseAndClear
0x00007ff79eb4748c (Unity) UploadHandlerRaw::`vector deleting destructor'
0x00007ff79eb4803d (Unity) UploadHandler::Release
0x00007ff79eb448dd (Unity) UnityWebRequestProto<UnityWebRequestTransport,AtomicRefCounter,RedirectHelper,ResponseHelper,DownloadHandler,UploadHandler,CertificateHandler,HeaderHelper,AsyncOperation>::~UnityWebRequestProto<UnityWebRequestTransport,AtomicRefCounter,RedirectHelper,ResponseHelper,DownloadHandler,UploadHandler,CertificateHandler,HeaderHelper,AsyncOperation>
0x00007ff79eb44bd6 (Unity) UnityWebRequest::`vector deleting destructor'
0x00007ff79d894b77 (Unity) UnityWebRequestProto<UnityWebRequestTransport,AtomicRefCounter,RedirectHelper,ResponseHelper,DownloadHandler,UploadHandler,CertificateHandler,HeaderHelper,AsyncOperation>::Release
0x00007ff79eb46605 (Unity) UnityWebRequestAsyncOperation::InvokeCoroutine
0x00007ff79eb467e1 (Unity) UnityWebRequestProto<UnityWebRequestTransport,AtomicRefCounter,RedirectHelper,ResponseHelper,DownloadHandler,UploadHandler,CertificateHandler,HeaderHelper,AsyncOperation>::Job_InvokeCoroutine
0x00007ff79e1ab54a (Unity) BackgroundJobQueue::ExecuteMainThreadJobs
0x00007ff79e26005f (Unity) PreloadManager::WaitForAllAsyncOperationsToComplete
0x00007ff79fa23af8 (Unity) <lambda_b37b41f03089e3cb3f55061bbc93253d>::operator()
0x00007ff79fa5f422 (Unity) asio::detail::completion_handler<core::mutable_function<void __cdecl(void)>,asio::io_context::basic_executor_type<std::allocator<void>,0> >::do_complete
0x00007ff79fa4b3ce (Unity) asio::detail::win_iocp_io_context::do_one
0x00007ff79fa4d034 (Unity) asio::detail::win_iocp_io_context::run
0x00007ff79fa5d7cc (Unity) IOService::Run
0x00007ff79fa30c2f (Unity) AssetImportWorkerClient::Run
0x00007ff79f9fc3d7 (Unity) RunAssetImportWorkerClientV2
0x00007ff79f9fc45b (Unity) RunAssetImporterV2
0x00007ff79f1f31de (Unity) Application::InitializeProject
0x00007ff79f688795 (Unity) WinMain
0x00007ff7a0a535ce (Unity) __scrt_common_main_seh
0x00007ffa8b87e8d7 (KERNEL32) BaseThreadInitThunk
0x00007ffa8c1714fc (ntdll) RtlUserThreadStart
Unloading 3383 Unused Serialized files (Serialized files now loaded: 0)
Unloading 39 unused Assets / (1.0 MB). Loaded Objects now: 4531.
Memory consumption went from 154.3 MB to 153.3 MB.
Total: 8.371300 ms (FindLiveObjects: 0.548800 ms CreateObjectMapping: 0.266400 ms MarkObjects: 6.848400 ms  DeleteObjects: 0.705400 ms)

Prepare: number of updated asset objects reloaded= 0
AssetImportParameters requested are different than current active one (requested -> active):
  custom:container-demuxer-ogg: 62fdf1f143b41e24485cea50d1cbac27 -> 
  custom:scripting/monoscript/fileName/Tree.cs: dca7474b58f05e1dc61bb9deb148038d -> 
  custom:scripting/monoscript/fileName/MoneySystemTester.cs: c4f55682c9c7321853562efbfccd0650 -> 
  custom:scripting/monoscript/fileName/MoneyManager.cs: bb3bcc877f8bf4d07b9323d1968354a3 -> 
  custom:video-codec-MediaFoundation-h265: 746d11721c4dcdbdad8f713fa42b33f4 -> 
  custom:video-decoder-ogg-theora: a1e56fd34408186e4bbccfd4996cb3dc -> 
  custom:scripting/monoscript/fileName/Timber.cs: e3f520cc8fc09857160dc689c53c79e7 -> 
  custom:framework-win-MediaFoundation: 216162199b28c13a410421893ffa2e32 -> 
  custom:scripting/monoscript/fileName/Money.cs: 9c40cb0a308c8e4e1f5815ebef98078a -> 
  custom:CustomObjectIndexerAttribute: 9a22284fe3817be447336de3de66b15e -> 
  custom:scripting/monoscript/fileName/FillableBar3D.cs: 80e636c4221a570a1e77cd317386054a -> 
  custom:scripting/monoscript/fileName/ArrowController.cs: 1a447edfdb5484109c0662398b0d2a4f -> 
  custom:scripting/monoscript/fileName/TimberUnloadPlace.cs: 37128713035f60eb0534808b2759b0fd -> 
  custom:container-demuxer-webm: 4f35f7cbe854078d1ac9338744f61a02 -> 
  custom:scripting/monoscript/fileName/BalanceDisplay.cs: 757036e20ecf086f314be8dc85dfa015 -> 
  custom:scripting/monoscript/fileName/ForkliftMoneyHandler.cs: 7fb30a11ebadcb38c9ca3680404c1ff1 -> 
  custom:container-muxer-webm: aa71ff27fc2769a1b78a27578f13a17b -> 
  custom:video-decoder-webm-vp8: 9c59270c3fd7afecdb556c50c9e8de78 -> 
  custom:SearchIndexIgnoredProperties: e643bd26f0fe6173181afceb89e7c659 -> 
  custom:AudioImporter_EditorPlatform: d09bf68614088b80899f8185d706f6e7 -> 
  custom:scripting/monoscript/fileName/ItemContainer.cs: 1a247f583ad3aa68e4dbf69ec7511a7e -> 
  custom:video-encoder-webm-vp8: eb34c28f22e8b96e1ab97ce403110664 -> 
  custom:audio-decoder-ogg-vorbis: bf7c407c2cedff20999df2af8eb42d56 -> 
  custom:audio-encoder-webm-vorbis: bf7c407c2cedff20999df2af8eb42d56 -> 
  custom:scripting/precompiled-assembly-types:Assembly-CSharp: 6e47e798853c79cefa0b769aff168ee8 -> 898d7dc12b5aaae7dfacee678fc8dd41
========================================================================
Received Prepare
Caller must complete domain reload
Begin MonoManager ReloadAssembly
- Loaded All Assemblies, in  0.656 seconds
Native extension for WindowsStandalone target not found
Native extension for Android target not found
Native extension for WebGL target not found
[Package Manager] Server::EnsureServerProcessIsRunning -- launch failed, reason: Unity was launched with the -noUpm command-line argument
[Package Manager] UpmClient::Send -- Unable to send message (not connected to UPM process).
[Package Manager] Cannot connect to Unity Package Manager local server
Failed to sync packages list
UnityEngine.StackTraceUtility:ExtractStackTrace ()
UnityEngine.DebugLogHandler:LogFormat (UnityEngine.LogType,UnityEngine.Object,string,object[])
UnityEngine.Logger:Log (UnityEngine.LogType,object)
UnityEngine.Debug:LogWarning (object)
 .  / :MoveNext ()
System.Runtime.CompilerServices.AsyncVoidMethodBuilder:Start< .  / > ( .  / &)
 .  :  ()
 .⁪/ :MoveNext ()
System.Runtime.CompilerServices.AsyncTaskMethodBuilder:Start< .⁪/ > ( .⁪/ &)
 .⁪:  ()
System.Reflection.RuntimeMethodInfo:Invoke (object,System.Reflection.BindingFlags,System.Reflection.Binder,object[],System.Globalization.CultureInfo)
System.Reflection.MethodBase:Invoke (object,object[])
UnityEditor.EditorAssemblies:ProcessInitializeOnLoadMethodAttributes ()

Mono: successfully reloaded assembly
- Finished resetting the current domain, in  1.324 seconds
Domain Reload Profiling: 1974ms
	BeginReloadAssembly (194ms)
		ExecutionOrderSort (0ms)
		DisableScriptedObjects (7ms)
		BackupInstance (0ms)
		ReleaseScriptingObjects (0ms)
		CreateAndSetChildDomain (37ms)
	RebuildCommonClasses (46ms)
	RebuildNativeTypeToScriptingClass (13ms)
	initialDomainReloadingComplete (44ms)
	LoadAllAssembliesAndSetupDomain (352ms)
		LoadAssemblies (436ms)
		RebuildTransferFunctionScriptingTraits (0ms)
		AnalyzeDomain (21ms)
			TypeCache.Refresh (9ms)
				TypeCache.ScanAssembly (0ms)
			ScanForSourceGeneratedMonoScriptInfo (0ms)
			ResolveRequiredComponents (8ms)
	FinalizeReload (1325ms)
		ReleaseScriptCaches (0ms)
		RebuildScriptCaches (0ms)
		SetupLoadedEditorAssemblies (748ms)
			LogAssemblyErrors (0ms)
			InitializePlatformSupportModulesInManaged (24ms)
			SetLoadedEditorAssemblies (5ms)
			RefreshPlugins (0ms)
			BeforeProcessingInitializeOnLoad (95ms)
			ProcessInitializeOnLoadAttributes (552ms)
			ProcessInitializeOnLoadMethodAttributes (65ms)
			AfterProcessingInitializeOnLoad (5ms)
			EditorAssembliesLoaded (0ms)
		ExecutionOrderSort2 (0ms)
		AwakeInstancesAfterBackupRestoration (9ms)
Refreshing native plugins compatible for Editor in 4.70 ms, found 6 plugins.
Preloading 0 native plugins for Editor in 0.00 ms.
Release of invalid GC handle. The handle is from a previous domain. The release operation is skipped.
Release of invalid GC handle native callstack: 
0x00007ff79e68424d (Unity) StackWalker::GetCurrentCallstack
0x00007ff79e689329 (Unity) StackWalker::ShowCallstack
0x00007ff79f67dae1 (Unity) GetStacktrace
0x00007ff79e57f20d (Unity) ScriptingGCHandle::ReleaseAndClear
0x00007ff79eb4748c (Unity) UploadHandlerRaw::`vector deleting destructor'
0x00007ff79eb4803d (Unity) UploadHandler::Release
0x00007ff79eb448dd (Unity) UnityWebRequestProto<UnityWebRequestTransport,AtomicRefCounter,RedirectHelper,ResponseHelper,DownloadHandler,UploadHandler,CertificateHandler,HeaderHelper,AsyncOperation>::~UnityWebRequestProto<UnityWebRequestTransport,AtomicRefCounter,RedirectHelper,ResponseHelper,DownloadHandler,UploadHandler,CertificateHandler,HeaderHelper,AsyncOperation>
0x00007ff79eb44bd6 (Unity) UnityWebRequest::`vector deleting destructor'
0x00007ff79d894b77 (Unity) UnityWebRequestProto<UnityWebRequestTransport,AtomicRefCounter,RedirectHelper,ResponseHelper,DownloadHandler,UploadHandler,CertificateHandler,HeaderHelper,AsyncOperation>::Release
0x00007ff79eb46605 (Unity) UnityWebRequestAsyncOperation::InvokeCoroutine
0x00007ff79eb467e1 (Unity) UnityWebRequestProto<UnityWebRequestTransport,AtomicRefCounter,RedirectHelper,ResponseHelper,DownloadHandler,UploadHandler,CertificateHandler,HeaderHelper,AsyncOperation>::Job_InvokeCoroutine
0x00007ff79e1ab54a (Unity) BackgroundJobQueue::ExecuteMainThreadJobs
0x00007ff79e26005f (Unity) PreloadManager::WaitForAllAsyncOperationsToComplete
0x00007ff79fa23af8 (Unity) <lambda_b37b41f03089e3cb3f55061bbc93253d>::operator()
0x00007ff79fa5f422 (Unity) asio::detail::completion_handler<core::mutable_function<void __cdecl(void)>,asio::io_context::basic_executor_type<std::allocator<void>,0> >::do_complete
0x00007ff79fa4b3ce (Unity) asio::detail::win_iocp_io_context::do_one
0x00007ff79fa4d034 (Unity) asio::detail::win_iocp_io_context::run
0x00007ff79fa5d7cc (Unity) IOService::Run
0x00007ff79fa30c2f (Unity) AssetImportWorkerClient::Run
0x00007ff79f9fc3d7 (Unity) RunAssetImportWorkerClientV2
0x00007ff79f9fc45b (Unity) RunAssetImporterV2
0x00007ff79f1f31de (Unity) Application::InitializeProject
0x00007ff79f688795 (Unity) WinMain
0x00007ff7a0a535ce (Unity) __scrt_common_main_seh
0x00007ffa8b87e8d7 (KERNEL32) BaseThreadInitThunk
0x00007ffa8c1714fc (ntdll) RtlUserThreadStart
Unloading 3383 Unused Serialized files (Serialized files now loaded: 0)
Unloading 39 unused Assets / (1.0 MB). Loaded Objects now: 4536.
Memory consumption went from 154.5 MB to 153.4 MB.
Total: 6.529300 ms (FindLiveObjects: 0.419600 ms CreateObjectMapping: 0.138600 ms MarkObjects: 5.357300 ms  DeleteObjects: 0.612100 ms)

Prepare: number of updated asset objects reloaded= 0
AssetImportParameters requested are different than current active one (requested -> active):
  custom:container-demuxer-ogg: 62fdf1f143b41e24485cea50d1cbac27 -> 
  custom:scripting/monoscript/fileName/Tree.cs: dca7474b58f05e1dc61bb9deb148038d -> 
  custom:scripting/monoscript/fileName/MoneySystemTester.cs: c4f55682c9c7321853562efbfccd0650 -> 
  custom:scripting/monoscript/fileName/MoneyManager.cs: bb3bcc877f8bf4d07b9323d1968354a3 -> 
  custom:video-codec-MediaFoundation-h265: 746d11721c4dcdbdad8f713fa42b33f4 -> 
  custom:video-decoder-ogg-theora: a1e56fd34408186e4bbccfd4996cb3dc -> 
  custom:scripting/monoscript/fileName/Timber.cs: e3f520cc8fc09857160dc689c53c79e7 -> 
  custom:framework-win-MediaFoundation: 216162199b28c13a410421893ffa2e32 -> 
  custom:scripting/monoscript/fileName/Money.cs: 9c40cb0a308c8e4e1f5815ebef98078a -> 
  custom:CustomObjectIndexerAttribute: 9a22284fe3817be447336de3de66b15e -> 
  custom:scripting/monoscript/fileName/FillableBar3D.cs: 80e636c4221a570a1e77cd317386054a -> 
  custom:scripting/monoscript/fileName/ArrowController.cs: 1a447edfdb5484109c0662398b0d2a4f -> 
  custom:scripting/monoscript/fileName/TimberUnloadPlace.cs: 37128713035f60eb0534808b2759b0fd -> 
  custom:container-demuxer-webm: 4f35f7cbe854078d1ac9338744f61a02 -> 
  custom:scripting/monoscript/fileName/BalanceDisplay.cs: 757036e20ecf086f314be8dc85dfa015 -> 
  custom:scripting/monoscript/fileName/ForkliftMoneyHandler.cs: 7fb30a11ebadcb38c9ca3680404c1ff1 -> 
  custom:container-muxer-webm: aa71ff27fc2769a1b78a27578f13a17b -> 
  custom:video-decoder-webm-vp8: 9c59270c3fd7afecdb556c50c9e8de78 -> 
  custom:SearchIndexIgnoredProperties: e643bd26f0fe6173181afceb89e7c659 -> 
  custom:AudioImporter_EditorPlatform: d09bf68614088b80899f8185d706f6e7 -> 
  custom:scripting/monoscript/fileName/ItemContainer.cs: 1a247f583ad3aa68e4dbf69ec7511a7e -> 
  custom:video-encoder-webm-vp8: eb34c28f22e8b96e1ab97ce403110664 -> 
  custom:audio-decoder-ogg-vorbis: bf7c407c2cedff20999df2af8eb42d56 -> 
  custom:audio-encoder-webm-vorbis: bf7c407c2cedff20999df2af8eb42d56 -> 
  custom:scripting/precompiled-assembly-types:Assembly-CSharp: 6e47e798853c79cefa0b769aff168ee8 -> 898d7dc12b5aaae7dfacee678fc8dd41
========================================================================
Received Prepare
Caller must complete domain reload
Begin MonoManager ReloadAssembly
- Loaded All Assemblies, in  0.605 seconds
Native extension for WindowsStandalone target not found
Native extension for Android target not found
Native extension for WebGL target not found
[Package Manager] Server::EnsureServerProcessIsRunning -- launch failed, reason: Unity was launched with the -noUpm command-line argument
[Package Manager] UpmClient::Send -- Unable to send message (not connected to UPM process).
[Package Manager] Cannot connect to Unity Package Manager local server
Failed to sync packages list
UnityEngine.StackTraceUtility:ExtractStackTrace ()
UnityEngine.DebugLogHandler:LogFormat (UnityEngine.LogType,UnityEngine.Object,string,object[])
UnityEngine.Logger:Log (UnityEngine.LogType,object)
UnityEngine.Debug:LogWarning (object)
 .  / :MoveNext ()
System.Runtime.CompilerServices.AsyncVoidMethodBuilder:Start< .  / > ( .  / &)
 .  :  ()
 .⁪/ :MoveNext ()
System.Runtime.CompilerServices.AsyncTaskMethodBuilder:Start< .⁪/ > ( .⁪/ &)
 .⁪:  ()
System.Reflection.RuntimeMethodInfo:Invoke (object,System.Reflection.BindingFlags,System.Reflection.Binder,object[],System.Globalization.CultureInfo)
System.Reflection.MethodBase:Invoke (object,object[])
UnityEditor.EditorAssemblies:ProcessInitializeOnLoadMethodAttributes ()

Mono: successfully reloaded assembly
- Finished resetting the current domain, in  1.322 seconds
Domain Reload Profiling: 1925ms
	BeginReloadAssembly (210ms)
		ExecutionOrderSort (0ms)
		DisableScriptedObjects (6ms)
		BackupInstance (0ms)
		ReleaseScriptingObjects (0ms)
		CreateAndSetChildDomain (45ms)
	RebuildCommonClasses (42ms)
	RebuildNativeTypeToScriptingClass (17ms)
	initialDomainReloadingComplete (42ms)
	LoadAllAssembliesAndSetupDomain (292ms)
		LoadAssemblies (386ms)
		RebuildTransferFunctionScriptingTraits (0ms)
		AnalyzeDomain (19ms)
			TypeCache.Refresh (7ms)
				TypeCache.ScanAssembly (0ms)
			ScanForSourceGeneratedMonoScriptInfo (0ms)
			ResolveRequiredComponents (8ms)
	FinalizeReload (1323ms)
		ReleaseScriptCaches (0ms)
		RebuildScriptCaches (0ms)
		SetupLoadedEditorAssemblies (768ms)
			LogAssemblyErrors (0ms)
			InitializePlatformSupportModulesInManaged (23ms)
			SetLoadedEditorAssemblies (29ms)
			RefreshPlugins (0ms)
			BeforeProcessingInitializeOnLoad (87ms)
			ProcessInitializeOnLoadAttributes (554ms)
			ProcessInitializeOnLoadMethodAttributes (64ms)
			AfterProcessingInitializeOnLoad (11ms)
			EditorAssembliesLoaded (0ms)
		ExecutionOrderSort2 (0ms)
		AwakeInstancesAfterBackupRestoration (9ms)
Refreshing native plugins compatible for Editor in 6.30 ms, found 6 plugins.
Preloading 0 native plugins for Editor in 0.00 ms.
Release of invalid GC handle. The handle is from a previous domain. The release operation is skipped.
Release of invalid GC handle native callstack: 
0x00007ff79e68424d (Unity) StackWalker::GetCurrentCallstack
0x00007ff79e689329 (Unity) StackWalker::ShowCallstack
0x00007ff79f67dae1 (Unity) GetStacktrace
0x00007ff79e57f20d (Unity) ScriptingGCHandle::ReleaseAndClear
0x00007ff79eb4748c (Unity) UploadHandlerRaw::`vector deleting destructor'
0x00007ff79eb4803d (Unity) UploadHandler::Release
0x00007ff79eb448dd (Unity) UnityWebRequestProto<UnityWebRequestTransport,AtomicRefCounter,RedirectHelper,ResponseHelper,DownloadHandler,UploadHandler,CertificateHandler,HeaderHelper,AsyncOperation>::~UnityWebRequestProto<UnityWebRequestTransport,AtomicRefCounter,RedirectHelper,ResponseHelper,DownloadHandler,UploadHandler,CertificateHandler,HeaderHelper,AsyncOperation>
0x00007ff79eb44bd6 (Unity) UnityWebRequest::`vector deleting destructor'
0x00007ff79d894b77 (Unity) UnityWebRequestProto<UnityWebRequestTransport,AtomicRefCounter,RedirectHelper,ResponseHelper,DownloadHandler,UploadHandler,CertificateHandler,HeaderHelper,AsyncOperation>::Release
0x00007ff79eb46605 (Unity) UnityWebRequestAsyncOperation::InvokeCoroutine
0x00007ff79eb467e1 (Unity) UnityWebRequestProto<UnityWebRequestTransport,AtomicRefCounter,RedirectHelper,ResponseHelper,DownloadHandler,UploadHandler,CertificateHandler,HeaderHelper,AsyncOperation>::Job_InvokeCoroutine
0x00007ff79e1ab54a (Unity) BackgroundJobQueue::ExecuteMainThreadJobs
0x00007ff79e26005f (Unity) PreloadManager::WaitForAllAsyncOperationsToComplete
0x00007ff79fa23af8 (Unity) <lambda_b37b41f03089e3cb3f55061bbc93253d>::operator()
0x00007ff79fa5f422 (Unity) asio::detail::completion_handler<core::mutable_function<void __cdecl(void)>,asio::io_context::basic_executor_type<std::allocator<void>,0> >::do_complete
0x00007ff79fa4b3ce (Unity) asio::detail::win_iocp_io_context::do_one
0x00007ff79fa4d034 (Unity) asio::detail::win_iocp_io_context::run
0x00007ff79fa5d7cc (Unity) IOService::Run
0x00007ff79fa30c2f (Unity) AssetImportWorkerClient::Run
0x00007ff79f9fc3d7 (Unity) RunAssetImportWorkerClientV2
0x00007ff79f9fc45b (Unity) RunAssetImporterV2
0x00007ff79f1f31de (Unity) Application::InitializeProject
0x00007ff79f688795 (Unity) WinMain
0x00007ff7a0a535ce (Unity) __scrt_common_main_seh
0x00007ffa8b87e8d7 (KERNEL32) BaseThreadInitThunk
0x00007ffa8c1714fc (ntdll) RtlUserThreadStart
Unloading 3383 Unused Serialized files (Serialized files now loaded: 0)
Unloading 39 unused Assets / (1.0 MB). Loaded Objects now: 4541.
Memory consumption went from 154.6 MB to 153.6 MB.
Total: 5.052500 ms (FindLiveObjects: 0.295300 ms CreateObjectMapping: 0.112600 ms MarkObjects: 4.129700 ms  DeleteObjects: 0.513500 ms)

Prepare: number of updated asset objects reloaded= 0
AssetImportParameters requested are different than current active one (requested -> active):
  custom:container-demuxer-ogg: 62fdf1f143b41e24485cea50d1cbac27 -> 
  custom:scripting/monoscript/fileName/Tree.cs: dca7474b58f05e1dc61bb9deb148038d -> 
  custom:scripting/monoscript/fileName/MoneySystemTester.cs: c4f55682c9c7321853562efbfccd0650 -> 
  custom:scripting/monoscript/fileName/MoneyManager.cs: bb3bcc877f8bf4d07b9323d1968354a3 -> 
  custom:video-codec-MediaFoundation-h265: 746d11721c4dcdbdad8f713fa42b33f4 -> 
  custom:video-decoder-ogg-theora: a1e56fd34408186e4bbccfd4996cb3dc -> 
  custom:scripting/monoscript/fileName/Timber.cs: e3f520cc8fc09857160dc689c53c79e7 -> 
  custom:framework-win-MediaFoundation: 216162199b28c13a410421893ffa2e32 -> 
  custom:scripting/monoscript/fileName/Money.cs: 9c40cb0a308c8e4e1f5815ebef98078a -> 
  custom:CustomObjectIndexerAttribute: 9a22284fe3817be447336de3de66b15e -> 
  custom:scripting/monoscript/fileName/FillableBar3D.cs: 80e636c4221a570a1e77cd317386054a -> 
  custom:scripting/monoscript/fileName/ArrowController.cs: 1a447edfdb5484109c0662398b0d2a4f -> 
  custom:scripting/monoscript/fileName/TimberUnloadPlace.cs: 37128713035f60eb0534808b2759b0fd -> 
  custom:container-demuxer-webm: 4f35f7cbe854078d1ac9338744f61a02 -> 
  custom:scripting/monoscript/fileName/BalanceDisplay.cs: 757036e20ecf086f314be8dc85dfa015 -> 
  custom:scripting/monoscript/fileName/ForkliftMoneyHandler.cs: 7fb30a11ebadcb38c9ca3680404c1ff1 -> 
  custom:container-muxer-webm: aa71ff27fc2769a1b78a27578f13a17b -> 
  custom:video-decoder-webm-vp8: 9c59270c3fd7afecdb556c50c9e8de78 -> 
  custom:SearchIndexIgnoredProperties: e643bd26f0fe6173181afceb89e7c659 -> 
  custom:AudioImporter_EditorPlatform: d09bf68614088b80899f8185d706f6e7 -> 
  custom:scripting/monoscript/fileName/ItemContainer.cs: 1a247f583ad3aa68e4dbf69ec7511a7e -> 
  custom:video-encoder-webm-vp8: eb34c28f22e8b96e1ab97ce403110664 -> 
  custom:audio-decoder-ogg-vorbis: bf7c407c2cedff20999df2af8eb42d56 -> 
  custom:audio-encoder-webm-vorbis: bf7c407c2cedff20999df2af8eb42d56 -> 
  custom:scripting/precompiled-assembly-types:Assembly-CSharp: 6e47e798853c79cefa0b769aff168ee8 -> 898d7dc12b5aaae7dfacee678fc8dd41
========================================================================
Received Prepare
Caller must complete domain reload
Begin MonoManager ReloadAssembly
- Loaded All Assemblies, in  0.667 seconds
Native extension for WindowsStandalone target not found
Native extension for Android target not found
Native extension for WebGL target not found
[Package Manager] Server::EnsureServerProcessIsRunning -- launch failed, reason: Unity was launched with the -noUpm command-line argument
[Package Manager] UpmClient::Send -- Unable to send message (not connected to UPM process).
[Package Manager] Cannot connect to Unity Package Manager local server
Failed to sync packages list
UnityEngine.StackTraceUtility:ExtractStackTrace ()
UnityEngine.DebugLogHandler:LogFormat (UnityEngine.LogType,UnityEngine.Object,string,object[])
UnityEngine.Logger:Log (UnityEngine.LogType,object)
UnityEngine.Debug:LogWarning (object)
 .  / :MoveNext ()
System.Runtime.CompilerServices.AsyncVoidMethodBuilder:Start< .  / > ( .  / &)
 .  :  ()
 .⁪/ :MoveNext ()
System.Runtime.CompilerServices.AsyncTaskMethodBuilder:Start< .⁪/ > ( .⁪/ &)
 .⁪:  ()
System.Reflection.RuntimeMethodInfo:Invoke (object,System.Reflection.BindingFlags,System.Reflection.Binder,object[],System.Globalization.CultureInfo)
System.Reflection.MethodBase:Invoke (object,object[])
UnityEditor.EditorAssemblies:ProcessInitializeOnLoadMethodAttributes ()

Mono: successfully reloaded assembly
- Finished resetting the current domain, in  1.292 seconds
Domain Reload Profiling: 1957ms
	BeginReloadAssembly (215ms)
		ExecutionOrderSort (0ms)
		DisableScriptedObjects (7ms)
		BackupInstance (0ms)
		ReleaseScriptingObjects (0ms)
		CreateAndSetChildDomain (48ms)
	RebuildCommonClasses (51ms)
	RebuildNativeTypeToScriptingClass (22ms)
	initialDomainReloadingComplete (42ms)
	LoadAllAssembliesAndSetupDomain (334ms)
		LoadAssemblies (411ms)
		RebuildTransferFunctionScriptingTraits (0ms)
		AnalyzeDomain (33ms)
			TypeCache.Refresh (14ms)
				TypeCache.ScanAssembly (1ms)
			ScanForSourceGeneratedMonoScriptInfo (9ms)
			ResolveRequiredComponents (7ms)
	FinalizeReload (1293ms)
		ReleaseScriptCaches (0ms)
		RebuildScriptCaches (0ms)
		SetupLoadedEditorAssemblies (743ms)
			LogAssemblyErrors (0ms)
			InitializePlatformSupportModulesInManaged (26ms)
			SetLoadedEditorAssemblies (6ms)
			RefreshPlugins (0ms)
			BeforeProcessingInitializeOnLoad (85ms)
			ProcessInitializeOnLoadAttributes (556ms)
			ProcessInitializeOnLoadMethodAttributes (63ms)
			AfterProcessingInitializeOnLoad (6ms)
			EditorAssembliesLoaded (0ms)
		ExecutionOrderSort2 (0ms)
		AwakeInstancesAfterBackupRestoration (9ms)
Callback registration failed. Increase kMaxCallback.
Fatal Error! Callback registration failed. Increase kMaxCallback.
Crash!!!
SymInit: Symbol-SearchPath: '.;C:\Users\Andrey\Desktop\GIT\Lumber2\Lumber2;C:\Users\Andrey\Desktop\GIT\Lumber2\Lumber2\Library\BurstCache\JIT;C:\Program Files\Unity\Hub\Editor\Editor\2022.3.58f1\Editor;C:\WINDOWS;C:\WINDOWS\system32;', symOptions: 534, UserName: 'Andrey'
OS-Version: 10.0.0
C:\Program Files\Unity\Hub\Editor\Editor\2022.3.58f1\Editor\Unity.exe:Unity.exe (00007FF79D490000), size: 82513920 (result: 0), SymType: 'PDB', PDB: 'C:\Program Files\Unity\Hub\Editor\Editor\2022.3.58f1\Editor\Unity_x64.pdb', fileVersion: 2022.3.58.32622
C:\WINDOWS\SYSTEM32\ntdll.dll:ntdll.dll (00007FFA8C0C0000), size: 2490368 (result: 0), SymType: '-exported-', PDB: 'C:\WINDOWS\SYSTEM32\ntdll.dll', fileVersion: 10.0.26100.3775
C:\WINDOWS\System32\KERNEL32.DLL:KERNEL32.DLL (00007FFA8B850000), size: 815104 (result: 0), SymType: '-exported-', PDB: 'C:\WINDOWS\System32\KERNEL32.DLL', fileVersion: 10.0.26100.3775
C:\WINDOWS\System32\KERNELBASE.dll:KERNELBASE.dll (00007FFA89AF0000), size: 3973120 (result: 0), SymType: '-exported-', PDB: 'C:\WINDOWS\System32\KERNELBASE.dll', fileVersion: 10.0.26100.3775
C:\WINDOWS\System32\CRYPT32.dll:CRYPT32.dll (00007FFA892A0000), size: 1536000 (result: 0), SymType: '-exported-', PDB: 'C:\WINDOWS\System32\CRYPT32.dll', fileVersion: 10.0.26100.3775
C:\WINDOWS\System32\ucrtbase.dll:ucrtbase.dll (00007FFA898F0000), size: 1355776 (result: 0), SymType: '-exported-', PDB: 'C:\WINDOWS\System32\ucrtbase.dll', fileVersion: 10.0.26100.3624
C:\WINDOWS\System32\USER32.dll:USER32.dll (00007FFA89EC0000), size: 1884160 (result: 0), SymType: '-exported-', PDB: 'C:\WINDOWS\System32\USER32.dll', fileVersion: 10.0.26100.3775
C:\WINDOWS\System32\win32u.dll:win32u.dll (00007FFA89420000), size: 159744 (result: 0), SymType: '-exported-', PDB: 'C:\WINDOWS\System32\win32u.dll', fileVersion: 10.0.26100.3775
C:\WINDOWS\System32\GDI32.dll:GDI32.dll (00007FFA8C000000), size: 172032 (result: 0), SymType: '-exported-', PDB: 'C:\WINDOWS\System32\GDI32.dll', fileVersion: 10.0.26100.3775
C:\WINDOWS\System32\gdi32full.dll:gdi32full.dll (00007FFA89580000), size: 1249280 (result: 0), SymType: '-exported-', PDB: 'C:\WINDOWS\System32\gdi32full.dll', fileVersion: 10.0.26100.3775
C:\WINDOWS\System32\msvcp_win.dll:msvcp_win.dll (00007FFA89A40000), size: 667648 (result: 0), SymType: '-exported-', PDB: 'C:\WINDOWS\System32\msvcp_win.dll', fileVersion: 10.0.26100.1882
C:\Program Files\Unity\Hub\Editor\Editor\2022.3.58f1\Editor\s3tcompress.dll:s3tcompress.dll (00007FFA7E7D0000), size: 180224 (result: 0), SymType: '-exported-', PDB: 'C:\Program Files\Unity\Hub\Editor\Editor\2022.3.58f1\Editor\s3tcompress.dll'
C:\Program Files\Unity\Hub\Editor\Editor\2022.3.58f1\Editor\libfbxsdk.dll:libfbxsdk.dll (00007FF9FA430000), size: 8019968 (result: 0), SymType: '-exported-', PDB: 'C:\Program Files\Unity\Hub\Editor\Editor\2022.3.58f1\Editor\libfbxsdk.dll', fileVersion: 2020.3.7.0
C:\WINDOWS\System32\ADVAPI32.dll:ADVAPI32.dll (00007FFA8A410000), size: 729088 (result: 0), SymType: '-exported-', PDB: 'C:\WINDOWS\System32\ADVAPI32.dll', fileVersion: 10.0.26100.3775
C:\Program Files\Unity\Hub\Editor\Editor\2022.3.58f1\Editor\etccompress.dll:etccompress.dll (00007FF9EF630000), size: 5070848 (result: 0), SymType: '-exported-', PDB: 'C:\Program Files\Unity\Hub\Editor\Editor\2022.3.58f1\Editor\etccompress.dll'
C:\WINDOWS\System32\msvcrt.dll:msvcrt.dll (00007FFA8BEC0000), size: 692224 (result: 0), SymType: '-exported-', PDB: 'C:\WINDOWS\System32\msvcrt.dll', fileVersion: 7.0.26100.1882
C:\WINDOWS\System32\sechost.dll:sechost.dll (00007FFA8A740000), size: 679936 (result: 0), SymType: '-exported-', PDB: 'C:\WINDOWS\System32\sechost.dll', fileVersion: 10.0.26100.3775
C:\Program Files\Unity\Hub\Editor\Editor\2022.3.58f1\Editor\ispc_texcomp.dll:ispc_texcomp.dll (00007FFA069C0000), size: 1826816 (result: 0), SymType: '-exported-', PDB: 'C:\Program Files\Unity\Hub\Editor\Editor\2022.3.58f1\Editor\ispc_texcomp.dll'
C:\WINDOWS\System32\RPCRT4.dll:RPCRT4.dll (00007FFA8BDA0000), size: 1138688 (result: 0), SymType: '-exported-', PDB: 'C:\WINDOWS\System32\RPCRT4.dll', fileVersion: 10.0.26100.3037
C:\Program Files\Unity\Hub\Editor\Editor\2022.3.58f1\Editor\compress_bc7e.dll:compress_bc7e.dll (00007FFA2DA60000), size: 1433600 (result: 0), SymType: '-exported-', PDB: 'C:\Program Files\Unity\Hub\Editor\Editor\2022.3.58f1\Editor\compress_bc7e.dll'
C:\Program Files\Unity\Hub\Editor\Editor\2022.3.58f1\Editor\FreeImage.dll:FreeImage.dll (0000000180000000), size: 5783552 (result: 0), SymType: '-exported-', PDB: 'C:\Program Files\Unity\Hub\Editor\Editor\2022.3.58f1\Editor\FreeImage.dll', fileVersion: 3.18.0.0
C:\WINDOWS\System32\SHELL32.dll:SHELL32.dll (00007FFA8AE50000), size: 7507968 (result: 0), SymType: '-exported-', PDB: 'C:\WINDOWS\System32\SHELL32.dll', fileVersion: 10.0.26100.3624
C:\WINDOWS\System32\WS2_32.dll:WS2_32.dll (00007FFA8A820000), size: 475136 (result: 0), SymType: '-exported-', PDB: 'C:\WINDOWS\System32\WS2_32.dll', fileVersion: 10.0.26100.1882
C:\Program Files\Unity\Hub\Editor\Editor\2022.3.58f1\Editor\WinPixEventRuntime.dll:WinPixEventRuntime.dll (00007FFA82800000), size: 45056 (result: 0), SymType: '-exported-', PDB: 'C:\Program Files\Unity\Hub\Editor\Editor\2022.3.58f1\Editor\WinPixEventRuntime.dll', fileVersion: 1.0.1812.6001
C:\Program Files\Unity\Hub\Editor\Editor\2022.3.58f1\Editor\umbraoptimizer64.dll:umbraoptimizer64.dll (00007FFA15E50000), size: 1187840 (result: 0), SymType: '-exported-', PDB: 'C:\Program Files\Unity\Hub\Editor\Editor\2022.3.58f1\Editor\umbraoptimizer64.dll'
C:\WINDOWS\System32\wintypes.dll:wintypes.dll (00007FFA89780000), size: 1474560 (result: 0), SymType: '-exported-', PDB: 'C:\WINDOWS\System32\wintypes.dll', fileVersion: 10.0.26100.3037
C:\WINDOWS\System32\combase.dll:combase.dll (00007FFA8B920000), size: 3678208 (result: 0), SymType: '-exported-', PDB: 'C:\WINDOWS\System32\combase.dll', fileVersion: 10.0.26100.3775
C:\WINDOWS\System32\SHLWAPI.dll:SHLWAPI.dll (00007FFA8B7E0000), size: 409600 (result: 0), SymType: '-exported-', PDB: 'C:\WINDOWS\System32\SHLWAPI.dll', fileVersion: 10.0.26100.3624
C:\WINDOWS\SYSTEM32\MSVCP140.dll:MSVCP140.dll (00007FFA60F30000), size: 577536 (result: 0), SymType: '-exported-', PDB: 'C:\WINDOWS\SYSTEM32\MSVCP140.dll', fileVersion: 14.42.34438.0
C:\WINDOWS\System32\ole32.dll:ole32.dll (00007FFA8A270000), size: 1662976 (result: 0), SymType: '-exported-', PDB: 'C:\WINDOWS\System32\ole32.dll', fileVersion: 10.0.26100.3624
C:\WINDOWS\SYSTEM32\VCRUNTIME140.dll:VCRUNTIME140.dll (00007FFA2CE00000), size: 122880 (result: 0), SymType: '-exported-', PDB: 'C:\WINDOWS\SYSTEM32\VCRUNTIME140.dll', fileVersion: 14.42.34438.0
C:\WINDOWS\SYSTEM32\VCRUNTIME140_1.dll:VCRUNTIME140_1.dll (00007FFA82310000), size: 49152 (result: 0), SymType: '-exported-', PDB: 'C:\WINDOWS\SYSTEM32\VCRUNTIME140_1.dll', fileVersion: 14.42.34438.0
C:\WINDOWS\System32\IMM32.dll:IMM32.dll (00007FFA8A230000), size: 192512 (result: 0), SymType: '-exported-', PDB: 'C:\WINDOWS\System32\IMM32.dll', fileVersion: 10.0.26100.3775
C:\WINDOWS\System32\SETUPAPI.dll:SETUPAPI.dll (00007FFA8A8B0000), size: 4743168 (result: 0), SymType: '-exported-', PDB: 'C:\WINDOWS\System32\SETUPAPI.dll', fileVersion: 10.0.26100.3624
C:\WINDOWS\System32\OLEAUT32.dll:OLEAUT32.dll (00007FFA8A4E0000), size: 876544 (result: 0), SymType: '-exported-', PDB: 'C:\WINDOWS\System32\OLEAUT32.dll', fileVersion: 10.0.26100.3624
C:\WINDOWS\System32\WINTRUST.dll:WINTRUST.dll (00007FFA89450000), size: 520192 (result: 0), SymType: '-exported-', PDB: 'C:\WINDOWS\System32\WINTRUST.dll', fileVersion: 10.0.26100.3624
C:\WINDOWS\SYSTEM32\IPHLPAPI.DLL:IPHLPAPI.DLL (00007FFA87B60000), size: 208896 (result: 0), SymType: '-exported-', PDB: 'C:\WINDOWS\SYSTEM32\IPHLPAPI.DLL', fileVersion: 10.0.26100.3624
C:\WINDOWS\SYSTEM32\OPENGL32.dll:OPENGL32.dll (00007FFA6EA50000), size: 1097728 (result: 0), SymType: '-exported-', PDB: 'C:\WINDOWS\SYSTEM32\OPENGL32.dll', fileVersion: 10.0.26100.3624
C:\WINDOWS\SYSTEM32\WINHTTP.dll:WINHTTP.dll (00007FFA80CC0000), size: 1167360 (result: 0), SymType: '-exported-', PDB: 'C:\WINDOWS\SYSTEM32\WINHTTP.dll', fileVersion: 10.0.26100.3624
C:\WINDOWS\SYSTEM32\GLU32.dll:GLU32.dll (00007FFA82B30000), size: 184320 (result: 0), SymType: '-exported-', PDB: 'C:\WINDOWS\SYSTEM32\GLU32.dll', fileVersion: 10.0.26100.1150
C:\WINDOWS\SYSTEM32\WINMM.dll:WINMM.dll (00007FFA85CF0000), size: 221184 (result: 0), SymType: '-exported-', PDB: 'C:\WINDOWS\SYSTEM32\WINMM.dll', fileVersion: 10.0.26100.3624
C:\WINDOWS\SYSTEM32\dwmapi.dll:dwmapi.dll (00007FFA86300000), size: 221184 (result: 0), SymType: '-exported-', PDB: 'C:\WINDOWS\SYSTEM32\dwmapi.dll', fileVersion: 10.0.26100.3775
C:\WINDOWS\SYSTEM32\bcrypt.dll:bcrypt.dll (00007FFA891C0000), size: 155648 (result: 0), SymType: '-exported-', PDB: 'C:\WINDOWS\SYSTEM32\bcrypt.dll', fileVersion: 10.0.26100.3037
C:\WINDOWS\SYSTEM32\HID.DLL:HID.DLL (00007FFA87790000), size: 61440 (result: 0), SymType: '-exported-', PDB: 'C:\WINDOWS\SYSTEM32\HID.DLL', fileVersion: 10.0.26100.1150
C:\WINDOWS\SYSTEM32\VERSION.dll:VERSION.dll (00007FFA7E290000), size: 45056 (result: 0), SymType: '-exported-', PDB: 'C:\WINDOWS\SYSTEM32\VERSION.dll', fileVersion: 10.0.26100.1150
C:\Program Files\Unity\Hub\Editor\Editor\2022.3.58f1\Editor\NativeProxyHelper.dll:NativeProxyHelper.dll (00007FF9FFCB0000), size: 1789952 (result: 0), SymType: '-exported-', PDB: 'C:\Program Files\Unity\Hub\Editor\Editor\2022.3.58f1\Editor\NativeProxyHelper.dll'
C:\Program Files\Unity\Hub\Editor\Editor\2022.3.58f1\Editor\SketchUpAPI.dll:SketchUpAPI.dll (00007FF9EB6F0000), size: 8990720 (result: 0), SymType: '-exported-', PDB: 'C:\Program Files\Unity\Hub\Editor\Editor\2022.3.58f1\Editor\SketchUpAPI.dll', fileVersion: 23.0.0.0
C:\WINDOWS\SYSTEM32\WSOCK32.dll:WSOCK32.dll (00007FFA82190000), size: 40960 (result: 0), SymType: '-exported-', PDB: 'C:\WINDOWS\SYSTEM32\WSOCK32.dll', fileVersion: 10.0.26100.1
C:\WINDOWS\SYSTEM32\Secur32.dll:Secur32.dll (00007FFA84690000), size: 53248 (result: 0), SymType: '-exported-', PDB: 'C:\WINDOWS\SYSTEM32\Secur32.dll', fileVersion: 10.0.26100.1
C:\WINDOWS\SYSTEM32\dxcore.dll:dxcore.dll (00007FFA863B0000), size: 290816 (result: 0), SymType: '-exported-', PDB: 'C:\WINDOWS\SYSTEM32\dxcore.dll', fileVersion: 10.0.26100.3624
C:\Program Files\Unity\Hub\Editor\Editor\2022.3.58f1\Editor\SketchUpCommonPreferences.dll:SketchUpCommonPreferences.dll (00007FFA5A5D0000), size: 499712 (result: 0), SymType: '-exported-', PDB: 'C:\Program Files\Unity\Hub\Editor\Editor\2022.3.58f1\Editor\SketchUpCommonPreferences.dll', fileVersion: 23.0.0.0
C:\WINDOWS\SYSTEM32\SSPICLI.DLL:SSPICLI.DLL (00007FFA88470000), size: 294912 (result: 0), SymType: '-exported-', PDB: 'C:\WINDOWS\SYSTEM32\SSPICLI.DLL', fileVersion: 10.0.26100.3775
C:\Program Files\Unity\Hub\Editor\Editor\2022.3.58f1\Editor\OpenRL.dll:OpenRL.dll (00000281CC240000), size: 12779520 (result: 0), SymType: '-exported-', PDB: 'C:\Program Files\Unity\Hub\Editor\Editor\2022.3.58f1\Editor\OpenRL.dll', fileVersion: 1.5.0.2907
C:\WINDOWS\SYSTEM32\MSVCR100.dll:MSVCR100.dll (000000005C7C0000), size: 860160 (result: 0), SymType: '-exported-', PDB: 'C:\WINDOWS\SYSTEM32\MSVCR100.dll', fileVersion: 10.0.40219.325
C:\WINDOWS\SYSTEM32\MSVCP100.dll:MSVCP100.dll (000000005C720000), size: 622592 (result: 0), SymType: '-exported-', PDB: 'C:\WINDOWS\SYSTEM32\MSVCP100.dll', fileVersion: 10.0.40219.325
C:\Program Files\Unity\Hub\Editor\Editor\2022.3.58f1\Editor\embree.dll:embree.dll (00007FF9E2120000), size: 16711680 (result: 0), SymType: '-exported-', PDB: 'C:\Program Files\Unity\Hub\Editor\Editor\2022.3.58f1\Editor\embree.dll', fileVersion: 2.14.0.0
C:\WINDOWS\SYSTEM32\cfgmgr32.DLL:cfgmgr32.DLL (00007FFA88E60000), size: 389120 (result: 0), SymType: '-exported-', PDB: 'C:\WINDOWS\SYSTEM32\cfgmgr32.DLL', fileVersion: 10.0.26100.3624
C:\WINDOWS\SYSTEM32\MSWSOCK.DLL:MSWSOCK.DLL (00007FFA886F0000), size: 434176 (result: 0), SymType: '-exported-', PDB: 'C:\WINDOWS\SYSTEM32\MSWSOCK.DLL', fileVersion: 10.0.26100.3624
C:\Program Files\Unity\Hub\Editor\Editor\2022.3.58f1\Editor\tbb.dll:tbb.dll (00007FFA5A560000), size: 413696 (result: 0), SymType: '-exported-', PDB: 'C:\Program Files\Unity\Hub\Editor\Editor\2022.3.58f1\Editor\tbb.dll', fileVersion: 2017.0.2016.1004
C:\WINDOWS\SYSTEM32\MSVCP120.dll:MSVCP120.dll (00007FFA2CFA0000), size: 679936 (result: 0), SymType: '-exported-', PDB: 'C:\WINDOWS\SYSTEM32\MSVCP120.dll', fileVersion: 12.0.21005.1
C:\WINDOWS\SYSTEM32\MSVCR120.dll:MSVCR120.dll (00007FFA0B650000), size: 978944 (result: 0), SymType: '-exported-', PDB: 'C:\WINDOWS\SYSTEM32\MSVCR120.dll', fileVersion: 12.0.21005.1
C:\Program Files\Unity\Hub\Editor\Editor\2022.3.58f1\Editor\OpenRL_pthread.dll:OpenRL_pthread.dll (00000281CCE90000), size: 61440 (result: 0), SymType: '-exported-', PDB: 'C:\Program Files\Unity\Hub\Editor\Editor\2022.3.58f1\Editor\OpenRL_pthread.dll', fileVersion: 2.9.0.0
C:\WINDOWS\SYSTEM32\MSASN1.dll:MSASN1.dll (00007FFA88A00000), size: 77824 (result: 0), SymType: '-exported-', PDB: 'C:\WINDOWS\SYSTEM32\MSASN1.dll', fileVersion: 10.0.26100.2894
C:\WINDOWS\System32\bcryptprimitives.dll:bcryptprimitives.dll (00007FFA894E0000), size: 626688 (result: 0), SymType: '-exported-', PDB: 'C:\WINDOWS\System32\bcryptprimitives.dll', fileVersion: 10.0.26100.3037
C:\WINDOWS\SYSTEM32\kernel.appcore.dll:kernel.appcore.dll (00007FFA881D0000), size: 106496 (result: 0), SymType: '-exported-', PDB: 'C:\WINDOWS\SYSTEM32\kernel.appcore.dll', fileVersion: 10.0.26100.1591
C:\WINDOWS\system32\uxtheme.dll:uxtheme.dll (00007FFA85B60000), size: 712704 (result: 0), SymType: '-exported-', PDB: 'C:\WINDOWS\system32\uxtheme.dll', fileVersion: 10.0.26100.3624
C:\WINDOWS\SYSTEM32\windows.storage.dll:windows.storage.dll (00007FFA86F30000), size: 8724480 (result: 0), SymType: '-exported-', PDB: 'C:\WINDOWS\SYSTEM32\windows.storage.dll', fileVersion: 10.0.26100.3624
C:\WINDOWS\System32\SHCORE.dll:SHCORE.dll (00007FFA8BCB0000), size: 970752 (result: 0), SymType: '-exported-', PDB: 'C:\WINDOWS\System32\SHCORE.dll', fileVersion: 10.0.26100.3775
C:\WINDOWS\SYSTEM32\profapi.dll:profapi.dll (00007FFA89180000), size: 192512 (result: 0), SymType: '-nosymbols-', PDB: 'C:\WINDOWS\SYSTEM32\profapi.dll', fileVersion: 10.0.26100.3624
C:\WINDOWS\system32\IconCodecService.dll:IconCodecService.dll (00007FFA74090000), size: 45056 (result: 0), SymType: '-nosymbols-', PDB: 'C:\WINDOWS\system32\IconCodecService.dll', fileVersion: 10.0.26100.1
C:\WINDOWS\SYSTEM32\WindowsCodecs.dll:WindowsCodecs.dll (00007FFA85850000), size: 2285568 (result: 0), SymType: '-exported-', PDB: 'C:\WINDOWS\SYSTEM32\WindowsCodecs.dll', fileVersion: 10.0.26100.3624
C:\WINDOWS\System32\clbcatq.dll:clbcatq.dll (00007FFA8A090000), size: 688128 (result: 0), SymType: '-exported-', PDB: 'C:\WINDOWS\System32\clbcatq.dll', fileVersion: 2001.12.10941.16384
C:\WINDOWS\System32\netprofm.dll:netprofm.dll (00007FFA85000000), size: 413696 (result: 0), SymType: '-exported-', PDB: 'C:\WINDOWS\System32\netprofm.dll', fileVersion: 10.0.26100.2454
C:\WINDOWS\System32\npmproxy.dll:npmproxy.dll (00007FFA7DB10000), size: 102400 (result: 0), SymType: '-exported-', PDB: 'C:\WINDOWS\System32\npmproxy.dll', fileVersion: 10.0.26100.1150
C:\WINDOWS\System32\NSI.dll:NSI.dll (00007FFA8AD40000), size: 40960 (result: 0), SymType: '-exported-', PDB: 'C:\WINDOWS\System32\NSI.dll', fileVersion: 10.0.26100.2894
C:\WINDOWS\SYSTEM32\dhcpcsvc6.DLL:dhcpcsvc6.DLL (00007FFA809E0000), size: 126976 (result: 0), SymType: '-exported-', PDB: 'C:\WINDOWS\SYSTEM32\dhcpcsvc6.DLL', fileVersion: 10.0.26100.3624
C:\WINDOWS\SYSTEM32\dhcpcsvc.DLL:dhcpcsvc.DLL (00007FFA809A0000), size: 151552 (result: 0), SymType: '-exported-', PDB: 'C:\WINDOWS\SYSTEM32\dhcpcsvc.DLL', fileVersion: 10.0.26100.3624
C:\WINDOWS\SYSTEM32\DNSAPI.dll:DNSAPI.dll (00007FFA87BF0000), size: 1200128 (result: 0), SymType: '-exported-', PDB: 'C:\WINDOWS\SYSTEM32\DNSAPI.dll', fileVersion: 10.0.26100.3624
C:\WINDOWS\system32\napinsp.dll:napinsp.dll (00007FFA81160000), size: 98304 (result: 0), SymType: '-exported-', PDB: 'C:\WINDOWS\system32\napinsp.dll', fileVersion: 10.0.26100.1150
C:\WINDOWS\System32\winrnr.dll:winrnr.dll (00007FFA81120000), size: 73728 (result: 0), SymType: '-exported-', PDB: 'C:\WINDOWS\System32\winrnr.dll', fileVersion: 10.0.26100.1882
C:\WINDOWS\system32\nlansp_c.dll:nlansp_c.dll (00007FFA22600000), size: 196608 (result: 0), SymType: '-exported-', PDB: 'C:\WINDOWS\system32\nlansp_c.dll', fileVersion: 10.0.26100.3624
C:\WINDOWS\system32\wshbth.dll:wshbth.dll (00007FFA7E460000), size: 90112 (result: 0), SymType: '-exported-', PDB: 'C:\WINDOWS\system32\wshbth.dll', fileVersion: 10.0.26100.1882
C:\WINDOWS\System32\fwpuclnt.dll:fwpuclnt.dll (00007FFA7E2A0000), size: 544768 (result: 0), SymType: '-exported-', PDB: 'C:\WINDOWS\System32\fwpuclnt.dll', fileVersion: 10.0.26100.3624
C:\Windows\System32\rasadhlp.dll:rasadhlp.dll (00007FFA7E450000), size: 45056 (result: 0), SymType: '-exported-', PDB: 'C:\Windows\System32\rasadhlp.dll', fileVersion: 10.0.26100.1150
C:\Program Files\Unity\Hub\Editor\Editor\2022.3.58f1\Editor\NVUnityPlugin.DLL:NVUnityPlugin.DLL (00007FFA32E10000), size: 1609728 (result: 0), SymType: '-exported-', PDB: 'C:\Program Files\Unity\Hub\Editor\Editor\2022.3.58f1\Editor\NVUnityPlugin.DLL'
C:\Program Files\Unity\Hub\Editor\Editor\2022.3.58f1\Editor\Data\Tools\astcenc-avx2.dll:astcenc-avx2.dll (00007FFA4AC20000), size: 540672 (result: 0), SymType: '-exported-', PDB: 'C:\Program Files\Unity\Hub\Editor\Editor\2022.3.58f1\Editor\Data\Tools\astcenc-avx2.dll'
C:\WINDOWS\System32\MMDevApi.dll:MMDevApi.dll (00007FFA80780000), size: 630784 (result: 0), SymType: '-exported-', PDB: 'C:\WINDOWS\System32\MMDevApi.dll', fileVersion: 10.0.26100.3624
C:\WINDOWS\System32\DEVOBJ.dll:DEVOBJ.dll (00007FFA88ED0000), size: 184320 (result: 0), SymType: '-exported-', PDB: 'C:\WINDOWS\System32\DEVOBJ.dll', fileVersion: 10.0.26100.1150
C:\WINDOWS\SYSTEM32\d3d11.dll:d3d11.dll (00007FFA7F560000), size: 2514944 (result: 0), SymType: '-exported-', PDB: 'C:\WINDOWS\SYSTEM32\d3d11.dll', fileVersion: 10.0.26100.3624
C:\WINDOWS\SYSTEM32\dxgi.dll:dxgi.dll (00007FFA86160000), size: 1236992 (result: 0), SymType: '-exported-', PDB: 'C:\WINDOWS\SYSTEM32\dxgi.dll', fileVersion: 10.0.26100.3624
C:\WINDOWS\SYSTEM32\directxdatabasehelper.dll:directxdatabasehelper.dll (00007FFA860A0000), size: 385024 (result: 0), SymType: '-nosymbols-', PDB: 'C:\WINDOWS\SYSTEM32\directxdatabasehelper.dll', fileVersion: 10.0.26100.3624
C:\WINDOWS\System32\DriverStore\FileRepository\nvlt.inf_amd64_7aa6916b4470db08\nvldumdx.dll:nvldumdx.dll (00007FFA5A170000), size: 802816 (result: 0), SymType: '-exported-', PDB: 'C:\WINDOWS\System32\DriverStore\FileRepository\nvlt.inf_amd64_7aa6916b4470db08\nvldumdx.dll', fileVersion: 32.0.15.6650
C:\WINDOWS\SYSTEM32\cryptnet.dll:cryptnet.dll (00007FFA7E250000), size: 241664 (result: 0), SymType: '-exported-', PDB: 'C:\WINDOWS\SYSTEM32\cryptnet.dll', fileVersion: 10.0.26100.3624
C:\WINDOWS\SYSTEM32\cryptbase.dll:cryptbase.dll (00007FFA889B0000), size: 49152 (result: 0), SymType: '-exported-', PDB: 'C:\WINDOWS\SYSTEM32\cryptbase.dll', fileVersion: 10.0.26100.2894
C:\WINDOWS\SYSTEM32\wldp.dll:wldp.dll (00007FFA88A70000), size: 380928 (result: 0), SymType: '-exported-', PDB: 'C:\WINDOWS\SYSTEM32\wldp.dll', fileVersion: 10.0.26100.3624
C:\WINDOWS\SYSTEM32\drvstore.dll:drvstore.dll (00007FFA7DED0000), size: 1556480 (result: 0), SymType: '-exported-', PDB: 'C:\WINDOWS\SYSTEM32\drvstore.dll', fileVersion: 10.0.26100.3624
C:\WINDOWS\System32\imagehlp.dll:imagehlp.dll (00007FFA8A7F0000), size: 131072 (result: 0), SymType: '-exported-', PDB: 'C:\WINDOWS\System32\imagehlp.dll', fileVersion: 10.0.26100.1150
C:\WINDOWS\SYSTEM32\CRYPTSP.dll:CRYPTSP.dll (00007FFA88990000), size: 114688 (result: 0), SymType: '-exported-', PDB: 'C:\WINDOWS\SYSTEM32\CRYPTSP.dll', fileVersion: 10.0.26100.2454
C:\WINDOWS\system32\rsaenh.dll:rsaenh.dll (00007FFA88130000), size: 237568 (result: 0), SymType: '-exported-', PDB: 'C:\WINDOWS\system32\rsaenh.dll', fileVersion: 10.0.26100.3624
C:\WINDOWS\System32\DriverStore\FileRepository\nvlt.inf_amd64_7aa6916b4470db08\nvgpucomp64.dll:nvgpucomp64.dll (00007FFA1AA20000), size: 47251456 (result: 0), SymType: '-exported-', PDB: 'C:\WINDOWS\System32\DriverStore\FileRepository\nvlt.inf_amd64_7aa6916b4470db08\nvgpucomp64.dll', fileVersion: 32.0.15.6650
C:\WINDOWS\System32\DriverStore\FileRepository\nvlt.inf_amd64_7aa6916b4470db08\Display.NvContainer\NvMessageBus.dll:NvMessageBus.dll (00007FFA6D4B0000), size: 3506176 (result: 0), SymType: '-exported-', PDB: 'C:\WINDOWS\System32\DriverStore\FileRepository\nvlt.inf_amd64_7aa6916b4470db08\Display.NvContainer\NvMessageBus.dll', fileVersion: 3.12.3354.5005
C:\WINDOWS\System32\DriverStore\FileRepository\nvlt.inf_amd64_7aa6916b4470db08\nvwgf2umx.dll:nvwgf2umx.dll (00007FF9F1D10000), size: 71819264 (result: 0), SymType: '-exported-', PDB: 'C:\WINDOWS\System32\DriverStore\FileRepository\nvlt.inf_amd64_7aa6916b4470db08\nvwgf2umx.dll', fileVersion: 32.0.15.6650
C:\WINDOWS\SYSTEM32\powrprof.dll:powrprof.dll (00007FFA87F30000), size: 385024 (result: 0), SymType: '-exported-', PDB: 'C:\WINDOWS\SYSTEM32\powrprof.dll', fileVersion: 10.0.26100.3624
C:\WINDOWS\SYSTEM32\UMPDC.dll:UMPDC.dll (00007FFA87F10000), size: 81920 (result: 0), SymType: '-exported-', PDB: 'C:\WINDOWS\SYSTEM32\UMPDC.dll', fileVersion: 10.0.26100.1301
C:\WINDOWS\System32\DriverStore\FileRepository\nvlt.inf_amd64_7aa6916b4470db08\nvppex.dll:nvppex.dll (00007FFA12D50000), size: 1396736 (result: 0), SymType: '-exported-', PDB: 'C:\WINDOWS\System32\DriverStore\FileRepository\nvlt.inf_amd64_7aa6916b4470db08\nvppex.dll', fileVersion: 32.0.15.6650
C:\WINDOWS\system32\wbem\wbemprox.dll:wbemprox.dll (00007FFA72F60000), size: 73728 (result: 0), SymType: '-exported-', PDB: 'C:\WINDOWS\system32\wbem\wbemprox.dll', fileVersion: 10.0.26100.1000
C:\WINDOWS\SYSTEM32\wbemcomn.dll:wbemcomn.dll (00007FFA759D0000), size: 499712 (result: 0), SymType: '-exported-', PDB: 'C:\WINDOWS\SYSTEM32\wbemcomn.dll', fileVersion: 10.0.26100.1150
C:\WINDOWS\system32\wbem\wbemsvc.dll:wbemsvc.dll (00007FFA72DC0000), size: 86016 (result: 0), SymType: '-exported-', PDB: 'C:\WINDOWS\system32\wbem\wbemsvc.dll', fileVersion: 10.0.26100.1000
C:\WINDOWS\system32\wbem\fastprox.dll:fastprox.dll (00007FFA723B0000), size: 983040 (result: 0), SymType: '-exported-', PDB: 'C:\WINDOWS\system32\wbem\fastprox.dll', fileVersion: 10.0.26100.3624
C:\WINDOWS\SYSTEM32\amsi.dll:amsi.dll (00007FFA7D470000), size: 118784 (result: 0), SymType: '-exported-', PDB: 'C:\WINDOWS\SYSTEM32\amsi.dll', fileVersion: 10.0.26100.1150
C:\WINDOWS\SYSTEM32\USERENV.dll:USERENV.dll (00007FFA88790000), size: 176128 (result: 0), SymType: '-exported-', PDB: 'C:\WINDOWS\SYSTEM32\USERENV.dll', fileVersion: 10.0.26100.2454
C:\ProgramData\Microsoft\Windows Defender\Platform\4.18.25030.2-0\MpOav.dll:MpOav.dll (00007FFA10330000), size: 634880 (result: 0), SymType: '-exported-', PDB: 'C:\ProgramData\Microsoft\Windows Defender\Platform\4.18.25030.2-0\MpOav.dll', fileVersion: 4.18.25030.2
C:\Program Files\Unity\Hub\Editor\Editor\2022.3.58f1\Editor\cudart64_90.dll:cudart64_90.dll (00007FFA5A4F0000), size: 397312 (result: 0), SymType: '-exported-', PDB: 'C:\Program Files\Unity\Hub\Editor\Editor\2022.3.58f1\Editor\cudart64_90.dll', fileVersion: 6.14.11.9000
C:\WINDOWS\SYSTEM32\opencl.dll:opencl.dll (00007FFA4ABA0000), size: 483328 (result: 0), SymType: '-exported-', PDB: 'C:\WINDOWS\SYSTEM32\opencl.dll', fileVersion: 3.0.6.0
C:\Program Files\Unity\Hub\Editor\Editor\2022.3.58f1\Editor\radeonrays.dll:radeonrays.dll (00007FFA2F990000), size: 557056 (result: 0), SymType: '-exported-', PDB: 'C:\Program Files\Unity\Hub\Editor\Editor\2022.3.58f1\Editor\radeonrays.dll'
C:\Program Files\Unity\Hub\Editor\Editor\2022.3.58f1\Editor\Data\MonoBleedingEdge\EmbedRuntime\mono-2.0-bdwgc.dll:mono-2.0-bdwgc.dll (00007FF9F12B0000), size: 10825728 (result: 0), SymType: 'PDB', PDB: 'C:\Program Files\Unity\Hub\Editor\Editor\2022.3.58f1\Editor\mono-2.0-bdwgc.pdb'
C:\WINDOWS\SYSTEM32\PROPSYS.dll:PROPSYS.dll (00007FFA852D0000), size: 1032192 (result: 0), SymType: '-exported-', PDB: 'C:\WINDOWS\SYSTEM32\PROPSYS.dll', fileVersion: 7.0.26100.3624
C:\WINDOWS\SYSTEM32\edputil.dll:edputil.dll (00007FFA63E30000), size: 167936 (result: 0), SymType: '-exported-', PDB: 'C:\WINDOWS\SYSTEM32\edputil.dll', fileVersion: 10.0.26100.3037
C:\Windows\System32\Windows.StateRepositoryPS.dll:Windows.StateRepositoryPS.dll (00007FFA64D20000), size: 802816 (result: 0), SymType: '-exported-', PDB: 'C:\Windows\System32\Windows.StateRepositoryPS.dll', fileVersion: 10.0.26100.1882
C:\WINDOWS\SYSTEM32\urlmon.dll:urlmon.dll (00007FFA75A80000), size: 1949696 (result: 0), SymType: '-exported-', PDB: 'C:\WINDOWS\SYSTEM32\urlmon.dll', fileVersion: 11.0.26100.3624
C:\WINDOWS\SYSTEM32\iertutil.dll:iertutil.dll (00007FFA75340000), size: 2928640 (result: 0), SymType: '-exported-', PDB: 'C:\WINDOWS\SYSTEM32\iertutil.dll', fileVersion: 11.0.26100.3775
C:\WINDOWS\SYSTEM32\netutils.dll:netutils.dll (00007FFA87D80000), size: 53248 (result: 0), SymType: '-exported-', PDB: 'C:\WINDOWS\SYSTEM32\netutils.dll', fileVersion: 10.0.26100.1882
C:\WINDOWS\SYSTEM32\srvcli.dll:srvcli.dll (00007FFA75140000), size: 167936 (result: 0), SymType: '-exported-', PDB: 'C:\WINDOWS\SYSTEM32\srvcli.dll', fileVersion: 10.0.26100.1150
C:\WINDOWS\SYSTEM32\virtdisk.dll:virtdisk.dll (00007FFA618D0000), size: 94208 (result: 0), SymType: '-exported-', PDB: 'C:\WINDOWS\SYSTEM32\virtdisk.dll', fileVersion: 10.0.26100.1591
C:\WINDOWS\SYSTEM32\gpapi.dll:gpapi.dll (00007FFA88760000), size: 159744 (result: 0), SymType: '-exported-', PDB: 'C:\WINDOWS\SYSTEM32\gpapi.dll', fileVersion: 10.0.26100.3323
C:\WINDOWS\SYSTEM32\dbghelp.dll:dbghelp.dll (00007FFA86B20000), size: 2363392 (result: 0), SymType: '-exported-', PDB: 'C:\WINDOWS\SYSTEM32\dbghelp.dll', fileVersion: 10.0.26100.3037

========== OUTPUTTING STACK TRACE ==================

0x00007FFA89BB933A (KERNELBASE) RaiseException
0x00007FF79F072F00 (Unity) EditorMonoConsole::LogToConsoleImplementation
0x00007FF79F07397D (Unity) EditorMonoConsole::LogToConsoleImplementation
0x00007FF79FD3AADF (Unity) DebugStringToFilePostprocessedStacktrace
0x00007FF79FD3A23A (Unity) DebugStringToFile
0x00007FF79F51AB69 (Unity) LoadDomainAndUserAssemblies
0x00007FF79FA02824 (Unity) WorkerDomainReloadV2
0x00007FF79FA23A45 (Unity) <lambda_b37b41f03089e3cb3f55061bbc93253d>::operator()
0x00007FF79FA5F422 (Unity) asio::detail::completion_handler<core::mutable_function<void __cdecl(void)>,asio::io_context::basic_executor_type<std::allocator<void>,0> >::do_complete
0x00007FF79FA4B3CE (Unity) asio::detail::win_iocp_io_context::do_one
0x00007FF79FA4D034 (Unity) asio::detail::win_iocp_io_context::run
0x00007FF79FA5D7CC (Unity) IOService::Run
0x00007FF79FA30C2F (Unity) AssetImportWorkerClient::Run
0x00007FF79F9FC3D7 (Unity) RunAssetImportWorkerClientV2
0x00007FF79F9FC45B (Unity) RunAssetImporterV2
0x00007FF79F1F31DE (Unity) Application::InitializeProject
0x00007FF79F688795 (Unity) WinMain
0x00007FF7A0A535CE (Unity) __scrt_common_main_seh
0x00007FFA8B87E8D7 (KERNEL32) BaseThreadInitThunk
0x00007FFA8C1714FC (ntdll) RtlUserThreadStart

========== END OF STACKTRACE ===========

A crash has been intercepted by the crash handler. For call stack and other details, see the latest crash report generated in:
 * C:/Users/Andrey/AppData/Local/Temp/Unity/Editor/Crashes
