{"cameraMode":{"drawMode":0,"name":"Shaded","section":"Shading Mode"},"sceneLighting":false,"audioPlay":false,"sceneViewState":{"m_AlwaysRefresh":false,"showFog":true,"showSkybox":false,"showFlares":true,"showImageEffects":true,"showParticleSystems":true,"showVisualEffectGraphs":true,"m_FxEnabled":true},"in2DMode":false,"pivot":{"x":-0.0007516741752624512,"y":0.20013059675693513,"z":0.26617735624313357},"rotation":{"x":0.29185619950294497,"y":-0.2897472083568573,"z":0.09332888573408127,"w":0.9067815542221069},"size":0.31470590829849245,"orthographic":false}