{"cameraMode":{"drawMode":0,"name":"Shaded","section":"Shading Mode"},"sceneLighting":true,"audioPlay":false,"sceneViewState":{"m_AlwaysRefresh":false,"showFog":true,"showSkybox":true,"showFlares":true,"showImageEffects":true,"showParticleSystems":true,"showVisualEffectGraphs":true,"m_FxEnabled":true},"in2DMode":false,"pivot":{"x":0.272739052772522,"y":0.3097386062145233,"z":0.4142964780330658},"rotation":{"x":-0.07228747010231018,"y":0.7470879554748535,"z":-0.08236796408891678,"w":-0.655642032623291},"size":0.42195025086402895,"orthographic":false}