{"cameraMode":{"drawMode":0,"name":"Shaded","section":"Shading Mode"},"sceneLighting":true,"audioPlay":false,"sceneViewState":{"m_AlwaysRefresh":false,"showFog":true,"showSkybox":true,"showFlares":true,"showImageEffects":true,"showParticleSystems":true,"showVisualEffectGraphs":true,"m_FxEnabled":true},"in2DMode":false,"pivot":{"x":-1.121117115020752,"y":1.2016949653625489,"z":6.049446105957031},"rotation":{"x":0.29185619950294497,"y":-0.2897472083568573,"z":0.09332888573408127,"w":0.9067815542221069},"size":1.8019025325775147,"orthographic":false}