{"cameraMode":{"drawMode":0,"name":"Shaded","section":"Shading Mode"},"sceneLighting":true,"audioPlay":false,"sceneViewState":{"m_AlwaysRefresh":false,"showFog":true,"showSkybox":true,"showFlares":true,"showImageEffects":true,"showParticleSystems":true,"showVisualEffectGraphs":true,"m_FxEnabled":true},"in2DMode":false,"pivot":{"x":2.8937315940856935,"y":1.4281975030899048,"z":3.2903647422790529},"rotation":{"x":0.00043203914538025856,"y":0.999309241771698,"z":-0.03780039772391319,"w":0.009287058375775814},"size":0.9283536672592163,"orthographic":false}